v -191.5 0.0 -10.5
v -191.5 0.0 -9.0
v -190.0 1.0342 -9.0
v -191.5 0.0 -10.5
v -190.0 1.0342 -9.0
v -190.0 0.0 -10.5
v -191.5 0.0 -9.0
v -191.5 0.0 -7.5
v -190.0 1.1821 -7.5
v -191.5 0.0 -9.0
v -190.0 1.1821 -7.5
v -190.0 1.0342 -9.0
v -191.5 0.0 -7.5
v -191.5 0.0 -6.0
v -190.0 0.4823 -6.0
v -191.5 0.0 -6.0
v -190.0 0.0 -4.5
v -190.0 0.4823 -6.0
v -188.5 3.3364 -9.0
v -188.5 3.4308 -7.5
v -187.0 4.6682 -7.5
v -187.0 0.0 -16.5
v -187.0 0.0 -15.0
v -185.5 0.1748 -15.0
v -187.0 0.0 -16.5
v -185.5 0.1748 -15.0
v -185.5 0.0 -16.5
v -187.0 4.2369 -10.5
v -187.0 4.6885 -9.0
v -185.5 5.3949 -9.0
v -187.0 4.2369 -10.5
v -185.5 5.3949 -9.0
v -185.5 5.0698 -10.5
v -187.0 4.6885 -9.0
v -187.0 4.6682 -7.5
v -185.5 5.2987 -7.5
v -187.0 4.6885 -9.0
v -185.5 5.2987 -7.5
v -185.5 5.3949 -9.0
v -187.0 4.6682 -7.5
v -187.0 4.2218 -6.0
v -185.5 4.8551 -6.0
v -187.0 4.6682 -7.5
v -185.5 4.8551 -6.0
v -185.5 5.2987 -7.5
v -187.0 4.2218 -6.0
v -187.0 3.4015 -4.5
v -185.5 4.1353 -4.5
v -187.0 4.2218 -6.0
v -185.5 4.1353 -4.5
v -185.5 4.8551 -6.0
v -185.5 0.0 -16.5
v -185.5 0.1748 -15.0
v -184.0 1.3522 -15.0
v -185.5 4.2728 -12.0
v -185.5 5.0698 -10.5
v -184.0 5.3273 -10.5
v -185.5 4.2728 -12.0
v -184.0 5.3273 -10.5
v -184.0 4.6419 -12.0
v -185.5 5.0698 -10.5
v -185.5 5.3949 -9.0
v -184.0 5.6412 -9.0
v -185.5 5.0698 -10.5
v -184.0 5.6412 -9.0
v -184.0 5.3273 -10.5
v -185.5 5.3949 -9.0
v -185.5 5.2987 -7.5
v -184.0 5.6106 -7.5
v -185.5 5.3949 -9.0
v -184.0 5.6106 -7.5
v -184.0 5.6412 -9.0
v -185.5 5.2987 -7.5
v -185.5 4.8551 -6.0
v -184.0 5.2602 -6.0
v -185.5 5.2987 -7.5
v -184.0 5.2602 -6.0
v -184.0 5.6106 -7.5
v -185.5 4.8551 -6.0
v -185.5 4.1353 -4.5
v -184.0 4.6574 -4.5
v -185.5 4.8551 -6.0
v -184.0 4.6574 -4.5
v -184.0 5.2602 -6.0
v -185.5 4.1353 -4.5
v -185.5 3.0969 -3.0
v -184.0 3.7164 -3.0
v -185.5 4.1353 -4.5
v -184.0 3.7164 -3.0
v -184.0 4.6574 -4.5
v -184.0 3.4535 -13.5
v -184.0 4.6419 -12.0
v -182.5 4.518 -12.0
v -184.0 3.4535 -13.5
v -182.5 4.518 -12.0
v -182.5 3.423 -13.5
v -184.0 4.6419 -12.0
v -184.0 5.3273 -10.5
v -182.5 5.2065 -10.5
v -184.0 4.6419 -12.0
v -182.5 5.2065 -10.5
v -182.5 4.518 -12.0
v -184.0 5.3273 -10.5
v -184.0 5.6412 -9.0
v -182.5 5.6344 -9.0
v -184.0 5.3273 -10.5
v -182.5 5.6344 -9.0
v -182.5 5.2065 -10.5
v -184.0 5.6412 -9.0
v -184.0 5.6106 -7.5
v -182.5 5.7692 -7.5
v -184.0 5.6412 -9.0
v -182.5 5.7692 -7.5
v -182.5 5.6344 -9.0
v -184.0 5.6106 -7.5
v -184.0 5.2602 -6.0
v -182.5 5.5318 -6.0
v -184.0 5.6106 -7.5
v -182.5 5.5318 -6.0
v -182.5 5.7692 -7.5
v -184.0 5.2602 -6.0
v -184.0 4.6574 -4.5
v -182.5 4.9785 -4.5
v -184.0 5.2602 -6.0
v -182.5 4.9785 -4.5
v -182.5 5.5318 -6.0
v -184.0 4.6574 -4.5
v -184.0 3.7164 -3.0
v -182.5 4.0015 -3.0
v -184.0 4.6574 -4.5
v -182.5 4.0015 -3.0
v -182.5 4.9785 -4.5
v -182.5 3.423 -13.5
v -182.5 4.518 -12.0
v -181.0 4.4291 -12.0
v -182.5 3.423 -13.5
v -181.0 4.4291 -12.0
v -181.0 3.2782 -13.5
v -182.5 4.518 -12.0
v -182.5 5.2065 -10.5
v -181.0 5.2475 -10.5
v -182.5 4.518 -12.0
v -181.0 5.2475 -10.5
v -181.0 4.4291 -12.0
v -182.5 5.2065 -10.5
v -182.5 5.6344 -9.0
v -181.0 5.8285 -9.0
v -182.5 5.2065 -10.5
v -181.0 5.8285 -9.0
v -181.0 5.2475 -10.5
v -182.5 5.6344 -9.0
v -182.5 5.7692 -7.5
v -181.0 6.0779 -7.5
v -182.5 5.6344 -9.0
v -181.0 6.0779 -7.5
v -181.0 5.8285 -9.0
v -182.5 5.7692 -7.5
v -182.5 5.5318 -6.0
v -181.0 5.8777 -6.0
v -182.5 5.7692 -7.5
v -181.0 5.8777 -6.0
v -181.0 6.0779 -7.5
v -182.5 5.5318 -6.0
v -182.5 4.9785 -4.5
v -181.0 5.2405 -4.5
v -182.5 5.5318 -6.0
v -181.0 5.2405 -4.5
v -181.0 5.8777 -6.0
v -182.5 4.9785 -4.5
v -182.5 4.0015 -3.0
v -181.0 4.1101 -3.0
v -182.5 4.9785 -4.5
v -181.0 4.1101 -3.0
v -181.0 5.2405 -4.5
v -181.0 3.2782 -13.5
v -181.0 4.4291 -12.0
v -179.5 4.553 -12.0
v -181.0 4.4291 -12.0
v -181.0 5.2475 -10.5
v -179.5 5.5123 -10.5
v -181.0 4.4291 -12.0
v -179.5 5.5123 -10.5
v -179.5 4.553 -12.0
v -181.0 5.2475 -10.5
v -181.0 5.8285 -9.0
v -179.5 6.1976 -9.0
v -181.0 5.2475 -10.5
v -179.5 6.1976 -9.0
v -179.5 5.5123 -10.5
v -181.0 5.8285 -9.0
v -181.0 6.0779 -7.5
v -179.5 6.4457 -7.5
v -181.0 5.8285 -9.0
v -179.5 6.4457 -7.5
v -179.5 6.1976 -9.0
v -181.0 6.0779 -7.5
v -181.0 5.8777 -6.0
v -179.5 6.1195 -6.0
v -181.0 6.0779 -7.5
v -179.5 6.1195 -6.0
v -179.5 6.4457 -7.5
v -181.0 5.8777 -6.0
v -181.0 5.2405 -4.5
v -179.5 5.3308 -4.5
v -181.0 5.8777 -6.0
v -179.5 5.3308 -4.5
v -179.5 6.1195 -6.0
v -181.0 5.2405 -4.5
v -181.0 4.1101 -3.0
v -179.5 4.0944 -3.0
v -181.0 5.2405 -4.5
v -179.5 4.0944 -3.0
v -179.5 5.3308 -4.5
v -179.5 4.553 -12.0
v -179.5 5.5123 -10.5
v -178.0 5.7556 -10.5
v -179.5 4.553 -12.0
v -178.0 5.7556 -10.5
v -178.0 4.7422 -12.0
v -179.5 5.5123 -10.5
v -179.5 6.1976 -9.0
v -178.0 6.3866 -9.0
v -179.5 5.5123 -10.5
v -178.0 6.3866 -9.0
v -178.0 5.7556 -10.5
v -179.5 6.1976 -9.0
v -179.5 6.4457 -7.5
v -178.0 6.4928 -7.5
v -179.5 6.1976 -9.0
v -178.0 6.4928 -7.5
v -178.0 6.3866 -9.0
v -179.5 6.4457 -7.5
v -179.5 6.1195 -6.0
v -178.0 6.0186 -6.0
v -179.5 6.4457 -7.5
v -178.0 6.0186 -6.0
v -178.0 6.4928 -7.5
v -179.5 6.1195 -6.0
v -179.5 5.3308 -4.5
v -178.0 5.1257 -4.5
v -179.5 6.1195 -6.0
v -178.0 5.1257 -4.5
v -178.0 6.0186 -6.0
v -178.0 4.7422 -12.0
v -178.0 5.7556 -10.5
v -176.5 5.9116 -10.5
v -178.0 4.7422 -12.0
v -176.5 5.9116 -10.5
v -176.5 4.9686 -12.0
v -178.0 5.7556 -10.5
v -178.0 6.3866 -9.0
v -176.5 6.4009 -9.0
v -178.0 5.7556 -10.5
v -176.5 6.4009 -9.0
v -176.5 5.9116 -10.5
v -178.0 6.3866 -9.0
v -178.0 6.4928 -7.5
v -176.5 6.3555 -7.5
v -178.0 6.3866 -9.0
v -176.5 6.3555 -7.5
v -176.5 6.4009 -9.0
v -178.0 6.4928 -7.5
v -178.0 6.0186 -6.0
v -176.5 5.7886 -6.0
v -178.0 6.4928 -7.5
v -176.5 5.7886 -6.0
v -176.5 6.3555 -7.5
v -178.0 6.0186 -6.0
v -178.0 5.1257 -4.5
v -176.5 4.9109 -4.5
v -178.0 6.0186 -6.0
v -176.5 4.9109 -4.5
v -176.5 5.7886 -6.0
v -178.0 5.1257 -4.5
v -176.5 3.7607 -3.0
v -176.5 4.9109 -4.5
v -176.5 4.9686 -12.0
v -176.5 5.9116 -10.5
v -175.0 5.6761 -10.5
v -176.5 4.9686 -12.0
v -175.0 5.6761 -10.5
v -175.0 4.8913 -12.0
v -176.5 5.9116 -10.5
v -176.5 6.4009 -9.0
v -175.0 6.0235 -9.0
v -176.5 5.9116 -10.5
v -175.0 6.0235 -9.0
v -175.0 5.6761 -10.5
v -176.5 6.4009 -9.0
v -176.5 6.3555 -7.5
v -175.0 5.9264 -7.5
v -176.5 6.4009 -9.0
v -175.0 5.9264 -7.5
v -175.0 6.0235 -9.0
v -176.5 6.3555 -7.5
v -176.5 5.7886 -6.0
v -175.0 5.429 -6.0
v -176.5 6.3555 -7.5
v -175.0 5.429 -6.0
v -175.0 5.9264 -7.5
v -176.5 5.7886 -6.0
v -176.5 4.9109 -4.5
v -175.0 4.6949 -4.5
v -176.5 5.7886 -6.0
v -175.0 4.6949 -4.5
v -175.0 5.429 -6.0
v -176.5 4.9109 -4.5
v -176.5 3.7607 -3.0
v -175.0 3.6927 -3.0
v -176.5 4.9109 -4.5
v -175.0 3.6927 -3.0
v -175.0 4.6949 -4.5
v -175.0 3.5912 -13.5
v -173.5 4.7209 -12.0
v -173.5 3.5418 -13.5
v -175.0 4.8913 -12.0
v -175.0 5.6761 -10.5
v -173.5 5.4067 -10.5
v -175.0 4.8913 -12.0
v -173.5 5.4067 -10.5
v -173.5 4.7209 -12.0
v -175.0 5.6761 -10.5
v -175.0 6.0235 -9.0
v -173.5 5.738 -9.0
v -175.0 5.6761 -10.5
v -173.5 5.738 -9.0
v -173.5 5.4067 -10.5
v -175.0 6.0235 -9.0
v -175.0 5.9264 -7.5
v -173.5 5.7288 -7.5
v -175.0 6.0235 -9.0
v -173.5 5.7288 -7.5
v -173.5 5.738 -9.0
v -175.0 5.9264 -7.5
v -175.0 5.429 -6.0
v -173.5 5.3844 -6.0
v -175.0 5.9264 -7.5
v -173.5 5.3844 -6.0
v -173.5 5.7288 -7.5
v -175.0 5.429 -6.0
v -175.0 4.6949 -4.5
v -173.5 4.7862 -4.5
v -175.0 5.429 -6.0
v -173.5 4.7862 -4.5
v -173.5 5.3844 -6.0
v -175.0 4.6949 -4.5
v -175.0 3.6927 -3.0
v -173.5 3.8401 -3.0
v -175.0 4.6949 -4.5
v -173.5 3.8401 -3.0
v -173.5 4.7862 -4.5
v -173.5 3.5418 -13.5
v -173.5 4.7209 -12.0
v -172.0 4.343 -12.0
v -173.5 3.5418 -13.5
v -172.0 4.343 -12.0
v -172.0 3.2824 -13.5
v -173.5 4.7209 -12.0
v -173.5 5.4067 -10.5
v -172.0 5.0202 -10.5
v -173.5 4.7209 -12.0
v -172.0 5.0202 -10.5
v -172.0 4.343 -12.0
v -173.5 5.4067 -10.5
v -173.5 5.738 -9.0
v -172.0 5.4513 -9.0
v -173.5 5.4067 -10.5
v -172.0 5.4513 -9.0
v -172.0 5.0202 -10.5
v -173.5 5.738 -9.0
v -173.5 5.7288 -7.5
v -172.0 5.5992 -7.5
v -173.5 5.738 -9.0
v -172.0 5.5992 -7.5
v -172.0 5.4513 -9.0
v -173.5 5.7288 -7.5
v -173.5 5.3844 -6.0
v -172.0 5.3851 -6.0
v -173.5 5.7288 -7.5
v -172.0 5.3851 -6.0
v -172.0 5.5992 -7.5
v -173.5 5.3844 -6.0
v -173.5 4.7862 -4.5
v -172.0 4.8468 -4.5
v -173.5 5.3844 -6.0
v -172.0 4.8468 -4.5
v -172.0 5.3851 -6.0
v -173.5 4.7862 -4.5
v -173.5 3.8401 -3.0
v -172.0 3.8849 -3.0
v -173.5 4.7862 -4.5
v -172.0 3.8849 -3.0
v -172.0 4.8468 -4.5
v -172.0 3.2824 -13.5
v -172.0 4.343 -12.0
v -170.5 4.194 -12.0
v -172.0 3.2824 -13.5
v -170.5 4.194 -12.0
v -170.5 3.0971 -13.5
v -172.0 4.343 -12.0
v -172.0 5.0202 -10.5
v -170.5 4.9865 -10.5
v -172.0 4.343 -12.0
v -170.5 4.9865 -10.5
v -170.5 4.194 -12.0
v -172.0 5.0202 -10.5
v -172.0 5.4513 -9.0
v -170.5 5.555 -9.0
v -172.0 5.0202 -10.5
v -170.5 5.555 -9.0
v -170.5 4.9865 -10.5
v -172.0 5.4513 -9.0
v -172.0 5.5992 -7.5
v -170.5 5.7988 -7.5
v -172.0 5.4513 -9.0
v -170.5 5.7988 -7.5
v -170.5 5.555 -9.0
v -172.0 5.5992 -7.5
v -172.0 5.3851 -6.0
v -170.5 5.6003 -6.0
v -172.0 5.5992 -7.5
v -170.5 5.6003 -6.0
v -170.5 5.7988 -7.5
v -172.0 5.3851 -6.0
v -172.0 4.8468 -4.5
v -170.5 4.9807 -4.5
v -172.0 5.3851 -6.0
v -170.5 4.9807 -4.5
v -170.5 5.6003 -6.0
v -172.0 4.8468 -4.5
v -172.0 3.8849 -3.0
v -170.5 3.896 -3.0
v -172.0 4.8468 -4.5
v -170.5 3.896 -3.0
v -170.5 4.9807 -4.5
v -170.5 3.0971 -13.5
v -170.5 4.194 -12.0
v -169.0 4.0962 -12.0
v -170.5 3.0971 -13.5
v -169.0 4.0962 -12.0
v -169.0 2.9593 -13.5
v -170.5 4.194 -12.0
v -170.5 4.9865 -10.5
v -169.0 4.9667 -10.5
v -170.5 4.194 -12.0
v -169.0 4.9667 -10.5
v -169.0 4.0962 -12.0
v -170.5 4.9865 -10.5
v -170.5 5.555 -9.0
v -169.0 5.5827 -9.0
v -170.5 4.9865 -10.5
v -169.0 5.5827 -9.0
v -169.0 4.9667 -10.5
v -170.5 5.555 -9.0
v -170.5 5.7988 -7.5
v -169.0 5.7945 -7.5
v -170.5 5.555 -9.0
v -169.0 5.7945 -7.5
v -169.0 5.5827 -9.0
v -170.5 5.7988 -7.5
v -170.5 5.6003 -6.0
v -169.0 5.4819 -6.0
v -170.5 5.7988 -7.5
v -169.0 5.4819 -6.0
v -169.0 5.7945 -7.5
v -170.5 5.6003 -6.0
v -170.5 4.9807 -4.5
v -169.0 4.7592 -4.5
v -170.5 5.6003 -6.0
v -169.0 4.7592 -4.5
v -169.0 5.4819 -6.0
v -170.5 4.9807 -4.5
v -170.5 3.896 -3.0
v -169.0 3.6466 -3.0
v -170.5 4.9807 -4.5
v -169.0 3.6466 -3.0
v -169.0 4.7592 -4.5
v -169.0 0.0 -16.5
v -167.5 1.1449 -15.0
v -167.5 0.0 -16.5
v -169.0 2.9593 -13.5
v -169.0 4.0962 -12.0
v -167.5 4.2207 -12.0
v -169.0 2.9593 -13.5
v -167.5 4.2207 -12.0
v -167.5 2.985 -13.5
v -169.0 4.0962 -12.0
v -169.0 4.9667 -10.5
v -167.5 5.1191 -10.5
v -169.0 4.0962 -12.0
v -167.5 5.1191 -10.5
v -167.5 4.2207 -12.0
v -169.0 4.9667 -10.5
v -169.0 5.5827 -9.0
v -167.5 5.661 -9.0
v -169.0 4.9667 -10.5
v -167.5 5.661 -9.0
v -167.5 5.1191 -10.5
v -169.0 5.5827 -9.0
v -169.0 5.7945 -7.5
v -167.5 5.7329 -7.5
v -169.0 5.5827 -9.0
v -167.5 5.7329 -7.5
v -167.5 5.661 -9.0
v -169.0 5.7945 -7.5
v -169.0 5.4819 -6.0
v -167.5 5.3021 -6.0
v -169.0 5.7945 -7.5
v -167.5 5.3021 -6.0
v -167.5 5.7329 -7.5
v -169.0 5.4819 -6.0
v -169.0 4.7592 -4.5
v -167.5 4.5051 -4.5
v -169.0 5.4819 -6.0
v -167.5 4.5051 -4.5
v -167.5 5.3021 -6.0
v -169.0 4.7592 -4.5
v -169.0 3.6466 -3.0
v -167.5 3.3994 -3.0
v -169.0 4.7592 -4.5
v -167.5 3.3994 -3.0
v -167.5 4.5051 -4.5
v -167.5 0.0 -16.5
v -167.5 1.1449 -15.0
v -166.0 1.2499 -15.0
v -167.5 2.985 -13.5
v -167.5 4.2207 -12.0
v -166.0 4.1964 -12.0
v -167.5 2.985 -13.5
v -166.0 4.1964 -12.0
v -166.0 3.0276 -13.5
v -167.5 4.2207 -12.0
v -167.5 5.1191 -10.5
v -166.0 4.9726 -10.5
v -167.5 4.2207 -12.0
v -166.0 4.9726 -10.5
v -166.0 4.1964 -12.0
v -167.5 5.1191 -10.5
v -167.5 5.661 -9.0
v -166.0 5.3697 -9.0
v -167.5 5.1191 -10.5
v -166.0 5.3697 -9.0
v -166.0 4.9726 -10.5
v -167.5 5.661 -9.0
v -167.5 5.7329 -7.5
v -166.0 5.3229 -7.5
v -167.5 5.661 -9.0
v -166.0 5.3229 -7.5
v -166.0 5.3697 -9.0
v -167.5 5.7329 -7.5
v -167.5 5.3021 -6.0
v -166.0 4.838 -6.0
v -167.5 5.7329 -7.5
v -166.0 4.838 -6.0
v -166.0 5.3229 -7.5
v -167.5 5.3021 -6.0
v -167.5 4.5051 -4.5
v -166.0 4.111 -4.5
v -167.5 5.3021 -6.0
v -166.0 4.111 -4.5
v -166.0 4.838 -6.0
v -167.5 4.5051 -4.5
v -167.5 3.3994 -3.0
v -166.0 3.1635 -3.0
v -167.5 4.5051 -4.5
v -166.0 3.1635 -3.0
v -166.0 4.111 -4.5
v -166.0 0.0 -16.5
v -164.5 1.1319 -15.0
v -164.5 0.0 -16.5
v -166.0 3.0276 -13.5
v -166.0 4.1964 -12.0
v -164.5 4.0905 -12.0
v -166.0 3.0276 -13.5
v -164.5 4.0905 -12.0
v -164.5 2.988 -13.5
v -166.0 4.1964 -12.0
v -166.0 4.9726 -10.5
v -164.5 4.7435 -10.5
v -166.0 4.1964 -12.0
v -164.5 4.7435 -10.5
v -164.5 4.0905 -12.0
v -166.0 4.9726 -10.5
v -166.0 5.3697 -9.0
v -164.5 5.0219 -9.0
v -166.0 4.9726 -10.5
v -164.5 5.0219 -9.0
v -164.5 4.7435 -10.5
v -166.0 5.3697 -9.0
v -166.0 5.3229 -7.5
v -164.5 4.9394 -7.5
v -166.0 5.3697 -9.0
v -164.5 4.9394 -7.5
v -164.5 5.0219 -9.0
v -166.0 5.3229 -7.5
v -166.0 4.838 -6.0
v -164.5 4.545 -6.0
v -166.0 5.3229 -7.5
v -164.5 4.545 -6.0
v -164.5 4.9394 -7.5
v -166.0 4.838 -6.0
v -166.0 4.111 -4.5
v -164.5 3.9412 -4.5
v -166.0 4.838 -6.0
v -164.5 3.9412 -4.5
v -164.5 4.545 -6.0
v -166.0 4.111 -4.5
v -166.0 3.1635 -3.0
v -164.5 3.0943 -3.0
v -166.0 4.111 -4.5
v -164.5 3.0943 -3.0
v -164.5 3.9412 -4.5
v -164.5 0.0 -16.5
v -164.5 1.1319 -15.0
v -163.0 1.2486 -15.0
v -164.5 2.988 -13.5
v -164.5 4.0905 -12.0
v -163.0 3.8181 -12.0
v -164.5 2.988 -13.5
v -163.0 3.8181 -12.0
v -163.0 2.8846 -13.5
v -164.5 4.0905 -12.0
v -164.5 4.7435 -10.5
v -163.0 4.3669 -10.5
v -164.5 4.0905 -12.0
v -163.0 4.3669 -10.5
v -163.0 3.8181 -12.0
v -164.5 4.7435 -10.5
v -164.5 5.0219 -9.0
v -163.0 4.6485 -9.0
v -164.5 4.7435 -10.5
v -163.0 4.6485 -9.0
v -163.0 4.3669 -10.5
v -164.5 5.0219 -9.0
v -164.5 4.9394 -7.5
v -163.0 4.663 -7.5
v -164.5 5.0219 -9.0
v -163.0 4.663 -7.5
v -163.0 4.6485 -9.0
v -164.5 4.9394 -7.5
v -164.5 4.545 -6.0
v -163.0 4.3894 -6.0
v -164.5 4.9394 -7.5
v -163.0 4.3894 -6.0
v -163.0 4.663 -7.5
v -164.5 4.545 -6.0
v -164.5 3.9412 -4.5
v -163.0 3.9151 -4.5
v -164.5 4.545 -6.0
v -163.0 3.9151 -4.5
v -163.0 4.3894 -6.0
v -164.5 3.9412 -4.5
v -164.5 3.0943 -3.0
v -163.0 3.1547 -3.0
v -164.5 3.9412 -4.5
v -163.0 3.1547 -3.0
v -163.0 3.9151 -4.5
v -163.0 0.0 -16.5
v -161.5 1.0007 -15.0
v -161.5 0.0 -16.5
v -163.0 2.8846 -13.5
v -163.0 3.8181 -12.0
v -161.5 3.5208 -12.0
v -163.0 2.8846 -13.5
v -161.5 3.5208 -12.0
v -161.5 2.6221 -13.5
v -163.0 3.8181 -12.0
v -163.0 4.3669 -10.5
v -161.5 4.0959 -10.5
v -163.0 3.8181 -12.0
v -161.5 4.0959 -10.5
v -161.5 3.5208 -12.0
v -163.0 4.3669 -10.5
v -163.0 4.6485 -9.0
v -161.5 4.458 -9.0
v -163.0 4.3669 -10.5
v -161.5 4.458 -9.0
v -161.5 4.0959 -10.5
v -163.0 4.6485 -9.0
v -163.0 4.663 -7.5
v -161.5 4.5881 -7.5
v -163.0 4.6485 -9.0
v -161.5 4.5881 -7.5
v -161.5 4.458 -9.0
v -163.0 4.663 -7.5
v -163.0 4.3894 -6.0
v -161.5 4.4336 -6.0
v -163.0 4.663 -7.5
v -161.5 4.4336 -6.0
v -161.5 4.5881 -7.5
v -163.0 4.3894 -6.0
v -163.0 3.9151 -4.5
v -161.5 3.9829 -4.5
v -163.0 4.3894 -6.0
v -161.5 3.9829 -4.5
v -161.5 4.4336 -6.0
v -163.0 3.9151 -4.5
v -163.0 3.1547 -3.0
v -161.5 3.1585 -3.0
v -163.0 3.9151 -4.5
v -161.5 3.1585 -3.0
v -161.5 3.9829 -4.5
v -161.5 0.0 -16.5
v -161.5 1.0007 -15.0
v -160.0 1.1086 -15.0
v -161.5 0.0 -16.5
v -160.0 1.1086 -15.0
v -160.0 0.0 -16.5
v -161.5 2.6221 -13.5
v -161.5 3.5208 -12.0
v -160.0 3.4272 -12.0
v -161.5 2.6221 -13.5
v -160.0 3.4272 -12.0
v -160.0 2.5401 -13.5
v -161.5 3.5208 -12.0
v -161.5 4.0959 -10.5
v -160.0 4.0827 -10.5
v -161.5 3.5208 -12.0
v -160.0 4.0827 -10.5
v -160.0 3.4272 -12.0
v -161.5 4.0959 -10.5
v -161.5 4.458 -9.0
v -160.0 4.566 -9.0
v -161.5 4.0959 -10.5
v -160.0 4.566 -9.0
v -160.0 4.0827 -10.5
v -161.5 4.458 -9.0
v -161.5 4.5881 -7.5
v -160.0 4.7764 -7.5
v -161.5 4.458 -9.0
v -160.0 4.7764 -7.5
v -160.0 4.566 -9.0
v -161.5 4.5881 -7.5
v -161.5 4.4336 -6.0
v -160.0 4.5922 -6.0
v -161.5 4.5881 -7.5
v -160.0 4.5922 -6.0
v -160.0 4.7764 -7.5
v -161.5 4.4336 -6.0
v -161.5 3.9829 -4.5
v -160.0 4.0754 -4.5
v -161.5 4.4336 -6.0
v -160.0 4.0754 -4.5
v -160.0 4.5922 -6.0
v -161.5 3.9829 -4.5
v -161.5 3.1585 -3.0
v -160.0 3.1918 -3.0
v -161.5 3.9829 -4.5
v -160.0 3.1918 -3.0
v -160.0 4.0754 -4.5
v -160.0 0.0 -16.5
v -160.0 1.1086 -15.0
v -158.5 0.8768 -15.0
v -160.0 0.0 -16.5
v -158.5 0.8768 -15.0
v -158.5 0.0 -16.5
v -160.0 2.5401 -13.5
v -160.0 3.4272 -12.0
v -158.5 3.3717 -12.0
v -160.0 2.5401 -13.5
v -158.5 3.3717 -12.0
v -158.5 2.3837 -13.5
v -160.0 3.4272 -12.0
v -160.0 4.0827 -10.5
v -158.5 4.1125 -10.5
v -160.0 3.4272 -12.0
v -158.5 4.1125 -10.5
v -158.5 3.3717 -12.0
v -160.0 4.0827 -10.5
v -160.0 4.566 -9.0
v -158.5 4.6098 -9.0
v -160.0 4.0827 -10.5
v -158.5 4.6098 -9.0
v -158.5 4.1125 -10.5
v -160.0 4.566 -9.0
v -160.0 4.7764 -7.5
v -158.5 4.7639 -7.5
v -160.0 4.566 -9.0
v -158.5 4.7639 -7.5
v -158.5 4.6098 -9.0
v -160.0 4.7764 -7.5
v -160.0 4.5922 -6.0
v -158.5 4.5092 -6.0
v -160.0 4.7764 -7.5
v -158.5 4.5092 -6.0
v -158.5 4.7639 -7.5
v -160.0 4.5922 -6.0
v -160.0 4.0754 -4.5
v -158.5 3.8925 -4.5
v -160.0 4.5922 -6.0
v -158.5 3.8925 -4.5
v -158.5 4.5092 -6.0
v -160.0 4.0754 -4.5
v -160.0 3.1918 -3.0
v -158.5 2.9398 -3.0
v -160.0 4.0754 -4.5
v -158.5 2.9398 -3.0
v -158.5 3.8925 -4.5
v -158.5 0.0 -16.5
v -158.5 0.8768 -15.0
v -157.0 1.078 -15.0
v -158.5 0.0 -16.5
v -157.0 1.078 -15.0
v -157.0 0.0 -16.5
v -158.5 2.3837 -13.5
v -158.5 3.3717 -12.0
v -157.0 3.6361 -12.0
v -158.5 2.3837 -13.5
v -157.0 3.6361 -12.0
v -157.0 2.5969 -13.5
v -158.5 3.3717 -12.0
v -158.5 4.1125 -10.5
v -157.0 4.391 -10.5
v -158.5 3.3717 -12.0
v -157.0 4.391 -10.5
v -157.0 3.6361 -12.0
v -158.5 4.1125 -10.5
v -158.5 4.6098 -9.0
v -157.0 4.8488 -9.0
v -158.5 4.1125 -10.5
v -157.0 4.8488 -9.0
v -157.0 4.391 -10.5
v -158.5 4.6098 -9.0
v -158.5 4.7639 -7.5
v -157.0 4.9023 -7.5
v -158.5 4.6098 -9.0
v -157.0 4.9023 -7.5
v -157.0 4.8488 -9.0
v -158.5 4.7639 -7.5
v -158.5 4.5092 -6.0
v -157.0 4.5052 -6.0
v -158.5 4.7639 -7.5
v -157.0 4.5052 -6.0
v -157.0 4.9023 -7.5
v -158.5 4.5092 -6.0
v -158.5 3.8925 -4.5
v -157.0 3.8262 -4.5
v -158.5 4.5092 -6.0
v -157.0 3.8262 -4.5
v -157.0 4.5052 -6.0
v -158.5 3.8925 -4.5
v -158.5 2.9398 -3.0
v -157.0 2.9063 -3.0
v -158.5 3.8925 -4.5
v -157.0 2.9063 -3.0
v -157.0 3.8262 -4.5
v -157.0 0.0 -16.5
v -157.0 1.078 -15.0
v -155.5 0.9912 -15.0
v -157.0 0.0 -16.5
v -155.5 0.9912 -15.0
v -155.5 0.0 -16.5
v -157.0 2.5969 -13.5
v -157.0 3.6361 -12.0
v -155.5 3.7221 -12.0
v -157.0 2.5969 -13.5
v -155.5 3.7221 -12.0
v -155.5 2.6605 -13.5
v -157.0 3.6361 -12.0
v -157.0 4.391 -10.5
v -155.5 4.4085 -10.5
v -157.0 3.6361 -12.0
v -155.5 4.4085 -10.5
v -155.5 3.7221 -12.0
v -157.0 4.391 -10.5
v -157.0 4.8488 -9.0
v -155.5 4.7368 -9.0
v -157.0 4.391 -10.5
v -155.5 4.7368 -9.0
v -155.5 4.4085 -10.5
v -157.0 4.8488 -9.0
v -157.0 4.9023 -7.5
v -155.5 4.6772 -7.5
v -157.0 4.8488 -9.0
v -155.5 4.6772 -7.5
v -155.5 4.7368 -9.0
v -157.0 4.9023 -7.5
v -157.0 4.5052 -6.0
v -155.5 4.2652 -6.0
v -157.0 4.9023 -7.5
v -155.5 4.2652 -6.0
v -155.5 4.6772 -7.5
v -157.0 4.5052 -6.0
v -157.0 3.8262 -4.5
v -155.5 3.6257 -4.5
v -157.0 4.5052 -6.0
v -155.5 3.6257 -4.5
v -155.5 4.2652 -6.0
v -157.0 3.8262 -4.5
v -157.0 2.9063 -3.0
v -155.5 2.7777 -3.0
v -157.0 3.8262 -4.5
v -155.5 2.7777 -3.0
v -155.5 3.6257 -4.5
v -157.0 2.9063 -3.0
v -155.5 1.5562 -1.5
v -155.5 2.7777 -3.0
v -155.5 0.0 -16.5
v -155.5 0.9912 -15.0
v -154.0 1.1881 -15.0
v -155.5 0.0 -16.5
v -154.0 1.1881 -15.0
v -154.0 0.0 -16.5
v -155.5 2.6605 -13.5
v -155.5 3.7221 -12.0
v -154.0 3.7968 -12.0
v -155.5 2.6605 -13.5
v -154.0 3.7968 -12.0
v -154.0 2.817 -13.5
v -155.5 3.7221 -12.0
v -155.5 4.4085 -10.5
v -154.0 4.3786 -10.5
v -155.5 3.7221 -12.0
v -154.0 4.3786 -10.5
v -154.0 3.7968 -12.0
v -155.5 4.4085 -10.5
v -155.5 4.7368 -9.0
v -154.0 4.6395 -9.0
v -155.5 4.4085 -10.5
v -154.0 4.6395 -9.0
v -154.0 4.3786 -10.5
v -155.5 4.7368 -9.0
v -155.5 4.6772 -7.5
v -154.0 4.5764 -7.5
v -155.5 4.7368 -9.0
v -154.0 4.5764 -7.5
v -154.0 4.6395 -9.0
v -155.5 4.6772 -7.5
v -155.5 4.2652 -6.0
v -154.0 4.2081 -6.0
v -155.5 4.6772 -7.5
v -154.0 4.2081 -6.0
v -154.0 4.5764 -7.5
v -155.5 4.2652 -6.0
v -155.5 3.6257 -4.5
v -154.0 3.6681 -4.5
v -155.5 4.2652 -6.0
v -154.0 3.6681 -4.5
v -154.0 4.2081 -6.0
v -155.5 3.6257 -4.5
v -155.5 2.7777 -3.0
v -154.0 2.9124 -3.0
v -155.5 3.6257 -4.5
v -154.0 2.9124 -3.0
v -154.0 3.6681 -4.5
v -155.5 2.7777 -3.0
v -155.5 1.5562 -1.5
v -154.0 1.7341 -1.5
v -155.5 2.7777 -3.0
v -154.0 1.7341 -1.5
v -154.0 2.9124 -3.0
v -154.0 0.0 -16.5
v -154.0 1.1881 -15.0
v -152.5 1.1196 -15.0
v -154.0 0.0 -16.5
v -152.5 1.1196 -15.0
v -152.5 0.0 -16.5
v -154.0 2.817 -13.5
v -154.0 3.7968 -12.0
v -152.5 3.7317 -12.0
v -154.0 2.817 -13.5
v -152.5 3.7317 -12.0
v -152.5 2.7966 -13.5
v -154.0 3.7968 -12.0
v -154.0 4.3786 -10.5
v -152.5 4.2796 -10.5
v -154.0 3.7968 -12.0
v -152.5 4.2796 -10.5
v -152.5 3.7317 -12.0
v -154.0 4.3786 -10.5
v -154.0 4.6395 -9.0
v -152.5 4.5583 -9.0
v -154.0 4.3786 -10.5
v -152.5 4.5583 -9.0
v -152.5 4.2796 -10.5
v -154.0 4.6395 -9.0
v -154.0 4.5764 -7.5
v -152.5 4.5809 -7.5
v -154.0 4.6395 -9.0
v -152.5 4.5809 -7.5
v -152.5 4.5583 -9.0
v -154.0 4.5764 -7.5
v -154.0 4.2081 -6.0
v -152.5 4.3433 -6.0
v -154.0 4.5764 -7.5
v -152.5 4.3433 -6.0
v -152.5 4.5809 -7.5
v -154.0 4.2081 -6.0
v -154.0 3.6681 -4.5
v -152.5 3.8799 -4.5
v -154.0 4.2081 -6.0
v -152.5 3.8799 -4.5
v -152.5 4.3433 -6.0
v -154.0 3.6681 -4.5
v -154.0 2.9124 -3.0
v -152.5 3.109 -3.0
v -154.0 3.6681 -4.5
v -152.5 3.109 -3.0
v -152.5 3.8799 -4.5
v -154.0 2.9124 -3.0
v -154.0 1.7341 -1.5
v -152.5 1.7997 -1.5
v -152.5 0.0 -16.5
v -152.5 1.1196 -15.0
v -151.0 1.1902 -15.0
v -152.5 0.0 -16.5
v -151.0 1.1902 -15.0
v -151.0 0.0 -16.5
v -152.5 2.7966 -13.5
v -152.5 3.7317 -12.0
v -151.0 3.6276 -12.0
v -152.5 2.7966 -13.5
v -151.0 3.6276 -12.0
v -151.0 2.7371 -13.5
v -152.5 3.7317 -12.0
v -152.5 4.2796 -10.5
v -151.0 4.2185 -10.5
v -152.5 3.7317 -12.0
v -151.0 4.2185 -10.5
v -151.0 3.6276 -12.0
v -152.5 4.2796 -10.5
v -152.5 4.5583 -9.0
v -151.0 4.6175 -9.0
v -152.5 4.2796 -10.5
v -151.0 4.6175 -9.0
v -151.0 4.2185 -10.5
v -152.5 4.5583 -9.0
v -152.5 4.5809 -7.5
v -151.0 4.7752 -7.5
v -152.5 4.5583 -9.0
v -151.0 4.7752 -7.5
v -151.0 4.6175 -9.0
v -152.5 4.5809 -7.5
v -152.5 4.3433 -6.0
v -151.0 4.6046 -6.0
v -152.5 4.5809 -7.5
v -151.0 4.6046 -6.0
v -151.0 4.7752 -7.5
v -152.5 4.3433 -6.0
v -152.5 3.8799 -4.5
v -151.0 4.1409 -4.5
v -152.5 4.3433 -6.0
v -151.0 4.1409 -4.5
v -151.0 4.6046 -6.0
v -152.5 3.8799 -4.5
v -152.5 3.109 -3.0
v -151.0 3.307 -3.0
v -152.5 3.8799 -4.5
v -151.0 3.307 -3.0
v -151.0 4.1409 -4.5
v -151.0 0.0 -16.5
v -149.5 0.7369 -15.0
v -149.5 0.0 -16.5
v -151.0 2.7371 -13.5
v -151.0 3.6276 -12.0
v -149.5 3.6272 -12.0
v -151.0 2.7371 -13.5
v -149.5 3.6272 -12.0
v -149.5 2.5659 -13.5
v -151.0 3.6276 -12.0
v -151.0 4.2185 -10.5
v -149.5 4.4084 -10.5
v -151.0 3.6276 -12.0
v -149.5 4.4084 -10.5
v -149.5 3.6272 -12.0
v -151.0 4.2185 -10.5
v -151.0 4.6175 -9.0
v -149.5 4.9827 -9.0
v -151.0 4.2185 -10.5
v -149.5 4.9827 -9.0
v -149.5 4.4084 -10.5
v -151.0 4.6175 -9.0
v -151.0 4.7752 -7.5
v -149.5 5.2629 -7.5
v -151.0 4.6175 -9.0
v -149.5 5.2629 -7.5
v -149.5 4.9827 -9.0
v -151.0 4.7752 -7.5
v -151.0 4.6046 -6.0
v -149.5 5.1171 -6.0
v -151.0 4.7752 -7.5
v -149.5 5.1171 -6.0
v -149.5 5.2629 -7.5
v -151.0 4.6046 -6.0
v -151.0 4.1409 -4.5
v -149.5 4.5767 -4.5
v -151.0 4.6046 -6.0
v -149.5 4.5767 -4.5
v -149.5 5.1171 -6.0
v -151.0 4.1409 -4.5
v -151.0 3.307 -3.0
v -149.5 3.6332 -3.0
v -151.0 4.1409 -4.5
v -149.5 3.6332 -3.0
v -149.5 4.5767 -4.5
v -149.5 0.0 -16.5
v -149.5 0.7369 -15.0
v -148.0 0.7937 -15.0
v -149.5 0.0 -16.5
v -148.0 0.7937 -15.0
v -148.0 0.0 -16.5
v -149.5 2.5659 -13.5
v -149.5 3.6272 -12.0
v -148.0 3.7767 -12.0
v -149.5 2.5659 -13.5
v -148.0 3.7767 -12.0
v -148.0 2.6183 -13.5
v -149.5 3.6272 -12.0
v -149.5 4.4084 -10.5
v -148.0 4.6565 -10.5
v -149.5 3.6272 -12.0
v -148.0 4.6565 -10.5
v -148.0 3.7767 -12.0
v -149.5 4.4084 -10.5
v -149.5 4.9827 -9.0
v -148.0 5.2727 -9.0
v -149.5 4.4084 -10.5
v -148.0 5.2727 -9.0
v -148.0 4.6565 -10.5
v -149.5 4.9827 -9.0
v -149.5 5.2629 -7.5
v -148.0 5.5073 -7.5
v -149.5 4.9827 -9.0
v -148.0 5.5073 -7.5
v -148.0 5.2727 -9.0
v -149.5 5.2629 -7.5
v -149.5 5.1171 -6.0
v -148.0 5.2544 -6.0
v -149.5 5.2629 -7.5
v -148.0 5.2544 -6.0
v -148.0 5.5073 -7.5
v -149.5 5.1171 -6.0
v -149.5 4.5767 -4.5
v -148.0 4.6708 -4.5
v -149.5 5.1171 -6.0
v -148.0 4.6708 -4.5
v -148.0 5.2544 -6.0
v -149.5 4.5767 -4.5
v -149.5 3.6332 -3.0
v -148.0 3.6997 -3.0
v -149.5 4.5767 -4.5
v -148.0 3.6997 -3.0
v -148.0 4.6708 -4.5
v -148.0 0.0 -16.5
v -148.0 0.7937 -15.0
v -146.5 0.0 -15.0
v -148.0 2.6183 -13.5
v -148.0 3.7767 -12.0
v -146.5 3.894 -12.0
v -148.0 3.7767 -12.0
v -148.0 4.6565 -10.5
v -146.5 4.9303 -10.5
v -148.0 3.7767 -12.0
v -146.5 4.9303 -10.5
v -146.5 3.894 -12.0
v -148.0 4.6565 -10.5
v -148.0 5.2727 -9.0
v -146.5 5.5886 -9.0
v -148.0 4.6565 -10.5
v -146.5 5.5886 -9.0
v -146.5 4.9303 -10.5
v -148.0 5.2727 -9.0
v -148.0 5.5073 -7.5
v -146.5 5.8136 -7.5
v -148.0 5.2727 -9.0
v -146.5 5.8136 -7.5
v -146.5 5.5886 -9.0
v -148.0 5.5073 -7.5
v -148.0 5.2544 -6.0
v -146.5 5.5098 -6.0
v -148.0 5.5073 -7.5
v -146.5 5.5098 -6.0
v -146.5 5.8136 -7.5
v -148.0 5.2544 -6.0
v -148.0 4.6708 -4.5
v -146.5 4.8273 -4.5
v -148.0 5.2544 -6.0
v -146.5 4.8273 -4.5
v -146.5 5.5098 -6.0
v -148.0 4.6708 -4.5
v -148.0 3.6997 -3.0
v -146.5 3.8754 -3.0
v -148.0 4.6708 -4.5
v -146.5 3.8754 -3.0
v -146.5 4.8273 -4.5
v -148.0 0.0 0.0
v -146.5 0.0 1.5
v -146.5 0.4561 0.0
v -146.5 3.894 -12.0
v -146.5 4.9303 -10.5
v -145.0 4.9655 -10.5
v -146.5 3.894 -12.0
v -145.0 4.9655 -10.5
v -145.0 4.0177 -12.0
v -146.5 4.9303 -10.5
v -146.5 5.5886 -9.0
v -145.0 5.4888 -9.0
v -146.5 4.9303 -10.5
v -145.0 5.4888 -9.0
v -145.0 4.9655 -10.5
v -146.5 5.5886 -9.0
v -146.5 5.8136 -7.5
v -145.0 5.5994 -7.5
v -146.5 5.5886 -9.0
v -145.0 5.5994 -7.5
v -145.0 5.4888 -9.0
v -146.5 5.8136 -7.5
v -146.5 5.5098 -6.0
v -145.0 5.2782 -6.0
v -146.5 5.8136 -7.5
v -145.0 5.2782 -6.0
v -145.0 5.5994 -7.5
v -146.5 5.5098 -6.0
v -146.5 4.8273 -4.5
v -145.0 4.7489 -4.5
v -146.5 5.5098 -6.0
v -145.0 4.7489 -4.5
v -145.0 5.2782 -6.0
v -146.5 4.8273 -4.5
v -146.5 3.8754 -3.0
v -145.0 3.9651 -3.0
v -146.5 4.8273 -4.5
v -145.0 3.9651 -3.0
v -145.0 4.7489 -4.5
v -146.5 3.8754 -3.0
v -145.0 2.8491 -1.5
v -145.0 3.9651 -3.0
v -146.5 0.4561 0.0
v -146.5 0.0 1.5
v -145.0 0.0 1.5
v -146.5 0.4561 0.0
v -145.0 0.0 1.5
v -145.0 0.8849 0.0
v -145.0 4.0177 -12.0
v -145.0 4.9655 -10.5
v -143.5 4.8383 -10.5
v -145.0 4.0177 -12.0
v -143.5 4.8383 -10.5
v -143.5 3.8411 -12.0
v -145.0 4.9655 -10.5
v -145.0 5.4888 -9.0
v -143.5 5.398 -9.0
v -145.0 4.9655 -10.5
v -143.5 5.398 -9.0
v -143.5 4.8383 -10.5
v -145.0 5.4888 -9.0
v -145.0 5.5994 -7.5
v -143.5 5.6218 -7.5
v -145.0 5.4888 -9.0
v -143.5 5.6218 -7.5
v -143.5 5.398 -9.0
v -145.0 5.5994 -7.5
v -145.0 5.2782 -6.0
v -143.5 5.4828 -6.0
v -145.0 5.5994 -7.5
v -143.5 5.4828 -6.0
v -143.5 5.6218 -7.5
v -145.0 5.2782 -6.0
v -145.0 4.7489 -4.5
v -143.5 5.0527 -4.5
v -145.0 5.2782 -6.0
v -143.5 5.0527 -4.5
v -143.5 5.4828 -6.0
v -145.0 4.7489 -4.5
v -145.0 3.9651 -3.0
v -143.5 4.3813 -3.0
v -145.0 4.7489 -4.5
v -143.5 4.3813 -3.0
v -143.5 5.0527 -4.5
v -145.0 3.9651 -3.0
v -145.0 2.8491 -1.5
v -143.5 3.3406 -1.5
v -145.0 3.9651 -3.0
v -143.5 3.3406 -1.5
v -143.5 4.3813 -3.0
v -145.0 0.8849 0.0
v -145.0 0.0 1.5
v -143.5 0.0 1.5
v -143.5 3.8411 -12.0
v -143.5 4.8383 -10.5
v -142.0 4.584 -10.5
v -143.5 3.8411 -12.0
v -142.0 4.584 -10.5
v -142.0 3.6497 -12.0
v -143.5 4.8383 -10.5
v -143.5 5.398 -9.0
v -142.0 5.1675 -9.0
v -143.5 4.8383 -10.5
v -142.0 5.1675 -9.0
v -142.0 4.584 -10.5
v -143.5 5.398 -9.0
v -143.5 5.6218 -7.5
v -142.0 5.4997 -7.5
v -143.5 5.398 -9.0
v -142.0 5.4997 -7.5
v -142.0 5.1675 -9.0
v -143.5 5.6218 -7.5
v -143.5 5.4828 -6.0
v -142.0 5.5174 -6.0
v -143.5 5.6218 -7.5
v -142.0 5.5174 -6.0
v -142.0 5.4997 -7.5
v -143.5 5.4828 -6.0
v -143.5 5.0527 -4.5
v -142.0 5.2971 -4.5
v -143.5 5.4828 -6.0
v -142.0 5.2971 -4.5
v -142.0 5.5174 -6.0
v -143.5 5.0527 -4.5
v -143.5 4.3813 -3.0
v -142.0 4.7432 -3.0
v -143.5 5.0527 -4.5
v -142.0 4.7432 -3.0
v -142.0 5.2971 -4.5
v -143.5 4.3813 -3.0
v -143.5 3.3406 -1.5
v -142.0 3.716 -1.5
v -143.5 4.3813 -3.0
v -142.0 3.716 -1.5
v -142.0 4.7432 -3.0
v -142.0 3.6497 -12.0
v -142.0 4.584 -10.5
v -140.5 4.4261 -10.5
v -142.0 3.6497 -12.0
v -140.5 4.4261 -10.5
v -140.5 3.2852 -12.0
v -142.0 4.584 -10.5
v -142.0 5.1675 -9.0
v -140.5 5.2565 -9.0
v -142.0 4.584 -10.5
v -140.5 5.2565 -9.0
v -140.5 4.4261 -10.5
v -142.0 5.1675 -9.0
v -142.0 5.4997 -7.5
v -140.5 5.862 -7.5
v -142.0 5.1675 -9.0
v -140.5 5.862 -7.5
v -140.5 5.2565 -9.0
v -142.0 5.4997 -7.5
v -142.0 5.5174 -6.0
v -140.5 6.125 -6.0
v -142.0 5.4997 -7.5
v -140.5 6.125 -6.0
v -140.5 5.862 -7.5
v -142.0 5.5174 -6.0
v -142.0 5.2971 -4.5
v -140.5 5.9044 -4.5
v -142.0 5.5174 -6.0
v -140.5 5.9044 -4.5
v -140.5 6.125 -6.0
v -142.0 5.2971 -4.5
v -142.0 4.7432 -3.0
v -140.5 5.2534 -3.0
v -142.0 5.2971 -4.5
v -140.5 5.2534 -3.0
v -140.5 5.9044 -4.5
v -142.0 4.7432 -3.0
v -142.0 3.716 -1.5
v -140.5 4.1226 -1.5
v -142.0 4.7432 -3.0
v -140.5 4.1226 -1.5
v -140.5 5.2534 -3.0
v -140.5 3.2852 -12.0
v -140.5 4.4261 -10.5
v -139.0 4.4538 -10.5
v -140.5 4.4261 -10.5
v -140.5 5.2565 -9.0
v -139.0 5.41 -9.0
v -140.5 4.4261 -10.5
v -139.0 5.41 -9.0
v -139.0 4.4538 -10.5
v -140.5 5.2565 -9.0
v -140.5 5.862 -7.5
v -139.0 6.0735 -7.5
v -140.5 5.2565 -9.0
v -139.0 6.0735 -7.5
v -139.0 5.41 -9.0
v -140.5 5.862 -7.5
v -140.5 6.125 -6.0
v -139.0 6.2957 -6.0
v -140.5 5.862 -7.5
v -139.0 6.2957 -6.0
v -139.0 6.0735 -7.5
v -140.5 6.125 -6.0
v -140.5 5.9044 -4.5
v -139.0 5.9861 -4.5
v -140.5 6.125 -6.0
v -139.0 5.9861 -4.5
v -139.0 6.2957 -6.0
v -140.5 5.9044 -4.5
v -140.5 5.2534 -3.0
v -139.0 5.3033 -3.0
v -140.5 5.9044 -4.5
v -139.0 5.3033 -3.0
v -139.0 5.9861 -4.5
v -140.5 5.2534 -3.0
v -140.5 4.1226 -1.5
v -139.0 4.1709 -1.5
v -140.5 5.2534 -3.0
v -139.0 4.1709 -1.5
v -139.0 5.3033 -3.0
v -139.0 0.0 -15.0
v -137.5 0.3882 -13.5
v -137.5 0.0 -15.0
v -139.0 4.4538 -10.5
v -139.0 5.41 -9.0
v -137.5 5.6294 -9.0
v -139.0 4.4538 -10.5
v -137.5 5.6294 -9.0
v -137.5 4.5141 -10.5
v -139.0 5.41 -9.0
v -139.0 6.0735 -7.5
v -137.5 6.3559 -7.5
v -139.0 5.41 -9.0
v -137.5 6.3559 -7.5
v -137.5 5.6294 -9.0
v -139.0 6.0735 -7.5
v -139.0 6.2957 -6.0
v -137.5 6.6005 -6.0
v -139.0 6.0735 -7.5
v -137.5 6.6005 -6.0
v -137.5 6.3559 -7.5
v -139.0 6.2957 -6.0
v -139.0 5.9861 -4.5
v -137.5 6.2077 -4.5
v -139.0 6.2957 -6.0
v -137.5 6.2077 -4.5
v -137.5 6.6005 -6.0
v -139.0 5.9861 -4.5
v -139.0 5.3033 -3.0
v -137.5 5.3957 -3.0
v -139.0 5.9861 -4.5
v -137.5 5.3957 -3.0
v -137.5 6.2077 -4.5
v -139.0 5.3033 -3.0
v -139.0 4.1709 -1.5
v -137.5 4.2604 -1.5
v -139.0 5.3033 -3.0
v -137.5 4.2604 -1.5
v -137.5 5.3957 -3.0
v -137.5 0.0 -15.0
v -137.5 0.3882 -13.5
v -136.0 0.0 -13.5
v -137.5 4.5141 -10.5
v -137.5 5.6294 -9.0
v -136.0 5.6111 -9.0
v -137.5 4.5141 -10.5
v -136.0 5.6111 -9.0
v -136.0 4.5773 -10.5
v -137.5 5.6294 -9.0
v -137.5 6.3559 -7.5
v -136.0 6.1742 -7.5
v -137.5 5.6294 -9.0
v -136.0 6.1742 -7.5
v -136.0 5.6111 -9.0
v -137.5 6.3559 -7.5
v -137.5 6.6005 -6.0
v -136.0 6.2437 -6.0
v -137.5 6.3559 -7.5
v -136.0 6.2437 -6.0
v -136.0 6.1742 -7.5
v -137.5 6.6005 -6.0
v -137.5 6.2077 -4.5
v -136.0 5.8118 -4.5
v -137.5 6.6005 -6.0
v -136.0 5.8118 -4.5
v -136.0 6.2437 -6.0
v -137.5 6.2077 -4.5
v -137.5 5.3957 -3.0
v -136.0 5.0885 -3.0
v -137.5 6.2077 -4.5
v -136.0 5.0885 -3.0
v -136.0 5.8118 -4.5
v -137.5 5.3957 -3.0
v -137.5 4.2604 -1.5
v -136.0 4.1742 -1.5
v -137.5 5.3957 -3.0
v -136.0 4.1742 -1.5
v -136.0 5.0885 -3.0
v -137.5 0.0 1.5
v -136.0 0.0 3.0
v -136.0 0.6791 1.5
v -136.0 4.5773 -10.5
v -136.0 5.6111 -9.0
v -134.5 5.3151 -9.0
v -136.0 4.5773 -10.5
v -134.5 5.3151 -9.0
v -134.5 4.3015 -10.5
v -136.0 5.6111 -9.0
v -136.0 6.1742 -7.5
v -134.5 5.8692 -7.5
v -136.0 5.6111 -9.0
v -134.5 5.8692 -7.5
v -134.5 5.3151 -9.0
v -136.0 6.1742 -7.5
v -136.0 6.2437 -6.0
v -134.5 6.049 -6.0
v -136.0 6.1742 -7.5
v -134.5 6.049 -6.0
v -134.5 5.8692 -7.5
v -136.0 6.2437 -6.0
v -136.0 5.8118 -4.5
v -134.5 5.7876 -4.5
v -136.0 6.2437 -6.0
v -134.5 5.7876 -4.5
v -134.5 6.049 -6.0
v -136.0 5.8118 -4.5
v -136.0 5.0885 -3.0
v -134.5 5.2396 -3.0
v -136.0 5.8118 -4.5
v -134.5 5.2396 -3.0
v -134.5 5.7876 -4.5
v -136.0 5.0885 -3.0
v -136.0 4.1742 -1.5
v -134.5 4.4546 -1.5
v -136.0 5.0885 -3.0
v -134.5 4.4546 -1.5
v -134.5 5.2396 -3.0
v -136.0 4.1742 -1.5
v -134.5 3.2878 0.0
v -134.5 4.4546 -1.5
v -136.0 0.6791 1.5
v -136.0 0.0 3.0
v -134.5 0.0 3.0
v -134.5 4.3015 -10.5
v -134.5 5.3151 -9.0
v -133.0 4.929 -9.0
v -134.5 4.3015 -10.5
v -133.0 4.929 -9.0
v -133.0 3.9994 -10.5
v -134.5 5.3151 -9.0
v -134.5 5.8692 -7.5
v -133.0 5.4687 -7.5
v -134.5 5.3151 -9.0
v -133.0 5.4687 -7.5
v -133.0 4.929 -9.0
v -134.5 5.8692 -7.5
v -134.5 6.049 -6.0
v -133.0 5.7114 -6.0
v -134.5 5.8692 -7.5
v -133.0 5.7114 -6.0
v -133.0 5.4687 -7.5
v -134.5 6.049 -6.0
v -134.5 5.7876 -4.5
v -133.0 5.6302 -4.5
v -134.5 6.049 -6.0
v -133.0 5.6302 -4.5
v -133.0 5.7114 -6.0
v -134.5 5.7876 -4.5
v -134.5 5.2396 -3.0
v -133.0 5.2428 -3.0
v -134.5 5.7876 -4.5
v -133.0 5.2428 -3.0
v -133.0 5.6302 -4.5
v -134.5 5.2396 -3.0
v -134.5 4.4546 -1.5
v -133.0 4.6077 -1.5
v -134.5 5.2396 -3.0
v -133.0 4.6077 -1.5
v -133.0 5.2428 -3.0
v -134.5 4.4546 -1.5
v -134.5 3.2878 0.0
v -133.0 3.5615 0.0
v -134.5 4.4546 -1.5
v -133.0 3.5615 0.0
v -133.0 4.6077 -1.5
v -134.5 1.2139 1.5
v -134.5 0.0 3.0
v -133.0 0.0 3.0
v -133.0 3.9994 -10.5
v -133.0 4.929 -9.0
v -131.5 4.5187 -9.0
v -133.0 3.9994 -10.5
v -131.5 4.5187 -9.0
v -131.5 3.482 -10.5
v -133.0 4.929 -9.0
v -133.0 5.4687 -7.5
v -131.5 5.2544 -7.5
v -133.0 4.929 -9.0
v -131.5 5.2544 -7.5
v -131.5 4.5187 -9.0
v -133.0 5.4687 -7.5
v -133.0 5.7114 -6.0
v -131.5 5.7753 -6.0
v -133.0 5.4687 -7.5
v -131.5 5.7753 -6.0
v -131.5 5.2544 -7.5
v -133.0 5.7114 -6.0
v -133.0 5.6302 -4.5
v -131.5 5.9487 -4.5
v -133.0 5.7114 -6.0
v -131.5 5.9487 -4.5
v -131.5 5.7753 -6.0
v -133.0 5.6302 -4.5
v -133.0 5.2428 -3.0
v -131.5 5.6852 -3.0
v -133.0 5.6302 -4.5
v -131.5 5.6852 -3.0
v -131.5 5.9487 -4.5
v -133.0 5.2428 -3.0
v -133.0 4.6077 -1.5
v -131.5 5.0241 -1.5
v -133.0 5.2428 -3.0
v -131.5 5.0241 -1.5
v -131.5 5.6852 -3.0
v -133.0 4.6077 -1.5
v -133.0 3.5615 0.0
v -131.5 3.8805 0.0
v -133.0 4.6077 -1.5
v -131.5 3.8805 0.0
v -131.5 5.0241 -1.5
v -131.5 3.482 -10.5
v -131.5 4.5187 -9.0
v -130.0 4.394 -9.0
v -131.5 3.482 -10.5
v -130.0 4.394 -9.0
v -130.0 3.2446 -10.5
v -131.5 4.5187 -9.0
v -131.5 5.2544 -7.5
v -130.0 5.2563 -7.5
v -131.5 4.5187 -9.0
v -130.0 5.2563 -7.5
v -130.0 4.394 -9.0
v -131.5 5.2544 -7.5
v -131.5 5.7753 -6.0
v -130.0 5.8391 -6.0
v -131.5 5.2544 -7.5
v -130.0 5.8391 -6.0
v -130.0 5.2563 -7.5
v -131.5 5.7753 -6.0
v -131.5 5.9487 -4.5
v -130.0 6.0078 -4.5
v -131.5 5.7753 -6.0
v -130.0 6.0078 -4.5
v -130.0 5.8391 -6.0
v -131.5 5.9487 -4.5
v -131.5 5.6852 -3.0
v -130.0 5.6812 -3.0
v -131.5 5.9487 -4.5
v -130.0 5.6812 -3.0
v -130.0 6.0078 -4.5
v -131.5 5.6852 -3.0
v -131.5 5.0241 -1.5
v -130.0 4.9052 -1.5
v -131.5 5.6852 -3.0
v -130.0 4.9052 -1.5
v -130.0 5.6812 -3.0
v -131.5 5.0241 -1.5
v -131.5 3.8805 0.0
v -130.0 3.8102 0.0
v -131.5 5.0241 -1.5
v -130.0 3.8102 0.0
v -130.0 4.9052 -1.5
v -130.0 0.0 -13.5
v -128.5 1.0168 -12.0
v -128.5 0.0 -13.5
v -130.0 3.2446 -10.5
v -130.0 4.394 -9.0
v -128.5 4.3 -9.0
v -130.0 4.394 -9.0
v -130.0 5.2563 -7.5
v -128.5 5.2749 -7.5
v -130.0 4.394 -9.0
v -128.5 5.2749 -7.5
v -128.5 4.3 -9.0
v -130.0 5.2563 -7.5
v -130.0 5.8391 -6.0
v -128.5 5.9186 -6.0
v -130.0 5.2563 -7.5
v -128.5 5.9186 -6.0
v -128.5 5.2749 -7.5
v -130.0 5.8391 -6.0
v -130.0 6.0078 -4.5
v -128.5 6.1041 -4.5
v -130.0 5.8391 -6.0
v -128.5 6.1041 -4.5
v -128.5 5.9186 -6.0
v -130.0 6.0078 -4.5
v -130.0 5.6812 -3.0
v -128.5 5.7013 -3.0
v -130.0 6.0078 -4.5
v -128.5 5.7013 -3.0
v -128.5 6.1041 -4.5
v -130.0 5.6812 -3.0
v -130.0 4.9052 -1.5
v -128.5 4.9109 -1.5
v -130.0 5.6812 -3.0
v -128.5 4.9109 -1.5
v -128.5 5.7013 -3.0
v -130.0 4.9052 -1.5
v -130.0 3.8102 0.0
v -128.5 3.7922 0.0
v -130.0 4.9052 -1.5
v -128.5 3.7922 0.0
v -128.5 4.9109 -1.5
v -128.5 0.0 -13.5
v -128.5 1.0168 -12.0
v -127.0 0.6378 -12.0
v -128.5 0.0 -13.5
v -127.0 0.6378 -12.0
v -127.0 0.0 -13.5
v -128.5 4.3 -9.0
v -128.5 5.2749 -7.5
v -127.0 5.1871 -7.5
v -128.5 4.3 -9.0
v -127.0 5.1871 -7.5
v -127.0 4.2716 -9.0
v -128.5 5.2749 -7.5
v -128.5 5.9186 -6.0
v -127.0 5.6718 -6.0
v -128.5 5.2749 -7.5
v -127.0 5.6718 -6.0
v -127.0 5.1871 -7.5
v -128.5 5.9186 -6.0
v -128.5 6.1041 -4.5
v -127.0 5.6833 -4.5
v -128.5 5.9186 -6.0
v -127.0 5.6833 -4.5
v -127.0 5.6718 -6.0
v -128.5 6.1041 -4.5
v -128.5 5.7013 -3.0
v -127.0 5.24 -3.0
v -128.5 6.1041 -4.5
v -127.0 5.24 -3.0
v -127.0 5.6833 -4.5
v -128.5 5.7013 -3.0
v -128.5 4.9109 -1.5
v -127.0 4.4729 -1.5
v -128.5 5.7013 -3.0
v -127.0 4.4729 -1.5
v -127.0 5.24 -3.0
v -128.5 4.9109 -1.5
v -128.5 3.7922 0.0
v -127.0 3.5651 0.0
v -128.5 4.9109 -1.5
v -127.0 3.5651 0.0
v -127.0 4.4729 -1.5
v -127.0 0.0 -13.5
v -127.0 0.6378 -12.0
v -125.5 0.0 -12.0
v -127.0 4.2716 -9.0
v -127.0 5.1871 -7.5
v -125.5 4.8642 -7.5
v -127.0 4.2716 -9.0
v -125.5 4.8642 -7.5
v -125.5 4.0366 -9.0
v -127.0 5.1871 -7.5
v -127.0 5.6718 -6.0
v -125.5 5.2931 -6.0
v -127.0 5.1871 -7.5
v -125.5 5.2931 -6.0
v -125.5 4.8642 -7.5
v -127.0 5.6718 -6.0
v -127.0 5.6833 -4.5
v -125.5 5.3557 -4.5
v -127.0 5.6718 -6.0
v -125.5 5.3557 -4.5
v -125.5 5.2931 -6.0
v -127.0 5.6833 -4.5
v -127.0 5.24 -3.0
v -125.5 5.0055 -3.0
v -127.0 5.6833 -4.5
v -125.5 5.0055 -3.0
v -125.5 5.3557 -4.5
v -127.0 5.24 -3.0
v -127.0 4.4729 -1.5
v -125.5 4.4264 -1.5
v -127.0 5.24 -3.0
v -125.5 4.4264 -1.5
v -125.5 5.0055 -3.0
v -127.0 4.4729 -1.5
v -127.0 3.5651 0.0
v -125.5 3.6383 0.0
v -127.0 4.4729 -1.5
v -125.5 3.6383 0.0
v -125.5 4.4264 -1.5
v -127.0 3.5651 0.0
v -127.0 2.3403 1.5
v -125.5 2.4939 1.5
v -127.0 3.5651 0.0
v -125.5 2.4939 1.5
v -125.5 3.6383 0.0
v -125.5 4.0366 -9.0
v -125.5 4.8642 -7.5
v -124.0 4.3944 -7.5
v -125.5 4.0366 -9.0
v -124.0 4.3944 -7.5
v -124.0 3.6556 -9.0
v -125.5 4.8642 -7.5
v -125.5 5.2931 -6.0
v -124.0 4.7739 -6.0
v -125.5 4.8642 -7.5
v -124.0 4.7739 -6.0
v -124.0 4.3944 -7.5
v -125.5 5.2931 -6.0
v -125.5 5.3557 -4.5
v -124.0 4.8627 -4.5
v -125.5 5.2931 -6.0
v -124.0 4.8627 -4.5
v -124.0 4.7739 -6.0
v -125.5 5.3557 -4.5
v -125.5 5.0055 -3.0
v -124.0 4.6794 -3.0
v -125.5 5.3557 -4.5
v -124.0 4.6794 -3.0
v -124.0 4.8627 -4.5
v -125.5 5.0055 -3.0
v -125.5 4.4264 -1.5
v -124.0 4.2507 -1.5
v -125.5 5.0055 -3.0
v -124.0 4.2507 -1.5
v -124.0 4.6794 -3.0
v -125.5 4.4264 -1.5
v -125.5 3.6383 0.0
v -124.0 3.5266 0.0
v -125.5 4.4264 -1.5
v -124.0 3.5266 0.0
v -124.0 4.2507 -1.5
v -125.5 3.6383 0.0
v -125.5 2.4939 1.5
v -124.0 2.3141 1.5
v -125.5 3.6383 0.0
v -124.0 2.3141 1.5
v -124.0 3.5266 0.0
v -124.0 3.6556 -9.0
v -124.0 4.3944 -7.5
v -122.5 3.6495 -7.5
v -124.0 3.6556 -9.0
v -122.5 3.6495 -7.5
v -122.5 2.8755 -9.0
v -124.0 4.3944 -7.5
v -124.0 4.7739 -6.0
v -122.5 4.1013 -6.0
v -124.0 4.3944 -7.5
v -122.5 4.1013 -6.0
v -122.5 3.6495 -7.5
v -124.0 4.7739 -6.0
v -124.0 4.8627 -4.5
v -122.5 4.3022 -4.5
v -124.0 4.7739 -6.0
v -122.5 4.3022 -4.5
v -122.5 4.1013 -6.0
v -124.0 4.8627 -4.5
v -124.0 4.6794 -3.0
v -122.5 4.2389 -3.0
v -124.0 4.8627 -4.5
v -122.5 4.2389 -3.0
v -122.5 4.3022 -4.5
v -124.0 4.6794 -3.0
v -124.0 4.2507 -1.5
v -122.5 3.8561 -1.5
v -124.0 4.6794 -3.0
v -122.5 3.8561 -1.5
v -122.5 4.2389 -3.0
v -124.0 4.2507 -1.5
v -124.0 3.5266 0.0
v -122.5 3.0524 0.0
v -124.0 4.2507 -1.5
v -122.5 3.0524 0.0
v -122.5 3.8561 -1.5
v -122.5 2.8755 -9.0
v -122.5 3.6495 -7.5
v -121.0 2.713 -7.5
v -122.5 3.6495 -7.5
v -122.5 4.1013 -6.0
v -121.0 3.289 -6.0
v -122.5 3.6495 -7.5
v -121.0 3.289 -6.0
v -121.0 2.713 -7.5
v -122.5 4.1013 -6.0
v -122.5 4.3022 -4.5
v -121.0 3.5585 -4.5
v -122.5 4.1013 -6.0
v -121.0 3.5585 -4.5
v -121.0 3.289 -6.0
v -122.5 4.2389 -3.0
v -122.5 3.8561 -1.5
v -121.0 2.9938 -1.5
v -103.0 0.0 -9.0
v -103.0 0.0 -7.5
v -101.5 0.9297 -7.5
v -103.0 0.0 -9.0
v -101.5 0.9297 -7.5
v -101.5 0.0 -9.0
v -103.0 0.0 0.0
v -103.0 0.0 1.5
v -101.5 1.0352 1.5
v -103.0 0.0 0.0
v -101.5 1.0352 1.5
v -101.5 0.0 0.0
v -101.5 0.0 -10.5
v -101.5 0.0 -9.0
v -100.0 0.7638 -9.0
v -101.5 0.0 -10.5
v -100.0 0.7638 -9.0
v -100.0 0.0 -10.5
v -101.5 0.0 3.0
v -100.0 0.0 4.5
v -100.0 0.817 3.0
v -100.0 4.3503 -4.5
v -100.0 4.6621 -3.0
v -98.5 5.6515 -3.0
v -100.0 4.3503 -4.5
v -98.5 5.6515 -3.0
v -98.5 5.4155 -4.5
v -100.0 4.6621 -3.0
v -100.0 4.5378 -1.5
v -98.5 5.3957 -1.5
v -100.0 4.6621 -3.0
v -98.5 5.3957 -1.5
v -98.5 5.6515 -3.0
v -100.0 4.5378 -1.5
v -100.0 3.9369 0.0
v -98.5 4.6974 0.0
v -100.0 4.5378 -1.5
v -98.5 4.6974 0.0
v -98.5 5.3957 -1.5
v -100.0 0.817 3.0
v -100.0 0.0 4.5
v -98.5 0.0 4.5
v -98.5 3.6432 -7.5
v -97.0 5.3545 -6.0
v -97.0 4.3142 -7.5
v -98.5 4.7273 -6.0
v -98.5 5.4155 -4.5
v -97.0 5.9512 -4.5
v -98.5 4.7273 -6.0
v -97.0 5.9512 -4.5
v -97.0 5.3545 -6.0
v -98.5 5.4155 -4.5
v -98.5 5.6515 -3.0
v -97.0 6.0683 -3.0
v -98.5 5.4155 -4.5
v -97.0 6.0683 -3.0
v -97.0 5.9512 -4.5
v -98.5 5.6515 -3.0
v -98.5 5.3957 -1.5
v -97.0 5.6782 -1.5
v -98.5 5.6515 -3.0
v -97.0 5.6782 -1.5
v -97.0 6.0683 -3.0
v -98.5 5.3957 -1.5
v -98.5 4.6974 0.0
v -97.0 4.9387 0.0
v -98.5 5.3957 -1.5
v -97.0 4.9387 0.0
v -97.0 5.6782 -1.5
v -98.5 4.6974 0.0
v -98.5 3.6168 1.5
v -97.0 3.9376 1.5
v -98.5 4.6974 0.0
v -97.0 3.9376 1.5
v -97.0 4.9387 0.0
v -97.0 4.3142 -7.5
v -97.0 5.3545 -6.0
v -95.5 5.382 -6.0
v -97.0 4.3142 -7.5
v -95.5 5.382 -6.0
v -95.5 4.4672 -7.5
v -97.0 5.3545 -6.0
v -97.0 5.9512 -4.5
v -95.5 5.856 -4.5
v -97.0 5.3545 -6.0
v -95.5 5.856 -4.5
v -95.5 5.382 -6.0
v -97.0 5.9512 -4.5
v -97.0 6.0683 -3.0
v -95.5 5.9264 -3.0
v -97.0 5.9512 -4.5
v -95.5 5.9264 -3.0
v -95.5 5.856 -4.5
v -97.0 6.0683 -3.0
v -97.0 5.6782 -1.5
v -95.5 5.5384 -1.5
v -97.0 6.0683 -3.0
v -95.5 5.5384 -1.5
v -95.5 5.9264 -3.0
v -97.0 5.6782 -1.5
v -97.0 4.9387 0.0
v -95.5 4.8983 0.0
v -97.0 5.6782 -1.5
v -95.5 4.8983 0.0
v -95.5 5.5384 -1.5
v -97.0 4.9387 0.0
v -97.0 3.9376 1.5
v -95.5 4.0272 1.5
v -97.0 4.9387 0.0
v -95.5 4.0272 1.5
v -95.5 4.8983 0.0
v -95.5 4.4672 -7.5
v -95.5 5.382 -6.0
v -94.0 5.2344 -6.0
v -95.5 4.4672 -7.5
v -94.0 5.2344 -6.0
v -94.0 4.4001 -7.5
v -95.5 5.382 -6.0
v -95.5 5.856 -4.5
v -94.0 5.6795 -4.5
v -95.5 5.382 -6.0
v -94.0 5.6795 -4.5
v -94.0 5.2344 -6.0
v -95.5 5.856 -4.5
v -95.5 5.9264 -3.0
v -94.0 5.7997 -3.0
v -95.5 5.856 -4.5
v -94.0 5.7997 -3.0
v -94.0 5.6795 -4.5
v -95.5 5.9264 -3.0
v -95.5 5.5384 -1.5
v -94.0 5.5688 -1.5
v -95.5 5.9264 -3.0
v -94.0 5.5688 -1.5
v -94.0 5.7997 -3.0
v -95.5 5.5384 -1.5
v -95.5 4.8983 0.0
v -94.0 5.0658 0.0
v -95.5 5.5384 -1.5
v -94.0 5.0658 0.0
v -94.0 5.5688 -1.5
v -95.5 4.8983 0.0
v -95.5 4.0272 1.5
v -94.0 4.2472 1.5
v -95.5 4.8983 0.0
v -94.0 4.2472 1.5
v -94.0 5.0658 0.0
v -94.0 4.4001 -7.5
v -94.0 5.2344 -6.0
v -92.5 5.0758 -6.0
v -94.0 4.4001 -7.5
v -92.5 5.0758 -6.0
v -92.5 4.2466 -7.5
v -94.0 5.2344 -6.0
v -94.0 5.6795 -4.5
v -92.5 5.622 -4.5
v -94.0 5.2344 -6.0
v -92.5 5.622 -4.5
v -92.5 5.0758 -6.0
v -94.0 5.6795 -4.5
v -94.0 5.7997 -3.0
v -92.5 5.9143 -3.0
v -94.0 5.6795 -4.5
v -92.5 5.9143 -3.0
v -92.5 5.622 -4.5
v -94.0 5.7997 -3.0
v -94.0 5.5688 -1.5
v -92.5 5.8123 -1.5
v -94.0 5.7997 -3.0
v -92.5 5.8123 -1.5
v -92.5 5.9143 -3.0
v -94.0 5.5688 -1.5
v -94.0 5.0658 0.0
v -92.5 5.3655 0.0
v -94.0 5.5688 -1.5
v -92.5 5.3655 0.0
v -92.5 5.8123 -1.5
v -94.0 5.0658 0.0
v -94.0 4.2472 1.5
v -92.5 4.51 1.5
v -94.0 5.0658 0.0
v -92.5 4.51 1.5
v -92.5 5.3655 0.0
v -92.5 4.2466 -7.5
v -92.5 5.0758 -6.0
v -91.0 5.0754 -6.0
v -92.5 4.2466 -7.5
v -91.0 5.0754 -6.0
v -91.0 4.1323 -7.5
v -92.5 5.0758 -6.0
v -92.5 5.622 -4.5
v -91.0 5.7763 -4.5
v -92.5 5.0758 -6.0
v -91.0 5.7763 -4.5
v -91.0 5.0754 -6.0
v -92.5 5.622 -4.5
v -92.5 5.9143 -3.0
v -91.0 6.1866 -3.0
v -92.5 5.622 -4.5
v -91.0 6.1866 -3.0
v -91.0 5.7763 -4.5
v -92.5 5.9143 -3.0
v -92.5 5.8123 -1.5
v -91.0 6.1214 -1.5
v -92.5 5.9143 -3.0
v -91.0 6.1214 -1.5
v -91.0 6.1866 -3.0
v -92.5 5.8123 -1.5
v -92.5 5.3655 0.0
v -91.0 5.6009 0.0
v -92.5 5.8123 -1.5
v -91.0 5.6009 0.0
v -91.0 6.1214 -1.5
v -92.5 5.3655 0.0
v -92.5 4.51 1.5
v -91.0 4.6095 1.5
v -92.5 5.3655 0.0
v -91.0 4.6095 1.5
v -91.0 5.6009 0.0
v -91.0 4.1323 -7.5
v -91.0 5.0754 -6.0
v -89.5 5.2782 -6.0
v -91.0 4.1323 -7.5
v -89.5 5.2782 -6.0
v -89.5 4.2012 -7.5
v -91.0 5.0754 -6.0
v -91.0 5.7763 -4.5
v -89.5 6.0717 -4.5
v -91.0 5.0754 -6.0
v -89.5 6.0717 -4.5
v -89.5 5.2782 -6.0
v -91.0 5.7763 -4.5
v -91.0 6.1866 -3.0
v -89.5 6.4783 -3.0
v -91.0 5.7763 -4.5
v -89.5 6.4783 -3.0
v -89.5 6.0717 -4.5
v -91.0 6.1866 -3.0
v -91.0 6.1214 -1.5
v -89.5 6.302 -1.5
v -91.0 6.1866 -3.0
v -89.5 6.302 -1.5
v -89.5 6.4783 -3.0
v -91.0 6.1214 -1.5
v -91.0 5.6009 0.0
v -89.5 5.6289 0.0
v -91.0 6.1214 -1.5
v -89.5 5.6289 0.0
v -89.5 6.302 -1.5
v -91.0 5.6009 0.0
v -91.0 4.6095 1.5
v -89.5 4.5199 1.5
v -91.0 5.6009 0.0
v -89.5 4.5199 1.5
v -89.5 5.6289 0.0
v -89.5 4.2012 -7.5
v -89.5 5.2782 -6.0
v -88.0 5.469 -6.0
v -89.5 4.2012 -7.5
v -88.0 5.469 -6.0
v -88.0 4.3511 -7.5
v -89.5 5.2782 -6.0
v -89.5 6.0717 -4.5
v -88.0 6.2119 -4.5
v -89.5 5.2782 -6.0
v -88.0 6.2119 -4.5
v -88.0 5.469 -6.0
v -89.5 6.0717 -4.5
v -89.5 6.4783 -3.0
v -88.0 6.4868 -3.0
v -89.5 6.0717 -4.5
v -88.0 6.4868 -3.0
v -88.0 6.2119 -4.5
v -89.5 6.4783 -3.0
v -89.5 6.302 -1.5
v -88.0 6.1479 -1.5
v -89.5 6.4783 -3.0
v -88.0 6.1479 -1.5
v -88.0 6.4868 -3.0
v -89.5 6.302 -1.5
v -89.5 5.6289 0.0
v -88.0 5.3716 0.0
v -89.5 6.302 -1.5
v -88.0 5.3716 0.0
v -88.0 6.1479 -1.5
v -89.5 5.6289 0.0
v -89.5 4.5199 1.5
v -88.0 4.2626 1.5
v -89.5 5.6289 0.0
v -88.0 4.2626 1.5
v -88.0 5.3716 0.0
v -88.0 4.3511 -7.5
v -88.0 5.469 -6.0
v -86.5 5.5413 -6.0
v -88.0 4.3511 -7.5
v -86.5 5.5413 -6.0
v -86.5 4.488 -7.5
v -88.0 5.469 -6.0
v -88.0 6.2119 -4.5
v -86.5 6.1377 -4.5
v -88.0 5.469 -6.0
v -86.5 6.1377 -4.5
v -86.5 5.5413 -6.0
v -88.0 6.2119 -4.5
v -88.0 6.4868 -3.0
v -86.5 6.2482 -3.0
v -88.0 6.2119 -4.5
v -86.5 6.2482 -3.0
v -86.5 6.1377 -4.5
v -88.0 6.4868 -3.0
v -88.0 6.1479 -1.5
v -86.5 5.8344 -1.5
v -88.0 6.4868 -3.0
v -86.5 5.8344 -1.5
v -86.5 6.2482 -3.0
v -88.0 6.1479 -1.5
v -88.0 5.3716 0.0
v -86.5 5.0794 0.0
v -88.0 6.1479 -1.5
v -86.5 5.0794 0.0
v -86.5 5.8344 -1.5
v -88.0 5.3716 0.0
v -88.0 4.2626 1.5
v -86.5 4.0689 1.5
v -88.0 5.3716 0.0
v -86.5 4.0689 1.5
v -86.5 5.0794 0.0
v -86.5 0.0 -12.0
v -86.5 0.0 -10.5
v -85.0 0.2891 -10.5
v -86.5 0.0 -12.0
v -85.0 0.2891 -10.5
v -85.0 0.0 -12.0
v -86.5 4.488 -7.5
v -86.5 5.5413 -6.0
v -85.0 5.3216 -6.0
v -86.5 4.488 -7.5
v -85.0 5.3216 -6.0
v -85.0 4.4473 -7.5
v -86.5 5.5413 -6.0
v -86.5 6.1377 -4.5
v -85.0 5.7666 -4.5
v -86.5 5.5413 -6.0
v -85.0 5.7666 -4.5
v -85.0 5.3216 -6.0
v -86.5 6.1377 -4.5
v -86.5 6.2482 -3.0
v -85.0 5.8204 -3.0
v -86.5 6.1377 -4.5
v -85.0 5.8204 -3.0
v -85.0 5.7666 -4.5
v -86.5 6.2482 -3.0
v -86.5 5.8344 -1.5
v -85.0 5.4393 -1.5
v -86.5 6.2482 -3.0
v -85.0 5.4393 -1.5
v -85.0 5.8204 -3.0
v -86.5 5.8344 -1.5
v -86.5 5.0794 0.0
v -85.0 4.8166 0.0
v -86.5 5.8344 -1.5
v -85.0 4.8166 0.0
v -85.0 5.4393 -1.5
v -86.5 5.0794 0.0
v -86.5 4.0689 1.5
v -85.0 3.9585 1.5
v -86.5 5.0794 0.0
v -85.0 3.9585 1.5
v -85.0 4.8166 0.0
v -85.0 0.0 -12.0
v -85.0 0.2891 -10.5
v -83.5 0.0 -10.5
v -85.0 4.4473 -7.5
v -85.0 5.3216 -6.0
v -83.5 4.9899 -6.0
v -85.0 4.4473 -7.5
v -83.5 4.9899 -6.0
v -83.5 4.2098 -7.5
v -85.0 5.3216 -6.0
v -85.0 5.7666 -4.5
v -83.5 5.4091 -4.5
v -85.0 5.3216 -6.0
v -83.5 5.4091 -4.5
v -83.5 4.9899 -6.0
v -85.0 5.7666 -4.5
v -85.0 5.8204 -3.0
v -83.5 5.5248 -3.0
v -85.0 5.7666 -4.5
v -83.5 5.5248 -3.0
v -83.5 5.4091 -4.5
v -85.0 5.8204 -3.0
v -85.0 5.4393 -1.5
v -83.5 5.3151 -1.5
v -85.0 5.8204 -3.0
v -83.5 5.3151 -1.5
v -83.5 5.5248 -3.0
v -85.0 5.4393 -1.5
v -85.0 4.8166 0.0
v -83.5 4.8382 0.0
v -85.0 5.4393 -1.5
v -83.5 4.8382 0.0
v -83.5 5.3151 -1.5
v -85.0 4.8166 0.0
v -85.0 3.9585 1.5
v -83.5 4.0413 1.5
v -85.0 4.8166 0.0
v -83.5 4.0413 1.5
v -83.5 4.8382 0.0
v -83.5 0.0 -12.0
v -83.5 0.0 -10.5
v -82.0 0.6368 -10.5
v -83.5 0.0 -12.0
v -82.0 0.6368 -10.5
v -82.0 0.0 -12.0
v -83.5 2.8881 -9.0
v -82.0 3.9605 -7.5
v -82.0 2.8294 -9.0
v -83.5 4.2098 -7.5
v -83.5 4.9899 -6.0
v -82.0 4.6886 -6.0
v -83.5 4.2098 -7.5
v -82.0 4.6886 -6.0
v -82.0 3.9605 -7.5
v -83.5 4.9899 -6.0
v -83.5 5.4091 -4.5
v -82.0 5.1772 -4.5
v -83.5 4.9899 -6.0
v -82.0 5.1772 -4.5
v -82.0 4.6886 -6.0
v -83.5 5.4091 -4.5
v -83.5 5.5248 -3.0
v -82.0 5.4322 -3.0
v -83.5 5.4091 -4.5
v -82.0 5.4322 -3.0
v -82.0 5.1772 -4.5
v -83.5 5.5248 -3.0
v -83.5 5.3151 -1.5
v -82.0 5.3015 -1.5
v -83.5 5.5248 -3.0
v -82.0 5.3015 -1.5
v -82.0 5.4322 -3.0
v -83.5 5.3151 -1.5
v -83.5 4.8382 0.0
v -82.0 4.8589 0.0
v -83.5 5.3151 -1.5
v -82.0 4.8589 0.0
v -82.0 5.3015 -1.5
v -83.5 4.8382 0.0
v -83.5 4.0413 1.5
v -82.0 4.0302 1.5
v -83.5 4.8382 0.0
v -82.0 4.0302 1.5
v -82.0 4.8589 0.0
v -82.0 0.0 -12.0
v -82.0 0.6368 -10.5
v -80.5 0.4338 -10.5
v -82.0 0.0 -12.0
v -80.5 0.4338 -10.5
v -80.5 0.0 -12.0
v -82.0 2.8294 -9.0
v -82.0 3.9605 -7.5
v -80.5 3.7425 -7.5
v -82.0 2.8294 -9.0
v -80.5 3.7425 -7.5
v -80.5 2.5704 -9.0
v -82.0 3.9605 -7.5
v -82.0 4.6886 -6.0
v -80.5 4.5761 -6.0
v -82.0 3.9605 -7.5
v -80.5 4.5761 -6.0
v -80.5 3.7425 -7.5
v -82.0 4.6886 -6.0
v -82.0 5.1772 -4.5
v -80.5 5.1836 -4.5
v -82.0 4.6886 -6.0
v -80.5 5.1836 -4.5
v -80.5 4.5761 -6.0
v -82.0 5.1772 -4.5
v -82.0 5.4322 -3.0
v -80.5 5.5045 -3.0
v -82.0 5.1772 -4.5
v -80.5 5.5045 -3.0
v -80.5 5.1836 -4.5
v -82.0 5.4322 -3.0
v -82.0 5.3015 -1.5
v -80.5 5.4117 -1.5
v -82.0 5.4322 -3.0
v -80.5 5.4117 -1.5
v -80.5 5.5045 -3.0
v -82.0 5.3015 -1.5
v -82.0 4.8589 0.0
v -80.5 4.8998 0.0
v -82.0 5.3015 -1.5
v -80.5 4.8998 0.0
v -80.5 5.4117 -1.5
v -82.0 4.8589 0.0
v -82.0 4.0302 1.5
v -80.5 3.9501 1.5
v -82.0 4.8589 0.0
v -80.5 3.9501 1.5
v -80.5 4.8998 0.0
v -80.5 0.0 -12.0
v -80.5 0.4338 -10.5
v -79.0 0.7762 -10.5
v -80.5 0.0 -12.0
v -79.0 0.7762 -10.5
v -79.0 0.0 -12.0
v -80.5 2.5704 -9.0
v -80.5 3.7425 -7.5
v -79.0 3.7718 -7.5
v -80.5 2.5704 -9.0
v -79.0 3.7718 -7.5
v -79.0 2.621 -9.0
v -80.5 3.7425 -7.5
v -80.5 4.5761 -6.0
v -79.0 4.65 -6.0
v -80.5 3.7425 -7.5
v -79.0 4.65 -6.0
v -79.0 3.7718 -7.5
v -80.5 4.5761 -6.0
v -80.5 5.1836 -4.5
v -79.0 5.2866 -4.5
v -80.5 4.5761 -6.0
v -79.0 5.2866 -4.5
v -79.0 4.65 -6.0
v -80.5 5.1836 -4.5
v -80.5 5.5045 -3.0
v -79.0 5.5698 -3.0
v -80.5 5.1836 -4.5
v -79.0 5.5698 -3.0
v -79.0 5.2866 -4.5
v -80.5 5.5045 -3.0
v -80.5 5.4117 -1.5
v -79.0 5.3196 -1.5
v -80.5 5.5045 -3.0
v -79.0 5.3196 -1.5
v -79.0 5.5698 -3.0
v -80.5 5.4117 -1.5
v -80.5 4.8998 0.0
v -79.0 4.6769 0.0
v -80.5 5.4117 -1.5
v -79.0 4.6769 0.0
v -79.0 5.3196 -1.5
v -80.5 4.8998 0.0
v -80.5 3.9501 1.5
v -79.0 3.6734 1.5
v -80.5 4.8998 0.0
v -79.0 3.6734 1.5
v -79.0 4.6769 0.0
v -79.0 0.0 -12.0
v -79.0 0.7762 -10.5
v -77.5 0.7059 -10.5
v -79.0 0.0 -12.0
v -77.5 0.7059 -10.5
v -77.5 0.0 -12.0
v -79.0 2.621 -9.0
v -79.0 3.7718 -7.5
v -77.5 3.7884 -7.5
v -79.0 3.7718 -7.5
v -79.0 4.65 -6.0
v -77.5 4.6909 -6.0
v -79.0 3.7718 -7.5
v -77.5 4.6909 -6.0
v -77.5 3.7884 -7.5
v -79.0 4.65 -6.0
v -79.0 5.2866 -4.5
v -77.5 5.2464 -4.5
v -79.0 4.65 -6.0
v -77.5 5.2464 -4.5
v -77.5 4.6909 -6.0
v -79.0 5.2866 -4.5
v -79.0 5.5698 -3.0
v -77.5 5.3739 -3.0
v -79.0 5.2866 -4.5
v -77.5 5.3739 -3.0
v -77.5 5.2464 -4.5
v -79.0 5.5698 -3.0
v -79.0 5.3196 -1.5
v -77.5 5.0342 -1.5
v -79.0 5.5698 -3.0
v -77.5 5.0342 -1.5
v -77.5 5.3739 -3.0
v -79.0 5.3196 -1.5
v -79.0 4.6769 0.0
v -77.5 4.3314 0.0
v -79.0 5.3196 -1.5
v -77.5 4.3314 0.0
v -77.5 5.0342 -1.5
v -79.0 4.6769 0.0
v -79.0 3.6734 1.5
v -77.5 3.3347 1.5
v -79.0 4.6769 0.0
v -77.5 3.3347 1.5
v -77.5 4.3314 0.0
v -77.5 0.0 -12.0
v -77.5 0.7059 -10.5
v -76.0 0.9541 -10.5
v -77.5 0.0 -12.0
v -76.0 0.9541 -10.5
v -76.0 0.0 -12.0
v -77.5 2.5338 -9.0
v -76.0 3.923 -7.5
v -76.0 2.7677 -9.0
v -77.5 3.7884 -7.5
v -77.5 4.6909 -6.0
v -76.0 4.6921 -6.0
v -77.5 3.7884 -7.5
v -76.0 4.6921 -6.0
v -76.0 3.923 -7.5
v -77.5 4.6909 -6.0
v -77.5 5.2464 -4.5
v -76.0 5.0988 -4.5
v -77.5 4.6909 -6.0
v -76.0 5.0988 -4.5
v -76.0 4.6921 -6.0
v -77.5 5.2464 -4.5
v -77.5 5.3739 -3.0
v -76.0 5.098 -3.0
v -77.5 5.2464 -4.5
v -76.0 5.098 -3.0
v -76.0 5.0988 -4.5
v -77.5 5.3739 -3.0
v -77.5 5.0342 -1.5
v -76.0 4.6628 -1.5
v -77.5 5.3739 -3.0
v -76.0 4.6628 -1.5
v -76.0 5.098 -3.0
v -77.5 5.0342 -1.5
v -77.5 4.3314 0.0
v -76.0 3.9944 0.0
v -77.5 5.0342 -1.5
v -76.0 3.9944 0.0
v -76.0 4.6628 -1.5
v -77.5 4.3314 0.0
v -77.5 3.3347 1.5
v -76.0 3.122 1.5
v -77.5 4.3314 0.0
v -76.0 3.122 1.5
v -76.0 3.9944 0.0
v -77.5 3.3347 1.5
v -76.0 1.9135 3.0
v -76.0 3.122 1.5
v -76.0 0.0 -12.0
v -76.0 0.9541 -10.5
v -74.5 0.9808 -10.5
v -76.0 0.0 -12.0
v -74.5 0.9808 -10.5
v -74.5 0.0 -12.0
v -76.0 2.7677 -9.0
v -76.0 3.923 -7.5
v -74.5 3.7194 -7.5
v -76.0 2.7677 -9.0
v -74.5 3.7194 -7.5
v -74.5 2.7033 -9.0
v -76.0 3.923 -7.5
v -76.0 4.6921 -6.0
v -74.5 4.3671 -6.0
v -76.0 3.923 -7.5
v -74.5 4.3671 -6.0
v -74.5 3.7194 -7.5
v -76.0 4.6921 -6.0
v -76.0 5.0988 -4.5
v -74.5 4.6555 -4.5
v -76.0 4.6921 -6.0
v -74.5 4.6555 -4.5
v -74.5 4.3671 -6.0
v -76.0 5.0988 -4.5
v -76.0 5.098 -3.0
v -74.5 4.611 -3.0
v -76.0 5.0988 -4.5
v -74.5 4.611 -3.0
v -74.5 4.6555 -4.5
v -76.0 5.098 -3.0
v -76.0 4.6628 -1.5
v -74.5 4.2799 -1.5
v -76.0 5.098 -3.0
v -74.5 4.2799 -1.5
v -74.5 4.611 -3.0
v -76.0 4.6628 -1.5
v -76.0 3.9944 0.0
v -74.5 3.7385 0.0
v -76.0 4.6628 -1.5
v -74.5 3.7385 0.0
v -74.5 4.2799 -1.5
v -76.0 3.9944 0.0
v -76.0 3.122 1.5
v -74.5 2.9607 1.5
v -76.0 3.9944 0.0
v -74.5 2.9607 1.5
v -74.5 3.7385 0.0
v -76.0 3.122 1.5
v -76.0 1.9135 3.0
v -74.5 1.7369 3.0
v -76.0 3.122 1.5
v -74.5 1.7369 3.0
v -74.5 2.9607 1.5
v -74.5 0.0 -12.0
v -74.5 0.9808 -10.5
v -73.0 1.1124 -10.5
v -74.5 0.0 -12.0
v -73.0 1.1124 -10.5
v -73.0 0.0 -12.0
v -74.5 2.7033 -9.0
v -74.5 3.7194 -7.5
v -73.0 3.6511 -7.5
v -74.5 2.7033 -9.0
v -73.0 3.6511 -7.5
v -73.0 2.7354 -9.0
v -74.5 3.7194 -7.5
v -74.5 4.3671 -6.0
v -73.0 4.1906 -6.0
v -74.5 3.7194 -7.5
v -73.0 4.1906 -6.0
v -73.0 3.6511 -7.5
v -74.5 4.3671 -6.0
v -74.5 4.6555 -4.5
v -73.0 4.4706 -4.5
v -74.5 4.3671 -6.0
v -73.0 4.4706 -4.5
v -73.0 4.1906 -6.0
v -74.5 4.6555 -4.5
v -74.5 4.611 -3.0
v -73.0 4.4976 -3.0
v -74.5 4.6555 -4.5
v -73.0 4.4976 -3.0
v -73.0 4.4706 -4.5
v -74.5 4.611 -3.0
v -74.5 4.2799 -1.5
v -73.0 4.2484 -1.5
v -74.5 4.611 -3.0
v -73.0 4.2484 -1.5
v -73.0 4.4976 -3.0
v -74.5 4.2799 -1.5
v -74.5 3.7385 0.0
v -73.0 3.8005 0.0
v -74.5 4.2799 -1.5
v -73.0 3.8005 0.0
v -73.0 4.2484 -1.5
v -74.5 3.7385 0.0
v -74.5 2.9607 1.5
v -73.0 3.0762 1.5
v -74.5 3.7385 0.0
v -73.0 3.0762 1.5
v -73.0 3.8005 0.0
v -74.5 2.9607 1.5
v -74.5 1.7369 3.0
v -73.0 1.8669 3.0
v -74.5 2.9607 1.5
v -73.0 1.8669 3.0
v -73.0 3.0762 1.5
v -73.0 0.0 -12.0
v -73.0 1.1124 -10.5
v -71.5 1.1355 -10.5
v -73.0 0.0 -12.0
v -71.5 1.1355 -10.5
v -71.5 0.0 -12.0
v -73.0 2.7354 -9.0
v -73.0 3.6511 -7.5
v -71.5 3.4197 -7.5
v -73.0 2.7354 -9.0
v -71.5 3.4197 -7.5
v -71.5 2.5894 -9.0
v -73.0 3.6511 -7.5
v -73.0 4.1906 -6.0
v -71.5 3.9576 -6.0
v -73.0 3.6511 -7.5
v -71.5 3.9576 -6.0
v -71.5 3.4197 -7.5
v -73.0 4.1906 -6.0
v -73.0 4.4706 -4.5
v -71.5 4.3033 -4.5
v -73.0 4.1906 -6.0
v -71.5 4.3033 -4.5
v -71.5 3.9576 -6.0
v -73.0 4.4706 -4.5
v -73.0 4.4976 -3.0
v -71.5 4.4221 -3.0
v -73.0 4.4706 -4.5
v -71.5 4.4221 -3.0
v -71.5 4.3033 -4.5
v -73.0 4.4976 -3.0
v -73.0 4.2484 -1.5
v -71.5 4.2576 -1.5
v -73.0 4.4976 -3.0
v -71.5 4.2576 -1.5
v -71.5 4.4221 -3.0
v -73.0 4.2484 -1.5
v -73.0 3.8005 0.0
v -71.5 3.8184 0.0
v -73.0 4.2484 -1.5
v -71.5 3.8184 0.0
v -71.5 4.2576 -1.5
v -73.0 3.8005 0.0
v -73.0 3.0762 1.5
v -71.5 3.0287 1.5
v -73.0 3.8005 0.0
v -71.5 3.0287 1.5
v -71.5 3.8184 0.0
v -73.0 3.0762 1.5
v -73.0 1.8669 3.0
v -71.5 1.7021 3.0
v -71.5 0.0 -12.0
v -71.5 1.1355 -10.5
v -70.0 1.1259 -10.5
v -71.5 0.0 -12.0
v -70.0 1.1259 -10.5
v -70.0 0.0 -12.0
v -71.5 2.5894 -9.0
v -71.5 3.4197 -7.5
v -70.0 3.3833 -7.5
v -71.5 2.5894 -9.0
v -70.0 3.3833 -7.5
v -70.0 2.5169 -9.0
v -71.5 3.4197 -7.5
v -71.5 3.9576 -6.0
v -70.0 4.0222 -6.0
v -71.5 3.4197 -7.5
v -70.0 4.0222 -6.0
v -70.0 3.3833 -7.5
v -71.5 3.9576 -6.0
v -71.5 4.3033 -4.5
v -70.0 4.4863 -4.5
v -71.5 3.9576 -6.0
v -70.0 4.4863 -4.5
v -70.0 4.0222 -6.0
v -71.5 4.3033 -4.5
v -71.5 4.4221 -3.0
v -70.0 4.6758 -3.0
v -71.5 4.3033 -4.5
v -70.0 4.6758 -3.0
v -70.0 4.4863 -4.5
v -71.5 4.4221 -3.0
v -71.5 4.2576 -1.5
v -70.0 4.4917 -1.5
v -71.5 4.4221 -3.0
v -70.0 4.4917 -1.5
v -70.0 4.6758 -3.0
v -71.5 4.2576 -1.5
v -71.5 3.8184 0.0
v -70.0 3.9726 0.0
v -71.5 4.2576 -1.5
v -70.0 3.9726 0.0
v -70.0 4.4917 -1.5
v -71.5 3.8184 0.0
v -71.5 3.0287 1.5
v -70.0 3.0872 1.5
v -71.5 3.8184 0.0
v -70.0 3.0872 1.5
v -70.0 3.9726 0.0
v -70.0 0.0 -12.0
v -70.0 1.1259 -10.5
v -68.5 1.2228 -10.5
v -70.0 0.0 -12.0
v -68.5 1.2228 -10.5
v -68.5 0.0 -12.0
v -70.0 2.5169 -9.0
v -70.0 3.3833 -7.5
v -68.5 3.5475 -7.5
v -70.0 2.5169 -9.0
v -68.5 3.5475 -7.5
v -68.5 2.602 -9.0
v -70.0 3.3833 -7.5
v -70.0 4.0222 -6.0
v -68.5 4.2691 -6.0
v -70.0 3.3833 -7.5
v -68.5 4.2691 -6.0
v -68.5 3.5475 -7.5
v -70.0 4.0222 -6.0
v -70.0 4.4863 -4.5
v -68.5 4.759 -4.5
v -70.0 4.0222 -6.0
v -68.5 4.759 -4.5
v -68.5 4.2691 -6.0
v -70.0 4.4863 -4.5
v -70.0 4.6758 -3.0
v -68.5 4.8821 -3.0
v -70.0 4.4863 -4.5
v -68.5 4.8821 -3.0
v -68.5 4.759 -4.5
v -70.0 4.6758 -3.0
v -70.0 4.4917 -1.5
v -68.5 4.575 -1.5
v -70.0 4.6758 -3.0
v -68.5 4.575 -1.5
v -68.5 4.8821 -3.0
v -70.0 4.4917 -1.5
v -70.0 3.9726 0.0
v -68.5 3.9225 0.0
v -70.0 4.4917 -1.5
v -68.5 3.9225 0.0
v -68.5 4.575 -1.5
v -70.0 3.9726 0.0
v -70.0 3.0872 1.5
v -68.5 2.9427 1.5
v -70.0 3.9726 0.0
v -68.5 2.9427 1.5
v -68.5 3.9225 0.0
v -68.5 0.0 -12.0
v -68.5 1.2228 -10.5
v -67.0 1.2299 -10.5
v -68.5 0.0 -12.0
v -67.0 1.2299 -10.5
v -67.0 0.0 -12.0
v -68.5 2.602 -9.0
v -68.5 3.5475 -7.5
v -67.0 3.7139 -7.5
v -68.5 2.602 -9.0
v -67.0 3.7139 -7.5
v -67.0 2.6955 -9.0
v -68.5 3.5475 -7.5
v -68.5 4.2691 -6.0
v -67.0 4.4467 -6.0
v -68.5 3.5475 -7.5
v -67.0 4.4467 -6.0
v -67.0 3.7139 -7.5
v -68.5 4.2691 -6.0
v -68.5 4.759 -4.5
v -67.0 4.8692 -4.5
v -68.5 4.2691 -6.0
v -67.0 4.8692 -4.5
v -67.0 4.4467 -6.0
v -68.5 4.759 -4.5
v -68.5 4.8821 -3.0
v -67.0 4.8744 -3.0
v -68.5 4.759 -4.5
v -67.0 4.8744 -3.0
v -67.0 4.8692 -4.5
v -68.5 4.8821 -3.0
v -68.5 4.575 -1.5
v -67.0 4.4578 -1.5
v -68.5 4.8821 -3.0
v -67.0 4.4578 -1.5
v -67.0 4.8744 -3.0
v -68.5 4.575 -1.5
v -68.5 3.9225 0.0
v -67.0 3.7515 0.0
v -68.5 4.575 -1.5
v -67.0 3.7515 0.0
v -67.0 4.4578 -1.5
v -68.5 3.9225 0.0
v -68.5 2.9427 1.5
v -67.0 2.7931 1.5
v -68.5 3.9225 0.0
v -67.0 2.7931 1.5
v -67.0 3.7515 0.0
v -67.0 2.6955 -9.0
v -67.0 3.7139 -7.5
v -65.5 4.0681 -7.5
v -67.0 2.6955 -9.0
v -65.5 4.0681 -7.5
v -65.5 3.0407 -9.0
v -67.0 3.7139 -7.5
v -67.0 4.4467 -6.0
v -65.5 4.7299 -6.0
v -67.0 3.7139 -7.5
v -65.5 4.7299 -6.0
v -65.5 4.0681 -7.5
v -67.0 4.4467 -6.0
v -67.0 4.8692 -4.5
v -65.5 5.0313 -4.5
v -67.0 4.4467 -6.0
v -65.5 5.0313 -4.5
v -65.5 4.7299 -6.0
v -67.0 4.8692 -4.5
v -67.0 4.8744 -3.0
v -65.5 4.9034 -3.0
v -67.0 4.8692 -4.5
v -65.5 4.9034 -3.0
v -65.5 5.0313 -4.5
v -67.0 4.8744 -3.0
v -67.0 4.4578 -1.5
v -65.5 4.4096 -1.5
v -67.0 4.8744 -3.0
v -65.5 4.4096 -1.5
v -65.5 4.9034 -3.0
v -67.0 4.4578 -1.5
v -67.0 3.7515 0.0
v -65.5 3.7015 0.0
v -67.0 4.4578 -1.5
v -65.5 3.7015 0.0
v -65.5 4.4096 -1.5
v -67.0 3.7515 0.0
v -67.0 2.7931 1.5
v -65.5 2.7768 1.5
v -67.0 3.7515 0.0
v -65.5 2.7768 1.5
v -65.5 3.7015 0.0
v -65.5 3.0407 -9.0
v -65.5 4.0681 -7.5
v -64.0 4.1082 -7.5
v -65.5 3.0407 -9.0
v -64.0 4.1082 -7.5
v -64.0 3.1222 -9.0
v -65.5 4.0681 -7.5
v -65.5 4.7299 -6.0
v -64.0 4.6608 -6.0
v -65.5 4.0681 -7.5
v -64.0 4.6608 -6.0
v -64.0 4.1082 -7.5
v -65.5 4.7299 -6.0
v -65.5 5.0313 -4.5
v -64.0 4.8435 -4.5
v -65.5 4.7299 -6.0
v -64.0 4.8435 -4.5
v -64.0 4.6608 -6.0
v -65.5 5.0313 -4.5
v -65.5 4.9034 -3.0
v -64.0 4.6858 -3.0
v -65.5 5.0313 -4.5
v -64.0 4.6858 -3.0
v -64.0 4.8435 -4.5
v -65.5 4.9034 -3.0
v -65.5 4.4096 -1.5
v -64.0 4.2582 -1.5
v -65.5 4.9034 -3.0
v -64.0 4.2582 -1.5
v -64.0 4.6858 -3.0
v -65.5 4.4096 -1.5
v -65.5 3.7015 0.0
v -64.0 3.617 0.0
v -65.5 4.4096 -1.5
v -64.0 3.617 0.0
v -64.0 4.2582 -1.5
v -65.5 3.7015 0.0
v -65.5 2.7768 1.5
v -64.0 2.7712 1.5
v -65.5 3.7015 0.0
v -64.0 2.7712 1.5
v -64.0 3.617 0.0
v -64.0 3.1222 -9.0
v -64.0 4.1082 -7.5
v -62.5 4.1689 -7.5
v -64.0 3.1222 -9.0
v -62.5 4.1689 -7.5
v -62.5 3.2989 -9.0
v -64.0 4.1082 -7.5
v -64.0 4.6608 -6.0
v -62.5 4.6715 -6.0
v -64.0 4.1082 -7.5
v -62.5 4.6715 -6.0
v -62.5 4.1689 -7.5
v -64.0 4.6608 -6.0
v -64.0 4.8435 -4.5
v -62.5 4.9097 -4.5
v -64.0 4.6608 -6.0
v -62.5 4.9097 -4.5
v -62.5 4.6715 -6.0
v -64.0 4.8435 -4.5
v -64.0 4.6858 -3.0
v -62.5 4.8438 -3.0
v -64.0 4.8435 -4.5
v -62.5 4.8438 -3.0
v -62.5 4.9097 -4.5
v -64.0 4.6858 -3.0
v -64.0 4.2582 -1.5
v -62.5 4.5116 -1.5
v -64.0 4.6858 -3.0
v -62.5 4.5116 -1.5
v -62.5 4.8438 -3.0
v -64.0 4.2582 -1.5
v -64.0 3.617 0.0
v -62.5 3.9557 0.0
v -64.0 4.2582 -1.5
v -62.5 3.9557 0.0
v -62.5 4.5116 -1.5
v -64.0 3.617 0.0
v -64.0 2.7712 1.5
v -62.5 3.0611 1.5
v -64.0 3.617 0.0
v -62.5 3.0611 1.5
v -62.5 3.9557 0.0
v -62.5 3.2989 -9.0
v -62.5 4.1689 -7.5
v -61.0 4.1124 -7.5
v -62.5 3.2989 -9.0
v -61.0 4.1124 -7.5
v -61.0 3.2351 -9.0
v -62.5 4.1689 -7.5
v -62.5 4.6715 -6.0
v -61.0 4.6728 -6.0
v -62.5 4.1689 -7.5
v -61.0 4.6728 -6.0
v -61.0 4.1124 -7.5
v -62.5 4.6715 -6.0
v -62.5 4.9097 -4.5
v -61.0 4.9976 -4.5
v -62.5 4.6715 -6.0
v -61.0 4.9976 -4.5
v -61.0 4.6728 -6.0
v -62.5 4.9097 -4.5
v -62.5 4.8438 -3.0
v -61.0 5.046 -3.0
v -62.5 4.9097 -4.5
v -61.0 5.046 -3.0
v -61.0 4.9976 -4.5
v -62.5 4.8438 -3.0
v -62.5 4.5116 -1.5
v -61.0 4.7814 -1.5
v -62.5 4.8438 -3.0
v -61.0 4.7814 -1.5
v -61.0 5.046 -3.0
v -62.5 4.5116 -1.5
v -62.5 3.9557 0.0
v -61.0 4.1663 0.0
v -62.5 4.5116 -1.5
v -61.0 4.1663 0.0
v -61.0 4.7814 -1.5
v -62.5 3.9557 0.0
v -62.5 3.0611 1.5
v -61.0 3.085 1.5
v -62.5 3.9557 0.0
v -61.0 3.085 1.5
v -61.0 4.1663 0.0
v -61.0 3.2351 -9.0
v -61.0 4.1124 -7.5
v -59.5 4.2438 -7.5
v -61.0 3.2351 -9.0
v -59.5 4.2438 -7.5
v -59.5 3.3116 -9.0
v -61.0 4.1124 -7.5
v -61.0 4.6728 -6.0
v -59.5 4.9429 -6.0
v -61.0 4.1124 -7.5
v -59.5 4.9429 -6.0
v -59.5 4.2438 -7.5
v -61.0 4.6728 -6.0
v -61.0 4.9976 -4.5
v -59.5 5.4343 -4.5
v -61.0 4.6728 -6.0
v -59.5 5.4343 -4.5
v -59.5 4.9429 -6.0
v -61.0 4.9976 -4.5
v -61.0 5.046 -3.0
v -59.5 5.5339 -3.0
v -61.0 4.9976 -4.5
v -59.5 5.5339 -3.0
v -59.5 5.4343 -4.5
v -61.0 5.046 -3.0
v -61.0 4.7814 -1.5
v -59.5 5.2078 -1.5
v -61.0 5.046 -3.0
v -59.5 5.2078 -1.5
v -59.5 5.5339 -3.0
v -61.0 4.7814 -1.5
v -61.0 4.1663 0.0
v -59.5 4.4871 0.0
v -61.0 4.7814 -1.5
v -59.5 4.4871 0.0
v -59.5 5.2078 -1.5
v -61.0 4.1663 0.0
v -61.0 3.085 1.5
v -59.5 3.3158 1.5
v -61.0 4.1663 0.0
v -59.5 3.3158 1.5
v -59.5 4.4871 0.0
v -59.5 3.3116 -9.0
v -59.5 4.2438 -7.5
v -58.0 4.5899 -7.5
v -59.5 3.3116 -9.0
v -58.0 4.5899 -7.5
v -58.0 3.5276 -9.0
v -59.5 4.2438 -7.5
v -59.5 4.9429 -6.0
v -58.0 5.3794 -6.0
v -59.5 4.2438 -7.5
v -58.0 5.3794 -6.0
v -58.0 4.5899 -7.5
v -59.5 4.9429 -6.0
v -59.5 5.4343 -4.5
v -58.0 5.8382 -4.5
v -59.5 4.9429 -6.0
v -58.0 5.8382 -4.5
v -58.0 5.3794 -6.0
v -59.5 5.4343 -4.5
v -59.5 5.5339 -3.0
v -58.0 5.8213 -3.0
v -59.5 5.4343 -4.5
v -58.0 5.8213 -3.0
v -58.0 5.8382 -4.5
v -59.5 5.5339 -3.0
v -59.5 5.2078 -1.5
v -58.0 5.3193 -1.5
v -59.5 5.5339 -3.0
v -58.0 5.3193 -1.5
v -58.0 5.8213 -3.0
v -59.5 5.2078 -1.5
v -59.5 4.4871 0.0
v -58.0 4.3881 0.0
v -59.5 5.2078 -1.5
v -58.0 4.3881 0.0
v -58.0 5.3193 -1.5
v -59.5 4.4871 0.0
v -59.5 3.3158 1.5
v -58.0 3.0385 1.5
v -59.5 1.4557 3.0
v -58.0 0.0 4.5
v -58.0 1.1536 3.0
v -58.0 3.5276 -9.0
v -58.0 4.5899 -7.5
v -56.5 4.9808 -7.5
v -58.0 3.5276 -9.0
v -56.5 4.9808 -7.5
v -56.5 3.8416 -9.0
v -58.0 4.5899 -7.5
v -58.0 5.3794 -6.0
v -56.5 5.7807 -6.0
v -58.0 4.5899 -7.5
v -56.5 5.7807 -6.0
v -56.5 4.9808 -7.5
v -58.0 5.3794 -6.0
v -58.0 5.8382 -4.5
v -56.5 6.1839 -4.5
v -58.0 5.3794 -6.0
v -56.5 6.1839 -4.5
v -56.5 5.7807 -6.0
v -58.0 5.8382 -4.5
v -58.0 5.8213 -3.0
v -56.5 5.9917 -3.0
v -58.0 5.8382 -4.5
v -56.5 5.9917 -3.0
v -56.5 6.1839 -4.5
v -58.0 5.8213 -3.0
v -58.0 5.3193 -1.5
v -56.5 5.3373 -1.5
v -58.0 5.8213 -3.0
v -56.5 5.3373 -1.5
v -56.5 5.9917 -3.0
v -58.0 5.3193 -1.5
v -58.0 4.3881 0.0
v -56.5 4.3539 0.0
v -58.0 5.3193 -1.5
v -56.5 4.3539 0.0
v -56.5 5.3373 -1.5
v -58.0 1.1536 3.0
v -58.0 0.0 4.5
v -56.5 0.0 4.5
v -58.0 1.1536 3.0
v -56.5 0.0 4.5
v -56.5 1.0622 3.0
v -56.5 3.8416 -9.0
v -56.5 4.9808 -7.5
v -55.0 5.3929 -7.5
v -56.5 3.8416 -9.0
v -55.0 5.3929 -7.5
v -55.0 4.3173 -9.0
v -56.5 4.9808 -7.5
v -56.5 5.7807 -6.0
v -55.0 6.0209 -6.0
v -56.5 4.9808 -7.5
v -55.0 6.0209 -6.0
v -55.0 5.3929 -7.5
v -56.5 5.7807 -6.0
v -56.5 6.1839 -4.5
v -55.0 6.1632 -4.5
v -56.5 5.7807 -6.0
v -55.0 6.1632 -4.5
v -55.0 6.0209 -6.0
v -56.5 6.1839 -4.5
v -56.5 5.9917 -3.0
v -55.0 5.7866 -3.0
v -56.5 6.1839 -4.5
v -55.0 5.7866 -3.0
v -55.0 6.1632 -4.5
v -56.5 5.9917 -3.0
v -56.5 5.3373 -1.5
v -55.0 5.0439 -1.5
v -56.5 5.9917 -3.0
v -55.0 5.0439 -1.5
v -55.0 5.7866 -3.0
v -56.5 5.3373 -1.5
v -56.5 4.3539 0.0
v -55.0 4.0309 0.0
v -56.5 5.3373 -1.5
v -55.0 4.0309 0.0
v -55.0 5.0439 -1.5
v -56.5 1.0622 3.0
v -56.5 0.0 4.5
v -55.0 0.0 4.5
v -56.5 1.0622 3.0
v -55.0 0.0 4.5
v -55.0 0.6799 3.0
v -55.0 4.3173 -9.0
v -55.0 5.3929 -7.5
v -53.5 5.4492 -7.5
v -55.0 4.3173 -9.0
v -53.5 5.4492 -7.5
v -53.5 4.4974 -9.0
v -55.0 5.3929 -7.5
v -55.0 6.0209 -6.0
v -53.5 5.95 -6.0
v -55.0 5.3929 -7.5
v -53.5 5.95 -6.0
v -53.5 5.4492 -7.5
v -55.0 6.0209 -6.0
v -55.0 6.1632 -4.5
v -53.5 6.0385 -4.5
v -55.0 6.0209 -6.0
v -53.5 6.0385 -4.5
v -53.5 5.95 -6.0
v -55.0 6.1632 -4.5
v -55.0 5.7866 -3.0
v -53.5 5.6504 -3.0
v -55.0 6.1632 -4.5
v -53.5 5.6504 -3.0
v -53.5 6.0385 -4.5
v -55.0 5.7866 -3.0
v -55.0 5.0439 -1.5
v -53.5 4.9996 -1.5
v -55.0 5.7866 -3.0
v -53.5 4.9996 -1.5
v -53.5 5.6504 -3.0
v -55.0 5.0439 -1.5
v -55.0 4.0309 0.0
v -53.5 4.1183 0.0
v -55.0 5.0439 -1.5
v -53.5 4.1183 0.0
v -53.5 4.9996 -1.5
v -55.0 0.6799 3.0
v -55.0 0.0 4.5
v -53.5 0.0 4.5
v -55.0 0.6799 3.0
v -53.5 0.0 4.5
v -53.5 0.3049 3.0
v -53.5 0.0 -13.5
v -53.5 0.0 -12.0
v -52.0 0.828 -12.0
v -53.5 0.0 -13.5
v -52.0 0.828 -12.0
v -52.0 0.0 -13.5
v -53.5 4.4974 -9.0
v -53.5 5.4492 -7.5
v -52.0 5.4072 -7.5
v -53.5 4.4974 -9.0
v -52.0 5.4072 -7.5
v -52.0 4.6315 -9.0
v -53.5 5.4492 -7.5
v -53.5 5.95 -6.0
v -52.0 5.7923 -6.0
v -53.5 5.4492 -7.5
v -52.0 5.7923 -6.0
v -52.0 5.4072 -7.5
v -53.5 5.95 -6.0
v -53.5 6.0385 -4.5
v -52.0 5.8303 -4.5
v -53.5 5.95 -6.0
v -52.0 5.8303 -4.5
v -52.0 5.7923 -6.0
v -53.5 6.0385 -4.5
v -53.5 5.6504 -3.0
v -52.0 5.5193 -3.0
v -53.5 6.0385 -4.5
v -52.0 5.5193 -3.0
v -52.0 5.8303 -4.5
v -53.5 5.6504 -3.0
v -53.5 4.9996 -1.5
v -52.0 4.9478 -1.5
v -53.5 5.6504 -3.0
v -52.0 4.9478 -1.5
v -52.0 5.5193 -3.0
v -53.5 4.9996 -1.5
v -53.5 4.1183 0.0
v -52.0 4.053 0.0
v -53.5 4.9996 -1.5
v -52.0 4.053 0.0
v -52.0 4.9478 -1.5
v -53.5 0.3049 3.0
v -53.5 0.0 4.5
v -52.0 0.0 4.5
v -53.5 0.3049 3.0
v -52.0 0.0 4.5
v -52.0 0.0 3.0
v -52.0 0.0 -13.5
v -52.0 0.828 -12.0
v -50.5 0.9538 -12.0
v -52.0 0.0 -13.5
v -50.5 0.9538 -12.0
v -50.5 0.0 -13.5
v -52.0 3.3086 -10.5
v -50.5 4.4758 -9.0
v -50.5 3.2536 -10.5
v -52.0 4.6315 -9.0
v -52.0 5.4072 -7.5
v -50.5 5.242 -7.5
v -52.0 4.6315 -9.0
v -50.5 5.242 -7.5
v -50.5 4.4758 -9.0
v -52.0 5.4072 -7.5
v -52.0 5.7923 -6.0
v -50.5 5.7269 -6.0
v -52.0 5.4072 -7.5
v -50.5 5.7269 -6.0
v -50.5 5.242 -7.5
v -52.0 5.7923 -6.0
v -52.0 5.8303 -4.5
v -50.5 5.9348 -4.5
v -52.0 5.7923 -6.0
v -50.5 5.9348 -4.5
v -50.5 5.7269 -6.0
v -52.0 5.8303 -4.5
v -52.0 5.5193 -3.0
v -50.5 5.753 -3.0
v -52.0 5.8303 -4.5
v -50.5 5.753 -3.0
v -50.5 5.9348 -4.5
v -52.0 5.5193 -3.0
v -52.0 4.9478 -1.5
v -50.5 5.2443 -1.5
v -52.0 5.5193 -3.0
v -50.5 5.2443 -1.5
v -50.5 5.753 -3.0
v -52.0 4.9478 -1.5
v -52.0 4.053 0.0
v -50.5 4.319 0.0
v -52.0 4.9478 -1.5
v -50.5 4.319 0.0
v -50.5 5.2443 -1.5
v -50.5 4.4758 -9.0
v -50.5 5.242 -7.5
v -49.0 4.8935 -7.5
v -50.5 4.4758 -9.0
v -49.0 4.8935 -7.5
v -49.0 4.0252 -9.0
v -50.5 5.242 -7.5
v -50.5 5.7269 -6.0
v -49.0 5.4957 -6.0
v -50.5 5.242 -7.5
v -49.0 5.4957 -6.0
v -49.0 4.8935 -7.5
v -50.5 5.7269 -6.0
v -50.5 5.9348 -4.5
v -49.0 5.7918 -4.5
v -50.5 5.7269 -6.0
v -49.0 5.7918 -4.5
v -49.0 5.4957 -6.0
v -50.5 5.9348 -4.5
v -50.5 5.753 -3.0
v -49.0 5.6832 -3.0
v -50.5 5.9348 -4.5
v -49.0 5.6832 -3.0
v -49.0 5.7918 -4.5
v -50.5 5.753 -3.0
v -50.5 5.2443 -1.5
v -49.0 5.1257 -1.5
v -50.5 5.753 -3.0
v -49.0 5.1257 -1.5
v -49.0 5.6832 -3.0
v -50.5 5.2443 -1.5
v -50.5 4.319 0.0
v -49.0 4.0657 0.0
v -50.5 5.2443 -1.5
v -49.0 4.0657 0.0
v -49.0 5.1257 -1.5
v -49.0 4.0252 -9.0
v -49.0 4.8935 -7.5
v -47.5 4.3688 -7.5
v -49.0 4.0252 -9.0
v -47.5 4.3688 -7.5
v -47.5 3.3621 -9.0
v -49.0 4.8935 -7.5
v -49.0 5.4957 -6.0
v -47.5 5.0278 -6.0
v -49.0 4.8935 -7.5
v -47.5 5.0278 -6.0
v -47.5 4.3688 -7.5
v -49.0 5.4957 -6.0
v -49.0 5.7918 -4.5
v -47.5 5.2941 -4.5
v -49.0 5.4957 -6.0
v -47.5 5.2941 -4.5
v -47.5 5.0278 -6.0
v -49.0 5.7918 -4.5
v -49.0 5.6832 -3.0
v -47.5 5.0968 -3.0
v -49.0 5.7918 -4.5
v -47.5 5.0968 -3.0
v -47.5 5.2941 -4.5
v -49.0 5.6832 -3.0
v -49.0 5.1257 -1.5
v -47.5 4.4059 -1.5
v -49.0 5.6832 -3.0
v -47.5 4.4059 -1.5
v -47.5 5.0968 -3.0
v -47.5 0.0 -13.5
v -47.5 0.0 -12.0
v -46.0 0.9592 -12.0
v -47.5 0.0 -13.5
v -46.0 0.9592 -12.0
v -46.0 0.0 -13.5
v -47.5 3.3621 -9.0
v -47.5 4.3688 -7.5
v -46.0 4.6905 -7.5
v -47.5 3.3621 -9.0
v -46.0 4.6905 -7.5
v -46.0 3.925 -9.0
v -47.5 4.3688 -7.5
v -47.5 5.0278 -6.0
v -46.0 5.0607 -6.0
v -47.5 4.3688 -7.5
v -46.0 5.0607 -6.0
v -46.0 4.6905 -7.5
v -47.5 5.0278 -6.0
v -47.5 5.2941 -4.5
v -46.0 4.9807 -4.5
v -47.5 5.0278 -6.0
v -46.0 4.9807 -4.5
v -46.0 5.0607 -6.0
v -47.5 5.2941 -4.5
v -47.5 5.0968 -3.0
v -46.0 4.445 -3.0
v -47.5 5.2941 -4.5
v -46.0 4.445 -3.0
v -46.0 4.9807 -4.5
v -47.5 5.0968 -3.0
v -47.5 4.4059 -1.5
v -46.0 3.4801 -1.5
v -47.5 5.0968 -3.0
v -46.0 3.4801 -1.5
v -46.0 4.445 -3.0
v -47.5 1.1771 1.5
v -47.5 0.0 3.0
v -46.0 0.0 3.0
v -47.5 1.1771 1.5
v -46.0 0.0 3.0
v -46.0 0.0 1.5
v -46.0 3.925 -9.0
v -46.0 4.6905 -7.5
v -44.5 5.4891 -7.5
v -46.0 3.925 -9.0
v -44.5 5.4891 -7.5
v -44.5 4.7681 -9.0
v -46.0 4.6905 -7.5
v -46.0 5.0607 -6.0
v -44.5 5.7573 -6.0
v -46.0 4.6905 -7.5
v -44.5 5.7573 -6.0
v -44.5 5.4891 -7.5
v -46.0 5.0607 -6.0
v -46.0 4.9807 -4.5
v -44.5 5.5345 -4.5
v -46.0 5.0607 -6.0
v -44.5 5.5345 -4.5
v -44.5 5.7573 -6.0
v -46.0 4.9807 -4.5
v -46.0 4.445 -3.0
v -44.5 4.9006 -3.0
v -46.0 4.9807 -4.5
v -44.5 4.9006 -3.0
v -44.5 5.5345 -4.5
v -46.0 4.445 -3.0
v -46.0 3.4801 -1.5
v -44.5 3.9572 -1.5
v -46.0 4.445 -3.0
v -44.5 3.9572 -1.5
v -44.5 4.9006 -3.0
v -46.0 0.0 1.5
v -44.5 0.0 3.0
v -44.5 0.4782 1.5
v -44.5 3.6311 -10.5
v -44.5 4.7681 -9.0
v -43.0 5.1003 -9.0
v -44.5 3.6311 -10.5
v -43.0 5.1003 -9.0
v -43.0 4.0491 -10.5
v -44.5 4.7681 -9.0
v -44.5 5.4891 -7.5
v -43.0 5.7051 -7.5
v -44.5 4.7681 -9.0
v -43.0 5.7051 -7.5
v -43.0 5.1003 -9.0
v -44.5 5.4891 -7.5
v -44.5 5.7573 -6.0
v -43.0 5.8909 -6.0
v -44.5 5.4891 -7.5
v -43.0 5.8909 -6.0
v -43.0 5.7051 -7.5
v -44.5 5.7573 -6.0
v -44.5 5.5345 -4.5
v -43.0 5.5861 -4.5
v -44.5 5.7573 -6.0
v -43.0 5.5861 -4.5
v -43.0 5.8909 -6.0
v -44.5 5.5345 -4.5
v -44.5 4.9006 -3.0
v -43.0 4.9615 -3.0
v -44.5 5.5345 -4.5
v -43.0 4.9615 -3.0
v -43.0 5.5861 -4.5
v -44.5 4.9006 -3.0
v -44.5 3.9572 -1.5
v -43.0 4.1202 -1.5
v -44.5 4.9006 -3.0
v -43.0 4.1202 -1.5
v -43.0 4.9615 -3.0
v -44.5 3.9572 -1.5
v -43.0 2.9778 0.0
v -43.0 4.1202 -1.5
v -44.5 0.4782 1.5
v -44.5 0.0 3.0
v -43.0 0.0 3.0
v -44.5 0.4782 1.5
v -43.0 0.0 3.0
v -43.0 1.0657 1.5
v -43.0 4.0491 -10.5
v -43.0 5.1003 -9.0
v -41.5 4.8542 -9.0
v -43.0 4.0491 -10.5
v -41.5 4.8542 -9.0
v -41.5 3.9235 -10.5
v -43.0 5.1003 -9.0
v -43.0 5.7051 -7.5
v -41.5 5.3551 -7.5
v -43.0 5.1003 -9.0
v -41.5 5.3551 -7.5
v -41.5 4.8542 -9.0
v -43.0 5.7051 -7.5
v -43.0 5.8909 -6.0
v -41.5 5.5056 -6.0
v -43.0 5.7051 -7.5
v -41.5 5.5056 -6.0
v -41.5 5.3551 -7.5
v -43.0 5.8909 -6.0
v -43.0 5.5861 -4.5
v -41.5 5.3036 -4.5
v -43.0 5.8909 -6.0
v -41.5 5.3036 -4.5
v -41.5 5.5056 -6.0
v -43.0 5.5861 -4.5
v -43.0 4.9615 -3.0
v -41.5 4.8335 -3.0
v -43.0 5.5861 -4.5
v -41.5 4.8335 -3.0
v -41.5 5.3036 -4.5
v -43.0 4.9615 -3.0
v -43.0 4.1202 -1.5
v -41.5 4.1161 -1.5
v -43.0 4.9615 -3.0
v -41.5 4.1161 -1.5
v -41.5 4.8335 -3.0
v -43.0 4.1202 -1.5
v -43.0 2.9778 0.0
v -41.5 3.0076 0.0
v -43.0 4.1202 -1.5
v -41.5 3.0076 0.0
v -41.5 4.1161 -1.5
v -43.0 1.0657 1.5
v -43.0 0.0 3.0
v -41.5 0.0 3.0
v -43.0 1.0657 1.5
v -41.5 0.0 3.0
v -41.5 0.9579 1.5
v -41.5 2.4363 -12.0
v -40.0 3.8604 -10.5
v -40.0 2.6419 -12.0
v -41.5 3.9235 -10.5
v -41.5 4.8542 -9.0
v -40.0 4.5968 -9.0
v -41.5 3.9235 -10.5
v -40.0 4.5968 -9.0
v -40.0 3.8604 -10.5
v -41.5 4.8542 -9.0
v -41.5 5.3551 -7.5
v -40.0 5.0356 -7.5
v -41.5 4.8542 -9.0
v -40.0 5.0356 -7.5
v -40.0 4.5968 -9.0
v -41.5 5.3551 -7.5
v -41.5 5.5056 -6.0
v -40.0 5.2372 -6.0
v -41.5 5.3551 -7.5
v -40.0 5.2372 -6.0
v -40.0 5.0356 -7.5
v -41.5 5.5056 -6.0
v -41.5 5.3036 -4.5
v -40.0 5.0871 -4.5
v -41.5 5.5056 -6.0
v -40.0 5.0871 -4.5
v -40.0 5.2372 -6.0
v -41.5 5.3036 -4.5
v -41.5 4.8335 -3.0
v -40.0 4.6815 -3.0
v -41.5 5.3036 -4.5
v -40.0 4.6815 -3.0
v -40.0 5.0871 -4.5
v -41.5 4.8335 -3.0
v -41.5 4.1161 -1.5
v -40.0 3.9655 -1.5
v -41.5 4.8335 -3.0
v -40.0 3.9655 -1.5
v -40.0 4.6815 -3.0
v -41.5 4.1161 -1.5
v -41.5 3.0076 0.0
v -40.0 2.7693 0.0
v -41.5 4.1161 -1.5
v -40.0 2.7693 0.0
v -40.0 3.9655 -1.5
v -41.5 0.9579 1.5
v -41.5 0.0 3.0
v -40.0 0.0 3.0
v -41.5 0.9579 1.5
v -40.0 0.0 3.0
v -40.0 0.306 1.5
v -40.0 0.0 -15.0
v -40.0 0.0 -13.5
v -38.5 0.4379 -13.5
v -40.0 0.0 -15.0
v -38.5 0.4379 -13.5
v -38.5 0.0 -15.0
v -40.0 2.6419 -12.0
v -38.5 3.5694 -10.5
v -38.5 2.4718 -12.0
v -40.0 3.8604 -10.5
v -40.0 4.5968 -9.0
v -38.5 4.3523 -9.0
v -40.0 3.8604 -10.5
v -38.5 4.3523 -9.0
v -38.5 3.5694 -10.5
v -40.0 4.5968 -9.0
v -40.0 5.0356 -7.5
v -38.5 4.8964 -7.5
v -40.0 4.5968 -9.0
v -38.5 4.8964 -7.5
v -38.5 4.3523 -9.0
v -40.0 5.0356 -7.5
v -40.0 5.2372 -6.0
v -38.5 5.2039 -6.0
v -40.0 5.0356 -7.5
v -38.5 5.2039 -6.0
v -38.5 4.8964 -7.5
v -40.0 5.2372 -6.0
v -40.0 5.0871 -4.5
v -38.5 5.1728 -4.5
v -40.0 5.2372 -6.0
v -38.5 5.1728 -4.5
v -38.5 5.2039 -6.0
v -40.0 5.0871 -4.5
v -40.0 4.6815 -3.0
v -38.5 4.7812 -3.0
v -40.0 5.0871 -4.5
v -38.5 4.7812 -3.0
v -38.5 5.1728 -4.5
v -40.0 4.6815 -3.0
v -40.0 3.9655 -1.5
v -38.5 3.9859 -1.5
v -40.0 4.6815 -3.0
v -38.5 3.9859 -1.5
v -38.5 4.7812 -3.0
v -40.0 3.9655 -1.5
v -40.0 2.7693 0.0
v -38.5 2.6651 0.0
v -40.0 0.306 1.5
v -40.0 0.0 3.0
v -38.5 0.0 3.0
v -40.0 0.306 1.5
v -38.5 0.0 3.0
v -38.5 0.0 1.5
v -38.5 0.0 -15.0
v -38.5 0.4379 -13.5
v -37.0 0.7717 -13.5
v -38.5 0.0 -15.0
v -37.0 0.7717 -13.5
v -37.0 0.0 -15.0
v -38.5 2.4718 -12.0
v -38.5 3.5694 -10.5
v -37.0 3.6131 -10.5
v -38.5 2.4718 -12.0
v -37.0 3.6131 -10.5
v -37.0 2.5578 -12.0
v -38.5 3.5694 -10.5
v -38.5 4.3523 -9.0
v -37.0 4.4002 -9.0
v -38.5 3.5694 -10.5
v -37.0 4.4002 -9.0
v -37.0 3.6131 -10.5
v -38.5 4.3523 -9.0
v -38.5 4.8964 -7.5
v -37.0 4.9906 -7.5
v -38.5 4.3523 -9.0
v -37.0 4.9906 -7.5
v -37.0 4.4002 -9.0
v -38.5 4.8964 -7.5
v -38.5 5.2039 -6.0
v -37.0 5.2973 -6.0
v -38.5 4.8964 -7.5
v -37.0 5.2973 -6.0
v -37.0 4.9906 -7.5
v -38.5 5.2039 -6.0
v -38.5 5.1728 -4.5
v -37.0 5.1335 -4.5
v -38.5 5.2039 -6.0
v -37.0 5.1335 -4.5
v -37.0 5.2973 -6.0
v -38.5 5.1728 -4.5
v -38.5 4.7812 -3.0
v -37.0 4.593 -3.0
v -38.5 5.1728 -4.5
v -37.0 4.593 -3.0
v -37.0 5.1335 -4.5
v -38.5 4.7812 -3.0
v -38.5 3.9859 -1.5
v -37.0 3.6655 -1.5
v -38.5 4.7812 -3.0
v -37.0 3.6655 -1.5
v -37.0 4.593 -3.0
v -37.0 0.0 -15.0
v -37.0 0.7717 -13.5
v -35.5 1.0108 -13.5
v -37.0 0.0 -15.0
v -35.5 1.0108 -13.5
v -35.5 0.0 -15.0
v -37.0 2.5578 -12.0
v -37.0 3.6131 -10.5
v -35.5 3.5805 -10.5
v -37.0 2.5578 -12.0
v -35.5 3.5805 -10.5
v -35.5 2.5547 -12.0
v -37.0 3.6131 -10.5
v -37.0 4.4002 -9.0
v -35.5 4.4453 -9.0
v -37.0 3.6131 -10.5
v -35.5 4.4453 -9.0
v -35.5 3.5805 -10.5
v -37.0 4.4002 -9.0
v -37.0 4.9906 -7.5
v -35.5 5.0342 -7.5
v -37.0 4.4002 -9.0
v -35.5 5.0342 -7.5
v -35.5 4.4453 -9.0
v -37.0 4.9906 -7.5
v -37.0 5.2973 -6.0
v -35.5 5.2449 -6.0
v -37.0 4.9906 -7.5
v -35.5 5.2449 -6.0
v -35.5 5.0342 -7.5
v -37.0 5.2973 -6.0
v -37.0 5.1335 -4.5
v -35.5 4.9977 -4.5
v -37.0 5.2973 -6.0
v -35.5 4.9977 -4.5
v -35.5 5.2449 -6.0
v -37.0 5.1335 -4.5
v -37.0 4.593 -3.0
v -35.5 4.3541 -3.0
v -37.0 5.1335 -4.5
v -35.5 4.3541 -3.0
v -35.5 4.9977 -4.5
v -37.0 4.593 -3.0
v -37.0 3.6655 -1.5
v -35.5 3.3664 -1.5
v -37.0 4.593 -3.0
v -35.5 3.3664 -1.5
v -35.5 4.3541 -3.0
v -35.5 0.0 -15.0
v -35.5 1.0108 -13.5
v -34.0 1.2084 -13.5
v -35.5 0.0 -15.0
v -34.0 1.2084 -13.5
v -34.0 0.0 -15.0
v -35.5 2.5547 -12.0
v -35.5 3.5805 -10.5
v -34.0 3.8728 -10.5
v -35.5 2.5547 -12.0
v -34.0 3.8728 -10.5
v -34.0 2.7883 -12.0
v -35.5 3.5805 -10.5
v -35.5 4.4453 -9.0
v -34.0 4.6454 -9.0
v -35.5 3.5805 -10.5
v -34.0 4.6454 -9.0
v -34.0 3.8728 -10.5
v -35.5 4.4453 -9.0
v -35.5 5.0342 -7.5
v -34.0 5.0923 -7.5
v -35.5 4.4453 -9.0
v -34.0 5.0923 -7.5
v -34.0 4.6454 -9.0
v -35.5 5.0342 -7.5
v -35.5 5.2449 -6.0
v -34.0 5.1062 -6.0
v -35.5 5.0342 -7.5
v -34.0 5.1062 -6.0
v -34.0 5.0923 -7.5
v -35.5 5.2449 -6.0
v -35.5 4.9977 -4.5
v -34.0 4.6645 -4.5
v -35.5 5.2449 -6.0
v -34.0 4.6645 -4.5
v -34.0 5.1062 -6.0
v -35.5 4.9977 -4.5
v -35.5 4.3541 -3.0
v -34.0 3.9446 -3.0
v -35.5 4.9977 -4.5
v -34.0 3.9446 -3.0
v -34.0 4.6645 -4.5
v -35.5 4.3541 -3.0
v -35.5 3.3664 -1.5
v -34.0 2.9848 -1.5
v -35.5 4.3541 -3.0
v -34.0 2.9848 -1.5
v -34.0 3.9446 -3.0
v -34.0 2.7883 -12.0
v -34.0 3.8728 -10.5
v -32.5 3.9079 -10.5
v -34.0 2.7883 -12.0
v -32.5 3.9079 -10.5
v -32.5 2.9507 -12.0
v -34.0 3.8728 -10.5
v -34.0 4.6454 -9.0
v -32.5 4.501 -9.0
v -34.0 3.8728 -10.5
v -32.5 4.501 -9.0
v -32.5 3.9079 -10.5
v -34.0 4.6454 -9.0
v -34.0 5.0923 -7.5
v -32.5 4.7418 -7.5
v -34.0 4.6454 -9.0
v -32.5 4.7418 -7.5
v -32.5 4.501 -9.0
v -34.0 5.0923 -7.5
v -34.0 5.1062 -6.0
v -32.5 4.6566 -6.0
v -34.0 5.0923 -7.5
v -32.5 4.6566 -6.0
v -32.5 4.7418 -7.5
v -34.0 5.1062 -6.0
v -34.0 4.6645 -4.5
v -32.5 4.2427 -4.5
v -34.0 5.1062 -6.0
v -32.5 4.2427 -4.5
v -32.5 4.6566 -6.0
v -34.0 4.6645 -4.5
v -34.0 3.9446 -3.0
v -32.5 3.6011 -3.0
v -34.0 4.6645 -4.5
v -32.5 3.6011 -3.0
v -32.5 4.2427 -4.5
v -34.0 3.9446 -3.0
v -34.0 2.9848 -1.5
v -32.5 2.7336 -1.5
v -34.0 3.9446 -3.0
v -32.5 2.7336 -1.5
v -32.5 3.6011 -3.0
v -32.5 2.9507 -12.0
v -32.5 3.9079 -10.5
v -31.0 3.9243 -10.5
v -32.5 2.9507 -12.0
v -31.0 3.9243 -10.5
v -31.0 3.0596 -12.0
v -32.5 3.9079 -10.5
v -32.5 4.501 -9.0
v -31.0 4.417 -9.0
v -32.5 3.9079 -10.5
v -31.0 4.417 -9.0
v -31.0 3.9243 -10.5
v -32.5 4.501 -9.0
v -32.5 4.7418 -7.5
v -31.0 4.6051 -7.5
v -32.5 4.501 -9.0
v -31.0 4.6051 -7.5
v -31.0 4.417 -9.0
v -32.5 4.7418 -7.5
v -32.5 4.6566 -6.0
v -31.0 4.4613 -6.0
v -32.5 4.7418 -7.5
v -31.0 4.4613 -6.0
v -31.0 4.6051 -7.5
v -32.5 4.6566 -6.0
v -32.5 4.2427 -4.5
v -31.0 4.0616 -4.5
v -32.5 4.6566 -6.0
v -31.0 4.0616 -4.5
v -31.0 4.4613 -6.0
v -32.5 4.2427 -4.5
v -32.5 3.6011 -3.0
v -31.0 3.4906 -3.0
v -32.5 4.2427 -4.5
v -31.0 3.4906 -3.0
v -31.0 4.0616 -4.5
v -32.5 3.6011 -3.0
v -32.5 2.7336 -1.5
v -31.0 2.6721 -1.5
v -32.5 3.6011 -3.0
v -31.0 2.6721 -1.5
v -31.0 3.4906 -3.0
v -31.0 1.652 -13.5
v -29.5 3.046 -12.0
v -29.5 1.8162 -13.5
v -31.0 3.0596 -12.0
v -31.0 3.9243 -10.5
v -29.5 3.7706 -10.5
v -31.0 3.0596 -12.0
v -29.5 3.7706 -10.5
v -29.5 3.046 -12.0
v -31.0 3.9243 -10.5
v -31.0 4.417 -9.0
v -29.5 4.1833 -9.0
v -31.0 3.9243 -10.5
v -29.5 4.1833 -9.0
v -29.5 3.7706 -10.5
v -31.0 4.417 -9.0
v -31.0 4.6051 -7.5
v -29.5 4.3604 -7.5
v -31.0 4.417 -9.0
v -29.5 4.3604 -7.5
v -29.5 4.1833 -9.0
v -31.0 4.6051 -7.5
v -31.0 4.4613 -6.0
v -29.5 4.2778 -6.0
v -31.0 4.6051 -7.5
v -29.5 4.2778 -6.0
v -29.5 4.3604 -7.5
v -31.0 4.4613 -6.0
v -31.0 4.0616 -4.5
v -29.5 3.9706 -4.5
v -31.0 4.4613 -6.0
v -29.5 3.9706 -4.5
v -29.5 4.2778 -6.0
v -31.0 4.0616 -4.5
v -31.0 3.4906 -3.0
v -29.5 3.4381 -3.0
v -31.0 4.0616 -4.5
v -29.5 3.4381 -3.0
v -29.5 3.9706 -4.5
v -31.0 3.4906 -3.0
v -31.0 2.6721 -1.5
v -29.5 2.5622 -1.5
v -31.0 3.4906 -3.0
v -29.5 2.5622 -1.5
v -29.5 3.4381 -3.0
v -31.0 1.32 0.0
v -29.5 0.0 1.5
v -29.5 1.0115 0.0
v -29.5 1.8162 -13.5
v -29.5 3.046 -12.0
v -28.0 2.9371 -12.0
v -29.5 1.8162 -13.5
v -28.0 2.9371 -12.0
v -28.0 1.7892 -13.5
v -29.5 3.046 -12.0
v -29.5 3.7706 -10.5
v -28.0 3.6493 -10.5
v -29.5 3.046 -12.0
v -28.0 3.6493 -10.5
v -28.0 2.9371 -12.0
v -29.5 3.7706 -10.5
v -29.5 4.1833 -9.0
v -28.0 4.1291 -9.0
v -29.5 3.7706 -10.5
v -28.0 4.1291 -9.0
v -28.0 3.6493 -10.5
v -29.5 4.1833 -9.0
v -29.5 4.3604 -7.5
v -28.0 4.4311 -7.5
v -29.5 4.1833 -9.0
v -28.0 4.4311 -7.5
v -28.0 4.1291 -9.0
v -29.5 4.3604 -7.5
v -29.5 4.2778 -6.0
v -28.0 4.4556 -6.0
v -29.5 4.3604 -7.5
v -28.0 4.4556 -6.0
v -28.0 4.4311 -7.5
v -29.5 4.2778 -6.0
v -29.5 3.9706 -4.5
v -28.0 4.1964 -4.5
v -29.5 4.2778 -6.0
v -28.0 4.1964 -4.5
v -28.0 4.4556 -6.0
v -29.5 3.9706 -4.5
v -29.5 3.4381 -3.0
v -28.0 3.6408 -3.0
v -29.5 3.9706 -4.5
v -28.0 3.6408 -3.0
v -28.0 4.1964 -4.5
v -29.5 3.4381 -3.0
v -29.5 2.5622 -1.5
v -28.0 2.6918 -1.5
v -29.5 3.4381 -3.0
v -28.0 2.6918 -1.5
v -28.0 3.6408 -3.0
v -29.5 1.0115 0.0
v -29.5 0.0 1.5
v -28.0 0.0 1.5
v -29.5 1.0115 0.0
v -28.0 0.0 1.5
v -28.0 1.0458 0.0
v -28.0 1.7892 -13.5
v -28.0 2.9371 -12.0
v -26.5 2.9739 -12.0
v -28.0 1.7892 -13.5
v -26.5 2.9739 -12.0
v -26.5 1.8542 -13.5
v -28.0 2.9371 -12.0
v -28.0 3.6493 -10.5
v -26.5 3.7483 -10.5
v -28.0 2.9371 -12.0
v -26.5 3.7483 -10.5
v -26.5 2.9739 -12.0
v -28.0 3.6493 -10.5
v -28.0 4.1291 -9.0
v -26.5 4.329 -9.0
v -28.0 3.6493 -10.5
v -26.5 4.329 -9.0
v -26.5 3.7483 -10.5
v -28.0 4.1291 -9.0
v -28.0 4.4311 -7.5
v -26.5 4.7034 -7.5
v -28.0 4.1291 -9.0
v -26.5 4.7034 -7.5
v -26.5 4.329 -9.0
v -28.0 4.4311 -7.5
v -28.0 4.4556 -6.0
v -26.5 4.7272 -6.0
v -28.0 4.4311 -7.5
v -26.5 4.7272 -6.0
v -26.5 4.7034 -7.5
v -28.0 4.4556 -6.0
v -28.0 4.1964 -4.5
v -26.5 4.3893 -4.5
v -28.0 4.4556 -6.0
v -26.5 4.3893 -4.5
v -26.5 4.7272 -6.0
v -28.0 4.1964 -4.5
v -28.0 3.6408 -3.0
v -26.5 3.6972 -3.0
v -28.0 4.1964 -4.5
v -26.5 3.6972 -3.0
v -26.5 4.3893 -4.5
v -28.0 3.6408 -3.0
v -28.0 2.6918 -1.5
v -26.5 2.5997 -1.5
v -28.0 3.6408 -3.0
v -26.5 2.5997 -1.5
v -26.5 3.6972 -3.0
v -28.0 1.0458 0.0
v -28.0 0.0 1.5
v -26.5 0.0 1.5
v -28.0 1.0458 0.0
v -26.5 0.0 1.5
v -26.5 0.7669 0.0
v -26.5 1.8542 -13.5
v -26.5 2.9739 -12.0
v -25.0 3.0248 -12.0
v -26.5 1.8542 -13.5
v -25.0 3.0248 -12.0
v -25.0 1.8396 -13.5
v -26.5 2.9739 -12.0
v -26.5 3.7483 -10.5
v -25.0 3.8995 -10.5
v -26.5 2.9739 -12.0
v -25.0 3.8995 -10.5
v -25.0 3.0248 -12.0
v -26.5 3.7483 -10.5
v -26.5 4.329 -9.0
v -25.0 4.5539 -9.0
v -26.5 3.7483 -10.5
v -25.0 4.5539 -9.0
v -25.0 3.8995 -10.5
v -26.5 4.329 -9.0
v -26.5 4.7034 -7.5
v -25.0 4.9322 -7.5
v -26.5 4.329 -9.0
v -25.0 4.9322 -7.5
v -25.0 4.5539 -9.0
v -26.5 4.7034 -7.5
v -26.5 4.7272 -6.0
v -25.0 4.8752 -6.0
v -26.5 4.7034 -7.5
v -25.0 4.8752 -6.0
v -25.0 4.9322 -7.5
v -26.5 4.7272 -6.0
v -26.5 4.3893 -4.5
v -25.0 4.4191 -4.5
v -26.5 4.7272 -6.0
v -25.0 4.4191 -4.5
v -25.0 4.8752 -6.0
v -26.5 4.3893 -4.5
v -26.5 3.6972 -3.0
v -25.0 3.6316 -3.0
v -26.5 4.3893 -4.5
v -25.0 3.6316 -3.0
v -25.0 4.4191 -4.5
v -26.5 3.6972 -3.0
v -26.5 2.5997 -1.5
v -25.0 2.5081 -1.5
v -26.5 3.6972 -3.0
v -25.0 2.5081 -1.5
v -25.0 3.6316 -3.0
v -26.5 0.7669 0.0
v -26.5 0.0 1.5
v -25.0 0.0 1.5
v -26.5 0.7669 0.0
v -25.0 0.0 1.5
v -25.0 0.7494 0.0
v -25.0 3.0248 -12.0
v -25.0 3.8995 -10.5
v -23.5 4.349 -10.5
v -25.0 3.0248 -12.0
v -23.5 4.349 -10.5
v -23.5 3.41 -12.0
v -25.0 3.8995 -10.5
v -25.0 4.5539 -9.0
v -23.5 4.9825 -9.0
v -25.0 3.8995 -10.5
v -23.5 4.9825 -9.0
v -23.5 4.349 -10.5
v -25.0 4.5539 -9.0
v -25.0 4.9322 -7.5
v -23.5 5.2468 -7.5
v -25.0 4.5539 -9.0
v -23.5 5.2468 -7.5
v -23.5 4.9825 -9.0
v -25.0 4.9322 -7.5
v -25.0 4.8752 -6.0
v -23.5 5.0198 -6.0
v -25.0 4.9322 -7.5
v -23.5 5.0198 -6.0
v -23.5 5.2468 -7.5
v -25.0 4.8752 -6.0
v -25.0 4.4191 -4.5
v -23.5 4.4225 -4.5
v -25.0 4.8752 -6.0
v -23.5 4.4225 -4.5
v -23.5 5.0198 -6.0
v -25.0 4.4191 -4.5
v -25.0 3.6316 -3.0
v -23.5 3.554 -3.0
v -25.0 4.4191 -4.5
v -23.5 3.554 -3.0
v -23.5 4.4225 -4.5
v -25.0 3.6316 -3.0
v -25.0 2.5081 -1.5
v -23.5 2.3983 -1.5
v -25.0 3.6316 -3.0
v -23.5 2.3983 -1.5
v -23.5 3.554 -3.0
v -25.0 0.7494 0.0
v -25.0 0.0 1.5
v -23.5 0.0 1.5
v -25.0 0.7494 0.0
v -23.5 0.0 1.5
v -23.5 0.4951 0.0
v -23.5 3.41 -12.0
v -23.5 4.349 -10.5
v -22.0 4.4975 -10.5
v -23.5 3.41 -12.0
v -22.0 4.4975 -10.5
v -22.0 3.5799 -12.0
v -23.5 4.349 -10.5
v -23.5 4.9825 -9.0
v -22.0 5.0028 -9.0
v -23.5 4.349 -10.5
v -22.0 5.0028 -9.0
v -22.0 4.4975 -10.5
v -23.5 4.9825 -9.0
v -23.5 5.2468 -7.5
v -22.0 5.0889 -7.5
v -23.5 4.9825 -9.0
v -22.0 5.0889 -7.5
v -22.0 5.0028 -9.0
v -23.5 5.2468 -7.5
v -23.5 5.0198 -6.0
v -22.0 4.7828 -6.0
v -23.5 5.2468 -7.5
v -22.0 4.7828 -6.0
v -22.0 5.0889 -7.5
v -23.5 5.0198 -6.0
v -23.5 4.4225 -4.5
v -22.0 4.1967 -4.5
v -23.5 5.0198 -6.0
v -22.0 4.1967 -4.5
v -22.0 4.7828 -6.0
v -23.5 4.4225 -4.5
v -23.5 3.554 -3.0
v -22.0 3.4059 -3.0
v -23.5 4.4225 -4.5
v -22.0 3.4059 -3.0
v -22.0 4.1967 -4.5
v -23.5 3.554 -3.0
v -23.5 2.3983 -1.5
v -22.0 2.3446 -1.5
v -23.5 3.554 -3.0
v -22.0 2.3446 -1.5
v -22.0 3.4059 -3.0
v -23.5 0.4951 0.0
v -23.5 0.0 1.5
v -22.0 0.0 1.5
v -23.5 0.4951 0.0
v -22.0 0.0 1.5
v -22.0 0.4604 0.0
v -22.0 3.5799 -12.0
v -22.0 4.4975 -10.5
v -20.5 4.7062 -10.5
v -22.0 3.5799 -12.0
v -20.5 4.7062 -10.5
v -20.5 3.9035 -12.0
v -22.0 4.4975 -10.5
v -22.0 5.0028 -9.0
v -20.5 5.121 -9.0
v -22.0 4.4975 -10.5
v -20.5 5.121 -9.0
v -20.5 4.7062 -10.5
v -22.0 5.0028 -9.0
v -22.0 5.0889 -7.5
v -20.5 5.1866 -7.5
v -22.0 5.0028 -9.0
v -20.5 5.1866 -7.5
v -20.5 5.121 -9.0
v -22.0 5.0889 -7.5
v -22.0 4.7828 -6.0
v -20.5 4.8692 -6.0
v -22.0 5.0889 -7.5
v -20.5 4.8692 -6.0
v -20.5 5.1866 -7.5
v -22.0 4.7828 -6.0
v -22.0 4.1967 -4.5
v -20.5 4.3268 -4.5
v -22.0 4.7828 -6.0
v -20.5 4.3268 -4.5
v -20.5 4.8692 -6.0
v -22.0 4.1967 -4.5
v -22.0 3.4059 -3.0
v -20.5 3.5761 -3.0
v -22.0 4.1967 -4.5
v -20.5 3.5761 -3.0
v -20.5 4.3268 -4.5
v -22.0 3.4059 -3.0
v -22.0 2.3446 -1.5
v -20.5 2.4705 -1.5
v -22.0 3.4059 -3.0
v -20.5 2.4705 -1.5
v -20.5 3.5761 -3.0
v -22.0 0.4604 0.0
v -22.0 0.0 1.5
v -20.5 0.0 1.5
v -22.0 0.4604 0.0
v -20.5 0.0 1.5
v -20.5 0.1293 0.0
v -20.5 3.9035 -12.0
v -20.5 4.7062 -10.5
v -19.0 4.5796 -10.5
v -20.5 3.9035 -12.0
v -19.0 4.5796 -10.5
v -19.0 3.8441 -12.0
v -20.5 4.7062 -10.5
v -20.5 5.121 -9.0
v -19.0 4.9555 -9.0
v -20.5 4.7062 -10.5
v -19.0 4.9555 -9.0
v -19.0 4.5796 -10.5
v -20.5 5.121 -9.0
v -20.5 5.1866 -7.5
v -19.0 5.0374 -7.5
v -20.5 5.121 -9.0
v -19.0 5.0374 -7.5
v -19.0 4.9555 -9.0
v -20.5 5.1866 -7.5
v -20.5 4.8692 -6.0
v -19.0 4.8408 -6.0
v -20.5 5.1866 -7.5
v -19.0 4.8408 -6.0
v -19.0 5.0374 -7.5
v -20.5 4.8692 -6.0
v -20.5 4.3268 -4.5
v -19.0 4.3855 -4.5
v -20.5 4.8692 -6.0
v -19.0 4.3855 -4.5
v -19.0 4.8408 -6.0
v -20.5 4.3268 -4.5
v -20.5 3.5761 -3.0
v -19.0 3.6798 -3.0
v -20.5 4.3268 -4.5
v -19.0 3.6798 -3.0
v -19.0 4.3855 -4.5
v -20.5 3.5761 -3.0
v -20.5 2.4705 -1.5
v -19.0 2.5377 -1.5
v -20.5 3.5761 -3.0
v -19.0 2.5377 -1.5
v -19.0 3.6798 -3.0
v -20.5 0.1293 0.0
v -20.5 0.0 1.5
v -19.0 0.0 1.5
v -20.5 0.1293 0.0
v -19.0 0.0 1.5
v -19.0 0.0 0.0
v -19.0 0.0 -16.5
v -19.0 0.0 -15.0
v -17.5 0.4615 -15.0
v -19.0 0.0 -16.5
v -17.5 0.4615 -15.0
v -17.5 0.0 -16.5
v -19.0 2.5724 -13.5
v -17.5 3.9266 -12.0
v -17.5 2.774 -13.5
v -19.0 3.8441 -12.0
v -19.0 4.5796 -10.5
v -17.5 4.6656 -10.5
v -19.0 3.8441 -12.0
v -17.5 4.6656 -10.5
v -17.5 3.9266 -12.0
v -19.0 4.5796 -10.5
v -19.0 4.9555 -9.0
v -17.5 5.1601 -9.0
v -19.0 4.5796 -10.5
v -17.5 5.1601 -9.0
v -17.5 4.6656 -10.5
v -19.0 4.9555 -9.0
v -19.0 5.0374 -7.5
v -17.5 5.4206 -7.5
v -19.0 4.9555 -9.0
v -17.5 5.4206 -7.5
v -17.5 5.1601 -9.0
v -19.0 5.0374 -7.5
v -19.0 4.8408 -6.0
v -17.5 5.3066 -6.0
v -19.0 5.0374 -7.5
v -17.5 5.3066 -6.0
v -17.5 5.4206 -7.5
v -19.0 4.8408 -6.0
v -19.0 4.3855 -4.5
v -17.5 4.8756 -4.5
v -19.0 4.8408 -6.0
v -17.5 4.8756 -4.5
v -17.5 5.3066 -6.0
v -19.0 4.3855 -4.5
v -19.0 3.6798 -3.0
v -17.5 4.0607 -3.0
v -19.0 4.3855 -4.5
v -17.5 4.0607 -3.0
v -17.5 4.8756 -4.5
v -19.0 3.6798 -3.0
v -19.0 2.5377 -1.5
v -17.5 2.7018 -1.5
v -17.5 0.0 -16.5
v -17.5 0.4615 -15.0
v -16.0 0.1851 -15.0
v -17.5 0.0 -16.5
v -16.0 0.1851 -15.0
v -16.0 0.0 -16.5
v -17.5 2.774 -13.5
v -17.5 3.9266 -12.0
v -16.0 3.8937 -12.0
v -17.5 2.774 -13.5
v -16.0 3.8937 -12.0
v -16.0 2.6725 -13.5
v -17.5 3.9266 -12.0
v -17.5 4.6656 -10.5
v -16.0 4.7502 -10.5
v -17.5 3.9266 -12.0
v -16.0 4.7502 -10.5
v -16.0 3.8937 -12.0
v -17.5 4.6656 -10.5
v -17.5 5.1601 -9.0
v -16.0 5.3582 -9.0
v -17.5 4.6656 -10.5
v -16.0 5.3582 -9.0
v -16.0 4.7502 -10.5
v -17.5 5.1601 -9.0
v -17.5 5.4206 -7.5
v -16.0 5.6609 -7.5
v -17.5 5.1601 -9.0
v -16.0 5.6609 -7.5
v -16.0 5.3582 -9.0
v -17.5 5.4206 -7.5
v -17.5 5.3066 -6.0
v -16.0 5.5503 -6.0
v -17.5 5.4206 -7.5
v -16.0 5.5503 -6.0
v -16.0 5.6609 -7.5
v -17.5 5.3066 -6.0
v -17.5 4.8756 -4.5
v -16.0 4.9983 -4.5
v -17.5 5.3066 -6.0
v -16.0 4.9983 -4.5
v -16.0 5.5503 -6.0
v -17.5 4.8756 -4.5
v -17.5 4.0607 -3.0
v -16.0 4.0348 -3.0
v -17.5 4.8756 -4.5
v -16.0 4.0348 -3.0
v -16.0 4.9983 -4.5
v -16.0 0.0 -16.5
v -16.0 0.1851 -15.0
v -14.5 0.8227 -15.0
v -16.0 0.0 -16.5
v -14.5 0.8227 -15.0
v -14.5 0.0 -16.5
v -16.0 3.8937 -12.0
v -16.0 4.7502 -10.5
v -14.5 5.2017 -10.5
v -16.0 3.8937 -12.0
v -14.5 5.2017 -10.5
v -14.5 4.2144 -12.0
v -16.0 4.7502 -10.5
v -16.0 5.3582 -9.0
v -14.5 5.9183 -9.0
v -16.0 4.7502 -10.5
v -14.5 5.9183 -9.0
v -14.5 5.2017 -10.5
v -16.0 5.3582 -9.0
v -16.0 5.6609 -7.5
v -14.5 6.2399 -7.5
v -16.0 5.3582 -9.0
v -14.5 6.2399 -7.5
v -14.5 5.9183 -9.0
v -16.0 5.6609 -7.5
v -16.0 5.5503 -6.0
v -14.5 5.9711 -6.0
v -16.0 5.6609 -7.5
v -14.5 5.9711 -6.0
v -14.5 6.2399 -7.5
v -16.0 5.5503 -6.0
v -16.0 4.9983 -4.5
v -14.5 5.2569 -4.5
v -16.0 5.5503 -6.0
v -14.5 5.2569 -4.5
v -14.5 5.9711 -6.0
v -16.0 4.9983 -4.5
v -16.0 4.0348 -3.0
v -14.5 4.1356 -3.0
v -16.0 4.9983 -4.5
v -14.5 4.1356 -3.0
v -14.5 5.2569 -4.5
v -14.5 0.0 -16.5
v -14.5 0.8227 -15.0
v -13.0 0.7441 -15.0
v -14.5 0.0 -16.5
v -13.0 0.7441 -15.0
v -13.0 0.0 -16.5
v -14.5 4.2144 -12.0
v -14.5 5.2017 -10.5
v -13.0 5.4724 -10.5
v -14.5 4.2144 -12.0
v -13.0 5.4724 -10.5
v -13.0 4.4516 -12.0
v -14.5 5.2017 -10.5
v -14.5 5.9183 -9.0
v -13.0 6.0882 -9.0
v -14.5 5.2017 -10.5
v -13.0 6.0882 -9.0
v -13.0 5.4724 -10.5
v -14.5 5.9183 -9.0
v -14.5 6.2399 -7.5
v -13.0 6.2025 -7.5
v -14.5 5.9183 -9.0
v -13.0 6.2025 -7.5
v -13.0 6.0882 -9.0
v -14.5 6.2399 -7.5
v -14.5 5.9711 -6.0
v -13.0 5.7824 -6.0
v -14.5 6.2399 -7.5
v -13.0 5.7824 -6.0
v -13.0 6.2025 -7.5
v -14.5 5.9711 -6.0
v -14.5 5.2569 -4.5
v -13.0 4.9416 -4.5
v -14.5 5.9711 -6.0
v -13.0 4.9416 -4.5
v -13.0 5.7824 -6.0
v -14.5 5.2569 -4.5
v -14.5 4.1356 -3.0
v -13.0 3.8213 -3.0
v -14.5 5.2569 -4.5
v -13.0 3.8213 -3.0
v -13.0 4.9416 -4.5
v -13.0 0.0 -16.5
v -13.0 0.7441 -15.0
v -11.5 1.2167 -15.0
v -13.0 0.0 -16.5
v -11.5 1.2167 -15.0
v -11.5 0.0 -16.5
v -13.0 4.4516 -12.0
v -13.0 5.4724 -10.5
v -11.5 5.8087 -10.5
v -13.0 4.4516 -12.0
v -11.5 5.8087 -10.5
v -11.5 4.8596 -12.0
v -13.0 5.4724 -10.5
v -13.0 6.0882 -9.0
v -11.5 6.3109 -9.0
v -13.0 5.4724 -10.5
v -11.5 6.3109 -9.0
v -11.5 5.8087 -10.5
v -13.0 6.0882 -9.0
v -13.0 6.2025 -7.5
v -11.5 6.3069 -7.5
v -13.0 6.0882 -9.0
v -11.5 6.3069 -7.5
v -11.5 6.3109 -9.0
v -13.0 6.2025 -7.5
v -13.0 5.7824 -6.0
v -11.5 5.7637 -6.0
v -13.0 6.2025 -7.5
v -11.5 5.7637 -6.0
v -11.5 6.3069 -7.5
v -13.0 5.7824 -6.0
v -13.0 4.9416 -4.5
v -11.5 4.9321 -4.5
v -13.0 5.7824 -6.0
v -11.5 4.9321 -4.5
v -11.5 5.7637 -6.0
v -13.0 4.9416 -4.5
v -13.0 3.8213 -3.0
v -11.5 3.8472 -3.0
v -13.0 4.9416 -4.5
v -11.5 3.8472 -3.0
v -11.5 4.9321 -4.5
v -11.5 0.0 -16.5
v -11.5 1.2167 -15.0
v -10.0 1.2321 -15.0
v -11.5 0.0 -16.5
v -10.0 1.2321 -15.0
v -10.0 0.0 -16.5
v -11.5 4.8596 -12.0
v -11.5 5.8087 -10.5
v -10.0 5.6051 -10.5
v -11.5 4.8596 -12.0
v -10.0 5.6051 -10.5
v -10.0 4.8239 -12.0
v -11.5 5.8087 -10.5
v -11.5 6.3109 -9.0
v -10.0 5.9323 -9.0
v -11.5 5.8087 -10.5
v -10.0 5.9323 -9.0
v -10.0 5.6051 -10.5
v -11.5 6.3109 -9.0
v -11.5 6.3069 -7.5
v -10.0 5.8326 -7.5
v -11.5 6.3109 -9.0
v -10.0 5.8326 -7.5
v -10.0 5.9323 -9.0
v -11.5 6.3069 -7.5
v -11.5 5.7637 -6.0
v -10.0 5.3737 -6.0
v -11.5 6.3069 -7.5
v -10.0 5.3737 -6.0
v -10.0 5.8326 -7.5
v -11.5 5.7637 -6.0
v -11.5 4.9321 -4.5
v -10.0 4.6925 -4.5
v -11.5 5.7637 -6.0
v -10.0 4.6925 -4.5
v -10.0 5.3737 -6.0
v -11.5 4.9321 -4.5
v -11.5 3.8472 -3.0
v -10.0 3.7286 -3.0
v -11.5 4.9321 -4.5
v -10.0 3.7286 -3.0
v -10.0 4.6925 -4.5
v -10.0 3.4978 -13.5
v -8.5 4.8442 -12.0
v -8.5 3.6603 -13.5
v -10.0 4.8239 -12.0
v -10.0 5.6051 -10.5
v -8.5 5.5404 -10.5
v -10.0 4.8239 -12.0
v -8.5 5.5404 -10.5
v -8.5 4.8442 -12.0
v -10.0 5.6051 -10.5
v -10.0 5.9323 -9.0
v -8.5 5.8976 -9.0
v -10.0 5.6051 -10.5
v -8.5 5.8976 -9.0
v -8.5 5.5404 -10.5
v -10.0 5.9323 -9.0
v -10.0 5.8326 -7.5
v -8.5 5.9159 -7.5
v -10.0 5.9323 -9.0
v -8.5 5.9159 -7.5
v -8.5 5.8976 -9.0
v -10.0 5.8326 -7.5
v -10.0 5.3737 -6.0
v -8.5 5.5677 -6.0
v -10.0 5.8326 -7.5
v -8.5 5.5677 -6.0
v -8.5 5.9159 -7.5
v -10.0 5.3737 -6.0
v -10.0 4.6925 -4.5
v -8.5 4.9658 -4.5
v -10.0 5.3737 -6.0
v -8.5 4.9658 -4.5
v -8.5 5.5677 -6.0
v -10.0 4.6925 -4.5
v -10.0 3.7286 -3.0
v -8.5 4.0017 -3.0
v -10.0 4.6925 -4.5
v -8.5 4.0017 -3.0
v -8.5 4.9658 -4.5
v -8.5 3.6603 -13.5
v -8.5 4.8442 -12.0
v -7.0 4.5087 -12.0
v -8.5 3.6603 -13.5
v -7.0 4.5087 -12.0
v -7.0 3.4259 -13.5
v -8.5 4.8442 -12.0
v -8.5 5.5404 -10.5
v -7.0 5.1986 -10.5
v -8.5 4.8442 -12.0
v -7.0 5.1986 -10.5
v -7.0 4.5087 -12.0
v -8.5 5.5404 -10.5
v -8.5 5.8976 -9.0
v -7.0 5.6217 -9.0
v -8.5 5.5404 -10.5
v -7.0 5.6217 -9.0
v -7.0 5.1986 -10.5
v -8.5 5.8976 -9.0
v -8.5 5.9159 -7.5
v -7.0 5.7772 -7.5
v -8.5 5.8976 -9.0
v -7.0 5.7772 -7.5
v -7.0 5.6217 -9.0
v -8.5 5.9159 -7.5
v -8.5 5.5677 -6.0
v -7.0 5.5845 -6.0
v -8.5 5.9159 -7.5
v -7.0 5.5845 -6.0
v -7.0 5.7772 -7.5
v -8.5 5.5677 -6.0
v -8.5 4.9658 -4.5
v -7.0 5.014 -4.5
v -8.5 5.5677 -6.0
v -7.0 5.014 -4.5
v -7.0 5.5845 -6.0
v -8.5 4.9658 -4.5
v -8.5 4.0017 -3.0
v -7.0 3.9664 -3.0
v -8.5 4.9658 -4.5
v -7.0 3.9664 -3.0
v -7.0 5.014 -4.5
v -7.0 3.4259 -13.5
v -7.0 4.5087 -12.0
v -5.5 4.5704 -12.0
v -7.0 3.4259 -13.5
v -5.5 4.5704 -12.0
v -5.5 3.4501 -13.5
v -7.0 4.5087 -12.0
v -7.0 5.1986 -10.5
v -5.5 5.3992 -10.5
v -7.0 4.5087 -12.0
v -5.5 5.3992 -10.5
v -5.5 4.5704 -12.0
v -7.0 5.1986 -10.5
v -7.0 5.6217 -9.0
v -5.5 6.003 -9.0
v -7.0 5.1986 -10.5
v -5.5 6.003 -9.0
v -5.5 5.3992 -10.5
v -7.0 5.6217 -9.0
v -7.0 5.7772 -7.5
v -5.5 6.2297 -7.5
v -7.0 5.6217 -9.0
v -5.5 6.2297 -7.5
v -5.5 6.003 -9.0
v -7.0 5.7772 -7.5
v -7.0 5.5845 -6.0
v -5.5 5.956 -6.0
v -7.0 5.7772 -7.5
v -5.5 5.956 -6.0
v -5.5 6.2297 -7.5
v -7.0 5.5845 -6.0
v -7.0 5.014 -4.5
v -5.5 5.2475 -4.5
v -7.0 5.5845 -6.0
v -5.5 5.2475 -4.5
v -5.5 5.956 -6.0
v -7.0 5.014 -4.5
v -7.0 3.9664 -3.0
v -5.5 4.0509 -3.0
v -7.0 5.014 -4.5
v -5.5 4.0509 -3.0
v -5.5 5.2475 -4.5
v -5.5 3.4501 -13.5
v -5.5 4.5704 -12.0
v -4.0 4.502 -12.0
v -5.5 3.4501 -13.5
v -4.0 4.502 -12.0
v -4.0 3.3292 -13.5
v -5.5 4.5704 -12.0
v -5.5 5.3992 -10.5
v -4.0 5.4035 -10.5
v -5.5 4.5704 -12.0
v -4.0 5.4035 -10.5
v -4.0 4.502 -12.0
v -5.5 5.3992 -10.5
v -5.5 6.003 -9.0
v -4.0 6.0176 -9.0
v -5.5 5.3992 -10.5
v -4.0 6.0176 -9.0
v -4.0 5.4035 -10.5
v -5.5 6.003 -9.0
v -5.5 6.2297 -7.5
v -4.0 6.1774 -7.5
v -5.5 6.003 -9.0
v -4.0 6.1774 -7.5
v -4.0 6.0176 -9.0
v -5.5 6.2297 -7.5
v -5.5 5.956 -6.0
v -4.0 5.8117 -6.0
v -5.5 6.2297 -7.5
v -4.0 5.8117 -6.0
v -4.0 6.1774 -7.5
v -5.5 5.956 -6.0
v -5.5 5.2475 -4.5
v -4.0 4.9737 -4.5
v -5.5 5.956 -6.0
v -4.0 4.9737 -4.5
v -4.0 5.8117 -6.0
v -4.0 3.3292 -13.5
v -4.0 4.502 -12.0
v -2.5 4.8481 -12.0
v -4.0 4.502 -12.0
v -4.0 5.4035 -10.5
v -2.5 5.7613 -10.5
v -4.0 4.502 -12.0
v -2.5 5.7613 -10.5
v -2.5 4.8481 -12.0
v -4.0 5.4035 -10.5
v -4.0 6.0176 -9.0
v -2.5 6.2883 -9.0
v -4.0 5.4035 -10.5
v -2.5 6.2883 -9.0
v -2.5 5.7613 -10.5
v -4.0 6.0176 -9.0
v -4.0 6.1774 -7.5
v -2.5 6.258 -7.5
v -4.0 6.0176 -9.0
v -2.5 6.258 -7.5
v -2.5 6.2883 -9.0
v -4.0 6.1774 -7.5
v -4.0 5.8117 -6.0
v -2.5 5.687 -6.0
v -4.0 6.1774 -7.5
v -2.5 5.687 -6.0
v -2.5 6.258 -7.5
v -4.0 5.8117 -6.0
v -4.0 4.9737 -4.5
v -2.5 4.7579 -4.5
v -4.0 5.8117 -6.0
v -2.5 4.7579 -4.5
v -2.5 5.687 -6.0
v -2.5 3.5854 -13.5
v -1.0 4.7572 -12.0
v -1.0 3.5961 -13.5
v -2.5 4.8481 -12.0
v -2.5 5.7613 -10.5
v -1.0 5.5446 -10.5
v -2.5 4.8481 -12.0
v -1.0 5.5446 -10.5
v -1.0 4.7572 -12.0
v -2.5 5.7613 -10.5
v -2.5 6.2883 -9.0
v -1.0 5.8785 -9.0
v -2.5 5.7613 -10.5
v -1.0 5.8785 -9.0
v -1.0 5.5446 -10.5
v -2.5 6.2883 -9.0
v -2.5 6.258 -7.5
v -1.0 5.7259 -7.5
v -2.5 6.2883 -9.0
v -1.0 5.7259 -7.5
v -1.0 5.8785 -9.0
v -2.5 6.258 -7.5
v -2.5 5.687 -6.0
v -1.0 5.1607 -6.0
v -2.5 6.258 -7.5
v -1.0 5.1607 -6.0
v -1.0 5.7259 -7.5
v -2.5 5.687 -6.0
v -2.5 4.7579 -4.5
v -1.0 4.3035 -4.5
v -2.5 5.687 -6.0
v -1.0 4.3035 -4.5
v -1.0 5.1607 -6.0
v -2.5 4.7579 -4.5
v -1.0 3.1509 -3.0
v -1.0 4.3035 -4.5
v -1.0 3.5961 -13.5
v -1.0 4.7572 -12.0
v 0.5 4.8179 -12.0
v -1.0 3.5961 -13.5
v 0.5 4.8179 -12.0
v 0.5 3.7585 -13.5
v -1.0 4.7572 -12.0
v -1.0 5.5446 -10.5
v 0.5 5.4262 -10.5
v -1.0 4.7572 -12.0
v 0.5 5.4262 -10.5
v 0.5 4.8179 -12.0
v -1.0 5.5446 -10.5
v -1.0 5.8785 -9.0
v 0.5 5.6485 -9.0
v -1.0 5.5446 -10.5
v 0.5 5.6485 -9.0
v 0.5 5.4262 -10.5
v -1.0 5.8785 -9.0
v -1.0 5.7259 -7.5
v 0.5 5.4428 -7.5
v -1.0 5.8785 -9.0
v 0.5 5.4428 -7.5
v 0.5 5.6485 -9.0
v -1.0 5.7259 -7.5
v -1.0 5.1607 -6.0
v 0.5 4.9192 -6.0
v -1.0 5.7259 -7.5
v 0.5 4.9192 -6.0
v 0.5 5.4428 -7.5
v -1.0 5.1607 -6.0
v -1.0 4.3035 -4.5
v 0.5 4.1895 -4.5
v -1.0 5.1607 -6.0
v 0.5 4.1895 -4.5
v 0.5 4.9192 -6.0
v -1.0 4.3035 -4.5
v -1.0 3.1509 -3.0
v 0.5 3.1702 -3.0
v -1.0 4.3035 -4.5
v 0.5 3.1702 -3.0
v 0.5 4.1895 -4.5
v 0.5 3.7585 -13.5
v 0.5 4.8179 -12.0
v 2.0 4.3654 -12.0
v 0.5 3.7585 -13.5
v 2.0 4.3654 -12.0
v 2.0 3.5069 -13.5
v 0.5 4.8179 -12.0
v 0.5 5.4262 -10.5
v 2.0 4.8879 -10.5
v 0.5 4.8179 -12.0
v 2.0 4.8879 -10.5
v 2.0 4.3654 -12.0
v 0.5 5.4262 -10.5
v 0.5 5.6485 -9.0
v 2.0 5.1017 -9.0
v 0.5 5.4262 -10.5
v 2.0 5.1017 -9.0
v 2.0 4.8879 -10.5
v 0.5 5.6485 -9.0
v 0.5 5.4428 -7.5
v 2.0 5.023 -7.5
v 0.5 5.6485 -9.0
v 2.0 5.023 -7.5
v 2.0 5.1017 -9.0
v 0.5 5.4428 -7.5
v 0.5 4.9192 -6.0
v 2.0 4.678 -6.0
v 0.5 5.4428 -7.5
v 2.0 4.678 -6.0
v 2.0 5.023 -7.5
v 0.5 4.9192 -6.0
v 0.5 4.1895 -4.5
v 2.0 4.0561 -4.5
v 0.5 4.9192 -6.0
v 2.0 4.0561 -4.5
v 2.0 4.678 -6.0
v 0.5 4.1895 -4.5
v 0.5 3.1702 -3.0
v 2.0 3.0244 -3.0
v 0.5 4.1895 -4.5
v 2.0 3.0244 -3.0
v 2.0 4.0561 -4.5
v 0.5 1.5047 -1.5
v 2.0 0.0 0.0
v 2.0 1.1628 -1.5
v 2.0 3.5069 -13.5
v 2.0 4.3654 -12.0
v 3.5 4.2158 -12.0
v 2.0 3.5069 -13.5
v 3.5 4.2158 -12.0
v 3.5 3.3936 -13.5
v 2.0 4.3654 -12.0
v 2.0 4.8879 -10.5
v 3.5 4.7519 -10.5
v 2.0 4.3654 -12.0
v 3.5 4.7519 -10.5
v 3.5 4.2158 -12.0
v 2.0 4.8879 -10.5
v 2.0 5.1017 -9.0
v 3.5 5.0778 -9.0
v 2.0 4.8879 -10.5
v 3.5 5.0778 -9.0
v 3.5 4.7519 -10.5
v 2.0 5.1017 -9.0
v 2.0 5.023 -7.5
v 3.5 5.0935 -7.5
v 2.0 5.1017 -9.0
v 3.5 5.0935 -7.5
v 3.5 5.0778 -9.0
v 2.0 5.023 -7.5
v 2.0 4.678 -6.0
v 3.5 4.7981 -6.0
v 2.0 5.023 -7.5
v 3.5 4.7981 -6.0
v 3.5 5.0935 -7.5
v 2.0 4.678 -6.0
v 2.0 4.0561 -4.5
v 3.5 4.1801 -4.5
v 2.0 4.678 -6.0
v 3.5 4.1801 -4.5
v 3.5 4.7981 -6.0
v 2.0 4.0561 -4.5
v 2.0 3.0244 -3.0
v 3.5 3.1205 -3.0
v 2.0 4.0561 -4.5
v 3.5 3.1205 -3.0
v 3.5 4.1801 -4.5
v 2.0 1.1628 -1.5
v 2.0 0.0 0.0
v 3.5 0.0 0.0
v 3.5 2.0436 -15.0
v 5.0 3.1354 -13.5
v 5.0 1.941 -15.0
v 3.5 3.3936 -13.5
v 3.5 4.2158 -12.0
v 5.0 3.9418 -12.0
v 3.5 3.3936 -13.5
v 5.0 3.9418 -12.0
v 5.0 3.1354 -13.5
v 3.5 4.2158 -12.0
v 3.5 4.7519 -10.5
v 5.0 4.5378 -10.5
v 3.5 4.2158 -12.0
v 5.0 4.5378 -10.5
v 5.0 3.9418 -12.0
v 3.5 4.7519 -10.5
v 3.5 5.0778 -9.0
v 5.0 4.9313 -9.0
v 3.5 4.7519 -10.5
v 5.0 4.9313 -9.0
v 5.0 4.5378 -10.5
v 3.5 5.0778 -9.0
v 3.5 5.0935 -7.5
v 5.0 5.0126 -7.5
v 3.5 5.0778 -9.0
v 5.0 5.0126 -7.5
v 5.0 4.9313 -9.0
v 3.5 5.0935 -7.5
v 3.5 4.7981 -6.0
v 5.0 4.7102 -6.0
v 3.5 5.0935 -7.5
v 5.0 4.7102 -6.0
v 5.0 5.0126 -7.5
v 3.5 4.7981 -6.0
v 3.5 4.1801 -4.5
v 5.0 3.9959 -4.5
v 3.5 4.7981 -6.0
v 5.0 3.9959 -4.5
v 5.0 4.7102 -6.0
v 3.5 4.1801 -4.5
v 3.5 3.1205 -3.0
v 5.0 2.8016 -3.0
v 3.5 4.1801 -4.5
v 5.0 2.8016 -3.0
v 5.0 3.9959 -4.5
v 3.5 1.2714 -1.5
v 5.0 0.0 0.0
v 5.0 0.8789 -1.5
v 5.0 1.941 -15.0
v 5.0 3.1354 -13.5
v 6.5 3.1658 -13.5
v 5.0 3.1354 -13.5
v 5.0 3.9418 -12.0
v 6.5 4.0796 -12.0
v 5.0 3.1354 -13.5
v 6.5 4.0796 -12.0
v 6.5 3.1658 -13.5
v 5.0 3.9418 -12.0
v 5.0 4.5378 -10.5
v 6.5 4.7709 -10.5
v 5.0 3.9418 -12.0
v 6.5 4.7709 -10.5
v 6.5 4.0796 -12.0
v 5.0 4.5378 -10.5
v 5.0 4.9313 -9.0
v 6.5 5.1901 -9.0
v 5.0 4.5378 -10.5
v 6.5 5.1901 -9.0
v 6.5 4.7709 -10.5
v 5.0 4.9313 -9.0
v 5.0 5.0126 -7.5
v 6.5 5.1628 -7.5
v 5.0 4.9313 -9.0
v 6.5 5.1628 -7.5
v 6.5 5.1901 -9.0
v 5.0 5.0126 -7.5
v 5.0 4.7102 -6.0
v 6.5 4.7122 -6.0
v 5.0 5.0126 -7.5
v 6.5 4.7122 -6.0
v 6.5 5.1628 -7.5
v 5.0 4.7102 -6.0
v 5.0 3.9959 -4.5
v 6.5 3.9005 -4.5
v 5.0 4.7102 -6.0
v 6.5 3.9005 -4.5
v 6.5 4.7122 -6.0
v 5.0 3.9959 -4.5
v 5.0 2.8016 -3.0
v 6.5 2.7179 -3.0
v 5.0 3.9959 -4.5
v 6.5 2.7179 -3.0
v 6.5 3.9005 -4.5
v 5.0 0.8789 -1.5
v 5.0 0.0 0.0
v 6.5 0.0 0.0
v 5.0 0.8789 -1.5
v 6.5 0.0 0.0
v 6.5 0.8706 -1.5
v 6.5 1.9171 -15.0
v 8.0 3.2223 -13.5
v 8.0 1.9902 -15.0
v 6.5 3.1658 -13.5
v 6.5 4.0796 -12.0
v 8.0 4.1296 -12.0
v 6.5 3.1658 -13.5
v 8.0 4.1296 -12.0
v 8.0 3.2223 -13.5
v 6.5 4.0796 -12.0
v 6.5 4.7709 -10.5
v 8.0 4.7587 -10.5
v 6.5 4.0796 -12.0
v 8.0 4.7587 -10.5
v 8.0 4.1296 -12.0
v 6.5 4.7709 -10.5
v 6.5 5.1901 -9.0
v 8.0 5.0451 -9.0
v 6.5 4.7709 -10.5
v 8.0 5.0451 -9.0
v 8.0 4.7587 -10.5
v 6.5 5.1901 -9.0
v 6.5 5.1628 -7.5
v 8.0 4.8609 -7.5
v 6.5 5.1901 -9.0
v 8.0 4.8609 -7.5
v 8.0 5.0451 -9.0
v 6.5 5.1628 -7.5
v 6.5 4.7122 -6.0
v 8.0 4.3047 -6.0
v 6.5 5.1628 -7.5
v 8.0 4.3047 -6.0
v 8.0 4.8609 -7.5
v 6.5 4.7122 -6.0
v 6.5 3.9005 -4.5
v 8.0 3.4707 -4.5
v 6.5 4.7122 -6.0
v 8.0 3.4707 -4.5
v 8.0 4.3047 -6.0
v 6.5 3.9005 -4.5
v 6.5 2.7179 -3.0
v 8.0 2.3506 -3.0
v 6.5 3.9005 -4.5
v 8.0 2.3506 -3.0
v 8.0 3.4707 -4.5
v 6.5 0.8706 -1.5
v 6.5 0.0 0.0
v 8.0 0.0 0.0
v 6.5 0.8706 -1.5
v 8.0 0.0 0.0
v 8.0 0.5433 -1.5
v 8.0 1.9902 -15.0
v 8.0 3.2223 -13.5
v 9.5 3.3602 -13.5
v 8.0 3.2223 -13.5
v 8.0 4.1296 -12.0
v 9.5 4.2413 -12.0
v 8.0 3.2223 -13.5
v 9.5 4.2413 -12.0
v 9.5 3.3602 -13.5
v 8.0 4.1296 -12.0
v 8.0 4.7587 -10.5
v 9.5 4.773 -10.5
v 8.0 4.1296 -12.0
v 9.5 4.773 -10.5
v 9.5 4.2413 -12.0
v 8.0 4.7587 -10.5
v 8.0 5.0451 -9.0
v 9.5 4.9322 -9.0
v 8.0 4.7587 -10.5
v 9.5 4.9322 -9.0
v 9.5 4.773 -10.5
v 8.0 5.0451 -9.0
v 8.0 4.8609 -7.5
v 9.5 4.6602 -7.5
v 8.0 5.0451 -9.0
v 9.5 4.6602 -7.5
v 9.5 4.9322 -9.0
v 8.0 4.8609 -7.5
v 8.0 4.3047 -6.0
v 9.5 4.0908 -6.0
v 8.0 4.8609 -7.5
v 9.5 4.0908 -6.0
v 9.5 4.6602 -7.5
v 8.0 4.3047 -6.0
v 8.0 3.4707 -4.5
v 9.5 3.3151 -4.5
v 8.0 4.3047 -6.0
v 9.5 3.3151 -4.5
v 9.5 4.0908 -6.0
v 8.0 3.4707 -4.5
v 8.0 2.3506 -3.0
v 9.5 2.285 -3.0
v 8.0 3.4707 -4.5
v 9.5 2.285 -3.0
v 9.5 3.3151 -4.5
v 8.0 0.5433 -1.5
v 8.0 0.0 0.0
v 9.5 0.0 0.0
v 8.0 0.5433 -1.5
v 9.5 0.0 0.0
v 9.5 0.5235 -1.5
v 9.5 2.0759 -15.0
v 11.0 3.4249 -13.5
v 11.0 2.2511 -15.0
v 9.5 3.3602 -13.5
v 9.5 4.2413 -12.0
v 11.0 4.1609 -12.0
v 9.5 3.3602 -13.5
v 11.0 4.1609 -12.0
v 11.0 3.4249 -13.5
v 9.5 4.2413 -12.0
v 9.5 4.773 -10.5
v 11.0 4.5481 -10.5
v 9.5 4.2413 -12.0
v 11.0 4.5481 -10.5
v 11.0 4.1609 -12.0
v 9.5 4.773 -10.5
v 9.5 4.9322 -9.0
v 11.0 4.6131 -9.0
v 9.5 4.773 -10.5
v 11.0 4.6131 -9.0
v 11.0 4.5481 -10.5
v 9.5 4.9322 -9.0
v 9.5 4.6602 -7.5
v 11.0 4.3253 -7.5
v 9.5 4.9322 -9.0
v 11.0 4.3253 -7.5
v 11.0 4.6131 -9.0
v 9.5 4.6602 -7.5
v 9.5 4.0908 -6.0
v 11.0 3.8287 -6.0
v 9.5 4.6602 -7.5
v 11.0 3.8287 -6.0
v 11.0 4.3253 -7.5
v 9.5 4.0908 -6.0
v 9.5 3.3151 -4.5
v 11.0 3.1535 -4.5
v 9.5 4.0908 -6.0
v 11.0 3.1535 -4.5
v 11.0 3.8287 -6.0
v 9.5 3.3151 -4.5
v 9.5 2.285 -3.0
v 11.0 2.1836 -3.0
v 9.5 3.3151 -4.5
v 11.0 2.1836 -3.0
v 11.0 3.1535 -4.5
v 9.5 0.5235 -1.5
v 9.5 0.0 0.0
v 11.0 0.0 0.0
v 9.5 0.5235 -1.5
v 11.0 0.0 0.0
v 11.0 0.2376 -1.5
v 11.0 2.2511 -15.0
v 11.0 3.4249 -13.5
v 12.5 3.2985 -13.5
v 11.0 2.2511 -15.0
v 12.5 3.2985 -13.5
v 12.5 2.2027 -15.0
v 11.0 3.4249 -13.5
v 11.0 4.1609 -12.0
v 12.5 3.9473 -12.0
v 11.0 3.4249 -13.5
v 12.5 3.9473 -12.0
v 12.5 3.2985 -13.5
v 11.0 4.1609 -12.0
v 11.0 4.5481 -10.5
v 12.5 4.2936 -10.5
v 11.0 4.1609 -12.0
v 12.5 4.2936 -10.5
v 12.5 3.9473 -12.0
v 11.0 4.5481 -10.5
v 11.0 4.6131 -9.0
v 12.5 4.3903 -9.0
v 11.0 4.5481 -10.5
v 12.5 4.3903 -9.0
v 12.5 4.2936 -10.5
v 11.0 4.6131 -9.0
v 11.0 4.3253 -7.5
v 12.5 4.2174 -7.5
v 11.0 4.6131 -9.0
v 12.5 4.2174 -7.5
v 12.5 4.3903 -9.0
v 11.0 4.3253 -7.5
v 11.0 3.8287 -6.0
v 12.5 3.8396 -6.0
v 11.0 4.3253 -7.5
v 12.5 3.8396 -6.0
v 12.5 4.2174 -7.5
v 11.0 3.8287 -6.0
v 11.0 3.1535 -4.5
v 12.5 3.2331 -4.5
v 11.0 3.8287 -6.0
v 12.5 3.2331 -4.5
v 12.5 3.8396 -6.0
v 11.0 3.1535 -4.5
v 11.0 2.1836 -3.0
v 12.5 2.2496 -3.0
v 11.0 3.1535 -4.5
v 12.5 2.2496 -3.0
v 12.5 3.2331 -4.5
v 11.0 0.2376 -1.5
v 11.0 0.0 0.0
v 12.5 0.0 0.0
v 11.0 0.2376 -1.5
v 12.5 0.0 0.0
v 12.5 0.0828 -1.5
v 12.5 2.2027 -15.0
v 12.5 3.2985 -13.5
v 14.0 2.8142 -13.5
v 12.5 2.2027 -15.0
v 14.0 2.8142 -13.5
v 14.0 1.7146 -15.0
v 12.5 3.2985 -13.5
v 12.5 3.9473 -12.0
v 14.0 3.465 -12.0
v 12.5 3.2985 -13.5
v 14.0 3.465 -12.0
v 14.0 2.8142 -13.5
v 12.5 3.9473 -12.0
v 12.5 4.2936 -10.5
v 14.0 3.858 -10.5
v 12.5 3.9473 -12.0
v 14.0 3.858 -10.5
v 14.0 3.465 -12.0
v 12.5 4.2936 -10.5
v 12.5 4.3903 -9.0
v 14.0 4.0422 -9.0
v 12.5 4.2936 -10.5
v 14.0 4.0422 -9.0
v 14.0 3.858 -10.5
v 12.5 4.3903 -9.0
v 12.5 4.2174 -7.5
v 14.0 3.9969 -7.5
v 12.5 4.3903 -9.0
v 14.0 3.9969 -7.5
v 14.0 4.0422 -9.0
v 12.5 4.2174 -7.5
v 12.5 3.8396 -6.0
v 14.0 3.6875 -6.0
v 12.5 4.2174 -7.5
v 14.0 3.6875 -6.0
v 14.0 3.9969 -7.5
v 12.5 3.8396 -6.0
v 12.5 3.2331 -4.5
v 14.0 3.0477 -4.5
v 12.5 3.8396 -6.0
v 14.0 3.0477 -4.5
v 14.0 3.6875 -6.0
v 12.5 3.2331 -4.5
v 12.5 2.2496 -3.0
v 14.0 1.9236 -3.0
v 12.5 3.2331 -4.5
v 14.0 1.9236 -3.0
v 14.0 3.0477 -4.5
v 12.5 0.0828 -1.5
v 12.5 0.0 0.0
v 14.0 0.0 0.0
v 12.5 0.0828 -1.5
v 14.0 0.0 0.0
v 14.0 0.0 -1.5
v 14.0 0.0 -16.5
v 15.5 0.7311 -15.0
v 15.5 0.0 -16.5
v 14.0 2.8142 -13.5
v 14.0 3.465 -12.0
v 15.5 2.8461 -12.0
v 14.0 2.8142 -13.5
v 15.5 2.8461 -12.0
v 15.5 2.0856 -13.5
v 14.0 3.465 -12.0
v 14.0 3.858 -10.5
v 15.5 3.3353 -10.5
v 14.0 3.465 -12.0
v 15.5 3.3353 -10.5
v 15.5 2.8461 -12.0
v 14.0 3.858 -10.5
v 14.0 4.0422 -9.0
v 15.5 3.5872 -9.0
v 14.0 3.858 -10.5
v 15.5 3.5872 -9.0
v 15.5 3.3353 -10.5
v 14.0 4.0422 -9.0
v 14.0 3.9969 -7.5
v 15.5 3.5598 -7.5
v 14.0 4.0422 -9.0
v 15.5 3.5598 -7.5
v 15.5 3.5872 -9.0
v 14.0 3.9969 -7.5
v 14.0 3.6875 -6.0
v 15.5 3.1939 -6.0
v 14.0 3.9969 -7.5
v 15.5 3.1939 -6.0
v 15.5 3.5598 -7.5
v 14.0 3.6875 -6.0
v 14.0 3.0477 -4.5
v 15.5 2.4173 -4.5
v 14.0 3.6875 -6.0
v 15.5 2.4173 -4.5
v 15.5 3.1939 -6.0
v 15.5 0.0 -16.5
v 15.5 0.7311 -15.0
v 17.0 0.0 -15.0
v 15.5 0.7311 -15.0
v 17.0 0.9389 -13.5
v 17.0 0.0 -15.0
v 15.5 2.0856 -13.5
v 15.5 2.8461 -12.0
v 17.0 1.9675 -12.0
v 15.5 2.8461 -12.0
v 15.5 3.3353 -10.5
v 17.0 2.5457 -10.5
v 15.5 2.8461 -12.0
v 17.0 2.5457 -10.5
v 17.0 1.9675 -12.0
v 15.5 3.3353 -10.5
v 15.5 3.5872 -9.0
v 17.0 2.7903 -9.0
v 15.5 3.3353 -10.5
v 17.0 2.7903 -9.0
v 17.0 2.5457 -10.5
v 15.5 3.5872 -9.0
v 15.5 3.5598 -7.5
v 17.0 2.6814 -7.5
v 15.5 3.5872 -9.0
v 17.0 2.6814 -7.5
v 17.0 2.7903 -9.0
v 15.5 3.5598 -7.5
v 15.5 3.1939 -6.0
v 17.0 2.176 -6.0
v 15.5 3.5598 -7.5
v 17.0 2.176 -6.0
v 17.0 2.6814 -7.5
v 15.5 0.9944 -3.0
v 15.5 0.0 -1.5
v 17.0 0.0 -1.5
v 15.5 0.9944 -3.0
v 17.0 0.0 -1.5
v 17.0 0.0 -3.0
v 17.0 0.9389 -13.5
v 18.5 0.0 -12.0
v 18.5 0.0 -13.5
v 17.0 1.149 -4.5
v 17.0 0.0 -3.0
v 18.5 0.0 -3.0
v 17.0 1.149 -4.5
v 18.5 0.0 -3.0
v 18.5 0.0 -4.5
v 18.5 1.0127 -10.5
v 20.0 0.0 -9.0
v 20.0 0.0 -10.5
v 18.5 1.286 -9.0
v 18.5 1.0527 -7.5
v 20.0 0.0 -7.5
v 18.5 1.0527 -7.5
v 18.5 0.0 -6.0
v 20.0 0.0 -6.0
v 18.5 1.0527 -7.5
v 20.0 0.0 -6.0
v 20.0 0.0 -7.5
vn -0.56763 0.82329 0.0
vn 0.0 0.82329 -0.56763
vn -0.61896 0.78542 0.0
vn -0.56577 0.82059 -0.08091
vn -0.3061 0.952 0.0
vn -0.29269 0.91031 0.29269
vn -0.6356 0.77049 -0.04849
vn -0.11575 0.99328 0.0
vn 0.0 0.99328 -0.11575
vn -0.41108 0.8729 -0.2628
vn -0.47696 0.85898 -0.18617
vn -0.38746 0.9218 0.01248
vn -0.42534 0.90318 0.05792
vn -0.37511 0.88847 0.26441
vn -0.37385 0.88941 0.26303
vn -0.39442 0.80625 0.44091
vn -0.35574 0.84259 0.40433
vn -0.61486 0.78333 -0.09128
vn -0.14988 0.87311 -0.46391
vn -0.21841 0.88759 -0.40557
vn -0.15845 0.96496 -0.20914
vn -0.1657 0.96527 -0.202
vn -0.20318 0.97713 0.06267
vn -0.162 0.98659 0.02013
vn -0.25071 0.92832 0.27453
vn -0.19845 0.95442 0.22295
vn -0.29941 0.86021 0.41279
vn -0.24307 0.90005 0.3617
vn -0.32154 0.77855 0.53896
vn -0.28281 0.81253 0.50972
vn 0.06461 0.78218 -0.61969
vn 0.01642 0.80758 -0.58953
vn 0.07305 0.90712 -0.41449
vn 0.07486 0.90629 -0.41598
vn 0.00444 0.97879 -0.20483
vn 0.07721 0.95877 -0.2735
vn -0.10513 0.99425 0.02028
vn 0.00452 0.99598 -0.08951
vn -0.17364 0.95899 0.22402
vn -0.10387 0.98236 0.15548
vn -0.19482 0.9101 0.36574
vn -0.16748 0.92496 0.34119
vn -0.15896 0.83634 0.52466
vn -0.17656 0.82477 0.5372
vn 0.04781 0.80676 -0.58894
vn 0.07636 0.79106 -0.60695
vn -0.02483 0.90855 -0.41703
vn 0.05196 0.87666 -0.4783
vn -0.12348 0.95428 -0.27222
vn -0.02548 0.93219 -0.36107
vn -0.2008 0.9757 -0.08768
vn -0.12662 0.97852 -0.16269
vn -0.22208 0.96304 0.15242
vn -0.19987 0.97121 0.12962
vn -0.16172 0.92586 0.34152
vn -0.20762 0.90034 0.38247
vn -0.06055 0.8364 0.54477
vn -0.13815 0.79096 0.59607
vn -0.06539 0.79168 -0.60743
vn -0.15314 0.86749 -0.4733
vn -0.06942 0.84042 -0.53748
vn -0.22364 0.90887 -0.35204
vn -0.15854 0.89807 -0.4103
vn -0.2351 0.95881 -0.15942
vn -0.23592 0.95875 -0.15858
vn -0.15778 0.97879 0.13064
vn -0.23301 0.95027 0.20665
vn -0.05532 0.91899 0.39039
vn -0.14125 0.87623 0.46072
vn 0.00836 0.79859 0.60182
vn -0.0464 0.77082 0.63536
vn -0.13539 0.83469 -0.53381
vn -0.10395 0.82413 -0.55678
vn -0.11386 0.90365 -0.41285
vn -0.14787 0.91163 -0.38349
vn -0.03096 0.98612 -0.1631
vn -0.1247 0.98972 -0.07007
vn 0.06559 0.97506 0.21204
vn -0.02993 0.95306 0.30129
vn 0.12015 0.87869 0.46202
vn 0.0577 0.85785 0.51065
vn -0.08586 0.82556 -0.55775
vn -0.12675 0.83977 -0.52794
vn -0.00879 0.92173 -0.38774
vn -0.09839 0.94609 -0.30861
vn 0.09093 0.99337 -0.07033
vn -0.00953 0.9995 0.03025
vn 0.14466 0.94346 0.29826
vn 0.08531 0.93201 0.35224
vn 0.12213 0.85285 0.50767
vn 0.1312 0.85564 0.50066
vn 0.11291 0.78848 0.60461
vn 0.13176 0.83922 -0.52759
vn 0.04561 0.88513 -0.4631
vn 0.23263 0.92462 -0.30161
vn 0.15119 0.96301 -0.22303
vn 0.27492 0.96103 0.02909
vn 0.24352 0.96787 0.06265
vn 0.21882 0.91275 0.34496
vn 0.26204 0.91601 0.30375
vn 0.12334 0.85651 0.50117
vn 0.2105 0.87808 0.42973
vn 0.03595 0.79304 0.6081
vn 0.11888 0.82559 0.5516
vn 0.02588 0.78592 -0.61779
vn 0.15716 0.87504 -0.45782
vn 0.10277 0.90464 -0.4136
vn 0.18232 0.95789 -0.22185
vn 0.17274 0.96179 -0.21243
vn 0.13034 0.9894 0.06405
vn 0.18697 0.98235 0.00603
vn 0.02821 0.9488 0.31462
vn 0.12735 0.9667 0.22196
vn -0.05459 0.89686 0.43893
vn 0.02761 0.92851 0.37029
vn -0.08144 0.82873 0.5537
vn -0.05141 0.84469 0.53278
vn 0.19429 0.7712 -0.60622
vn 0.13982 0.80849 -0.57166
vn 0.22816 0.88547 -0.40484
vn 0.22379 0.8883 -0.40104
vn 0.18347 0.95989 -0.21201
vn 0.24038 0.93291 -0.26812
vn 0.08608 0.99627 0.00611
vn 0.18686 0.97765 -0.0964
vn -0.00045 0.97464 0.22378
vn 0.08522 0.98637 0.14079
vn -0.0375 0.92821 0.37017
vn -0.00044 0.94123 0.33777
vn -0.02525 0.84554 0.53331
vn -0.03399 0.8413 0.5395
vn 0.08084 0.81384 -0.57544
vn 0.09922 0.80322 -0.58737
vn 0.02047 0.91123 -0.41139
vn 0.08749 0.88079 -0.46535
vn -0.0663 0.95898 -0.27561
vn 0.021 0.93489 -0.35432
vn -0.13128 0.98656 -0.09727
vn -0.06808 0.98476 -0.16006
vn -0.14062 0.98013 0.1399
vn -0.13078 0.98284 0.13006
vn -0.08373 0.93792 0.33659
vn -0.13145 0.91623 0.37847
vn -0.00623 0.84177 0.5398
vn -0.07215 0.80822 0.58445
vn 0.05256 0.80608 -0.58946
vn 0.07302 0.79483 -0.60243
vn 0.01167 0.88412 -0.46711
vn 0.0563 0.86353 -0.50114
vn -0.01727 0.93495 -0.35435
vn 0.01221 0.92497 -0.37985
vn 0.00283 0.98704 -0.16043
vn -0.01828 0.99001 -0.13979
vn 0.07801 0.98834 0.13079
vn 0.00281 0.97896 0.20402
vn 0.13523 0.91576 0.37827
vn 0.07093 0.89862 0.43296
vn 0.13352 0.80307 0.58073
vn 0.11778 0.79759 0.5916
vn 0.0 0.79491 -0.60673
vn -0.066 0.79522 -0.60272
vn -0.01322 0.77176 -0.63578
vn -0.08754 0.86159 -0.50001
vn -0.07103 0.85573 -0.51253
vn -0.04823 0.92396 -0.37944
vn -0.09512 0.93624 -0.33823
vn 0.04063 0.98936 -0.1397
vn -0.05207 0.9975 -0.04781
vn 0.11655 0.9723 0.20263
vn 0.03944 0.9604 0.27583
vn 0.15086 0.89058 0.42908
vn 0.10526 0.87818 0.46661
vn 0.13122 0.79623 0.59059
vn 0.13511 0.79756 0.58791
vn -0.05556 0.79368 -0.60579
vn 0.0125 0.77177 -0.63578
vn -0.0224 0.78861 -0.61449
vn 0.0835 0.8549 -0.51203
vn 0.01439 0.88804 -0.45953
vn 0.17967 0.9252 -0.33424
vn 0.094 0.96242 -0.25478
vn 0.26338 0.96359 -0.04619
vn 0.19055 0.9812 0.03061
vn 0.28504 0.92127 0.26459
vn 0.25171 0.92088 0.29769
vn 0.22601 0.86023 0.45707
vn 0.26822 0.8669 0.42016
vn 0.12559 0.79857 0.58865
vn 0.21684 0.82534 0.52134
vn 0.0 0.79823 -0.60235
vn 0.0556 0.78759 -0.61369
vn 0.02127 0.80558 -0.5921
vn 0.13442 0.88008 -0.45541
vn 0.0646 0.91497 -0.39832
vn 0.21872 0.94329 -0.24972
vn 0.1485 0.97231 -0.18046
vn 0.24759 0.96839 0.03021
vn 0.22555 0.97276 0.0535
vn 0.18273 0.9355 0.30241
vn 0.24003 0.93885 0.24686
vn 0.10134 0.89525 0.4339
vn 0.1783 0.9128 0.36743
vn 0.03897 0.84481 0.53364
vn 0.0981 0.86659 0.48928
vn -0.06198 0.7967 -0.60119
vn 0.14478 0.79727 -0.586
vn 0.05843 0.84756 -0.52747
vn 0.22433 0.89352 -0.38898
vn 0.16812 0.92575 -0.3387
vn 0.23774 0.95502 -0.17725
vn 0.23957 0.95421 -0.17914
vn 0.18095 0.98201 0.05401
vn 0.24155 0.97034 -0.00938
vn 0.09982 0.9623 0.25302
vn 0.17837 0.96799 0.17656
vn 0.01614 0.92754 0.37337
vn 0.09843 0.94884 0.30002
vn -0.03504 0.87026 0.49135
vn 0.01552 0.89183 0.4521
vn 0.0 0.83187 -0.55497
vn 0.16594 0.83724 -0.52104
vn 0.14846 0.84832 -0.50825
vn 0.16728 0.92589 -0.33875
vn 0.18197 0.91814 -0.35201
vn 0.12386 0.97526 -0.18309
vn 0.17297 0.95742 -0.23112
vn 0.04987 0.99871 -0.00965
vn 0.12552 0.98838 -0.08573
vn -0.02898 0.98336 0.17936
vn 0.04961 0.99351 0.10233
vn -0.04306 0.95259 0.30121
vn -0.02821 0.95732 0.28764
vn -0.00226 0.89194 0.45215
vn -0.03958 0.87568 0.48127
vn -0.05973 0.83039 -0.55398
vn 0.0 0.8042 -0.59436
vn 0.05345 0.85659 -0.51321
vn 0.047 0.85979 -0.50848
vn 0.00822 0.93369 -0.35798
vn 0.05709 0.91483 -0.39978
vn -0.06982 0.96971 -0.23409
vn 0.00838 0.95178 -0.30666
vn -0.1241 0.98856 -0.08574
vn -0.07112 0.9878 -0.13856
vn -0.1046 0.98928 0.1019
vn -0.12364 0.98493 0.12095
vn -0.05896 0.95604 0.28726
vn -0.09947 0.94077 0.32413
vn -0.01945 0.8762 0.48156
vn -0.05306 0.86041 0.50684
vn 0.12333 0.79806 -0.58982
vn 0.0 0.86333 -0.50464
vn 0.03183 0.86031 -0.50878
vn 0.08675 0.83197 -0.54799
vn -0.0182 0.91617 -0.40037
vn 0.03316 0.89612 -0.44257
vn -0.02778 0.95145 -0.30656
vn -0.01885 0.94903 -0.31463
vn 0.00825 0.99027 -0.1389
vn -0.02903 0.99434 -0.10215
vn 0.05484 0.99105 0.1217
vn 0.00822 0.98586 0.1674
vn 0.11452 0.93924 0.3236
vn 0.05111 0.92367 0.37975
vn 0.14326 0.85273 0.50232
vn 0.10239 0.8397 0.53332
vn -0.11503 0.8576 -0.50129
vn 0.0 0.81205 -0.58359
vn -0.14563 0.82622 -0.5442
vn -0.11604 0.81645 -0.56564
vn -0.16421 0.88444 -0.4368
vn -0.15554 0.88239 -0.44408
vn -0.14954 0.93852 -0.31115
vn -0.17484 0.94171 -0.28741
vn -0.0914 0.9906 -0.10177
vn -0.15725 0.98693 -0.0352
vn 0.00263 0.98588 0.1674
vn -0.08884 0.96288 0.25491
vn 0.04085 0.92411 0.37993
vn 0.00243 0.91101 0.41238
vn 0.01885 0.84398 0.53604
vn 0.03765 0.85186 0.52242
vn 0.04694 0.81115 -0.58295
vn 0.0 0.8343 -0.55131
vn -0.04708 0.82109 -0.56885
vn -0.03459 0.81577 -0.57735
vn -0.01042 0.89321 -0.44952
vn -0.05206 0.90808 -0.41554
vn 0.07123 0.95402 -0.29117
vn -0.0114 0.97681 -0.21379
vn 0.14831 0.98831 -0.03525
vn 0.0744 0.99644 0.03959
vn 0.15285 0.95534 0.25291
vn 0.14322 0.95435 0.26213
vn 0.12088 0.90433 0.40936
vn 0.14561 0.91008 0.388
vn 0.07289 0.8502 0.5214
vn 0.11558 0.86469 0.48884
vn 0.06633 0.77371 0.63006
vn -0.10887 0.82934 -0.54803
vn 0.0 0.78389 -0.6209
vn -0.04062 0.81558 -0.57721
vn -0.08702 0.83404 -0.5448
vn 0.01812 0.90917 -0.41604
vn -0.04638 0.93132 -0.36123
vn 0.06324 0.97492 -0.21338
vn 0.01963 0.98502 -0.17133
vn 0.067 0.99697 0.03961
vn 0.06467 0.99702 0.04194
vn 0.03668 0.96364 0.26468
vn 0.06512 0.96909 0.23794
vn -0.02599 0.91958 0.39205
vn 0.03579 0.94028 0.3385
vn -0.07793 0.86787 0.49064
vn -0.02524 0.89278 0.44978
vn -0.09158 0.77216 0.6288
vn -0.07044 0.78443 0.6162
vn 0.03577 0.78339 -0.6205
vn 0.0 0.80138 -0.59815
vn 0.03631 0.83667 -0.54651
vn 0.01154 0.84855 -0.52899
vn 0.06142 0.93057 -0.36094
vn 0.04073 0.93852 -0.34281
vn 0.05326 0.98381 -0.17112
vn 0.06475 0.98111 -0.18229
vn -0.003 0.99911 0.04203
vn 0.05405 0.99843 -0.01504
vn -0.0872 0.96746 0.23754
vn -0.00296 0.98768 0.15645
vn -0.1317 0.93269 0.33577
vn -0.0858 0.95192 0.29408
vn -0.11626 0.88701 0.44688
vn -0.12461 0.88248 0.45354
vn -0.03437 0.78592 0.61737
vn -0.03769 0.80081 -0.59773
vn 0.0 0.78336 -0.62157
vn 0.05879 0.84714 -0.52811
vn 0.03409 0.85939 -0.51019
vn 0.03823 0.93861 -0.34284
vn 0.06444 0.92848 -0.36576
vn -0.03877 0.98243 -0.18254
vn 0.03933 0.96565 -0.25686
vn -0.12845 0.9916 -0.01494
vn -0.03922 0.99375 -0.10448
vn -0.16956 0.97338 0.15418
vn -0.12765 0.98547 0.11208
vn -0.164 0.94251 0.29117
vn -0.16417 0.94243 0.29134
vn -0.1166 0.88335 0.45398
vn -0.15035 0.86408 0.48037
vn 0.0 0.89754 -0.44093
vn 0.00023 0.85989 -0.51049
vn 0.09277 0.81281 -0.57509
vn -0.11698 0.92402 -0.364
vn 0.00024 0.88693 -0.46191
vn -0.22903 0.94071 -0.25023
vn -0.11741 0.92743 -0.35508
vn -0.30767 0.94628 -0.09949
vn -0.23275 0.956 -0.17858
vn -0.32146 0.94086 0.10701
vn -0.30789 0.94696 0.09204
vn -0.26746 0.92059 0.28458
vn -0.30602 0.89567 0.32268
vn -0.18673 0.85864 0.47735
vn -0.23881 0.82198 0.51703
vn -0.03397 0.89702 -0.44068
vn 0.0 0.88389 -0.4677
vn -0.08109 0.81364 -0.57568
vn -0.02764 0.79116 -0.61099
vn -0.14514 0.87753 -0.45702
vn -0.08565 0.85941 -0.50407
vn -0.17768 0.91903 -0.35187
vn -0.15123 0.91435 -0.37562
vn -0.15815 0.97063 -0.18131
vn -0.18762 0.97044 -0.15178
vn -0.09073 0.9912 0.09635
vn -0.15863 0.9736 0.16415
vn -0.05892 0.93917 0.33835
vn -0.085 0.92858 0.36128
vn -0.0375 0.84588 0.53206
vn -0.05259 0.83828 0.5427
vn 0.42365 0.80065 -0.42365
vn -0.06177 0.78995 -0.61005
vn -0.15553 0.85208 -0.49977
vn -0.06421 0.82105 -0.56724
vn -0.19121 0.90793 -0.37298
vn -0.16486 0.90317 -0.39637
vn -0.19776 0.96848 -0.15147
vn -0.20389 0.96816 -0.14522
vn -0.16558 0.97247 0.16396
vn -0.19624 0.96104 0.19464
vn -0.09678 0.92757 0.36089
vn -0.15315 0.89947 0.40926
vn -0.09785 0.83541 0.54084
vn -0.08775 0.84108 0.53375
vn -0.27934 0.91866 0.27934
vn -0.0193 0.82259 -0.5683
vn -0.06955 0.84333 -0.53287
vn 0.06081 0.914 -0.40113
vn -0.02215 0.94396 -0.32932
vn 0.13983 0.97922 -0.14688
vn 0.06621 0.9951 -0.07337
vn 0.14962 0.96907 0.19627
vn 0.13829 0.96844 0.20737
vn 0.04752 0.90918 0.41368
vn 0.14408 0.93317 0.32929
vn -0.05043 0.84326 0.53513
vn 0.04627 0.88535 0.46262
vn -0.04792 0.80138 0.59623
vn 0.0 0.95675 0.29092
vn -0.23908 0.83632 0.49337
vn 0.0715 0.84322 -0.5328
vn 0.09758 0.82879 -0.55098
vn 0.05706 0.94265 -0.32886
vn 0.0792 0.93396 -0.34849
vn -0.01489 0.99718 -0.07353
vn 0.05976 0.98728 -0.1473
vn -0.13221 0.96925 0.20755
vn -0.01487 0.99562 0.09226
vn -0.1876 0.92627 0.32685
vn -0.13 0.95311 0.27329
vn -0.2388 0.86065 0.44972
vn -0.18178 0.89753 0.40174
vn -0.25425 0.77594 0.5773
vn -0.22227 0.80107 0.55578
vn 0.0 0.86129 0.50811
vn 0.1398 0.82459 -0.54819
vn 0.10768 0.84388 -0.52562
vn 0.1425 0.92734 -0.34602
vn 0.15606 0.92055 -0.35809
vn 0.08025 0.98586 -0.14709
vn 0.14837 0.96554 -0.21383
vn -0.02296 0.99547 0.09225
vn 0.08113 0.99663 -0.01176
vn -0.15474 0.94969 0.27231
vn -0.02282 0.98913 0.14527
vn -0.21506 0.89138 0.39898
vn -0.15109 0.92732 0.34243
vn -0.20141 0.80478 0.55836
vn -0.19523 0.8092 0.55414
vn 0.089 0.84544 -0.5266
vn 0.18989 0.78145 -0.59437
vn -0.05521 0.93055 -0.36198
vn 0.09171 0.8712 -0.48229
vn -0.22952 0.95028 -0.21045
vn -0.05494 0.9259 -0.37375
vn -0.37541 0.92679 -0.01094
vn -0.23144 0.95823 -0.16801
vn -0.37185 0.91844 0.13489
vn -0.372 0.91836 0.13506
vn -0.30398 0.8937 0.33001
vn -0.34816 0.85994 0.37321
vn -0.21826 0.80519 0.55139
vn -0.26211 0.7706 0.58093
vn -0.0147 0.79585 -0.60532
vn -0.08917 0.8714 -0.48241
vn -0.01557 0.84314 -0.53747
vn -0.12965 0.91947 -0.37116
vn -0.09318 0.91055 -0.40277
vn -0.11139 0.97884 -0.17162
vn -0.13814 0.97972 -0.14513
vn -0.05381 0.98792 0.14529
vn -0.11077 0.97333 0.2009
vn -0.0305 0.91691 0.39794
vn -0.04951 0.90903 0.41379
vn -0.0257 0.79825 0.60178
vn -0.02654 0.79782 0.6023
vn 0.0 0.9681 -0.25055
vn -0.12241 0.8369 -0.53349
vn -0.03224 0.80207 -0.59636
vn -0.16968 0.90127 -0.39866
vn -0.13051 0.8923 -0.43217
vn -0.19706 0.96981 -0.14366
vn -0.18269 0.97035 -0.15823
vn -0.14319 0.96926 0.20006
vn -0.19288 0.94922 0.24857
vn -0.05598 0.90871 0.41365
vn -0.12884 0.87209 0.47209
vn -0.04757 0.7972 0.60183
vn -0.04906 0.7964 0.60277
vn 0.24303 0.93908 -0.24303
vn 0.00979 0.80245 -0.59665
vn -0.03467 0.82289 -0.56714
vn 0.10838 0.89469 -0.43333
vn 0.01142 0.93614 -0.35143
vn 0.22855 0.96084 -0.15668
vn 0.12013 0.99169 -0.04595
vn 0.24739 0.93731 0.24545
vn 0.22283 0.9368 0.26974
vn 0.17725 0.86549 0.46852
vn 0.23129 0.87632 0.42256
vn 0.04577 0.79653 0.60287
vn 0.17226 0.84112 0.51269
vn -0.38128 0.84217 0.38128
vn 0.16038 0.81273 -0.56013
vn 0.15061 0.81912 -0.5535
vn 0.187 0.91969 -0.34525
vn 0.18202 0.92238 -0.34073
vn 0.12858 0.99064 -0.0459
vn 0.1979 0.97326 -0.11666
vn 0.0155 0.96084 0.27666
vn 0.12684 0.9772 0.17029
vn -0.09036 0.89706 0.43256
vn 0.01515 0.93917 0.34311
vn -0.15762 0.84321 0.51396
vn -0.0889 0.8825 0.46184
vn -0.14597 0.78086 0.60741
vn 0.0 0.91099 0.41243
vn 0.20858 0.81034 -0.54758
vn 0.16874 0.83782 -0.51922
vn 0.24295 0.90994 -0.33613
vn 0.23539 0.91451 -0.32904
vn 0.21809 0.96899 -0.11615
vn 0.25487 0.95456 -0.15445
vn 0.10283 0.97993 0.17077
vn 0.21927 0.97424 0.05274
vn -0.002 0.93928 0.34315
vn 0.10108 0.96327 0.24878
vn -0.09006 0.8824 0.46179
vn -0.00196 0.92086 0.38989
vn -0.14255 0.78126 0.60771
vn -0.08342 0.81735 0.57007
vn 0.0 0.77734 0.62908
vn 0.22646 0.82792 -0.51309
vn 0.27298 0.7914 -0.54696
vn 0.13323 0.93256 -0.33553
vn 0.2385 0.87192 -0.42765
vn -0.04202 0.98629 -0.15958
vn 0.13375 0.93617 -0.3251
vn -0.20741 0.97682 0.05288
vn -0.04228 0.9925 -0.11473
vn -0.27459 0.93101 0.24045
vn -0.2047 0.96406 0.16935
vn -0.24767 0.89217 0.37775
vn -0.26056 0.88346 0.38937
vn -0.17184 0.80801 0.56356
vn -0.21557 0.77654 0.59204
vn 0.06823 0.82073 -0.56723
vn 0.12465 0.78757 -0.60349
vn -0.00114 0.89782 -0.44035
vn 0.07189 0.86471 -0.49709
vn -0.04015 0.9439 -0.32778
vn -0.00118 0.93212 -0.36216
vn -0.03911 0.99262 -0.11475
vn -0.04223 0.99285 -0.11166
vn 0.00263 0.98492 0.17302
vn -0.03847 0.97638 0.21259
vn 0.07234 0.91267 0.40224
vn 0.00237 0.88818 0.45949
vn 0.03724 0.79469 0.60587
vn 0.06389 0.80604 0.58841
vn 0.0 0.82775 -0.5611
vn 0.04968 0.79278 -0.60748
vn -0.01075 0.86691 -0.49836
vn 0.05247 0.83731 -0.5442
vn -0.04934 0.93098 -0.36172
vn -0.01139 0.9189 -0.39433
vn -0.06367 0.99172 -0.11154
vn -0.05253 0.99107 -0.12256
vn -0.01309 0.97702 0.21273
vn -0.06188 0.96393 0.25885
vn -0.00338 0.88818 0.45948
vn -0.01185 0.88463 0.46614
vn 0.00969 0.80765 0.58958
vn -0.00305 0.80161 0.59784
vn 0.20471 0.81022 -0.54922
vn 0.0 0.92026 -0.3913
vn 0.04902 0.83746 -0.54429
vn 0.01616 0.85347 -0.5209
vn 0.1495 0.90863 -0.38992
vn 0.05561 0.95008 -0.307
vn 0.26821 0.95608 -0.11823
vn 0.16235 0.9867 -0.00756
vn 0.28472 0.92581 0.24861
vn 0.25979 0.92607 0.27368
vn 0.25012 0.85657 0.45136
vn 0.26409 0.85872 0.43915
vn 0.12048 0.79577 0.59349
vn 0.24236 0.83002 0.50233
vn 0.36439 0.85699 -0.36439
vn 0.18072 0.83952 -0.51239
vn 0.1359 0.86745 -0.4786
vn 0.23359 0.92523 -0.29897
vn 0.20268 0.94151 -0.26921
vn 0.21336 0.97694 -0.00749
vn 0.24459 0.96878 -0.04043
vn 0.14827 0.9484 0.28028
vn 0.20803 0.95251 0.22238
vn 0.02759 0.88999 0.45514
vn 0.14432 0.92313 0.35639
vn -0.04171 0.85478 0.51731
vn 0.02743 0.88492 0.46494
vn -0.07907 0.77216 0.63049
vn -0.03877 0.79444 0.6061
vn 0.26447 0.8444 -0.46588
vn 0.22217 0.87467 -0.4308
vn 0.31577 0.91228 -0.26085
vn 0.29054 0.92764 -0.23469
vn 0.31199 0.94926 -0.03962
vn 0.32658 0.94352 -0.05586
vn 0.20712 0.9527 0.22242
vn 0.31015 0.94367 0.11532
vn 0.10863 0.92737 0.35803
vn 0.20461 0.94116 0.26898
vn 0.06578 0.88333 0.4641
vn 0.1049 0.89559 0.43233
vn 0.09487 0.79145 0.60382
vn 0.05782 0.7764 0.62759
vn 0.40694 0.81945 -0.40361
vn 0.41953 0.80668 -0.41625
vn 0.39866 0.88908 -0.22494
vn 0.42942 0.86473 -0.26046
vn 0.34949 0.9353 -0.05537
vn 0.40613 0.90573 -0.12131
vn 0.27985 0.95295 0.11645
vn 0.34976 0.93601 0.0395
vn 0.24522 0.93215 0.26641
vn 0.27368 0.93195 0.23783
vn 0.27382 0.86614 0.41812
vn 0.22589 0.85867 0.46007
vn 0.48515 0.77708 -0.40097
vn 0.46032 0.85003 -0.25603
vn 0.50355 0.80654 -0.30971
vn 0.44104 0.88955 -0.11914
vn 0.47036 0.86857 -0.15605
vn 0.48662 0.84649 0.21602
vn -0.52682 0.84998 0.0
vn 0.0 0.84998 -0.52682
vn -0.568 0.82303 0.0
vn 0.0 0.82303 -0.568
vn -0.45376 0.89112 0.0
vn 0.0 0.89112 -0.45376
vn -0.4315 0.79222 0.4315
vn -0.5425 0.82247 -0.17096
vn -0.57429 0.80871 -0.12724
vn -0.49519 0.86582 0.07175
vn -0.54511 0.82643 0.14093
vn -0.42584 0.83991 0.33647
vn -0.46031 0.80482 0.37467
vn 0.0 0.87819 0.47832
vn -0.34501 0.77127 -0.5349
vn -0.30874 0.8645 -0.39663
vn -0.36215 0.86611 -0.34454
vn -0.2647 0.95261 -0.14988
vn -0.33542 0.93921 -0.07332
vn -0.18253 0.96921 0.16528
vn -0.25969 0.9346 0.24306
vn -0.14431 0.89709 0.41762
vn -0.16656 0.8844 0.43601
vn -0.17097 0.79943 0.57591
vn -0.13262 0.82442 0.55022
vn -0.01506 0.82163 -0.56983
vn -0.08675 0.85054 -0.51871
vn 0.05887 0.92757 -0.36899
vn -0.01748 0.95338 -0.30127
vn 0.0939 0.99256 -0.07749
vn 0.06327 0.9969 -0.04679
vn 0.08983 0.96389 0.25068
vn 0.0912 0.9641 0.24938
vn 0.02415 0.89666 0.44205
vn 0.08541 0.9164 0.39106
vn -0.04962 0.83074 0.55444
vn 0.02328 0.86452 0.50206
vn 0.08371 0.85076 -0.51885
vn 0.03906 0.87325 -0.4857
vn 0.1115 0.94758 -0.29944
vn 0.09392 0.95445 -0.28322
vn 0.08408 0.99536 -0.04672
vn 0.11649 0.99002 -0.07933
vn -0.01962 0.96795 0.25038
vn 0.08319 0.98493 0.15161
vn -0.10217 0.91494 0.39044
vn -0.01921 0.94794 0.31788
vn -0.12582 0.85788 0.4982
vn -0.09755 0.87361 0.47676
vn 0.09201 0.87021 -0.48401
vn 0.0892 0.87169 -0.48187
vn 0.03672 0.95804 -0.28428
vn 0.09886 0.93504 -0.34048
vn -0.07594 0.99393 -0.07965
vn 0.0376 0.98084 -0.19113
vn -0.15842 0.97588 0.15022
vn -0.076 0.99481 0.06765
vn -0.18612 0.93155 0.31238
vn -0.15373 0.94699 0.28208
vn -0.152 0.86759 0.47347
vn -0.171 0.85586 0.48812
vn 0.00023 0.87518 -0.4838
vn 0.06438 0.84482 -0.53117
vn -0.09621 0.93528 -0.34057
vn 0.00024 0.90597 -0.42333
vn -0.17542 0.96632 -0.1883
vn -0.09874 0.95985 -0.26255
vn -0.20138 0.97726 0.06645
vn -0.17845 0.98302 0.04273
vn -0.14873 0.94773 0.2823
vn -0.19109 0.92733 0.32178
vn -0.05753 0.86721 0.4946
vn -0.12981 0.82719 0.54672
vn -0.11371 0.84108 -0.52882
vn -0.03729 0.81174 -0.58283
vn -0.17564 0.89189 -0.41675
vn -0.11866 0.87769 -0.4643
vn -0.18436 0.94803 -0.25932
vn -0.18673 0.94819 -0.25702
vn -0.11943 0.99191 0.04311
vn -0.18963 0.97514 0.11461
vn -0.01763 0.94459 0.32777
vn -0.10919 0.9069 0.40696
vn 0.04977 0.83322 0.5507
vn -0.01501 0.80401 0.59443
vn -0.10278 0.808 -0.58015
vn -0.07987 0.79926 -0.59566
vn -0.08234 0.88094 -0.46602
vn -0.11325 0.89035 -0.44096
vn -0.00547 0.96516 -0.26162
vn -0.09155 0.97949 -0.17951
vn 0.1015 0.98803 0.11613
vn -0.00553 0.9754 0.22038
vn 0.15462 0.90138 0.40448
vn 0.09086 0.88444 0.45773
vn 0.13664 0.79656 0.58892
vn 0.13664 0.79656 0.58892
vn -0.03862 0.80122 -0.59712
vn -0.07448 0.81611 -0.57307
vn 0.04428 0.89524 -0.44338
vn -0.04474 0.92831 -0.3691
vn 0.15458 0.9718 -0.1781
vn 0.04927 0.99609 -0.07338
vn 0.19975 0.95576 0.21594
vn 0.15157 0.95285 0.26286
vn 0.17047 0.87511 0.4529
vn 0.18352 0.87806 0.44196
vn 0.10328 0.7998 0.59132
vn 0.15949 0.81874 0.55156
vn -0.18925 0.98193 0.0
vn 0.0 0.98193 -0.18925
vn 0.11901 0.81257 -0.57059
vn 0.02344 0.86372 -0.50343
vn 0.22405 0.90562 -0.36007
vn 0.13905 0.94939 -0.28165
vn 0.27358 0.95925 -0.07066
vn 0.24001 0.97015 -0.0348
vn 0.24611 0.93434 0.25775
vn 0.26643 0.93418 0.23734
vn 0.15461 0.88249 0.44419
vn 0.23638 0.89741 0.37254
vn 0.06093 0.82782 0.55767
vn 0.15035 0.85814 0.49091
vn 0.18595 0.9648 -0.18595
vn 0.18766 0.84861 -0.49462
vn 0.13911 0.87857 -0.45691
vn 0.22275 0.93461 -0.27727
vn 0.2083 0.94197 -0.26325
vn 0.19323 0.98052 -0.03517
vn 0.23119 0.97003 -0.07482
vn 0.07999 0.9661 0.24545
vn 0.19155 0.97203 0.13589
vn -0.0133 0.9235 0.38337
vn 0.07866 0.95004 0.30205
vn -0.04786 0.86701 0.49599
vn -0.01272 0.88304 0.46913
vn -0.39078 0.92049 0.0
vn 0.0 0.92049 -0.39078
vn 0.03123 0.79805 -0.60178
vn 0.17544 0.87343 -0.45424
vn 0.14787 0.88973 -0.43187
vn 0.14727 0.9526 -0.26622
vn 0.1876 0.93395 -0.30422
vn 0.06143 0.99516 -0.07676
vn 0.15067 0.9746 -0.16568
vn 0.00898 0.99033 0.13845
vn 0.06138 0.99435 0.08664
vn -0.01315 0.95291 0.30296
vn 0.0087 0.95908 0.28299
vn 0.00653 0.88309 0.46916
vn -0.01208 0.87524 0.48354
vn 0.12362 0.91343 -0.38778
vn 0.0 0.96063 -0.27782
vn 0.11527 0.79312 -0.59806
vn 0.13481 0.78077 -0.6101
vn 0.06732 0.89758 -0.43568
vn 0.12602 0.86712 -0.48189
vn -0.00406 0.95082 -0.30971
vn 0.06935 0.92464 -0.37448
vn -0.04746 0.98474 -0.16741
vn -0.00417 0.97786 -0.2092
vn -0.07299 0.99357 0.08657
vn -0.04805 0.99694 0.06168
vn -0.02614 0.95879 0.28291
vn -0.06936 0.94413 0.3222
vn 0.04669 0.87435 0.48305
vn -0.02303 0.84467 0.53479
vn -0.21419 0.93834 -0.27137
vn 0.0 0.88814 -0.45958
vn -0.01539 0.78787 -0.61564
vn -0.02675 0.79312 -0.60848
vn -0.04302 0.87328 -0.48531
vn -0.01685 0.86285 -0.50517
vn -0.06352 0.925 -0.37462
vn -0.0453 0.91958 -0.39027
vn -0.04253 0.97699 -0.20901
vn -0.06732 0.98041 -0.1851
vn 0.06117 0.99622 0.06163
vn -0.0429 0.98546 0.16438
vn 0.13927 0.93718 0.31983
vn 0.05635 0.91772 0.39321
vn 0.154 0.83482 0.52855
vn 0.12258 0.82489 0.55185
vn 0.04159 0.88737 -0.45918
vn 0.0 0.90481 -0.42581
vn -0.00878 0.79337 -0.60867
vn -0.02352 0.86274 -0.5051
vn -0.00948 0.85682 -0.51552
vn 0.02466 0.92025 -0.39055
vn -0.02556 0.93745 -0.34717
vn 0.12729 0.97465 -0.18401
vn 0.02669 0.99605 -0.08466
vn 0.18445 0.96945 0.1617
vn 0.12635 0.96749 0.2191
vn 0.20713 0.89925 0.3853
vn 0.16979 0.89239 0.41811
vn 0.18445 0.81689 0.5465
vn 0.18841 0.81798 0.54352
vn -0.14807 0.89484 -0.42111
vn 0.0 0.84377 -0.5367
vn -0.12261 0.78628 -0.60559
vn -0.00069 0.85686 -0.51555
vn -0.0796 0.88703 -0.45481
vn 0.09189 0.93379 -0.34581
vn -0.00077 0.96515 -0.26169
vn 0.18027 0.98008 -0.08331
vn 0.09793 0.99519 0.00053
vn 0.23474 0.94805 0.2147
vn 0.17396 0.94575 0.27439
vn 0.19936 0.88736 0.41576
vn 0.22059 0.89092 0.39699
vn 0.11729 0.82715 0.54961
vn 0.19065 0.84858 0.49353
vn 0.10975 0.77401 0.62359
vn -0.01502 0.84368 -0.53664
vn 0.0 0.83696 -0.54726
vn 0.10692 0.78771 -0.6067
vn 0.03552 0.8274 -0.56048
vn 0.18931 0.87376 -0.448
vn 0.12366 0.91102 -0.39338
vn 0.27429 0.92814 -0.25165
vn 0.20811 0.96051 -0.18467
vn 0.3088 0.95113 0.00051
vn 0.2833 0.95861 0.02844
vn 0.23811 0.93277 0.27063
vn 0.30221 0.93083 0.20547
vn 0.15397 0.90253 0.40217
vn 0.23347 0.91461 0.33011
vn 0.09256 0.86072 0.50059
vn 0.14974 0.87774 0.45514
vn 0.0913 0.77546 0.62476
vn 0.08303 0.77216 0.62998
vn -0.07323 0.83471 -0.54579
vn 0.0 0.80323 -0.59567
vn 0.03767 0.82734 -0.56044
vn -0.01826 0.85338 -0.52096
vn 0.1074 0.91276 -0.39413
vn 0.04281 0.94012 -0.33813
vn 0.12017 0.9749 -0.18744
vn 0.1149 0.97651 -0.18228
vn 0.07535 0.99672 0.02957
vn 0.12232 0.99233 -0.01786
vn 0.0205 0.97629 0.2155
vn 0.07437 0.98375 0.16343
vn -0.03885 0.9399 0.33924
vn 0.02012 0.958 0.28606
vn -0.0682 0.88568 0.45926
vn -0.0372 0.89989 0.43453
vn -0.067 0.77309 0.63074
vn -0.05984 0.77711 0.62651
vn -0.01237 0.80317 -0.59563
vn 0.0 0.79731 -0.60357
vn 0.13054 0.84622 -0.51659
vn 0.08485 0.87175 -0.48254
vn 0.14463 0.93109 -0.33488
vn 0.14371 0.93154 -0.33405
vn 0.10899 0.97716 -0.1824
vn 0.14966 0.96348 -0.22205
vn 0.05026 0.99857 -0.01797
vn 0.1105 0.99077 -0.07847
vn -0.00605 0.98646 0.16388
vn 0.04997 0.9928 0.10888
vn -0.01143 0.95813 0.2861
vn -0.00589 0.95969 0.281
vn 0.0285 0.90015 0.43465
vn -0.01056 0.88481 0.46583
vn 0.08522 0.77568 0.62535
vn 0.0051 0.7973 -0.60356
vn 0.0 0.79977 -0.60031
vn 0.02123 0.87471 -0.48418
vn 0.04182 0.86517 -0.49972
vn -0.04051 0.94053 -0.33728
vn 0.02232 0.91979 -0.39177
vn -0.11805 0.96764 -0.22301
vn -0.04111 0.95451 -0.29533
vn -0.16626 0.983 -0.07785
vn -0.12016 0.98493 -0.12443
vn -0.1533 0.98229 0.10772
vn -0.16556 0.97886 0.12014
vn -0.09818 0.95507 0.27964
vn -0.14591 0.9349 0.32354
vn -0.03449 0.88434 0.46557
vn -0.08818 0.85781 0.50634
vn -0.0516 0.7987 -0.59951
vn 0.0 0.77509 -0.63185
vn -0.09437 0.86207 -0.49793
vn -0.04794 0.84499 -0.53263
vn -0.14973 0.90965 -0.38745
vn -0.09817 0.89679 -0.43142
vn -0.17112 0.94123 -0.29122
vn -0.15459 0.93916 -0.30673
vn -0.1352 0.98301 -0.12419
vn -0.17829 0.98068 -0.08048
vn -0.05504 0.99105 0.12163
vn -0.13353 0.97091 0.19878
vn 0.03155 0.94454 0.32687
vn -0.05086 0.91581 0.39838
vn 0.08268 0.85822 0.50658
vn 0.02795 0.83689 0.54666
vn -0.00367 0.77508 -0.63185
vn 0.0 0.77329 -0.63405
vn -0.09344 0.84226 -0.53091
vn -0.0515 0.82624 -0.56096
vn -0.10609 0.89606 -0.43107
vn -0.09918 0.89408 -0.43679
vn -0.06967 0.94828 -0.30971
vn -0.11323 0.95636 -0.26937
vn 0.00512 0.99664 -0.08179
vn -0.07327 0.99731 -0.00346
vn 0.07632 0.97682 0.19999
vn 0.00495 0.96352 0.2676
vn 0.10397 0.91203 0.39673
vn 0.07051 0.90247 0.42494
vn 0.08321 0.83431 0.54497
vn 0.09563 0.83882 0.53595
vn -0.19174 0.81199 -0.55128
vn -0.18653 0.81055 -0.55517
vn -0.16725 0.88585 -0.43277
vn -0.21117 0.89428 -0.39456
vn -0.10346 0.95738 -0.26966
vn -0.18201 0.96403 -0.19371
vn -0.01933 0.99981 -0.00347
vn -0.10706 0.99066 0.08447
vn 0.03095 0.96307 0.26748
vn -0.01836 0.94969 0.31264
vn 0.03014 0.90431 0.42581
vn 0.02905 0.90392 0.42671
vn 0.00916 0.84264 0.53839
vn 0.02836 0.8509 0.52455
vn -0.02205 0.82483 -0.56495
vn -0.04536 0.83477 -0.54872
vn 0.04211 0.9141 -0.4033
vn -0.02508 0.93805 -0.34558
vn 0.12183 0.9731 -0.19553
vn 0.04568 0.99163 -0.12078
vn 0.14306 0.98614 0.08408
vn 0.12356 0.9869 0.10376
vn 0.09543 0.94552 0.31126
vn 0.13817 0.95246 0.27152
vn 0.05088 0.90313 0.42634
vn 0.09241 0.91558 0.39138
vn 0.00318 0.85124 0.52476
vn 0.04901 0.87002 0.49058
vn -0.0338 0.83516 -0.54898
vn -0.10138 0.86057 -0.49913
vn -0.00669 0.93833 -0.34568
vn -0.03834 0.94749 -0.31747
vn -0.04377 0.99171 -0.12079
vn -0.00704 0.9876 -0.15683
vn -0.10419 0.98911 0.10399
vn -0.04405 0.99807 0.04385
vn -0.16036 0.94924 0.2706
vn -0.1023 0.97122 0.21509
vn -0.20329 0.90031 0.38485
vn -0.15645 0.92613 0.34322
vn -0.16601 0.85898 0.48435
vn -0.19038 0.84315 0.50285
vn 0.03257 0.86457 -0.50145
vn 0.03669 0.86262 -0.50452
vn -0.00082 0.94819 -0.31771
vn 0.03526 0.93618 -0.34976
vn -0.05778 0.98597 -0.15657
vn -0.00085 0.97735 -0.21163
vn -0.13347 0.9901 0.0435
vn -0.05847 0.99777 -0.03219
vn -0.17296 0.96163 0.21297
vn -0.1316 0.97623 0.17221
vn -0.13052 0.92966 0.34453
vn -0.16416 0.91268 0.37426
vn -0.01368 0.85877 0.51217
vn -0.11316 0.80599 0.58101
vn -0.0754 0.86074 -0.50342
vn -0.04328 0.84855 -0.52734
vn -0.16633 0.92371 -0.3451
vn -0.07915 0.90355 -0.42111
vn -0.27368 0.94004 -0.20355
vn -0.16867 0.93669 -0.30686
vn -0.30917 0.95051 -0.03067
vn -0.27896 0.95819 -0.06362
vn -0.26958 0.94834 0.16729
vn -0.30291 0.93127 0.20246
vn -0.19411 0.90763 0.37219
vn -0.24821 0.87315 0.41952
vn -0.12386 0.80495 0.58027
vn -0.16622 0.77721 0.60689
vn -0.19231 0.83349 -0.51799
vn -0.11671 0.8105 -0.574
vn -0.25504 0.87642 -0.40847
vn -0.20005 0.86702 -0.45634
vn -0.2479 0.92064 -0.3016
vn -0.26809 0.92126 -0.28178
vn -0.18778 0.98005 -0.06508
vn -0.25999 0.96555 0.01088
vn -0.07245 0.97461 0.21188
vn -0.17877 0.93303 0.31225
vn 0.05938 0.89977 0.43231
vn -0.06303 0.84791 0.52638
vn 0.14418 0.77994 0.60903
vn 0.15765 0.78277 0.60201
vn -0.20802 0.79822 -0.5653
vn -0.16444 0.78553 -0.59658
vn -0.23038 0.86111 -0.45323
vn -0.2241 0.85994 -0.45857
vn -0.21522 0.93386 -0.28564
vn -0.25015 0.93502 -0.25133
vn -0.11287 0.99355 0.01119
vn -0.22285 0.96695 0.1239
vn -0.01138 0.94824 0.31734
vn -0.10356 0.91164 0.39772
vn 0.01937 0.84944 0.52733
vn -0.01004 0.83626 0.54825
vn 0.0 0.79269 0.60963
vn 0.04967 0.81509 0.5772
vn -0.21373 0.77796 -0.59084
vn -0.24957 0.78695 -0.56429
vn -0.13991 0.8737 -0.46591
vn -0.24565 0.89416 -0.37435
vn 0.01333 0.96563 -0.25956
vn -0.15743 0.98312 -0.09326
vn 0.13439 0.98289 0.12594
vn 0.01338 0.96981 0.24349
vn 0.17647 0.90219 0.39359
vn 0.12163 0.88951 0.44043
vn 0.17723 0.82306 0.5396
vn 0.16001 0.81804 0.55245
vn 0.0 0.8161 0.57791
vn 0.22612 0.88721 0.40214
vn -0.03049 0.81229 -0.58246
vn -0.10086 0.84005 -0.53304
vn 0.04356 0.92155 -0.38582
vn -0.03558 0.94793 -0.31648
vn 0.08248 0.99214 -0.09412
vn 0.04713 0.99715 -0.05883
vn 0.08773 0.96616 0.24257
vn 0.08022 0.965 0.24968
vn 0.02646 0.89585 0.44357
vn 0.08301 0.91421 0.39665
vn -0.04823 0.82776 0.55901
vn 0.02546 0.86192 0.50641
vn 0.0 0.9108 0.41284
vn 0.23795 0.95181 0.19347
vn -0.48326 0.87548 0.0
vn 0.0 0.87548 -0.48326
vn 0.02364 0.84412 -0.53563
vn -0.07916 0.88547 -0.45791
vn 0.09923 0.94385 -0.31512
vn 0.02711 0.96823 -0.24858
vn 0.13725 0.98882 -0.05834
vn 0.10452 0.9942 -0.02519
vn 0.08431 0.96467 0.24959
vn 0.13467 0.97026 0.20117
vn 0.03166 0.91692 0.39782
vn 0.0814 0.93137 0.35485
vn 0.03751 0.86159 0.50621
vn 0.02964 0.85843 0.51208
vn 0.0 0.97996 0.19919
vn 0.19919 0.97996 0.0
vn -0.07323 0.87313 -0.48197
vn 0.0 0.84385 -0.53658
vn 0.02841 0.77493 -0.63141
vn 0.09736 0.88404 -0.45716
vn 0.09205 0.88677 -0.45296
vn 0.04219 0.96773 -0.24845
vn 0.10422 0.94634 -0.30592
vn -0.06948 0.99726 -0.02526
vn 0.04315 0.98961 -0.13716
vn -0.15081 0.96798 0.20069
vn -0.069 0.99037 0.12003
vn -0.18164 0.91893 0.35011
vn -0.14597 0.93688 0.31773
vn -0.15056 0.84901 0.50647
vn -0.1659 0.8393 0.51774
vn 0.20261 0.87208 -0.44546
vn 0.25162 0.83761 -0.48487
vn 0.14511 0.94145 -0.30434
vn 0.21076 0.90716 -0.36419
vn 0.09401 0.98614 -0.13668
vn 0.14952 0.97004 -0.19149
vn 0.04615 0.99168 0.12019
vn 0.09466 0.99291 0.07189
vn 0.07467 0.94438 0.32027
vn 0.04358 0.93646 0.34805
vn 0.14226 0.84244 0.51967
vn 0.06444 0.81497 0.57591
vn 0.28975 0.82833 -0.47949
vn 0.34458 0.77948 -0.52314
vn 0.27806 0.89141 -0.35787
vn 0.305 0.87192 -0.38306
vn 0.30953 0.93289 -0.18415
vn 0.2936 0.94121 -0.1671
vn 0.36327 0.92925 0.06728
vn 0.31249 0.94181 0.12388
vn 0.41022 0.85485 0.31772
vn 0.33461 0.85593 0.39424
vn -0.53873 0.84248 0.0
vn 0.0 0.84248 -0.53873
vn -0.17532 0.81747 -0.54863
vn -0.31702 0.84477 -0.43112
vn -0.02008 0.91536 -0.40215
vn -0.20385 0.95048 -0.23458
vn 0.2015 0.96441 -0.17121
vn -0.0219 0.99834 0.05324
vn 0.39567 0.91055 0.11977
vn 0.19306 0.92403 0.33
vn 0.489 0.79228 0.36493
vn 0.34325 0.78993 0.50813
vn 0.0 0.78669 0.61734
vn 0.61734 0.78669 0.0
vn -0.42848 0.80481 -0.41072
vn -0.45191 0.80401 -0.38646
vn -0.41103 0.88507 -0.21843
vn -0.4642 0.8719 -0.1559
vn -0.34592 0.93693 0.04997
vn -0.41743 0.89885 0.13351
vn -0.27501 0.90543 0.32336
vn -0.32197 0.87207 0.36854
vn -0.25842 0.81246 0.52263
vn -0.24901 0.81983 0.51562
vn -0.29063 0.91163 0.29063
vn -0.17381 0.7848 -0.59488
vn -0.22249 0.7984 -0.55952
vn -0.12871 0.89379 -0.42962
vn -0.2012 0.90848 -0.3663
vn -0.08734 0.98063 -0.17534
vn -0.14147 0.98243 -0.12169
vn -0.03401 0.98858 0.14684
vn -0.08695 0.97626 0.19838
vn -0.03737 0.92048 0.389
vn -0.03174 0.9227 0.38421
vn -0.0916 0.84294 0.53015
vn -0.03539 0.87164 0.48887
vn -0.08613 0.79259 0.60364
vn 0.0 0.95276 0.30374
vn -0.30416 0.77658 0.55173
vn 0.13316 0.81163 -0.56879
vn 0.07097 0.84758 -0.5259
vn 0.21151 0.90647 -0.36549
vn 0.15377 0.93723 -0.31297
vn 0.24702 0.96166 -0.11912
vn 0.22615 0.96923 -0.09725
vn 0.1815 0.9637 0.19582
vn 0.2467 0.96042 0.12934
vn 0.07853 0.92031 0.38322
vn 0.17688 0.93919 0.29434
vn 0.00238 0.87218 0.48918
vn 0.07675 0.89947 0.43019
vn -0.0158 0.79545 0.60581
vn 0.0022 0.80422 0.59432
vn 0.0 0.8152 0.57917
vn 0.06046 0.84126 0.53723
vn -0.10579 0.77182 -0.62698
vn 0.14429 0.84083 -0.52171
vn 0.03773 0.89702 -0.44038
vn 0.19803 0.92973 -0.31047
vn 0.16251 0.94702 -0.27703
vn 0.17528 0.9796 -0.09829
vn 0.20655 0.96972 -0.13033
vn 0.1416 0.98107 0.13212
vn 0.17529 0.97962 0.09803
vn 0.09625 0.94981 0.29767
vn 0.138 0.9561 0.25853
vn 0.0902 0.89845 0.4297
vn 0.09107 0.89871 0.42898
vn 0.12673 0.79774 0.58953
vn 0.07826 0.77944 0.62157
vn 0.0 0.84281 0.53822
vn 0.39179 0.90149 0.1839
vn -0.28024 0.95993 0.0
vn 0.0 0.95993 -0.28024
vn 0.09114 0.80366 -0.58807
vn 0.14478 0.8882 -0.43605
vn 0.1695 0.87369 -0.45601
vn 0.08872 0.95599 -0.27966
vn 0.15146 0.92922 -0.33706
vn 0.022 0.99085 -0.13317
vn 0.09054 0.9756 -0.2
vn -0.05676 0.99343 0.09941
vn 0.02219 0.99954 0.02072
vn -0.06403 0.96335 0.26049
vn -0.0552 0.9661 0.25222
vn -0.01227 0.90239 0.43074
vn -0.05862 0.88198 0.46763
vn 0.05423 0.78068 0.62257
vn 0.0 0.97982 0.19988
vn 0.19988 0.97982 0.0
vn -0.2089 0.93875 -0.27405
vn 0.0 0.88922 -0.45748
vn -0.0235 0.8068 -0.59036
vn -0.04684 0.81697 -0.57477
vn -0.0283 0.88616 -0.46252
vn -0.02579 0.8852 -0.46449
vn -0.05893 0.93843 -0.3404
vn -0.0297 0.93011 -0.36609
vn -0.06088 0.97781 -0.20045
vn -0.06141 0.97788 -0.19994
vn 0.02619 0.99944 0.02072
vn -0.06178 0.99219 0.10835
vn 0.12051 0.96052 0.25076
vn 0.02464 0.9405 0.33889
vn 0.18544 0.86818 0.46031
vn 0.10611 0.84573 0.52295
vn -0.14034 0.88042 -0.45295
vn 0.0 0.82928 -0.55883
vn 0.01777 0.81774 -0.57531
vn 0.00171 0.82544 -0.56449
vn -0.02661 0.88518 -0.46448
vn 0.01882 0.86618 -0.49938
vn -0.02704 0.93018 -0.36612
vn -0.02798 0.93047 -0.3653
vn 0.03421 0.97916 -0.2002
vn -0.02877 0.98987 -0.13904
vn 0.08964 0.99009 0.10812
vn 0.03445 0.98611 0.16251
vn 0.14818 0.9304 0.33525
vn 0.08291 0.91582 0.39295
vn 0.16721 0.83856 0.51851
vn 0.13186 0.82791 0.54515
vn -0.1086 0.82438 -0.55552
vn 0.0 0.77874 -0.62735
vn -0.15881 0.81496 -0.55733
vn -0.12521 0.804 -0.58129
vn -0.1148 0.8606 -0.49617
vn -0.1707 0.87596 -0.45118
vn -0.03603 0.93023 -0.36521
vn -0.12681 0.95063 -0.28323
vn 0.09119 0.98615 -0.13852
vn -0.0387 0.99921 -0.00926
vn 0.21409 0.96381 0.15884
vn 0.08835 0.95552 0.28137
vn 0.24334 0.89136 0.38245
vn 0.19636 0.88399 0.42426
vn 0.20783 0.81696 0.53794
vn 0.22411 0.8209 0.52527
vn -0.01896 0.81023 -0.5858
vn -0.09089 0.8395 -0.53571
vn 0.08527 0.88577 -0.45623
vn -0.02176 0.92972 -0.36761
vn 0.21853 0.93521 -0.27863
vn 0.09462 0.98293 -0.15779
vn 0.2871 0.95786 -0.00888
vn 0.22719 0.97228 0.05523
vn 0.26044 0.92617 0.27273
vn 0.27758 0.92609 0.25554
vn 0.20219 0.88293 0.42375
vn 0.25031 0.89015 0.38075
vn 0.13968 0.83407 0.53369
vn 0.19445 0.84913 0.49108
vn -0.00922 0.84295 -0.53791
vn -0.06277 0.86465 -0.49844
vn 0.05201 0.92869 -0.3672
vn -0.01039 0.95001 -0.31205
vn 0.08962 0.98339 -0.15787
vn 0.05548 0.9907 -0.12423
vn 0.12891 0.99006 0.05624
vn 0.09035 0.99137 0.09504
vn 0.1156 0.95751 0.26421
vn 0.12483 0.95873 0.25547
vn 0.06758 0.91732 0.39237
vn 0.11212 0.92868 0.35352
vn 0.03547 0.86511 0.50032
vn 0.06453 0.87599 0.478
vn -0.08435 0.77056 -0.63176
vn 0.08842 0.86296 -0.49747
vn 0.00816 0.90041 -0.43496
vn 0.14642 0.93982 -0.3087
vn 0.09832 0.9595 -0.26399
vn 0.15979 0.97948 -0.12283
vn 0.15291 0.98142 -0.11587
vn 0.12088 0.98814 0.09473
vn 0.16077 0.9855 0.05427
vn 0.05852 0.96463 0.25704
vn 0.11899 0.97271 0.19921
vn 0.03269 0.93408 0.35557
vn 0.05708 0.94084 0.334
vn 0.06418 0.87601 0.47801
vn 0.03021 0.86316 0.50403
vn 0.16809 0.81731 0.55114
vn 0.05605 0.7721 -0.63302
vn 0.01429 0.79406 -0.60767
vn 0.07262 0.89807 -0.43383
vn 0.06544 0.90141 -0.42799
vn 0.03482 0.96359 -0.26512
vn 0.07679 0.94965 -0.30376
vn -0.04676 0.99202 -0.11712
vn 0.0354 0.97971 -0.19725
vn -0.11753 0.99157 0.0546
vn -0.04707 0.99876 -0.01631
vn -0.14589 0.96918 0.19849
vn -0.11601 0.97874 0.16913
vn -0.12633 0.93483 0.33186
vn -0.13978 0.92853 0.34393
vn -0.0744 0.86116 0.50286
vn -0.11346 0.83962 0.5312
vn 0.0 0.8291 0.55909
vn -0.01875 0.82017 0.57182
vn -0.01948 0.79399 -0.60762
vn -0.0347 0.80087 -0.59783
vn -0.05952 0.90175 -0.42815
vn -0.02179 0.88836 -0.45863
vn -0.12592 0.94488 -0.30224
vn -0.06143 0.9308 -0.36034
vn -0.17521 0.96516 -0.19432
vn -0.12823 0.96222 -0.24017
vn -0.17815 0.98387 -0.01607
vn -0.17859 0.9838 -0.01561
vn -0.12572 0.97758 0.16893
vn -0.17395 0.96068 0.21641
vn -0.03524 0.93716 0.34712
vn -0.11598 0.90188 0.41613
vn 0.05182 0.84394 0.53393
vn -0.03033 0.80667 0.59022
vn 0.0 0.82031 0.57192
vn 0.16333 0.87842 0.44911
vn -0.02718 0.80106 -0.59797
vn 0.00764 0.78461 -0.61995
vn -0.08921 0.88503 -0.45691
vn -0.0293 0.86348 -0.50353
vn -0.13847 0.92357 -0.35755
vn -0.092 0.91268 -0.39817
vn -0.1464 0.95978 -0.23956
vn -0.14387 0.95955 -0.242
vn -0.09818 0.99504 -0.01579
vn -0.15068 0.98787 0.03754
vn -0.01938 0.97537 0.21972
vn -0.09398 0.95251 0.28963
vn 0.03968 0.90729 0.41862
vn -0.01759 0.88526 0.46476
vn 0.04922 0.80607 0.58977
vn 0.03498 0.79989 0.59912
vn 0.0 0.89038 0.45522
vn 0.01044 0.89452 0.4469
vn -0.25061 0.83629 -0.48767
vn -0.21269 0.82822 -0.51847
vn -0.25335 0.88667 -0.38682
vn -0.2661 0.888 -0.37503
vn -0.19929 0.95019 -0.23964
vn -0.27088 0.94801 -0.16704
vn -0.09589 0.99467 0.0378
vn -0.20305 0.96814 0.14651
vn -0.00217 0.95675 0.29091
vn -0.0892 0.92535 0.36847
vn 0.04576 0.88447 0.46435
vn -0.00196 0.8654 0.50107
vn 0.05849 0.79901 0.59846
vn 0.04095 0.79149 0.60981
vn 0.0 0.89457 0.44693
vn 0.15894 0.93754 0.30945
vn -0.08362 0.84465 -0.52875
vn -0.09617 0.84909 -0.51942
vn -0.01247 0.92114 -0.38903
vn -0.09341 0.94353 -0.31784
vn 0.10312 0.97958 -0.1726
vn -0.01351 0.99827 -0.0573
vn 0.15435 0.97689 0.14784
vn 0.1026 0.97464 0.19889
vn 0.13851 0.9201 0.36638
vn 0.1456 0.9215 0.36006
vn 0.08513 0.86226 0.49925
vn 0.132 0.87686 0.46228
vn 0.02835 0.79183 0.61008
vn 0.08034 0.81369 0.57572
vn 0.0 0.94961 0.31343
vn 0.02211 0.95575 0.29335
vn -0.11786 0.8471 -0.5182
vn -0.18686 0.86616 -0.46351
vn -0.07447 0.94504 -0.31835
vn -0.13291 0.95528 -0.26417
vn -0.06489 0.99625 -0.05718
vn -0.07848 0.99596 -0.04356
vn -0.05635 0.97825 0.19963
vn -0.06359 0.97636 0.2066
vn -0.08052 0.9284 0.36276
vn -0.05409 0.93903 0.33955
vn -0.09987 0.88017 0.46403
vn -0.07733 0.89158 0.44621
vn -0.06836 0.81442 0.57623
vn -0.09096 0.80163 0.59086
vn 0.0 0.95598 0.29342
vn 0.21479 0.97305 0.08388
vn 0.07421 0.87926 -0.47052
vn 0.03553 0.8973 -0.43998
vn 0.10575 0.95842 -0.26504
vn 0.0816 0.96677 -0.24227
vn 0.09888 0.99415 -0.04348
vn 0.10951 0.99251 -0.05419
vn 0.01852 0.97817 0.20698
vn 0.09815 0.98673 0.12933
vn -0.03678 0.93977 0.33982
vn 0.01811 0.95673 0.2904
vn -0.06171 0.89256 0.44669
vn -0.03539 0.90429 0.42544
vn -0.03604 0.80445 0.59293
vn -0.05492 0.79442 0.60487
vn 0.0 0.99631 0.08588
vn 0.08588 0.99631 0.0
vn -0.29406 0.95579 0.0
vn 0.0 0.95579 -0.29406
vn -0.10597 0.78848 -0.60587
vn -0.05141 0.89668 -0.43967
vn -0.04928 0.89595 -0.44141
vn -0.13117 0.96163 -0.24098
vn -0.05437 0.94832 -0.31263
vn -0.24717 0.96753 -0.05283
vn -0.13319 0.97647 -0.16958
vn -0.29427 0.94762 0.1242
vn -0.24685 0.96627 0.07344
vn -0.2984 0.91329 0.27722
vn -0.28599 0.92097 0.26462
vn -0.22394 0.88188 0.4149
vn -0.27595 0.84458 0.45883
vn -0.08671 0.79263 0.60351
vn 0.17345 0.9413 -0.28961
vn 0.0 0.99247 -0.12247
vn 0.01739 0.79282 -0.6092
vn 0.0524 0.77443 -0.63049
vn -0.05053 0.8959 -0.44138
vn 0.01904 0.86825 -0.49577
vn -0.12445 0.94234 -0.31066
vn -0.0522 0.9255 -0.37514
vn -0.15591 0.9732 -0.16901
vn -0.12839 0.97213 -0.19618
vn -0.15991 0.98429 0.07481
vn -0.15777 0.9848 0.07261
vn -0.07838 0.95816 0.27531
vn -0.15073 0.92775 0.34141
vn 0.01517 0.8786 0.47731
vn -0.06866 0.83939 0.53917
vn -0.38869 0.91443 -0.11284
vn 0.0 0.87678 -0.48089
vn -0.25289 0.84018 -0.47974
vn -0.17581 0.82229 -0.54123
vn -0.32703 0.8758 -0.35499
vn -0.2621 0.87077 -0.416
vn -0.35389 0.91681 -0.18501
vn -0.34296 0.91848 -0.19692
vn -0.26943 0.96041 0.07081
vn -0.35517 0.92014 0.16489
vn -0.15972 0.92642 0.34092
vn -0.24553 0.87524 0.41673
vn -0.05645 0.84004 0.53958
vn -0.13679 0.79342 0.59311
vn 0.0459 0.87586 -0.48038
vn 0.0 0.89583 -0.44439
vn -0.14906 0.82597 -0.54365
vn -0.12963 0.81975 -0.55786
vn -0.10167 0.89764 -0.42883
vn -0.16467 0.91245 -0.37459
vn 0.02437 0.97749 -0.20957
vn -0.11223 0.99081 -0.0755
vn 0.12289 0.97686 0.17505
vn 0.024 0.96267 0.26961
vn 0.18646 0.88705 0.42235
vn 0.10908 0.8671 0.48604
vn 0.16551 0.7899 0.59048
vn 0.16607 0.79008 0.59008
vn -0.27163 0.86215 -0.42768
vn 0.0 0.77663 -0.62995
vn -0.18225 0.81288 -0.55319
vn -0.22401 0.82357 -0.5211
vn -0.13607 0.91648 -0.37624
vn -0.20795 0.92753 -0.31054
vn -0.06923 0.99472 -0.0758
vn -0.14686 0.98915 0.00264
vn 0.012 0.96288 0.26967
vn -0.0653 0.93824 0.33977
vn 0.00552 0.87229 0.48895
vn 0.0109 0.87453 0.48484
vn -0.01383 0.80113 0.59833
vn 0.00513 0.81027 0.58604
vn -0.00797 0.77661 -0.62993
vn 0.0 0.77274 -0.63473
vn 0.11395 0.83954 -0.53121
vn 0.0211 0.88673 -0.46181
vn 0.23277 0.92222 -0.30876
vn 0.13146 0.96855 -0.21127
vn 0.30149 0.95347 0.00254
vn 0.24422 0.96759 0.06431
vn 0.23747 0.91335 0.33075
vn 0.28943 0.91532 0.28003
vn 0.13836 0.86617 0.48021
vn 0.23036 0.88602 0.40237
vn 0.06393 0.80862 0.58485
vn 0.13318 0.83378 0.53579
vn -0.08473 0.78214 -0.61732
vn 0.03823 0.88628 -0.46157
vn -0.01227 0.90699 -0.42097
vn 0.0226 0.97678 -0.21307
vn 0.04192 0.97194 -0.23145
vn -0.05533 0.99627 0.06622
vn 0.02313 0.99966 -0.0122
vn -0.12274 0.94902 0.29034
vn -0.05402 0.97268 0.22579
vn -0.16366 0.89823 0.40792
vn -0.11918 0.92146 0.36975
vn -0.1514 0.83158 0.53437
vn -0.1515 0.83152 0.53444
vn 0.17292 0.77314 -0.61021
vn 0.1257 0.80439 -0.58066
vn 0.20241 0.88829 -0.41228
vn 0.19913 0.89032 -0.40949
vn 0.17613 0.95759 -0.22803
vn 0.21422 0.9401 -0.26517
vn 0.09207 0.99568 -0.01215
vn 0.17997 0.97843 -0.10143
vn -0.01091 0.97404 0.22611
vn 0.09133 0.9877 0.12689
vn -0.02981 0.92766 0.37224
vn -0.01047 0.93463 0.35547
vn 0.01979 0.84106 0.54058
vn -0.02634 0.81956 0.57238
vn -0.03333 0.81037 -0.58498
vn -0.01293 0.80114 -0.59834
vn -0.12061 0.90188 -0.41481
vn -0.03598 0.87471 -0.48331
vn -0.23764 0.93487 -0.2637
vn -0.12312 0.92061 -0.37057
vn -0.2874 0.95271 -0.09876
vn -0.24376 0.95894 -0.14493
vn -0.23856 0.96321 0.12374
vn -0.2845 0.9431 0.17209
vn -0.14398 0.92494 0.35179
vn -0.21853 0.88236 0.41677
vn -0.04614 0.81897 0.57197
vn -0.1208 0.77601 0.61905
vn 0.03651 0.80067 -0.59799
vn 0.06337 0.78621 -0.61471
vn -0.00251 0.87528 -0.48362
vn 0.03905 0.85646 -0.51473
vn -0.00903 0.92763 -0.3734
vn -0.00265 0.92544 -0.37888
vn 0.03445 0.98818 -0.14935
vn -0.00968 0.99433 -0.10593
vn 0.09422 0.97938 0.1787
vn 0.03386 0.97099 0.23673
vn 0.16285 0.89214 0.42139
vn 0.08369 0.86994 0.48601
vn -0.17884 0.77509 -0.60602
vn -0.20031 0.83974 -0.50469
vn -0.19336 0.83804 -0.5102
vn -0.16473 0.9128 -0.3737
vn -0.21956 0.92044 -0.32338
vn -0.05335 0.99296 -0.10578
vn -0.17756 0.98391 0.01987
vn 0.08051 0.96839 0.23609
vn -0.05015 0.9334 0.35531
vn 0.12462 0.8662 0.48392
vn 0.0705 0.84802 0.52526
vn -0.00564 0.79076 -0.6121
vn 0.12247 0.84773 -0.5161
vn 0.05358 0.88415 -0.46412
vn 0.2496 0.9136 -0.32098
vn 0.13963 0.96655 -0.21515
vn 0.33426 0.94229 0.01903
vn 0.26228 0.96004 0.09767
vn 0.31159 0.88805 0.33805
vn 0.31505 0.88812 0.33464
vn 0.2494 0.82327 0.50993
vn 0.29141 0.83055 0.47463
vn 0.23356 0.77101 0.59244
vn -0.03198 0.79037 -0.6118
vn -0.08809 0.81364 -0.57465
vn 0.06972 0.88327 -0.46366
vn -0.03747 0.92605 -0.37554
vn 0.14802 0.96536 -0.21489
vn 0.07784 0.98619 -0.14615
vn 0.18454 0.97778 0.09947
vn 0.15019 0.97949 0.13432
vn 0.14898 0.92533 0.34866
vn 0.17543 0.92949 0.32445
vn 0.06584 0.86634 0.49509
vn 0.14328 0.88996 0.43294
vn -0.0102 0.7929 0.60927
vn 0.06274 0.82548 0.56094
vn 0.23925 0.7931 -0.56014
vn 0.14406 0.85885 -0.49155
vn 0.31557 0.87935 -0.3566
vn 0.27398 0.90821 -0.31636
vn 0.33921 0.93055 -0.13791
vn 0.33478 0.93287 -0.13296
vn 0.26719 0.95471 0.13092
vn 0.34207 0.93838 0.04923
vn 0.1501 0.93344 0.32583
vn 0.26313 0.94021 0.21625
vn 0.07972 0.89638 0.43606
vn 0.14693 0.91373 0.37883
vn 0.08014 0.82445 0.56024
vn 0.07308 0.82172 0.56518
vn 0.17729 0.77782 0.60296
vn 0.08624 0.86467 -0.49488
vn 0.06609 0.87499 -0.47961
vn 0.08531 0.94091 -0.32775
vn 0.0935 0.93754 -0.33508
vn 0.01577 0.98987 -0.14109
vn 0.08825 0.97339 -0.21148
vn -0.04688 0.99753 0.05234
vn 0.01593 0.99982 -0.01046
vn -0.07779 0.9716 0.22347
vn -0.04607 0.98011 0.19302
vn -0.07614 0.92107 0.38188
vn -0.07383 0.92208 0.3799
vn -0.05271 0.82278 0.56591
vn -0.06737 0.81491 0.57565
vn 0.0 0.79034 0.61267
vn 0.05343 0.78117 -0.62202
vn 0.15817 0.86587 -0.47461
vn 0.1499 0.87084 -0.46816
vn 0.13321 0.93327 -0.33355
vn 0.16736 0.91622 -0.36405
vn 0.09501 0.97278 -0.21135
vn 0.13676 0.95818 -0.25136
vn 0.05385 0.99849 -0.01045
vn 0.09706 0.99382 -0.05387
vn 0.0574 0.97954 0.1929
vn 0.0528 0.97891 0.19735
vn 0.11282 0.9187 0.3785
vn 0.05283 0.9016 0.42934
vn 0.17108 0.80473 0.56846
vn 0.09563 0.77873 0.62003
vn 0.22022 0.84162 0.49313
vn -0.01585 0.78219 -0.62283
vn -0.08065 0.87792 -0.47197
vn -0.01731 0.85388 -0.52018
vn -0.14293 0.91979 -0.36546
vn -0.08314 0.90505 -0.41711
vn -0.16461 0.95408 -0.25029
vn -0.14802 0.95249 -0.26619
vn -0.09949 0.99358 -0.05385
vn -0.16999 0.98528 0.01793
vn -0.00131 0.98028 0.19762
vn -0.09546 0.95335 0.28639
vn 0.05733 0.90137 0.42923
vn -0.00117 0.87949 0.47592
vn 0.04361 0.78157 0.62229
vn 0.04988 0.78432 0.61835
vn 0.0 0.8628 0.50554
vn 0.00479 0.86487 0.50197
vn -0.03763 0.77219 -0.63428
vn -0.02846 0.85366 -0.52005
vn -0.03221 0.85521 -0.51729
vn 0.00739 0.90817 -0.41854
vn -0.03072 0.92174 -0.38658
vn 0.0927 0.95895 -0.26799
vn 0.00799 0.98222 -0.18754
vn 0.19728 0.98019 0.01784
vn 0.09551 0.98801 0.12133
vn 0.2518 0.92686 0.27843
vn 0.18544 0.92136 0.34164
vn 0.24436 0.85283 0.46149
vn 0.23101 0.85035 0.4728
vn 0.18883 0.77116 0.60799
vn 0.22376 0.78094 0.58315
vn 0.0 0.86488 0.50198
vn 0.20097 0.92104 0.3336
vn -0.07086 0.77079 -0.63313
vn -0.06359 0.85392 -0.51651
vn -0.07902 0.85955 -0.5049
vn -0.00879 0.92214 -0.38675
vn -0.07002 0.94023 -0.33328
vn 0.07373 0.97958 -0.18703
vn -0.00948 0.99437 -0.10554
vn 0.13165 0.98391 0.12082
vn 0.07386 0.98127 0.17794
vn 0.13252 0.92935 0.3446
vn 0.12412 0.92768 0.35215
vn 0.09029 0.87042 0.48395
vn 0.12566 0.88122 0.45571
vn 0.03502 0.80076 0.59796
vn 0.0852 0.82134 0.56404
vn 0.0 0.94023 0.34055
vn 0.01246 0.94408 0.32948
vn -0.0916 0.78422 -0.61368
vn 0.04617 0.86133 -0.50594
vn -0.03869 0.89708 -0.44017
vn 0.13993 0.93327 -0.33081
vn 0.05183 0.96696 -0.2496
vn 0.20696 0.97288 -0.10326
vn 0.14814 0.98804 -0.04282
vn 0.21457 0.96104 0.17427
vn 0.20451 0.96133 0.18445
vn 0.16122 0.92268 0.35025
vn 0.20735 0.9287 0.30746
vn 0.09526 0.88422 0.45726
vn 0.15735 0.90052 0.40535
vn 0.05564 0.82306 0.56522
vn 0.0901 0.83633 0.54077
vn 0.0 0.94415 0.32951
vn 0.185 0.97064 0.15375
vn 0.06622 0.78581 -0.61492
vn 0.02605 0.80721 -0.58969
vn 0.12681 0.89051 -0.43694
vn 0.07711 0.91509 -0.39581
vn 0.16211 0.95545 -0.24663
vn 0.13743 0.96512 -0.22282
vn 0.14679 0.98824 -0.04282
vn 0.16694 0.98392 -0.06343
vn 0.07047 0.97965 0.18796
vn 0.14598 0.98278 0.11328
vn -0.0069 0.9493 0.31428
vn 0.06959 0.96736 0.24365
vn -0.04833 0.91081 0.40999
vn -0.00674 0.92706 0.37484
vn -0.03692 0.83917 0.54261
vn -0.04433 0.83545 0.54778
vn 0.0 0.98769 0.15645
vn 0.1025 0.99322 0.05483
vn 0.25228 0.78136 -0.57081
vn 0.25384 0.78009 -0.57186
vn 0.28304 0.88029 -0.38076
vn 0.284 0.8796 -0.38163
vn 0.27227 0.93756 -0.21645
vn 0.297 0.9237 -0.24201
vn 0.22561 0.9722 -0.06267
vn 0.27696 0.95372 -0.11712
vn 0.1445 0.983 0.11331
vn 0.22596 0.97369 0.02941
vn 0.09786 0.96506 0.24307
vn 0.1425 0.96939 0.19995
vn 0.11384 0.92106 0.37241
vn 0.09287 0.91585 0.39064
vn 0.17882 0.82279 0.53948
vn 0.09843 0.79634 0.59678
vn 0.0 0.99848 0.05512
vn 0.05512 0.99848 0.0
vn 0.0 0.89891 -0.43813
vn 0.354 0.85797 -0.37225
vn 0.39753 0.81841 -0.41494
vn 0.31943 0.91667 -0.24017
vn 0.36518 0.88506 -0.28865
vn 0.28829 0.9504 -0.11671
vn 0.325 0.93265 -0.15662
vn 0.27965 0.95967 0.02898
vn 0.29023 0.9568 0.01748
vn 0.30675 0.93217 0.19228
vn 0.27239 0.93478 0.22802
vn 0.36057 0.85795 0.36594
vn 0.28049 0.85239 0.44131
vn 0.4013 0.82335 -0.4013
vn 0.38184 0.78342 -0.49037
vn 0.46304 0.79054 -0.4008
vn 0.44754 0.85019 -0.27728
vn 0.47958 0.81877 -0.31561
vn 0.46409 0.87356 -0.1467
vn 0.46103 0.87582 -0.14282
vn 0.50527 0.86282 0.01576
vn 0.46821 0.8813 0.06398
vn 0.55042 0.81111 0.19786
vn 0.48524 0.82861 0.27919
vn 0.0 0.83348 0.55254
vn 0.55254 0.83348 0.0
vn 0.53057 0.84764 0.0
vn 0.0 0.79386 0.6081
vn 0.6081 0.79386 0.0
vn 0.55955 0.8288 0.0
vn 0.56985 0.81199 0.12629
vn 0.0 0.81854 0.57445
vn 0.57445 0.81854 0.0
f 1//1 2//1 3//1
f 4//2 5//2 6//2
f 7//3 8//3 9//3
f 10//4 11//4 12//4
f 13//5 14//5 15//5
f 16//6 17//6 18//6
f 19//7 20//7 21//7
f 22//8 23//8 24//8
f 25//9 26//9 27//9
f 28//10 29//10 30//10
f 31//11 32//11 33//11
f 34//12 35//12 36//12
f 37//13 38//13 39//13
f 40//14 41//14 42//14
f 43//15 44//15 45//15
f 46//16 47//16 48//16
f 49//17 50//17 51//17
f 52//18 53//18 54//18
f 55//19 56//19 57//19
f 58//20 59//20 60//20
f 61//21 62//21 63//21
f 64//22 65//22 66//22
f 67//23 68//23 69//23
f 70//24 71//24 72//24
f 73//25 74//25 75//25
f 76//26 77//26 78//26
f 79//27 80//27 81//27
f 82//28 83//28 84//28
f 85//29 86//29 87//29
f 88//30 89//30 90//30
f 91//31 92//31 93//31
f 94//32 95//32 96//32
f 97//33 98//33 99//33
f 100//34 101//34 102//34
f 103//35 104//35 105//35
f 106//36 107//36 108//36
f 109//37 110//37 111//37
f 112//38 113//38 114//38
f 115//39 116//39 117//39
f 118//40 119//40 120//40
f 121//41 122//41 123//41
f 124//42 125//42 126//42
f 127//43 128//43 129//43
f 130//44 131//44 132//44
f 133//45 134//45 135//45
f 136//46 137//46 138//46
f 139//47 140//47 141//47
f 142//48 143//48 144//48
f 145//49 146//49 147//49
f 148//50 149//50 150//50
f 151//51 152//51 153//51
f 154//52 155//52 156//52
f 157//53 158//53 159//53
f 160//54 161//54 162//54
f 163//55 164//55 165//55
f 166//56 167//56 168//56
f 169//57 170//57 171//57
f 172//58 173//58 174//58
f 175//59 176//59 177//59
f 178//60 179//60 180//60
f 181//61 182//61 183//61
f 184//62 185//62 186//62
f 187//63 188//63 189//63
f 190//64 191//64 192//64
f 193//65 194//65 195//65
f 196//66 197//66 198//66
f 199//67 200//67 201//67
f 202//68 203//68 204//68
f 205//69 206//69 207//69
f 208//70 209//70 210//70
f 211//71 212//71 213//71
f 214//72 215//72 216//72
f 217//73 218//73 219//73
f 220//74 221//74 222//74
f 223//75 224//75 225//75
f 226//76 227//76 228//76
f 229//77 230//77 231//77
f 232//78 233//78 234//78
f 235//79 236//79 237//79
f 238//80 239//80 240//80
f 241//81 242//81 243//81
f 244//82 245//82 246//82
f 247//83 248//83 249//83
f 250//84 251//84 252//84
f 253//85 254//85 255//85
f 256//86 257//86 258//86
f 259//87 260//87 261//87
f 262//88 263//88 264//88
f 265//89 266//89 267//89
f 268//90 269//90 270//90
f 271//91 272//91 273//91
f 274//92 275//92 276//92
f 277//93 278//93 279//93
f 280//94 281//94 282//94
f 283//95 284//95 285//95
f 286//96 287//96 288//96
f 289//97 290//97 291//97
f 292//98 293//98 294//98
f 295//99 296//99 297//99
f 298//100 299//100 300//100
f 301//101 302//101 303//101
f 304//102 305//102 306//102
f 307//103 308//103 309//103
f 310//104 311//104 312//104
f 313//105 314//105 315//105
f 316//106 317//106 318//106
f 319//107 320//107 321//107
f 322//108 323//108 324//108
f 325//109 326//109 327//109
f 328//110 329//110 330//110
f 331//111 332//111 333//111
f 334//112 335//112 336//112
f 337//113 338//113 339//113
f 340//114 341//114 342//114
f 343//115 344//115 345//115
f 346//116 347//116 348//116
f 349//117 350//117 351//117
f 352//118 353//118 354//118
f 355//119 356//119 357//119
f 358//120 359//120 360//120
f 361//121 362//121 363//121
f 364//122 365//122 366//122
f 367//123 368//123 369//123
f 370//124 371//124 372//124
f 373//125 374//125 375//125
f 376//126 377//126 378//126
f 379//127 380//127 381//127
f 382//128 383//128 384//128
f 385//129 386//129 387//129
f 388//130 389//130 390//130
f 391//131 392//131 393//131
f 394//132 395//132 396//132
f 397//133 398//133 399//133
f 400//134 401//134 402//134
f 403//135 404//135 405//135
f 406//136 407//136 408//136
f 409//137 410//137 411//137
f 412//138 413//138 414//138
f 415//139 416//139 417//139
f 418//140 419//140 420//140
f 421//141 422//141 423//141
f 424//142 425//142 426//142
f 427//143 428//143 429//143
f 430//144 431//144 432//144
f 433//145 434//145 435//145
f 436//146 437//146 438//146
f 439//147 440//147 441//147
f 442//148 443//148 444//148
f 445//149 446//149 447//149
f 448//150 449//150 450//150
f 451//151 452//151 453//151
f 454//152 455//152 456//152
f 457//153 458//153 459//153
f 460//154 461//154 462//154
f 463//155 464//155 465//155
f 466//156 467//156 468//156
f 469//157 470//157 471//157
f 472//158 473//158 474//158
f 475//159 476//159 477//159
f 478//160 479//160 480//160
f 481//161 482//161 483//161
f 484//162 485//162 486//162
f 487//163 488//163 489//163
f 490//164 491//164 492//164
f 493//165 494//165 495//165
f 496//166 497//166 498//166
f 499//167 500//167 501//167
f 502//168 503//168 504//168
f 505//169 506//169 507//169
f 508//170 509//170 510//170
f 511//171 512//171 513//171
f 514//172 515//172 516//172
f 517//173 518//173 519//173
f 520//174 521//174 522//174
f 523//175 524//175 525//175
f 526//176 527//176 528//176
f 529//177 530//177 531//177
f 532//178 533//178 534//178
f 535//179 536//179 537//179
f 538//180 539//180 540//180
f 541//181 542//181 543//181
f 544//182 545//182 546//182
f 547//183 548//183 549//183
f 550//184 551//184 552//184
f 553//185 554//185 555//185
f 556//186 557//186 558//186
f 559//187 560//187 561//187
f 562//188 563//188 564//188
f 565//189 566//189 567//189
f 568//190 569//190 570//190
f 571//191 572//191 573//191
f 574//192 575//192 576//192
f 577//193 578//193 579//193
f 580//194 581//194 582//194
f 583//195 584//195 585//195
f 586//196 587//196 588//196
f 589//197 590//197 591//197
f 592//198 593//198 594//198
f 595//199 596//199 597//199
f 598//200 599//200 600//200
f 601//201 602//201 603//201
f 604//202 605//202 606//202
f 607//203 608//203 609//203
f 610//204 611//204 612//204
f 613//205 614//205 615//205
f 616//206 617//206 618//206
f 619//207 620//207 621//207
f 622//208 623//208 624//208
f 625//209 626//209 627//209
f 628//210 629//210 630//210
f 631//211 632//211 633//211
f 634//212 635//212 636//212
f 637//213 638//213 639//213
f 640//214 641//214 642//214
f 643//215 644//215 645//215
f 646//216 647//216 648//216
f 649//217 650//217 651//217
f 652//218 653//218 654//218
f 655//219 656//219 657//219
f 658//220 659//220 660//220
f 661//221 662//221 663//221
f 664//222 665//222 666//222
f 667//223 668//223 669//223
f 670//224 671//224 672//224
f 673//225 674//225 675//225
f 676//226 677//226 678//226
f 679//227 680//227 681//227
f 682//228 683//228 684//228
f 685//229 686//229 687//229
f 688//230 689//230 690//230
f 691//231 692//231 693//231
f 694//232 695//232 696//232
f 697//233 698//233 699//233
f 700//234 701//234 702//234
f 703//235 704//235 705//235
f 706//236 707//236 708//236
f 709//237 710//237 711//237
f 712//238 713//238 714//238
f 715//239 716//239 717//239
f 718//240 719//240 720//240
f 721//241 722//241 723//241
f 724//242 725//242 726//242
f 727//243 728//243 729//243
f 730//244 731//244 732//244
f 733//245 734//245 735//245
f 736//246 737//246 738//246
f 739//247 740//247 741//247
f 742//248 743//248 744//248
f 745//249 746//249 747//249
f 748//250 749//250 750//250
f 751//251 752//251 753//251
f 754//252 755//252 756//252
f 757//253 758//253 759//253
f 760//254 761//254 762//254
f 763//255 764//255 765//255
f 766//256 767//256 768//256
f 769//257 770//257 771//257
f 772//258 773//258 774//258
f 775//259 776//259 777//259
f 778//260 779//260 780//260
f 781//261 782//261 783//261
f 784//262 785//262 786//262
f 787//263 788//263 789//263
f 790//264 791//264 792//264
f 793//265 794//265 795//265
f 796//266 797//266 798//266
f 799//267 800//267 801//267
f 802//268 803//268 804//268
f 805//269 806//269 807//269
f 808//270 809//270 810//270
f 811//271 812//271 813//271
f 814//272 815//272 816//272
f 817//273 818//273 819//273
f 820//274 821//274 822//274
f 823//275 824//275 825//275
f 826//276 827//276 828//276
f 829//277 830//277 831//277
f 832//278 833//278 834//278
f 835//279 836//279 837//279
f 838//280 839//280 840//280
f 841//281 842//281 843//281
f 844//282 845//282 846//282
f 847//283 848//283 849//283
f 850//284 851//284 852//284
f 853//285 854//285 855//285
f 856//286 857//286 858//286
f 859//287 860//287 861//287
f 862//288 863//288 864//288
f 865//289 866//289 867//289
f 868//290 869//290 870//290
f 871//291 872//291 873//291
f 874//292 875//292 876//292
f 877//293 878//293 879//293
f 880//294 881//294 882//294
f 883//295 884//295 885//295
f 886//296 887//296 888//296
f 889//297 890//297 891//297
f 892//298 893//298 894//298
f 895//299 896//299 897//299
f 898//300 899//300 900//300
f 901//301 902//301 903//301
f 904//302 905//302 906//302
f 907//303 908//303 909//303
f 910//304 911//304 912//304
f 913//305 914//305 915//305
f 916//306 917//306 918//306
f 919//307 920//307 921//307
f 922//308 923//308 924//308
f 925//309 926//309 927//309
f 928//310 929//310 930//310
f 931//311 932//311 933//311
f 934//312 935//312 936//312
f 937//313 938//313 939//313
f 940//314 941//314 942//314
f 943//315 944//315 945//315
f 946//316 947//316 948//316
f 949//317 950//317 951//317
f 952//318 953//318 954//318
f 955//319 956//319 957//319
f 958//320 959//320 960//320
f 961//321 962//321 963//321
f 964//322 965//322 966//322
f 967//323 968//323 969//323
f 970//324 971//324 972//324
f 973//325 974//325 975//325
f 976//326 977//326 978//326
f 979//327 980//327 981//327
f 982//328 983//328 984//328
f 985//329 986//329 987//329
f 988//330 989//330 990//330
f 991//331 992//331 993//331
f 994//332 995//332 996//332
f 997//333 998//333 999//333
f 1000//334 1001//334 1002//334
f 1003//335 1004//335 1005//335
f 1006//336 1007//336 1008//336
f 1009//337 1010//337 1011//337
f 1012//338 1013//338 1014//338
f 1015//339 1016//339 1017//339
f 1018//340 1019//340 1020//340
f 1021//341 1022//341 1023//341
f 1024//342 1025//342 1026//342
f 1027//343 1028//343 1029//343
f 1030//344 1031//344 1032//344
f 1033//345 1034//345 1035//345
f 1036//346 1037//346 1038//346
f 1039//347 1040//347 1041//347
f 1042//348 1043//348 1044//348
f 1045//349 1046//349 1047//349
f 1048//350 1049//350 1050//350
f 1051//351 1052//351 1053//351
f 1054//352 1055//352 1056//352
f 1057//353 1058//353 1059//353
f 1060//354 1061//354 1062//354
f 1063//355 1064//355 1065//355
f 1066//356 1067//356 1068//356
f 1069//357 1070//357 1071//357
f 1072//358 1073//358 1074//358
f 1075//359 1076//359 1077//359
f 1078//360 1079//360 1080//360
f 1081//361 1082//361 1083//361
f 1084//362 1085//362 1086//362
f 1087//363 1088//363 1089//363
f 1090//364 1091//364 1092//364
f 1093//365 1094//365 1095//365
f 1096//366 1097//366 1098//366
f 1099//367 1100//367 1101//367
f 1102//368 1103//368 1104//368
f 1105//369 1106//369 1107//369
f 1108//370 1109//370 1110//370
f 1111//371 1112//371 1113//371
f 1114//372 1115//372 1116//372
f 1117//373 1118//373 1119//373
f 1120//374 1121//374 1122//374
f 1123//375 1124//375 1125//375
f 1126//376 1127//376 1128//376
f 1129//377 1130//377 1131//377
f 1132//378 1133//378 1134//378
f 1135//379 1136//379 1137//379
f 1138//380 1139//380 1140//380
f 1141//381 1142//381 1143//381
f 1144//382 1145//382 1146//382
f 1147//383 1148//383 1149//383
f 1150//384 1151//384 1152//384
f 1153//385 1154//385 1155//385
f 1156//386 1157//386 1158//386
f 1159//387 1160//387 1161//387
f 1162//388 1163//388 1164//388
f 1165//389 1166//389 1167//389
f 1168//390 1169//390 1170//390
f 1171//391 1172//391 1173//391
f 1174//392 1175//392 1176//392
f 1177//393 1178//393 1179//393
f 1180//394 1181//394 1182//394
f 1183//395 1184//395 1185//395
f 1186//396 1187//396 1188//396
f 1189//397 1190//397 1191//397
f 1192//398 1193//398 1194//398
f 1195//399 1196//399 1197//399
f 1198//400 1199//400 1200//400
f 1201//401 1202//401 1203//401
f 1204//402 1205//402 1206//402
f 1207//403 1208//403 1209//403
f 1210//404 1211//404 1212//404
f 1213//405 1214//405 1215//405
f 1216//406 1217//406 1218//406
f 1219//407 1220//407 1221//407
f 1222//408 1223//408 1224//408
f 1225//409 1226//409 1227//409
f 1228//410 1229//410 1230//410
f 1231//411 1232//411 1233//411
f 1234//412 1235//412 1236//412
f 1237//413 1238//413 1239//413
f 1240//414 1241//414 1242//414
f 1243//415 1244//415 1245//415
f 1246//416 1247//416 1248//416
f 1249//417 1250//417 1251//417
f 1252//418 1253//418 1254//418
f 1255//419 1256//419 1257//419
f 1258//420 1259//420 1260//420
f 1261//421 1262//421 1263//421
f 1264//422 1265//422 1266//422
f 1267//423 1268//423 1269//423
f 1270//424 1271//424 1272//424
f 1273//425 1274//425 1275//425
f 1276//426 1277//426 1278//426
f 1279//427 1280//427 1281//427
f 1282//428 1283//428 1284//428
f 1285//429 1286//429 1287//429
f 1288//430 1289//430 1290//430
f 1291//431 1292//431 1293//431
f 1294//432 1295//432 1296//432
f 1297//433 1298//433 1299//433
f 1300//434 1301//434 1302//434
f 1303//435 1304//435 1305//435
f 1306//436 1307//436 1308//436
f 1309//437 1310//437 1311//437
f 1312//438 1313//438 1314//438
f 1315//439 1316//439 1317//439
f 1318//440 1319//440 1320//440
f 1321//441 1322//441 1323//441
f 1324//442 1325//442 1326//442
f 1327//443 1328//443 1329//443
f 1330//444 1331//444 1332//444
f 1333//445 1334//445 1335//445
f 1336//446 1337//446 1338//446
f 1339//447 1340//447 1341//447
f 1342//448 1343//448 1344//448
f 1345//449 1346//449 1347//449
f 1348//450 1349//450 1350//450
f 1351//451 1352//451 1353//451
f 1354//452 1355//452 1356//452
f 1357//453 1358//453 1359//453
f 1360//454 1361//454 1362//454
f 1363//455 1364//455 1365//455
f 1366//456 1367//456 1368//456
f 1369//457 1370//457 1371//457
f 1372//458 1373//458 1374//458
f 1375//459 1376//459 1377//459
f 1378//460 1379//460 1380//460
f 1381//461 1382//461 1383//461
f 1384//462 1385//462 1386//462
f 1387//463 1388//463 1389//463
f 1390//464 1391//464 1392//464
f 1393//465 1394//465 1395//465
f 1396//466 1397//466 1398//466
f 1399//467 1400//467 1401//467
f 1402//468 1403//468 1404//468
f 1405//469 1406//469 1407//469
f 1408//470 1409//470 1410//470
f 1411//471 1412//471 1413//471
f 1414//472 1415//472 1416//472
f 1417//473 1418//473 1419//473
f 1420//474 1421//474 1422//474
f 1423//475 1424//475 1425//475
f 1426//476 1427//476 1428//476
f 1429//477 1430//477 1431//477
f 1432//478 1433//478 1434//478
f 1435//479 1436//479 1437//479
f 1438//480 1439//480 1440//480
f 1441//481 1442//481 1443//481
f 1444//482 1445//482 1446//482
f 1447//483 1448//483 1449//483
f 1450//484 1451//484 1452//484
f 1453//485 1454//485 1455//485
f 1456//486 1457//486 1458//486
f 1459//487 1460//487 1461//487
f 1462//488 1463//488 1464//488
f 1465//489 1466//489 1467//489
f 1468//490 1469//490 1470//490
f 1471//491 1472//491 1473//491
f 1474//492 1475//492 1476//492
f 1477//493 1478//493 1479//493
f 1480//494 1481//494 1482//494
f 1483//495 1484//495 1485//495
f 1486//496 1487//496 1488//496
f 1489//497 1490//497 1491//497
f 1492//498 1493//498 1494//498
f 1495//499 1496//499 1497//499
f 1498//500 1499//500 1500//500
f 1501//501 1502//501 1503//501
f 1504//502 1505//502 1506//502
f 1507//503 1508//503 1509//503
f 1510//504 1511//504 1512//504
f 1513//505 1514//505 1515//505
f 1516//506 1517//506 1518//506
f 1519//507 1520//507 1521//507
f 1522//508 1523//508 1524//508
f 1525//509 1526//509 1527//509
f 1528//510 1529//510 1530//510
f 1531//511 1532//511 1533//511
f 1534//512 1535//512 1536//512
f 1537//513 1538//513 1539//513
f 1540//514 1541//514 1542//514
f 1543//515 1544//515 1545//515
f 1546//516 1547//516 1548//516
f 1549//517 1550//517 1551//517
f 1552//518 1553//518 1554//518
f 1555//519 1556//519 1557//519
f 1558//520 1559//520 1560//520
f 1561//521 1562//521 1563//521
f 1564//522 1565//522 1566//522
f 1567//523 1568//523 1569//523
f 1570//524 1571//524 1572//524
f 1573//525 1574//525 1575//525
f 1576//526 1577//526 1578//526
f 1579//527 1580//527 1581//527
f 1582//528 1583//528 1584//528
f 1585//529 1586//529 1587//529
f 1588//530 1589//530 1590//530
f 1591//531 1592//531 1593//531
f 1594//532 1595//532 1596//532
f 1597//533 1598//533 1599//533
f 1600//534 1601//534 1602//534
f 1603//535 1604//535 1605//535
f 1606//536 1607//536 1608//536
f 1609//537 1610//537 1611//537
f 1612//538 1613//538 1614//538
f 1615//539 1616//539 1617//539
f 1618//540 1619//540 1620//540
f 1621//541 1622//541 1623//541
f 1624//542 1625//542 1626//542
f 1627//543 1628//543 1629//543
f 1630//544 1631//544 1632//544
f 1633//545 1634//545 1635//545
f 1636//546 1637//546 1638//546
f 1639//547 1640//547 1641//547
f 1642//548 1643//548 1644//548
f 1645//549 1646//549 1647//549
f 1648//550 1649//550 1650//550
f 1651//551 1652//551 1653//551
f 1654//552 1655//552 1656//552
f 1657//553 1658//553 1659//553
f 1660//554 1661//554 1662//554
f 1663//555 1664//555 1665//555
f 1666//556 1667//556 1668//556
f 1669//557 1670//557 1671//557
f 1672//558 1673//558 1674//558
f 1675//559 1676//559 1677//559
f 1678//560 1679//560 1680//560
f 1681//561 1682//561 1683//561
f 1684//562 1685//562 1686//562
f 1687//563 1688//563 1689//563
f 1690//564 1691//564 1692//564
f 1693//565 1694//565 1695//565
f 1696//566 1697//566 1698//566
f 1699//567 1700//567 1701//567
f 1702//568 1703//568 1704//568
f 1705//569 1706//569 1707//569
f 1708//570 1709//570 1710//570
f 1711//571 1712//571 1713//571
f 1714//572 1715//572 1716//572
f 1717//573 1718//573 1719//573
f 1720//574 1721//574 1722//574
f 1723//575 1724//575 1725//575
f 1726//576 1727//576 1728//576
f 1729//577 1730//577 1731//577
f 1732//578 1733//578 1734//578
f 1735//579 1736//579 1737//579
f 1738//580 1739//580 1740//580
f 1741//581 1742//581 1743//581
f 1744//582 1745//582 1746//582
f 1747//583 1748//583 1749//583
f 1750//584 1751//584 1752//584
f 1753//585 1754//585 1755//585
f 1756//586 1757//586 1758//586
f 1759//587 1760//587 1761//587
f 1762//588 1763//588 1764//588
f 1765//589 1766//589 1767//589
f 1768//590 1769//590 1770//590
f 1771//591 1772//591 1773//591
f 1774//592 1775//592 1776//592
f 1777//593 1778//593 1779//593
f 1780//594 1781//594 1782//594
f 1783//595 1784//595 1785//595
f 1786//596 1787//596 1788//596
f 1789//597 1790//597 1791//597
f 1792//598 1793//598 1794//598
f 1795//599 1796//599 1797//599
f 1798//600 1799//600 1800//600
f 1801//601 1802//601 1803//601
f 1804//602 1805//602 1806//602
f 1807//603 1808//603 1809//603
f 1810//604 1811//604 1812//604
f 1813//605 1814//605 1815//605
f 1816//606 1817//606 1818//606
f 1819//607 1820//607 1821//607
f 1822//608 1823//608 1824//608
f 1825//609 1826//609 1827//609
f 1828//610 1829//610 1830//610
f 1831//611 1832//611 1833//611
f 1834//612 1835//612 1836//612
f 1837//613 1838//613 1839//613
f 1840//614 1841//614 1842//614
f 1843//615 1844//615 1845//615
f 1846//616 1847//616 1848//616
f 1849//617 1850//617 1851//617
f 1852//618 1853//618 1854//618
f 1855//619 1856//619 1857//619
f 1858//620 1859//620 1860//620
f 1861//621 1862//621 1863//621
f 1864//622 1865//622 1866//622
f 1867//623 1868//623 1869//623
f 1870//624 1871//624 1872//624
f 1873//625 1874//625 1875//625
f 1876//626 1877//626 1878//626
f 1879//627 1880//627 1881//627
f 1882//628 1883//628 1884//628
f 1885//629 1886//629 1887//629
f 1888//630 1889//630 1890//630
f 1891//631 1892//631 1893//631
f 1894//632 1895//632 1896//632
f 1897//633 1898//633 1899//633
f 1900//634 1901//634 1902//634
f 1903//635 1904//635 1905//635
f 1906//636 1907//636 1908//636
f 1909//637 1910//637 1911//637
f 1912//638 1913//638 1914//638
f 1915//639 1916//639 1917//639
f 1918//640 1919//640 1920//640
f 1921//641 1922//641 1923//641
f 1924//642 1925//642 1926//642
f 1927//643 1928//643 1929//643
f 1930//644 1931//644 1932//644
f 1933//645 1934//645 1935//645
f 1936//646 1937//646 1938//646
f 1939//647 1940//647 1941//647
f 1942//648 1943//648 1944//648
f 1945//649 1946//649 1947//649
f 1948//650 1949//650 1950//650
f 1951//651 1952//651 1953//651
f 1954//652 1955//652 1956//652
f 1957//653 1958//653 1959//653
f 1960//654 1961//654 1962//654
f 1963//655 1964//655 1965//655
f 1966//656 1967//656 1968//656
f 1969//657 1970//657 1971//657
f 1972//658 1973//658 1974//658
f 1975//659 1976//659 1977//659
f 1978//660 1979//660 1980//660
f 1981//661 1982//661 1983//661
f 1984//662 1985//662 1986//662
f 1987//663 1988//663 1989//663
f 1990//664 1991//664 1992//664
f 1993//665 1994//665 1995//665
f 1996//666 1997//666 1998//666
f 1999//667 2000//667 2001//667
f 2002//668 2003//668 2004//668
f 2005//669 2006//669 2007//669
f 2008//670 2009//670 2010//670
f 2011//671 2012//671 2013//671
f 2014//672 2015//672 2016//672
f 2017//673 2018//673 2019//673
f 2020//674 2021//674 2022//674
f 2023//675 2024//675 2025//675
f 2026//676 2027//676 2028//676
f 2029//677 2030//677 2031//677
f 2032//678 2033//678 2034//678
f 2035//679 2036//679 2037//679
f 2038//680 2039//680 2040//680
f 2041//681 2042//681 2043//681
f 2044//682 2045//682 2046//682
f 2047//683 2048//683 2049//683
f 2050//684 2051//684 2052//684
f 2053//685 2054//685 2055//685
f 2056//686 2057//686 2058//686
f 2059//687 2060//687 2061//687
f 2062//688 2063//688 2064//688
f 2065//689 2066//689 2067//689
f 2068//690 2069//690 2070//690
f 2071//691 2072//691 2073//691
f 2074//692 2075//692 2076//692
f 2077//693 2078//693 2079//693
f 2080//694 2081//694 2082//694
f 2083//695 2084//695 2085//695
f 2086//696 2087//696 2088//696
f 2089//697 2090//697 2091//697
f 2092//698 2093//698 2094//698
f 2095//699 2096//699 2097//699
f 2098//700 2099//700 2100//700
f 2101//701 2102//701 2103//701
f 2104//702 2105//702 2106//702
f 2107//703 2108//703 2109//703
f 2110//704 2111//704 2112//704
f 2113//705 2114//705 2115//705
f 2116//706 2117//706 2118//706
f 2119//707 2120//707 2121//707
f 2122//708 2123//708 2124//708
f 2125//709 2126//709 2127//709
f 2128//710 2129//710 2130//710
f 2131//711 2132//711 2133//711
f 2134//712 2135//712 2136//712
f 2137//713 2138//713 2139//713
f 2140//714 2141//714 2142//714
f 2143//715 2144//715 2145//715
f 2146//716 2147//716 2148//716
f 2149//717 2150//717 2151//717
f 2152//718 2153//718 2154//718
f 2155//719 2156//719 2157//719
f 2158//720 2159//720 2160//720
f 2161//721 2162//721 2163//721
f 2164//722 2165//722 2166//722
f 2167//723 2168//723 2169//723
f 2170//724 2171//724 2172//724
f 2173//725 2174//725 2175//725
f 2176//726 2177//726 2178//726
f 2179//727 2180//727 2181//727
f 2182//728 2183//728 2184//728
f 2185//729 2186//729 2187//729
f 2188//730 2189//730 2190//730
f 2191//731 2192//731 2193//731
f 2194//732 2195//732 2196//732
f 2197//733 2198//733 2199//733
f 2200//734 2201//734 2202//734
f 2203//735 2204//735 2205//735
f 2206//736 2207//736 2208//736
f 2209//737 2210//737 2211//737
f 2212//738 2213//738 2214//738
f 2215//739 2216//739 2217//739
f 2218//740 2219//740 2220//740
f 2221//741 2222//741 2223//741
f 2224//742 2225//742 2226//742
f 2227//743 2228//743 2229//743
f 2230//744 2231//744 2232//744
f 2233//745 2234//745 2235//745
f 2236//746 2237//746 2238//746
f 2239//747 2240//747 2241//747
f 2242//748 2243//748 2244//748
f 2245//749 2246//749 2247//749
f 2248//750 2249//750 2250//750
f 2251//751 2252//751 2253//751
f 2254//752 2255//752 2256//752
f 2257//753 2258//753 2259//753
f 2260//754 2261//754 2262//754
f 2263//755 2264//755 2265//755
f 2266//756 2267//756 2268//756
f 2269//757 2270//757 2271//757
f 2272//758 2273//758 2274//758
f 2275//759 2276//759 2277//759
f 2278//760 2279//760 2280//760
f 2281//761 2282//761 2283//761
f 2284//762 2285//762 2286//762
f 2287//763 2288//763 2289//763
f 2290//764 2291//764 2292//764
f 2293//765 2294//765 2295//765
f 2296//766 2297//766 2298//766
f 2299//767 2300//767 2301//767
f 2302//768 2303//768 2304//768
f 2305//769 2306//769 2307//769
f 2308//770 2309//770 2310//770
f 2311//771 2312//771 2313//771
f 2314//772 2315//772 2316//772
f 2317//773 2318//773 2319//773
f 2320//774 2321//774 2322//774
f 2323//775 2324//775 2325//775
f 2326//776 2327//776 2328//776
f 2329//777 2330//777 2331//777
f 2332//778 2333//778 2334//778
f 2335//779 2336//779 2337//779
f 2338//780 2339//780 2340//780
f 2341//781 2342//781 2343//781
f 2344//782 2345//782 2346//782
f 2347//783 2348//783 2349//783
f 2350//784 2351//784 2352//784
f 2353//785 2354//785 2355//785
f 2356//786 2357//786 2358//786
f 2359//787 2360//787 2361//787
f 2362//788 2363//788 2364//788
f 2365//789 2366//789 2367//789
f 2368//790 2369//790 2370//790
f 2371//791 2372//791 2373//791
f 2374//792 2375//792 2376//792
f 2377//793 2378//793 2379//793
f 2380//794 2381//794 2382//794
f 2383//795 2384//795 2385//795
f 2386//796 2387//796 2388//796
f 2389//797 2390//797 2391//797
f 2392//798 2393//798 2394//798
f 2395//799 2396//799 2397//799
f 2398//800 2399//800 2400//800
f 2401//801 2402//801 2403//801
f 2404//802 2405//802 2406//802
f 2407//803 2408//803 2409//803
f 2410//804 2411//804 2412//804
f 2413//805 2414//805 2415//805
f 2416//806 2417//806 2418//806
f 2419//807 2420//807 2421//807
f 2422//808 2423//808 2424//808
f 2425//809 2426//809 2427//809
f 2428//810 2429//810 2430//810
f 2431//811 2432//811 2433//811
f 2434//812 2435//812 2436//812
f 2437//813 2438//813 2439//813
f 2440//814 2441//814 2442//814
f 2443//815 2444//815 2445//815
f 2446//816 2447//816 2448//816
f 2449//817 2450//817 2451//817
f 2452//818 2453//818 2454//818
f 2455//819 2456//819 2457//819
f 2458//820 2459//820 2460//820
f 2461//821 2462//821 2463//821
f 2464//822 2465//822 2466//822
f 2467//823 2468//823 2469//823
f 2470//824 2471//824 2472//824
f 2473//825 2474//825 2475//825
f 2476//826 2477//826 2478//826
f 2479//827 2480//827 2481//827
f 2482//828 2483//828 2484//828
f 2485//829 2486//829 2487//829
f 2488//830 2489//830 2490//830
f 2491//831 2492//831 2493//831
f 2494//832 2495//832 2496//832
f 2497//833 2498//833 2499//833
f 2500//834 2501//834 2502//834
f 2503//835 2504//835 2505//835
f 2506//836 2507//836 2508//836
f 2509//837 2510//837 2511//837
f 2512//838 2513//838 2514//838
f 2515//839 2516//839 2517//839
f 2518//840 2519//840 2520//840
f 2521//841 2522//841 2523//841
f 2524//842 2525//842 2526//842
f 2527//843 2528//843 2529//843
f 2530//844 2531//844 2532//844
f 2533//845 2534//845 2535//845
f 2536//846 2537//846 2538//846
f 2539//847 2540//847 2541//847
f 2542//848 2543//848 2544//848
f 2545//849 2546//849 2547//849
f 2548//850 2549//850 2550//850
f 2551//851 2552//851 2553//851
f 2554//852 2555//852 2556//852
f 2557//853 2558//853 2559//853
f 2560//854 2561//854 2562//854
f 2563//855 2564//855 2565//855
f 2566//856 2567//856 2568//856
f 2569//857 2570//857 2571//857
f 2572//858 2573//858 2574//858
f 2575//859 2576//859 2577//859
f 2578//860 2579//860 2580//860
f 2581//861 2582//861 2583//861
f 2584//862 2585//862 2586//862
f 2587//863 2588//863 2589//863
f 2590//864 2591//864 2592//864
f 2593//865 2594//865 2595//865
f 2596//866 2597//866 2598//866
f 2599//867 2600//867 2601//867
f 2602//868 2603//868 2604//868
f 2605//869 2606//869 2607//869
f 2608//870 2609//870 2610//870
f 2611//871 2612//871 2613//871
f 2614//872 2615//872 2616//872
f 2617//873 2618//873 2619//873
f 2620//874 2621//874 2622//874
f 2623//875 2624//875 2625//875
f 2626//876 2627//876 2628//876
f 2629//877 2630//877 2631//877
f 2632//878 2633//878 2634//878
f 2635//879 2636//879 2637//879
f 2638//880 2639//880 2640//880
f 2641//881 2642//881 2643//881
f 2644//882 2645//882 2646//882
f 2647//883 2648//883 2649//883
f 2650//884 2651//884 2652//884
f 2653//885 2654//885 2655//885
f 2656//886 2657//886 2658//886
f 2659//887 2660//887 2661//887
f 2662//888 2663//888 2664//888
f 2665//889 2666//889 2667//889
f 2668//890 2669//890 2670//890
f 2671//891 2672//891 2673//891
f 2674//892 2675//892 2676//892
f 2677//893 2678//893 2679//893
f 2680//894 2681//894 2682//894
f 2683//895 2684//895 2685//895
f 2686//896 2687//896 2688//896
f 2689//897 2690//897 2691//897
f 2692//898 2693//898 2694//898
f 2695//899 2696//899 2697//899
f 2698//900 2699//900 2700//900
f 2701//901 2702//901 2703//901
f 2704//902 2705//902 2706//902
f 2707//903 2708//903 2709//903
f 2710//904 2711//904 2712//904
f 2713//905 2714//905 2715//905
f 2716//906 2717//906 2718//906
f 2719//907 2720//907 2721//907
f 2722//908 2723//908 2724//908
f 2725//909 2726//909 2727//909
f 2728//910 2729//910 2730//910
f 2731//911 2732//911 2733//911
f 2734//912 2735//912 2736//912
f 2737//913 2738//913 2739//913
f 2740//914 2741//914 2742//914
f 2743//915 2744//915 2745//915
f 2746//916 2747//916 2748//916
f 2749//917 2750//917 2751//917
f 2752//918 2753//918 2754//918
f 2755//919 2756//919 2757//919
f 2758//920 2759//920 2760//920
f 2761//921 2762//921 2763//921
f 2764//922 2765//922 2766//922
f 2767//923 2768//923 2769//923
f 2770//924 2771//924 2772//924
f 2773//925 2774//925 2775//925
f 2776//926 2777//926 2778//926
f 2779//927 2780//927 2781//927
f 2782//928 2783//928 2784//928
f 2785//929 2786//929 2787//929
f 2788//930 2789//930 2790//930
f 2791//931 2792//931 2793//931
f 2794//932 2795//932 2796//932
f 2797//933 2798//933 2799//933
f 2800//934 2801//934 2802//934
f 2803//935 2804//935 2805//935
f 2806//936 2807//936 2808//936
f 2809//937 2810//937 2811//937
f 2812//938 2813//938 2814//938
f 2815//939 2816//939 2817//939
f 2818//940 2819//940 2820//940
f 2821//941 2822//941 2823//941
f 2824//942 2825//942 2826//942
f 2827//943 2828//943 2829//943
f 2830//944 2831//944 2832//944
f 2833//945 2834//945 2835//945
f 2836//946 2837//946 2838//946
f 2839//947 2840//947 2841//947
f 2842//948 2843//948 2844//948
f 2845//949 2846//949 2847//949
f 2848//950 2849//950 2850//950
f 2851//951 2852//951 2853//951
f 2854//952 2855//952 2856//952
f 2857//953 2858//953 2859//953
f 2860//954 2861//954 2862//954
f 2863//955 2864//955 2865//955
f 2866//956 2867//956 2868//956
f 2869//957 2870//957 2871//957
f 2872//958 2873//958 2874//958
f 2875//959 2876//959 2877//959
f 2878//960 2879//960 2880//960
f 2881//961 2882//961 2883//961
f 2884//962 2885//962 2886//962
f 2887//963 2888//963 2889//963
f 2890//964 2891//964 2892//964
f 2893//965 2894//965 2895//965
f 2896//966 2897//966 2898//966
f 2899//967 2900//967 2901//967
f 2902//968 2903//968 2904//968
f 2905//969 2906//969 2907//969
f 2908//970 2909//970 2910//970
f 2911//971 2912//971 2913//971
f 2914//972 2915//972 2916//972
f 2917//973 2918//973 2919//973
f 2920//974 2921//974 2922//974
f 2923//975 2924//975 2925//975
f 2926//976 2927//976 2928//976
f 2929//977 2930//977 2931//977
f 2932//978 2933//978 2934//978
f 2935//979 2936//979 2937//979
f 2938//980 2939//980 2940//980
f 2941//981 2942//981 2943//981
f 2944//982 2945//982 2946//982
f 2947//983 2948//983 2949//983
f 2950//984 2951//984 2952//984
f 2953//985 2954//985 2955//985
f 2956//986 2957//986 2958//986
f 2959//987 2960//987 2961//987
f 2962//988 2963//988 2964//988
f 2965//989 2966//989 2967//989
f 2968//990 2969//990 2970//990
f 2971//991 2972//991 2973//991
f 2974//992 2975//992 2976//992
f 2977//993 2978//993 2979//993
f 2980//994 2981//994 2982//994
f 2983//995 2984//995 2985//995
f 2986//996 2987//996 2988//996
f 2989//997 2990//997 2991//997
f 2992//998 2993//998 2994//998
f 2995//999 2996//999 2997//999
f 2998//1000 2999//1000 3000//1000
f 3001//1001 3002//1001 3003//1001
f 3004//1002 3005//1002 3006//1002
f 3007//1003 3008//1003 3009//1003
f 3010//1004 3011//1004 3012//1004
f 3013//1005 3014//1005 3015//1005
f 3016//1006 3017//1006 3018//1006
f 3019//1007 3020//1007 3021//1007
f 3022//1008 3023//1008 3024//1008
f 3025//1009 3026//1009 3027//1009
f 3028//1010 3029//1010 3030//1010
f 3031//1011 3032//1011 3033//1011
f 3034//1012 3035//1012 3036//1012
f 3037//1013 3038//1013 3039//1013
f 3040//1014 3041//1014 3042//1014
f 3043//1015 3044//1015 3045//1015
f 3046//1016 3047//1016 3048//1016
f 3049//1017 3050//1017 3051//1017
f 3052//1018 3053//1018 3054//1018
f 3055//1019 3056//1019 3057//1019
f 3058//1020 3059//1020 3060//1020
f 3061//1021 3062//1021 3063//1021
f 3064//1022 3065//1022 3066//1022
f 3067//1023 3068//1023 3069//1023
f 3070//1024 3071//1024 3072//1024
f 3073//1025 3074//1025 3075//1025
f 3076//1026 3077//1026 3078//1026
f 3079//1027 3080//1027 3081//1027
f 3082//1028 3083//1028 3084//1028
f 3085//1029 3086//1029 3087//1029
f 3088//1030 3089//1030 3090//1030
f 3091//1031 3092//1031 3093//1031
f 3094//1032 3095//1032 3096//1032
f 3097//1033 3098//1033 3099//1033
f 3100//1034 3101//1034 3102//1034
f 3103//1035 3104//1035 3105//1035
f 3106//1036 3107//1036 3108//1036
f 3109//1037 3110//1037 3111//1037
f 3112//1038 3113//1038 3114//1038
f 3115//1039 3116//1039 3117//1039
f 3118//1040 3119//1040 3120//1040
f 3121//1041 3122//1041 3123//1041
f 3124//1042 3125//1042 3126//1042
f 3127//1043 3128//1043 3129//1043
f 3130//1044 3131//1044 3132//1044
f 3133//1045 3134//1045 3135//1045
f 3136//1046 3137//1046 3138//1046
f 3139//1047 3140//1047 3141//1047
f 3142//1048 3143//1048 3144//1048
f 3145//1049 3146//1049 3147//1049
f 3148//1050 3149//1050 3150//1050
f 3151//1051 3152//1051 3153//1051
f 3154//1052 3155//1052 3156//1052
f 3157//1053 3158//1053 3159//1053
f 3160//1054 3161//1054 3162//1054
f 3163//1055 3164//1055 3165//1055
f 3166//1056 3167//1056 3168//1056
f 3169//1057 3170//1057 3171//1057
f 3172//1058 3173//1058 3174//1058
f 3175//1059 3176//1059 3177//1059
f 3178//1060 3179//1060 3180//1060
f 3181//1061 3182//1061 3183//1061
f 3184//1062 3185//1062 3186//1062
f 3187//1063 3188//1063 3189//1063
f 3190//1064 3191//1064 3192//1064
f 3193//1065 3194//1065 3195//1065
f 3196//1066 3197//1066 3198//1066
f 3199//1067 3200//1067 3201//1067
f 3202//1068 3203//1068 3204//1068
f 3205//1069 3206//1069 3207//1069
f 3208//1070 3209//1070 3210//1070
f 3211//1071 3212//1071 3213//1071
f 3214//1072 3215//1072 3216//1072
f 3217//1073 3218//1073 3219//1073
f 3220//1074 3221//1074 3222//1074
f 3223//1075 3224//1075 3225//1075
f 3226//1076 3227//1076 3228//1076
f 3229//1077 3230//1077 3231//1077
f 3232//1078 3233//1078 3234//1078
f 3235//1079 3236//1079 3237//1079
f 3238//1080 3239//1080 3240//1080
f 3241//1081 3242//1081 3243//1081
f 3244//1082 3245//1082 3246//1082
f 3247//1083 3248//1083 3249//1083
f 3250//1084 3251//1084 3252//1084
f 3253//1085 3254//1085 3255//1085
f 3256//1086 3257//1086 3258//1086
f 3259//1087 3260//1087 3261//1087
f 3262//1088 3263//1088 3264//1088
f 3265//1089 3266//1089 3267//1089
f 3268//1090 3269//1090 3270//1090
f 3271//1091 3272//1091 3273//1091
f 3274//1092 3275//1092 3276//1092
f 3277//1093 3278//1093 3279//1093
f 3280//1094 3281//1094 3282//1094
f 3283//1095 3284//1095 3285//1095
f 3286//1096 3287//1096 3288//1096
f 3289//1097 3290//1097 3291//1097
f 3292//1098 3293//1098 3294//1098
f 3295//1099 3296//1099 3297//1099
f 3298//1100 3299//1100 3300//1100
f 3301//1101 3302//1101 3303//1101
f 3304//1102 3305//1102 3306//1102
f 3307//1103 3308//1103 3309//1103
f 3310//1104 3311//1104 3312//1104
f 3313//1105 3314//1105 3315//1105
f 3316//1106 3317//1106 3318//1106
f 3319//1107 3320//1107 3321//1107
f 3322//1108 3323//1108 3324//1108
f 3325//1109 3326//1109 3327//1109
f 3328//1110 3329//1110 3330//1110
f 3331//1111 3332//1111 3333//1111
f 3334//1112 3335//1112 3336//1112
f 3337//1113 3338//1113 3339//1113
f 3340//1114 3341//1114 3342//1114
f 3343//1115 3344//1115 3345//1115
f 3346//1116 3347//1116 3348//1116
f 3349//1117 3350//1117 3351//1117
f 3352//1118 3353//1118 3354//1118
f 3355//1119 3356//1119 3357//1119
f 3358//1120 3359//1120 3360//1120
f 3361//1121 3362//1121 3363//1121
f 3364//1122 3365//1122 3366//1122
f 3367//1123 3368//1123 3369//1123
f 3370//1124 3371//1124 3372//1124
f 3373//1125 3374//1125 3375//1125
f 3376//1126 3377//1126 3378//1126
f 3379//1127 3380//1127 3381//1127
f 3382//1128 3383//1128 3384//1128
f 3385//1129 3386//1129 3387//1129
f 3388//1130 3389//1130 3390//1130
f 3391//1131 3392//1131 3393//1131
f 3394//1132 3395//1132 3396//1132
f 3397//1133 3398//1133 3399//1133
f 3400//1134 3401//1134 3402//1134
f 3403//1135 3404//1135 3405//1135
f 3406//1136 3407//1136 3408//1136
f 3409//1137 3410//1137 3411//1137
f 3412//1138 3413//1138 3414//1138
f 3415//1139 3416//1139 3417//1139
f 3418//1140 3419//1140 3420//1140
f 3421//1141 3422//1141 3423//1141
f 3424//1142 3425//1142 3426//1142
f 3427//1143 3428//1143 3429//1143
f 3430//1144 3431//1144 3432//1144
f 3433//1145 3434//1145 3435//1145
f 3436//1146 3437//1146 3438//1146
f 3439//1147 3440//1147 3441//1147
f 3442//1148 3443//1148 3444//1148
f 3445//1149 3446//1149 3447//1149
f 3448//1150 3449//1150 3450//1150
f 3451//1151 3452//1151 3453//1151
f 3454//1152 3455//1152 3456//1152
f 3457//1153 3458//1153 3459//1153
f 3460//1154 3461//1154 3462//1154
f 3463//1155 3464//1155 3465//1155
f 3466//1156 3467//1156 3468//1156
f 3469//1157 3470//1157 3471//1157
f 3472//1158 3473//1158 3474//1158
f 3475//1159 3476//1159 3477//1159
f 3478//1160 3479//1160 3480//1160
f 3481//1161 3482//1161 3483//1161
f 3484//1162 3485//1162 3486//1162
f 3487//1163 3488//1163 3489//1163
f 3490//1164 3491//1164 3492//1164
f 3493//1165 3494//1165 3495//1165
f 3496//1166 3497//1166 3498//1166
f 3499//1167 3500//1167 3501//1167
f 3502//1168 3503//1168 3504//1168
f 3505//1169 3506//1169 3507//1169
f 3508//1170 3509//1170 3510//1170
f 3511//1171 3512//1171 3513//1171
f 3514//1172 3515//1172 3516//1172
f 3517//1173 3518//1173 3519//1173
f 3520//1174 3521//1174 3522//1174
f 3523//1175 3524//1175 3525//1175
f 3526//1176 3527//1176 3528//1176
f 3529//1177 3530//1177 3531//1177
f 3532//1178 3533//1178 3534//1178
f 3535//1179 3536//1179 3537//1179
f 3538//1180 3539//1180 3540//1180
f 3541//1181 3542//1181 3543//1181
f 3544//1182 3545//1182 3546//1182
f 3547//1183 3548//1183 3549//1183
f 3550//1184 3551//1184 3552//1184
f 3553//1185 3554//1185 3555//1185
f 3556//1186 3557//1186 3558//1186
f 3559//1187 3560//1187 3561//1187
f 3562//1188 3563//1188 3564//1188
f 3565//1189 3566//1189 3567//1189
f 3568//1190 3569//1190 3570//1190
f 3571//1191 3572//1191 3573//1191
f 3574//1192 3575//1192 3576//1192
f 3577//1193 3578//1193 3579//1193
f 3580//1194 3581//1194 3582//1194
f 3583//1195 3584//1195 3585//1195
f 3586//1196 3587//1196 3588//1196
f 3589//1197 3590//1197 3591//1197
f 3592//1198 3593//1198 3594//1198
f 3595//1199 3596//1199 3597//1199
f 3598//1200 3599//1200 3600//1200
f 3601//1201 3602//1201 3603//1201
f 3604//1202 3605//1202 3606//1202
f 3607//1203 3608//1203 3609//1203
f 3610//1204 3611//1204 3612//1204
f 3613//1205 3614//1205 3615//1205
f 3616//1206 3617//1206 3618//1206
f 3619//1207 3620//1207 3621//1207
f 3622//1208 3623//1208 3624//1208
f 3625//1209 3626//1209 3627//1209
f 3628//1210 3629//1210 3630//1210
f 3631//1211 3632//1211 3633//1211
f 3634//1212 3635//1212 3636//1212
f 3637//1213 3638//1213 3639//1213
f 3640//1214 3641//1214 3642//1214
f 3643//1215 3644//1215 3645//1215
f 3646//1216 3647//1216 3648//1216
f 3649//1217 3650//1217 3651//1217
f 3652//1218 3653//1218 3654//1218
f 3655//1219 3656//1219 3657//1219
f 3658//1220 3659//1220 3660//1220
f 3661//1221 3662//1221 3663//1221
f 3664//1222 3665//1222 3666//1222
f 3667//1223 3668//1223 3669//1223
f 3670//1224 3671//1224 3672//1224
f 3673//1225 3674//1225 3675//1225
f 3676//1226 3677//1226 3678//1226
f 3679//1227 3680//1227 3681//1227
f 3682//1228 3683//1228 3684//1228
f 3685//1229 3686//1229 3687//1229
f 3688//1230 3689//1230 3690//1230
f 3691//1231 3692//1231 3693//1231
f 3694//1232 3695//1232 3696//1232
f 3697//1233 3698//1233 3699//1233
f 3700//1234 3701//1234 3702//1234
f 3703//1235 3704//1235 3705//1235
f 3706//1236 3707//1236 3708//1236
f 3709//1237 3710//1237 3711//1237
f 3712//1238 3713//1238 3714//1238
f 3715//1239 3716//1239 3717//1239
f 3718//1240 3719//1240 3720//1240
f 3721//1241 3722//1241 3723//1241
f 3724//1242 3725//1242 3726//1242
f 3727//1243 3728//1243 3729//1243
f 3730//1244 3731//1244 3732//1244
f 3733//1245 3734//1245 3735//1245
f 3736//1246 3737//1246 3738//1246
f 3739//1247 3740//1247 3741//1247
f 3742//1248 3743//1248 3744//1248
f 3745//1249 3746//1249 3747//1249
f 3748//1250 3749//1250 3750//1250
f 3751//1251 3752//1251 3753//1251
f 3754//1252 3755//1252 3756//1252
f 3757//1253 3758//1253 3759//1253
f 3760//1254 3761//1254 3762//1254
f 3763//1255 3764//1255 3765//1255
f 3766//1256 3767//1256 3768//1256
f 3769//1257 3770//1257 3771//1257
f 3772//1258 3773//1258 3774//1258
f 3775//1259 3776//1259 3777//1259
f 3778//1260 3779//1260 3780//1260
f 3781//1261 3782//1261 3783//1261
f 3784//1262 3785//1262 3786//1262
f 3787//1263 3788//1263 3789//1263
f 3790//1264 3791//1264 3792//1264
f 3793//1265 3794//1265 3795//1265
f 3796//1266 3797//1266 3798//1266
f 3799//1267 3800//1267 3801//1267
f 3802//1268 3803//1268 3804//1268
f 3805//1269 3806//1269 3807//1269
f 3808//1270 3809//1270 3810//1270
f 3811//1271 3812//1271 3813//1271
f 3814//1272 3815//1272 3816//1272
f 3817//1273 3818//1273 3819//1273
f 3820//1274 3821//1274 3822//1274
f 3823//1275 3824//1275 3825//1275
f 3826//1276 3827//1276 3828//1276
f 3829//1277 3830//1277 3831//1277
f 3832//1278 3833//1278 3834//1278
f 3835//1279 3836//1279 3837//1279
f 3838//1280 3839//1280 3840//1280
f 3841//1281 3842//1281 3843//1281
f 3844//1282 3845//1282 3846//1282
f 3847//1283 3848//1283 3849//1283
f 3850//1284 3851//1284 3852//1284
f 3853//1285 3854//1285 3855//1285
f 3856//1286 3857//1286 3858//1286
f 3859//1287 3860//1287 3861//1287
f 3862//1288 3863//1288 3864//1288
f 3865//1289 3866//1289 3867//1289
f 3868//1290 3869//1290 3870//1290
f 3871//1291 3872//1291 3873//1291
f 3874//1292 3875//1292 3876//1292
f 3877//1293 3878//1293 3879//1293
f 3880//1294 3881//1294 3882//1294
f 3883//1295 3884//1295 3885//1295
f 3886//1296 3887//1296 3888//1296
f 3889//1297 3890//1297 3891//1297
f 3892//1298 3893//1298 3894//1298
f 3895//1299 3896//1299 3897//1299
f 3898//1300 3899//1300 3900//1300
f 3901//1301 3902//1301 3903//1301
f 3904//1302 3905//1302 3906//1302
f 3907//1303 3908//1303 3909//1303
f 3910//1304 3911//1304 3912//1304
f 3913//1305 3914//1305 3915//1305
f 3916//1306 3917//1306 3918//1306
f 3919//1307 3920//1307 3921//1307
f 3922//1308 3923//1308 3924//1308
f 3925//1309 3926//1309 3927//1309
f 3928//1310 3929//1310 3930//1310
f 3931//1311 3932//1311 3933//1311
f 3934//1312 3935//1312 3936//1312
f 3937//1313 3938//1313 3939//1313
f 3940//1314 3941//1314 3942//1314
f 3943//1315 3944//1315 3945//1315
f 3946//1316 3947//1316 3948//1316
f 3949//1317 3950//1317 3951//1317
f 3952//1318 3953//1318 3954//1318
f 3955//1319 3956//1319 3957//1319
f 3958//1320 3959//1320 3960//1320
f 3961//1321 3962//1321 3963//1321
f 3964//1322 3965//1322 3966//1322
f 3967//1323 3968//1323 3969//1323
f 3970//1324 3971//1324 3972//1324
f 3973//1325 3974//1325 3975//1325
f 3976//1326 3977//1326 3978//1326
f 3979//1327 3980//1327 3981//1327
f 3982//1328 3983//1328 3984//1328
f 3985//1329 3986//1329 3987//1329
f 3988//1330 3989//1330 3990//1330
f 3991//1331 3992//1331 3993//1331
f 3994//1332 3995//1332 3996//1332
f 3997//1333 3998//1333 3999//1333
f 4000//1334 4001//1334 4002//1334
f 4003//1335 4004//1335 4005//1335
f 4006//1336 4007//1336 4008//1336
f 4009//1337 4010//1337 4011//1337
f 4012//1338 4013//1338 4014//1338
f 4015//1339 4016//1339 4017//1339
f 4018//1340 4019//1340 4020//1340
f 4021//1341 4022//1341 4023//1341
f 4024//1342 4025//1342 4026//1342
f 4027//1343 4028//1343 4029//1343
f 4030//1344 4031//1344 4032//1344
f 4033//1345 4034//1345 4035//1345
f 4036//1346 4037//1346 4038//1346
f 4039//1347 4040//1347 4041//1347
f 4042//1348 4043//1348 4044//1348
f 4045//1349 4046//1349 4047//1349
f 4048//1350 4049//1350 4050//1350
f 4051//1351 4052//1351 4053//1351
f 4054//1352 4055//1352 4056//1352
f 4057//1353 4058//1353 4059//1353
f 4060//1354 4061//1354 4062//1354
f 4063//1355 4064//1355 4065//1355
f 4066//1356 4067//1356 4068//1356
f 4069//1357 4070//1357 4071//1357
f 4072//1358 4073//1358 4074//1358
f 4075//1359 4076//1359 4077//1359
f 4078//1360 4079//1360 4080//1360
f 4081//1361 4082//1361 4083//1361
f 4084//1362 4085//1362 4086//1362
f 4087//1363 4088//1363 4089//1363
f 4090//1364 4091//1364 4092//1364
f 4093//1365 4094//1365 4095//1365
f 4096//1366 4097//1366 4098//1366
f 4099//1367 4100//1367 4101//1367
f 4102//1368 4103//1368 4104//1368
f 4105//1369 4106//1369 4107//1369
f 4108//1370 4109//1370 4110//1370
f 4111//1371 4112//1371 4113//1371
f 4114//1372 4115//1372 4116//1372
f 4117//1373 4118//1373 4119//1373
f 4120//1374 4121//1374 4122//1374
f 4123//1375 4124//1375 4125//1375
f 4126//1376 4127//1376 4128//1376
f 4129//1377 4130//1377 4131//1377
f 4132//1378 4133//1378 4134//1378
f 4135//1379 4136//1379 4137//1379
f 4138//1380 4139//1380 4140//1380
f 4141//1381 4142//1381 4143//1381
f 4144//1382 4145//1382 4146//1382
f 4147//1383 4148//1383 4149//1383
f 4150//1384 4151//1384 4152//1384
f 4153//1385 4154//1385 4155//1385
f 4156//1386 4157//1386 4158//1386
f 4159//1387 4160//1387 4161//1387
f 4162//1388 4163//1388 4164//1388
f 4165//1389 4166//1389 4167//1389
f 4168//1390 4169//1390 4170//1390
f 4171//1391 4172//1391 4173//1391
f 4174//1392 4175//1392 4176//1392
f 4177//1393 4178//1393 4179//1393
f 4180//1394 4181//1394 4182//1394
f 4183//1395 4184//1395 4185//1395
f 4186//1396 4187//1396 4188//1396
f 4189//1397 4190//1397 4191//1397
f 4192//1398 4193//1398 4194//1398
f 4195//1399 4196//1399 4197//1399
f 4198//1400 4199//1400 4200//1400
f 4201//1401 4202//1401 4203//1401
f 4204//1402 4205//1402 4206//1402
f 4207//1403 4208//1403 4209//1403
f 4210//1404 4211//1404 4212//1404
f 4213//1405 4214//1405 4215//1405
f 4216//1406 4217//1406 4218//1406
f 4219//1407 4220//1407 4221//1407
f 4222//1408 4223//1408 4224//1408
f 4225//1409 4226//1409 4227//1409
f 4228//1410 4229//1410 4230//1410
f 4231//1411 4232//1411 4233//1411
f 4234//1412 4235//1412 4236//1412
f 4237//1413 4238//1413 4239//1413
f 4240//1414 4241//1414 4242//1414
f 4243//1415 4244//1415 4245//1415
f 4246//1416 4247//1416 4248//1416
f 4249//1417 4250//1417 4251//1417
f 4252//1418 4253//1418 4254//1418
f 4255//1419 4256//1419 4257//1419
f 4258//1420 4259//1420 4260//1420
f 4261//1421 4262//1421 4263//1421
f 4264//1422 4265//1422 4266//1422
f 4267//1423 4268//1423 4269//1423
f 4270//1424 4271//1424 4272//1424
f 4273//1425 4274//1425 4275//1425
f 4276//1426 4277//1426 4278//1426
f 4279//1427 4280//1427 4281//1427
f 4282//1428 4283//1428 4284//1428
f 4285//1429 4286//1429 4287//1429
f 4288//1430 4289//1430 4290//1430
f 4291//1431 4292//1431 4293//1431
f 4294//1432 4295//1432 4296//1432
f 4297//1433 4298//1433 4299//1433
f 4300//1434 4301//1434 4302//1434
f 4303//1435 4304//1435 4305//1435
f 4306//1436 4307//1436 4308//1436
f 4309//1437 4310//1437 4311//1437
f 4312//1438 4313//1438 4314//1438
f 4315//1439 4316//1439 4317//1439
f 4318//1440 4319//1440 4320//1440
f 4321//1441 4322//1441 4323//1441
f 4324//1442 4325//1442 4326//1442
f 4327//1443 4328//1443 4329//1443
f 4330//1444 4331//1444 4332//1444
f 4333//1445 4334//1445 4335//1445
f 4336//1446 4337//1446 4338//1446
f 4339//1447 4340//1447 4341//1447
f 4342//1448 4343//1448 4344//1448
f 4345//1449 4346//1449 4347//1449
f 4348//1450 4349//1450 4350//1450
f 4351//1451 4352//1451 4353//1451
f 4354//1452 4355//1452 4356//1452
f 4357//1453 4358//1453 4359//1453
f 4360//1454 4361//1454 4362//1454
f 4363//1455 4364//1455 4365//1455
f 4366//1456 4367//1456 4368//1456
f 4369//1457 4370//1457 4371//1457
f 4372//1458 4373//1458 4374//1458
f 4375//1459 4376//1459 4377//1459
f 4378//1460 4379//1460 4380//1460
f 4381//1461 4382//1461 4383//1461
f 4384//1462 4385//1462 4386//1462
f 4387//1463 4388//1463 4389//1463
f 4390//1464 4391//1464 4392//1464
f 4393//1465 4394//1465 4395//1465
f 4396//1466 4397//1466 4398//1466
f 4399//1467 4400//1467 4401//1467
f 4402//1468 4403//1468 4404//1468
f 4405//1469 4406//1469 4407//1469
f 4408//1470 4409//1470 4410//1470
f 4411//1471 4412//1471 4413//1471
f 4414//1472 4415//1472 4416//1472
f 4417//1473 4418//1473 4419//1473
f 4420//1474 4421//1474 4422//1474
f 4423//1475 4424//1475 4425//1475
f 4426//1476 4427//1476 4428//1476
f 4429//1477 4430//1477 4431//1477
f 4432//1478 4433//1478 4434//1478
f 4435//1479 4436//1479 4437//1479
f 4438//1480 4439//1480 4440//1480
f 4441//1481 4442//1481 4443//1481
f 4444//1482 4445//1482 4446//1482
f 4447//1483 4448//1483 4449//1483
f 4450//1484 4451//1484 4452//1484
f 4453//1485 4454//1485 4455//1485
f 4456//1486 4457//1486 4458//1486
f 4459//1487 4460//1487 4461//1487
f 4462//1488 4463//1488 4464//1488
f 4465//1489 4466//1489 4467//1489
f 4468//1490 4469//1490 4470//1490
f 4471//1491 4472//1491 4473//1491
f 4474//1492 4475//1492 4476//1492
f 4477//1493 4478//1493 4479//1493
f 4480//1494 4481//1494 4482//1494
f 4483//1495 4484//1495 4485//1495
f 4486//1496 4487//1496 4488//1496
f 4489//1497 4490//1497 4491//1497
f 4492//1498 4493//1498 4494//1498
f 4495//1499 4496//1499 4497//1499
f 4498//1500 4499//1500 4500//1500
f 4501//1501 4502//1501 4503//1501
f 4504//1502 4505//1502 4506//1502
f 4507//1503 4508//1503 4509//1503
f 4510//1504 4511//1504 4512//1504
f 4513//1505 4514//1505 4515//1505
f 4516//1506 4517//1506 4518//1506
f 4519//1507 4520//1507 4521//1507
f 4522//1508 4523//1508 4524//1508
f 4525//1509 4526//1509 4527//1509
f 4528//1510 4529//1510 4530//1510
f 4531//1511 4532//1511 4533//1511
f 4534//1512 4535//1512 4536//1512
f 4537//1513 4538//1513 4539//1513
f 4540//1514 4541//1514 4542//1514
f 4543//1515 4544//1515 4545//1515
f 4546//1516 4547//1516 4548//1516
f 4549//1517 4550//1517 4551//1517
f 4552//1518 4553//1518 4554//1518
f 4555//1519 4556//1519 4557//1519
f 4558//1520 4559//1520 4560//1520
f 4561//1521 4562//1521 4563//1521
f 4564//1522 4565//1522 4566//1522
f 4567//1523 4568//1523 4569//1523
f 4570//1524 4571//1524 4572//1524
f 4573//1525 4574//1525 4575//1525
f 4576//1526 4577//1526 4578//1526
f 4579//1527 4580//1527 4581//1527
f 4582//1528 4583//1528 4584//1528
f 4585//1529 4586//1529 4587//1529
f 4588//1530 4589//1530 4590//1530
f 4591//1531 4592//1531 4593//1531
f 4594//1532 4595//1532 4596//1532
f 4597//1533 4598//1533 4599//1533
f 4600//1534 4601//1534 4602//1534
f 4603//1535 4604//1535 4605//1535
f 4606//1536 4607//1536 4608//1536
f 4609//1537 4610//1537 4611//1537
f 4612//1538 4613//1538 4614//1538
f 4615//1539 4616//1539 4617//1539
f 4618//1540 4619//1540 4620//1540
f 4621//1541 4622//1541 4623//1541
f 4624//1542 4625//1542 4626//1542
f 4627//1543 4628//1543 4629//1543
f 4630//1544 4631//1544 4632//1544
f 4633//1545 4634//1545 4635//1545
f 4636//1546 4637//1546 4638//1546
f 4639//1547 4640//1547 4641//1547
f 4642//1548 4643//1548 4644//1548
f 4645//1549 4646//1549 4647//1549
f 4648//1550 4649//1550 4650//1550
f 4651//1551 4652//1551 4653//1551
f 4654//1552 4655//1552 4656//1552
f 4657//1553 4658//1553 4659//1553
f 4660//1554 4661//1554 4662//1554
f 4663//1555 4664//1555 4665//1555
f 4666//1556 4667//1556 4668//1556
f 4669//1557 4670//1557 4671//1557
f 4672//1558 4673//1558 4674//1558
f 4675//1559 4676//1559 4677//1559
f 4678//1560 4679//1560 4680//1560
f 4681//1561 4682//1561 4683//1561
f 4684//1562 4685//1562 4686//1562
f 4687//1563 4688//1563 4689//1563
f 4690//1564 4691//1564 4692//1564
f 4693//1565 4694//1565 4695//1565
f 4696//1566 4697//1566 4698//1566
f 4699//1567 4700//1567 4701//1567
f 4702//1568 4703//1568 4704//1568
f 4705//1569 4706//1569 4707//1569
f 4708//1570 4709//1570 4710//1570
f 4711//1571 4712//1571 4713//1571
f 4714//1572 4715//1572 4716//1572
f 4717//1573 4718//1573 4719//1573
f 4720//1574 4721//1574 4722//1574
f 4723//1575 4724//1575 4725//1575
f 4726//1576 4727//1576 4728//1576
f 4729//1577 4730//1577 4731//1577
f 4732//1578 4733//1578 4734//1578
f 4735//1579 4736//1579 4737//1579
f 4738//1580 4739//1580 4740//1580
f 4741//1581 4742//1581 4743//1581
f 4744//1582 4745//1582 4746//1582
f 4747//1583 4748//1583 4749//1583
f 4750//1584 4751//1584 4752//1584
f 4753//1585 4754//1585 4755//1585
f 4756//1586 4757//1586 4758//1586
f 4759//1587 4760//1587 4761//1587
f 4762//1588 4763//1588 4764//1588
f 4765//1589 4766//1589 4767//1589
f 4768//1590 4769//1590 4770//1590
f 4771//1591 4772//1591 4773//1591
f 4774//1592 4775//1592 4776//1592
f 4777//1593 4778//1593 4779//1593
f 4780//1594 4781//1594 4782//1594
f 4783//1595 4784//1595 4785//1595
f 4786//1596 4787//1596 4788//1596
f 4789//1597 4790//1597 4791//1597
f 4792//1598 4793//1598 4794//1598
f 4795//1599 4796//1599 4797//1599
f 4798//1600 4799//1600 4800//1600
f 4801//1601 4802//1601 4803//1601
f 4804//1602 4805//1602 4806//1602
f 4807//1603 4808//1603 4809//1603
f 4810//1604 4811//1604 4812//1604
f 4813//1605 4814//1605 4815//1605
f 4816//1606 4817//1606 4818//1606
f 4819//1607 4820//1607 4821//1607
f 4822//1608 4823//1608 4824//1608
f 4825//1609 4826//1609 4827//1609
f 4828//1610 4829//1610 4830//1610
f 4831//1611 4832//1611 4833//1611
f 4834//1612 4835//1612 4836//1612
f 4837//1613 4838//1613 4839//1613
f 4840//1614 4841//1614 4842//1614
f 4843//1615 4844//1615 4845//1615
f 4846//1616 4847//1616 4848//1616
f 4849//1617 4850//1617 4851//1617
f 4852//1618 4853//1618 4854//1618
f 4855//1619 4856//1619 4857//1619
f 4858//1620 4859//1620 4860//1620
f 4861//1621 4862//1621 4863//1621
f 4864//1622 4865//1622 4866//1622
f 4867//1623 4868//1623 4869//1623
f 4870//1624 4871//1624 4872//1624
f 4873//1625 4874//1625 4875//1625
f 4876//1626 4877//1626 4878//1626
f 4879//1627 4880//1627 4881//1627
f 4882//1628 4883//1628 4884//1628
f 4885//1629 4886//1629 4887//1629
f 4888//1630 4889//1630 4890//1630
f 4891//1631 4892//1631 4893//1631
f 4894//1632 4895//1632 4896//1632
f 4897//1633 4898//1633 4899//1633
f 4900//1634 4901//1634 4902//1634
f 4903//1635 4904//1635 4905//1635
f 4906//1636 4907//1636 4908//1636
f 4909//1637 4910//1637 4911//1637
f 4912//1638 4913//1638 4914//1638
f 4915//1639 4916//1639 4917//1639
f 4918//1640 4919//1640 4920//1640
f 4921//1641 4922//1641 4923//1641
f 4924//1642 4925//1642 4926//1642
f 4927//1643 4928//1643 4929//1643
f 4930//1644 4931//1644 4932//1644
f 4933//1645 4934//1645 4935//1645
f 4936//1646 4937//1646 4938//1646
f 4939//1647 4940//1647 4941//1647
f 4942//1648 4943//1648 4944//1648
f 4945//1649 4946//1649 4947//1649
f 4948//1650 4949//1650 4950//1650
f 4951//1651 4952//1651 4953//1651
f 4954//1652 4955//1652 4956//1652
f 4957//1653 4958//1653 4959//1653
f 4960//1654 4961//1654 4962//1654
f 4963//1655 4964//1655 4965//1655
f 4966//1656 4967//1656 4968//1656
f 4969//1657 4970//1657 4971//1657
f 4972//1658 4973//1658 4974//1658
f 4975//1659 4976//1659 4977//1659
f 4978//1660 4979//1660 4980//1660
f 4981//1661 4982//1661 4983//1661
f 4984//1662 4985//1662 4986//1662
f 4987//1663 4988//1663 4989//1663
f 4990//1664 4991//1664 4992//1664
f 4993//1665 4994//1665 4995//1665
f 4996//1666 4997//1666 4998//1666
f 4999//1667 5000//1667 5001//1667
f 5002//1668 5003//1668 5004//1668
f 5005//1669 5006//1669 5007//1669
f 5008//1670 5009//1670 5010//1670
f 5011//1671 5012//1671 5013//1671
f 5014//1672 5015//1672 5016//1672
f 5017//1673 5018//1673 5019//1673
f 5020//1674 5021//1674 5022//1674
f 5023//1675 5024//1675 5025//1675
f 5026//1676 5027//1676 5028//1676
f 5029//1677 5030//1677 5031//1677
f 5032//1678 5033//1678 5034//1678
f 5035//1679 5036//1679 5037//1679
f 5038//1680 5039//1680 5040//1680
f 5041//1681 5042//1681 5043//1681
f 5044//1682 5045//1682 5046//1682
f 5047//1683 5048//1683 5049//1683
f 5050//1684 5051//1684 5052//1684
f 5053//1685 5054//1685 5055//1685
f 5056//1686 5057//1686 5058//1686
f 5059//1687 5060//1687 5061//1687
f 5062//1688 5063//1688 5064//1688
f 5065//1689 5066//1689 5067//1689
f 5068//1690 5069//1690 5070//1690
f 5071//1691 5072//1691 5073//1691
f 5074//1692 5075//1692 5076//1692
f 5077//1693 5078//1693 5079//1693
f 5080//1694 5081//1694 5082//1694
f 5083//1695 5084//1695 5085//1695
f 5086//1696 5087//1696 5088//1696
f 5089//1697 5090//1697 5091//1697
f 5092//1698 5093//1698 5094//1698
f 5095//1699 5096//1699 5097//1699
f 5098//1700 5099//1700 5100//1700
f 5101//1701 5102//1701 5103//1701
f 5104//1702 5105//1702 5106//1702
f 5107//1703 5108//1703 5109//1703
f 5110//1704 5111//1704 5112//1704
f 5113//1705 5114//1705 5115//1705
f 5116//1706 5117//1706 5118//1706
f 5119//1707 5120//1707 5121//1707
f 5122//1708 5123//1708 5124//1708
f 5125//1709 5126//1709 5127//1709
f 5128//1710 5129//1710 5130//1710
f 5131//1711 5132//1711 5133//1711
f 5134//1712 5135//1712 5136//1712
f 5137//1713 5138//1713 5139//1713
f 5140//1714 5141//1714 5142//1714
f 5143//1715 5144//1715 5145//1715
f 5146//1716 5147//1716 5148//1716
f 5149//1717 5150//1717 5151//1717
f 5152//1718 5153//1718 5154//1718
f 5155//1719 5156//1719 5157//1719
f 5158//1720 5159//1720 5160//1720
f 5161//1721 5162//1721 5163//1721
f 5164//1722 5165//1722 5166//1722
f 5167//1723 5168//1723 5169//1723
f 5170//1724 5171//1724 5172//1724
f 5173//1725 5174//1725 5175//1725
f 5176//1726 5177//1726 5178//1726
f 5179//1727 5180//1727 5181//1727
f 5182//1728 5183//1728 5184//1728
f 5185//1729 5186//1729 5187//1729
f 5188//1730 5189//1730 5190//1730
f 5191//1731 5192//1731 5193//1731
f 5194//1732 5195//1732 5196//1732
f 5197//1733 5198//1733 5199//1733
f 5200//1734 5201//1734 5202//1734
f 5203//1735 5204//1735 5205//1735
f 5206//1736 5207//1736 5208//1736
f 5209//1737 5210//1737 5211//1737
f 5212//1738 5213//1738 5214//1738
f 5215//1739 5216//1739 5217//1739
f 5218//1740 5219//1740 5220//1740
f 5221//1741 5222//1741 5223//1741
f 5224//1742 5225//1742 5226//1742
f 5227//1743 5228//1743 5229//1743
f 5230//1744 5231//1744 5232//1744
f 5233//1745 5234//1745 5235//1745
f 5236//1746 5237//1746 5238//1746
f 5239//1747 5240//1747 5241//1747
f 5242//1748 5243//1748 5244//1748
f 5245//1749 5246//1749 5247//1749
f 5248//1750 5249//1750 5250//1750
f 5251//1751 5252//1751 5253//1751
f 5254//1752 5255//1752 5256//1752
f 5257//1753 5258//1753 5259//1753
f 5260//1754 5261//1754 5262//1754
f 5263//1755 5264//1755 5265//1755
f 5266//1756 5267//1756 5268//1756
f 5269//1757 5270//1757 5271//1757
f 5272//1758 5273//1758 5274//1758
f 5275//1759 5276//1759 5277//1759
f 5278//1760 5279//1760 5280//1760
f 5281//1761 5282//1761 5283//1761
f 5284//1762 5285//1762 5286//1762
f 5287//1763 5288//1763 5289//1763
f 5290//1764 5291//1764 5292//1764
f 5293//1765 5294//1765 5295//1765
f 5296//1766 5297//1766 5298//1766
f 5299//1767 5300//1767 5301//1767
f 5302//1768 5303//1768 5304//1768
f 5305//1769 5306//1769 5307//1769
f 5308//1770 5309//1770 5310//1770
f 5311//1771 5312//1771 5313//1771
f 5314//1772 5315//1772 5316//1772
f 5317//1773 5318//1773 5319//1773
f 5320//1774 5321//1774 5322//1774
f 5323//1775 5324//1775 5325//1775
f 5326//1776 5327//1776 5328//1776
f 5329//1777 5330//1777 5331//1777
f 5332//1778 5333//1778 5334//1778
f 5335//1779 5336//1779 5337//1779
f 5338//1780 5339//1780 5340//1780
f 5341//1781 5342//1781 5343//1781
f 5344//1782 5345//1782 5346//1782
