v -191.5 0.0 -7.5
v -190.0 0.4823 -6.0
v -190.0 1.1821 -7.5
v -190.0 0.0 -13.5
v -190.0 0.0 -12.0
v -188.5 1.6057 -12.0
v -190.0 0.0 -13.5
v -188.5 1.6057 -12.0
v -188.5 0.0 -13.5
v -190.0 0.0 -12.0
v -190.0 0.0 -10.5
v -188.5 2.7542 -10.5
v -190.0 0.0 -12.0
v -188.5 2.7542 -10.5
v -188.5 1.6057 -12.0
v -190.0 0.0 -10.5
v -190.0 1.0342 -9.0
v -188.5 3.3364 -9.0
v -190.0 0.0 -10.5
v -188.5 3.3364 -9.0
v -188.5 2.7542 -10.5
v -190.0 1.0342 -9.0
v -190.0 1.1821 -7.5
v -188.5 3.4308 -7.5
v -190.0 1.0342 -9.0
v -188.5 3.4308 -7.5
v -188.5 3.3364 -9.0
v -190.0 1.1821 -7.5
v -190.0 0.4823 -6.0
v -188.5 3.0324 -6.0
v -190.0 1.1821 -7.5
v -188.5 3.0324 -6.0
v -188.5 3.4308 -7.5
v -190.0 0.4823 -6.0
v -190.0 0.0 -4.5
v -188.5 2.0984 -4.5
v -190.0 0.4823 -6.0
v -188.5 2.0984 -4.5
v -188.5 3.0324 -6.0
v -190.0 0.0 -4.5
v -188.5 0.0 -3.0
v -188.5 2.0984 -4.5
v -188.5 0.0 -15.0
v -188.5 0.0 -13.5
v -187.0 1.6915 -13.5
v -188.5 0.0 -15.0
v -187.0 1.6915 -13.5
v -187.0 0.0 -15.0
v -188.5 0.0 -13.5
v -188.5 1.6057 -12.0
v -187.0 3.2861 -12.0
v -188.5 0.0 -13.5
v -187.0 3.2861 -12.0
v -187.0 1.6915 -13.5
v -188.5 1.6057 -12.0
v -188.5 2.7542 -10.5
v -187.0 4.2369 -10.5
v -188.5 1.6057 -12.0
v -187.0 4.2369 -10.5
v -187.0 3.2861 -12.0
v -188.5 2.7542 -10.5
v -188.5 3.3364 -9.0
v -187.0 4.6885 -9.0
v -188.5 2.7542 -10.5
v -187.0 4.6885 -9.0
v -187.0 4.2369 -10.5
v -188.5 3.3364 -9.0
v -187.0 4.6682 -7.5
v -187.0 4.6885 -9.0
v -188.5 3.4308 -7.5
v -188.5 3.0324 -6.0
v -187.0 4.2218 -6.0
v -188.5 3.4308 -7.5
v -187.0 4.2218 -6.0
v -187.0 4.6682 -7.5
v -188.5 3.0324 -6.0
v -188.5 2.0984 -4.5
v -187.0 3.4015 -4.5
v -188.5 3.0324 -6.0
v -187.0 3.4015 -4.5
v -187.0 4.2218 -6.0
v -188.5 2.0984 -4.5
v -188.5 0.0 -3.0
v -187.0 2.1554 -3.0
v -188.5 2.0984 -4.5
v -187.0 2.1554 -3.0
v -187.0 3.4015 -4.5
v -188.5 0.0 -3.0
v -187.0 0.0 -1.5
v -187.0 2.1554 -3.0
v -187.0 0.0 -15.0
v -187.0 1.6915 -13.5
v -185.5 2.9098 -13.5
v -187.0 0.0 -15.0
v -185.5 2.9098 -13.5
v -185.5 0.1748 -15.0
v -187.0 1.6915 -13.5
v -187.0 3.2861 -12.0
v -185.5 4.2728 -12.0
v -187.0 1.6915 -13.5
v -185.5 4.2728 -12.0
v -185.5 2.9098 -13.5
v -187.0 3.2861 -12.0
v -187.0 4.2369 -10.5
v -185.5 5.0698 -10.5
v -187.0 3.2861 -12.0
v -185.5 5.0698 -10.5
v -185.5 4.2728 -12.0
v -187.0 3.4015 -4.5
v -187.0 2.1554 -3.0
v -185.5 3.0969 -3.0
v -187.0 3.4015 -4.5
v -185.5 3.0969 -3.0
v -185.5 4.1353 -4.5
v -187.0 2.1554 -3.0
v -187.0 0.0 -1.5
v -185.5 1.3837 -1.5
v -187.0 2.1554 -3.0
v -185.5 1.3837 -1.5
v -185.5 3.0969 -3.0
v -187.0 0.0 -1.5
v -185.5 0.0 0.0
v -185.5 1.3837 -1.5
v -185.5 0.0 -16.5
v -184.0 1.3522 -15.0
v -184.0 0.0 -16.5
v -185.5 0.1748 -15.0
v -185.5 2.9098 -13.5
v -184.0 3.4535 -13.5
v -185.5 0.1748 -15.0
v -184.0 3.4535 -13.5
v -184.0 1.3522 -15.0
v -185.5 2.9098 -13.5
v -185.5 4.2728 -12.0
v -184.0 4.6419 -12.0
v -185.5 2.9098 -13.5
v -184.0 4.6419 -12.0
v -184.0 3.4535 -13.5
v -185.5 3.0969 -3.0
v -185.5 1.3837 -1.5
v -184.0 2.1474 -1.5
v -185.5 3.0969 -3.0
v -184.0 2.1474 -1.5
v -184.0 3.7164 -3.0
v -185.5 1.3837 -1.5
v -185.5 0.0 0.0
v -184.0 0.0 0.0
v -185.5 1.3837 -1.5
v -184.0 0.0 0.0
v -184.0 2.1474 -1.5
v -184.0 0.0 -16.5
v -184.0 1.3522 -15.0
v -182.5 1.4904 -15.0
v -184.0 0.0 -16.5
v -182.5 1.4904 -15.0
v -182.5 0.0 -16.5
v -184.0 1.3522 -15.0
v -184.0 3.4535 -13.5
v -182.5 3.423 -13.5
v -184.0 1.3522 -15.0
v -182.5 3.423 -13.5
v -182.5 1.4904 -15.0
v -184.0 3.7164 -3.0
v -184.0 2.1474 -1.5
v -182.5 2.3567 -1.5
v -184.0 3.7164 -3.0
v -182.5 2.3567 -1.5
v -182.5 4.0015 -3.0
v -184.0 2.1474 -1.5
v -184.0 0.0 0.0
v -182.5 0.0 0.0
v -184.0 2.1474 -1.5
v -182.5 0.0 0.0
v -182.5 2.3567 -1.5
v -182.5 0.0 -16.5
v -182.5 1.4904 -15.0
v -181.0 1.3392 -15.0
v -182.5 0.0 -16.5
v -181.0 1.3392 -15.0
v -181.0 0.0 -16.5
v -182.5 1.4904 -15.0
v -182.5 3.423 -13.5
v -181.0 3.2782 -13.5
v -182.5 1.4904 -15.0
v -181.0 3.2782 -13.5
v -181.0 1.3392 -15.0
v -182.5 4.0015 -3.0
v -182.5 2.3567 -1.5
v -181.0 2.3061 -1.5
v -182.5 4.0015 -3.0
v -181.0 2.3061 -1.5
v -181.0 4.1101 -3.0
v -182.5 2.3567 -1.5
v -182.5 0.0 0.0
v -181.0 0.0 0.0
v -182.5 2.3567 -1.5
v -181.0 0.0 0.0
v -181.0 2.3061 -1.5
v -181.0 0.0 -16.5
v -181.0 1.3392 -15.0
v -179.5 1.3899 -15.0
v -181.0 0.0 -16.5
v -179.5 1.3899 -15.0
v -179.5 0.0 -16.5
v -181.0 1.3392 -15.0
v -181.0 3.2782 -13.5
v -179.5 3.2984 -13.5
v -181.0 1.3392 -15.0
v -179.5 3.2984 -13.5
v -179.5 1.3899 -15.0
v -181.0 3.2782 -13.5
v -179.5 4.553 -12.0
v -179.5 3.2984 -13.5
v -181.0 4.1101 -3.0
v -181.0 2.3061 -1.5
v -179.5 2.299 -1.5
v -181.0 4.1101 -3.0
v -179.5 2.299 -1.5
v -179.5 4.0944 -3.0
v -181.0 2.3061 -1.5
v -181.0 0.0 0.0
v -179.5 0.0 0.0
v -181.0 2.3061 -1.5
v -179.5 0.0 0.0
v -179.5 2.299 -1.5
v -179.5 0.0 -16.5
v -179.5 1.3899 -15.0
v -178.0 1.3362 -15.0
v -179.5 0.0 -16.5
v -178.0 1.3362 -15.0
v -178.0 0.0 -16.5
v -179.5 1.3899 -15.0
v -179.5 3.2984 -13.5
v -178.0 3.3671 -13.5
v -179.5 1.3899 -15.0
v -178.0 3.3671 -13.5
v -178.0 1.3362 -15.0
v -179.5 3.2984 -13.5
v -179.5 4.553 -12.0
v -178.0 4.7422 -12.0
v -179.5 3.2984 -13.5
v -178.0 4.7422 -12.0
v -178.0 3.3671 -13.5
v -179.5 5.3308 -4.5
v -179.5 4.0944 -3.0
v -178.0 3.8767 -3.0
v -179.5 5.3308 -4.5
v -178.0 3.8767 -3.0
v -178.0 5.1257 -4.5
v -179.5 4.0944 -3.0
v -179.5 2.299 -1.5
v -178.0 2.1511 -1.5
v -179.5 4.0944 -3.0
v -178.0 2.1511 -1.5
v -178.0 3.8767 -3.0
v -179.5 2.299 -1.5
v -179.5 0.0 0.0
v -178.0 0.0 0.0
v -179.5 2.299 -1.5
v -178.0 0.0 0.0
v -178.0 2.1511 -1.5
v -178.0 0.0 -16.5
v -178.0 1.3362 -15.0
v -176.5 1.4381 -15.0
v -178.0 0.0 -16.5
v -176.5 1.4381 -15.0
v -176.5 0.0 -16.5
v -178.0 1.3362 -15.0
v -178.0 3.3671 -13.5
v -176.5 3.5656 -13.5
v -178.0 1.3362 -15.0
v -176.5 3.5656 -13.5
v -176.5 1.4381 -15.0
v -178.0 3.3671 -13.5
v -178.0 4.7422 -12.0
v -176.5 4.9686 -12.0
v -178.0 3.3671 -13.5
v -176.5 4.9686 -12.0
v -176.5 3.5656 -13.5
v -178.0 5.1257 -4.5
v -178.0 3.8767 -3.0
v -176.5 3.7607 -3.0
v -178.0 3.8767 -3.0
v -178.0 2.1511 -1.5
v -176.5 2.1536 -1.5
v -178.0 3.8767 -3.0
v -176.5 2.1536 -1.5
v -176.5 3.7607 -3.0
v -178.0 2.1511 -1.5
v -178.0 0.0 0.0
v -176.5 0.0 0.0
v -178.0 2.1511 -1.5
v -176.5 0.0 0.0
v -176.5 2.1536 -1.5
v -176.5 0.0 -16.5
v -176.5 1.4381 -15.0
v -175.0 1.4616 -15.0
v -176.5 0.0 -16.5
v -175.0 1.4616 -15.0
v -175.0 0.0 -16.5
v -176.5 1.4381 -15.0
v -176.5 3.5656 -13.5
v -175.0 3.5912 -13.5
v -176.5 1.4381 -15.0
v -175.0 3.5912 -13.5
v -175.0 1.4616 -15.0
v -176.5 3.5656 -13.5
v -176.5 4.9686 -12.0
v -175.0 4.8913 -12.0
v -176.5 3.5656 -13.5
v -175.0 4.8913 -12.0
v -175.0 3.5912 -13.5
v -176.5 3.7607 -3.0
v -176.5 2.1536 -1.5
v -175.0 2.165 -1.5
v -176.5 3.7607 -3.0
v -175.0 2.165 -1.5
v -175.0 3.6927 -3.0
v -176.5 2.1536 -1.5
v -176.5 0.0 0.0
v -175.0 0.0 0.0
v -176.5 2.1536 -1.5
v -175.0 0.0 0.0
v -175.0 2.165 -1.5
v -175.0 0.0 -16.5
v -175.0 1.4616 -15.0
v -173.5 1.4673 -15.0
v -175.0 0.0 -16.5
v -173.5 1.4673 -15.0
v -173.5 0.0 -16.5
v -175.0 1.4616 -15.0
v -175.0 3.5912 -13.5
v -173.5 3.5418 -13.5
v -175.0 1.4616 -15.0
v -173.5 3.5418 -13.5
v -173.5 1.4673 -15.0
v -175.0 3.5912 -13.5
v -175.0 4.8913 -12.0
v -173.5 4.7209 -12.0
v -175.0 3.6927 -3.0
v -175.0 2.165 -1.5
v -173.5 2.2609 -1.5
v -175.0 3.6927 -3.0
v -173.5 2.2609 -1.5
v -173.5 3.8401 -3.0
v -175.0 2.165 -1.5
v -175.0 0.0 0.0
v -173.5 0.0 0.0
v -175.0 2.165 -1.5
v -173.5 0.0 0.0
v -173.5 2.2609 -1.5
v -173.5 0.0 -16.5
v -173.5 1.4673 -15.0
v -172.0 1.412 -15.0
v -173.5 0.0 -16.5
v -172.0 1.412 -15.0
v -172.0 0.0 -16.5
v -173.5 1.4673 -15.0
v -173.5 3.5418 -13.5
v -172.0 3.2824 -13.5
v -173.5 1.4673 -15.0
v -172.0 3.2824 -13.5
v -172.0 1.412 -15.0
v -173.5 3.8401 -3.0
v -173.5 2.2609 -1.5
v -172.0 2.2694 -1.5
v -173.5 3.8401 -3.0
v -172.0 2.2694 -1.5
v -172.0 3.8849 -3.0
v -173.5 2.2609 -1.5
v -173.5 0.0 0.0
v -172.0 0.0 0.0
v -173.5 2.2609 -1.5
v -172.0 0.0 0.0
v -172.0 2.2694 -1.5
v -172.0 0.0 -16.5
v -172.0 1.412 -15.0
v -170.5 1.2761 -15.0
v -172.0 0.0 -16.5
v -170.5 1.2761 -15.0
v -170.5 0.0 -16.5
v -172.0 1.412 -15.0
v -172.0 3.2824 -13.5
v -170.5 3.0971 -13.5
v -172.0 1.412 -15.0
v -170.5 3.0971 -13.5
v -170.5 1.2761 -15.0
v -172.0 3.8849 -3.0
v -172.0 2.2694 -1.5
v -170.5 2.1872 -1.5
v -172.0 3.8849 -3.0
v -170.5 2.1872 -1.5
v -170.5 3.896 -3.0
v -172.0 2.2694 -1.5
v -172.0 0.0 0.0
v -170.5 0.0 0.0
v -172.0 2.2694 -1.5
v -170.5 0.0 0.0
v -170.5 2.1872 -1.5
v -170.5 0.0 -16.5
v -170.5 1.2761 -15.0
v -169.0 1.2477 -15.0
v -170.5 0.0 -16.5
v -169.0 1.2477 -15.0
v -169.0 0.0 -16.5
v -170.5 1.2761 -15.0
v -170.5 3.0971 -13.5
v -169.0 2.9593 -13.5
v -170.5 1.2761 -15.0
v -169.0 2.9593 -13.5
v -169.0 1.2477 -15.0
v -170.5 3.896 -3.0
v -170.5 2.1872 -1.5
v -169.0 2.0484 -1.5
v -170.5 3.896 -3.0
v -169.0 2.0484 -1.5
v -169.0 3.6466 -3.0
v -170.5 2.1872 -1.5
v -170.5 0.0 0.0
v -169.0 0.0 0.0
v -170.5 2.1872 -1.5
v -169.0 0.0 0.0
v -169.0 2.0484 -1.5
v -169.0 0.0 -16.5
v -169.0 1.2477 -15.0
v -167.5 1.1449 -15.0
v -169.0 1.2477 -15.0
v -169.0 2.9593 -13.5
v -167.5 2.985 -13.5
v -169.0 1.2477 -15.0
v -167.5 2.985 -13.5
v -167.5 1.1449 -15.0
v -169.0 3.6466 -3.0
v -169.0 2.0484 -1.5
v -167.5 1.8683 -1.5
v -169.0 3.6466 -3.0
v -167.5 1.8683 -1.5
v -167.5 3.3994 -3.0
v -169.0 2.0484 -1.5
v -169.0 0.0 0.0
v -167.5 0.0 0.0
v -169.0 2.0484 -1.5
v -167.5 0.0 0.0
v -167.5 1.8683 -1.5
v -167.5 0.0 -16.5
v -166.0 1.2499 -15.0
v -166.0 0.0 -16.5
v -167.5 1.1449 -15.0
v -167.5 2.985 -13.5
v -166.0 3.0276 -13.5
v -167.5 1.1449 -15.0
v -166.0 3.0276 -13.5
v -166.0 1.2499 -15.0
v -167.5 3.3994 -3.0
v -167.5 1.8683 -1.5
v -166.0 1.8343 -1.5
v -167.5 3.3994 -3.0
v -166.0 1.8343 -1.5
v -166.0 3.1635 -3.0
v -167.5 1.8683 -1.5
v -167.5 0.0 0.0
v -166.0 0.0 0.0
v -167.5 1.8683 -1.5
v -166.0 0.0 0.0
v -166.0 1.8343 -1.5
v -166.0 0.0 -16.5
v -166.0 1.2499 -15.0
v -164.5 1.1319 -15.0
v -166.0 1.2499 -15.0
v -166.0 3.0276 -13.5
v -164.5 2.988 -13.5
v -166.0 1.2499 -15.0
v -164.5 2.988 -13.5
v -164.5 1.1319 -15.0
v -166.0 3.1635 -3.0
v -166.0 1.8343 -1.5
v -164.5 1.7698 -1.5
v -166.0 3.1635 -3.0
v -164.5 1.7698 -1.5
v -164.5 3.0943 -3.0
v -166.0 1.8343 -1.5
v -166.0 0.0 0.0
v -164.5 0.0 0.0
v -166.0 1.8343 -1.5
v -164.5 0.0 0.0
v -164.5 1.7698 -1.5
v -164.5 0.0 -16.5
v -163.0 1.2486 -15.0
v -163.0 0.0 -16.5
v -164.5 1.1319 -15.0
v -164.5 2.988 -13.5
v -163.0 2.8846 -13.5
v -164.5 1.1319 -15.0
v -163.0 2.8846 -13.5
v -163.0 1.2486 -15.0
v -164.5 3.0943 -3.0
v -164.5 1.7698 -1.5
v -163.0 1.8848 -1.5
v -164.5 3.0943 -3.0
v -163.0 1.8848 -1.5
v -163.0 3.1547 -3.0
v -164.5 1.7698 -1.5
v -164.5 0.0 0.0
v -163.0 0.0 0.0
v -164.5 1.7698 -1.5
v -163.0 0.0 0.0
v -163.0 1.8848 -1.5
v -163.0 0.0 -16.5
v -163.0 1.2486 -15.0
v -161.5 1.0007 -15.0
v -163.0 1.2486 -15.0
v -163.0 2.8846 -13.5
v -161.5 2.6221 -13.5
v -163.0 1.2486 -15.0
v -161.5 2.6221 -13.5
v -161.5 1.0007 -15.0
v -163.0 3.1547 -3.0
v -163.0 1.8848 -1.5
v -161.5 1.7616 -1.5
v -163.0 3.1547 -3.0
v -161.5 1.7616 -1.5
v -161.5 3.1585 -3.0
v -163.0 1.8848 -1.5
v -163.0 0.0 0.0
v -161.5 0.0 0.0
v -163.0 1.8848 -1.5
v -161.5 0.0 0.0
v -161.5 1.7616 -1.5
v -161.5 1.0007 -15.0
v -161.5 2.6221 -13.5
v -160.0 2.5401 -13.5
v -161.5 1.0007 -15.0
v -160.0 2.5401 -13.5
v -160.0 1.1086 -15.0
v -161.5 3.1585 -3.0
v -161.5 1.7616 -1.5
v -160.0 1.8273 -1.5
v -161.5 3.1585 -3.0
v -160.0 1.8273 -1.5
v -160.0 3.1918 -3.0
v -161.5 1.7616 -1.5
v -161.5 0.0 0.0
v -160.0 0.0 0.0
v -161.5 1.7616 -1.5
v -160.0 0.0 0.0
v -160.0 1.8273 -1.5
v -160.0 1.1086 -15.0
v -160.0 2.5401 -13.5
v -158.5 2.3837 -13.5
v -160.0 1.1086 -15.0
v -158.5 2.3837 -13.5
v -158.5 0.8768 -15.0
v -160.0 3.1918 -3.0
v -160.0 1.8273 -1.5
v -158.5 1.5675 -1.5
v -160.0 3.1918 -3.0
v -158.5 1.5675 -1.5
v -158.5 2.9398 -3.0
v -160.0 1.8273 -1.5
v -160.0 0.0 0.0
v -158.5 0.0 0.0
v -160.0 1.8273 -1.5
v -158.5 0.0 0.0
v -158.5 1.5675 -1.5
v -158.5 0.8768 -15.0
v -158.5 2.3837 -13.5
v -157.0 2.5969 -13.5
v -158.5 0.8768 -15.0
v -157.0 2.5969 -13.5
v -157.0 1.078 -15.0
v -158.5 2.9398 -3.0
v -158.5 1.5675 -1.5
v -157.0 1.6504 -1.5
v -158.5 2.9398 -3.0
v -157.0 1.6504 -1.5
v -157.0 2.9063 -3.0
v -158.5 1.5675 -1.5
v -158.5 0.0 0.0
v -157.0 0.0 0.0
v -158.5 1.5675 -1.5
v -157.0 0.0 0.0
v -157.0 1.6504 -1.5
v -157.0 1.078 -15.0
v -157.0 2.5969 -13.5
v -155.5 2.6605 -13.5
v -157.0 1.078 -15.0
v -155.5 2.6605 -13.5
v -155.5 0.9912 -15.0
v -157.0 2.9063 -3.0
v -157.0 1.6504 -1.5
v -155.5 1.5562 -1.5
v -157.0 1.6504 -1.5
v -157.0 0.0 0.0
v -155.5 0.0 0.0
v -157.0 1.6504 -1.5
v -155.5 0.0 0.0
v -155.5 1.5562 -1.5
v -155.5 0.9912 -15.0
v -155.5 2.6605 -13.5
v -154.0 2.817 -13.5
v -155.5 0.9912 -15.0
v -154.0 2.817 -13.5
v -154.0 1.1881 -15.0
v -155.5 1.5562 -1.5
v -155.5 0.0 0.0
v -154.0 0.0 0.0
v -155.5 1.5562 -1.5
v -154.0 0.0 0.0
v -154.0 1.7341 -1.5
v -154.0 1.1881 -15.0
v -154.0 2.817 -13.5
v -152.5 2.7966 -13.5
v -154.0 1.1881 -15.0
v -152.5 2.7966 -13.5
v -152.5 1.1196 -15.0
v -154.0 2.9124 -3.0
v -152.5 1.7997 -1.5
v -152.5 3.109 -3.0
v -154.0 1.7341 -1.5
v -154.0 0.0 0.0
v -152.5 0.0 0.0
v -154.0 1.7341 -1.5
v -152.5 0.0 0.0
v -152.5 1.7997 -1.5
v -152.5 1.1196 -15.0
v -152.5 2.7966 -13.5
v -151.0 2.7371 -13.5
v -152.5 1.1196 -15.0
v -151.0 2.7371 -13.5
v -151.0 1.1902 -15.0
v -152.5 3.109 -3.0
v -152.5 1.7997 -1.5
v -151.0 1.9264 -1.5
v -152.5 3.109 -3.0
v -151.0 1.9264 -1.5
v -151.0 3.307 -3.0
v -152.5 1.7997 -1.5
v -152.5 0.0 0.0
v -151.0 0.0 0.0
v -152.5 1.7997 -1.5
v -151.0 0.0 0.0
v -151.0 1.9264 -1.5
v -151.0 0.0 -16.5
v -151.0 1.1902 -15.0
v -149.5 0.7369 -15.0
v -151.0 1.1902 -15.0
v -151.0 2.7371 -13.5
v -149.5 2.5659 -13.5
v -151.0 1.1902 -15.0
v -149.5 2.5659 -13.5
v -149.5 0.7369 -15.0
v -151.0 3.307 -3.0
v -151.0 1.9264 -1.5
v -149.5 2.195 -1.5
v -151.0 3.307 -3.0
v -149.5 2.195 -1.5
v -149.5 3.6332 -3.0
v -151.0 1.9264 -1.5
v -151.0 0.0 0.0
v -149.5 0.0 0.0
v -151.0 1.9264 -1.5
v -149.5 0.0 0.0
v -149.5 2.195 -1.5
v -149.5 0.7369 -15.0
v -149.5 2.5659 -13.5
v -148.0 2.6183 -13.5
v -149.5 0.7369 -15.0
v -148.0 2.6183 -13.5
v -148.0 0.7937 -15.0
v -149.5 3.6332 -3.0
v -149.5 2.195 -1.5
v -148.0 2.3066 -1.5
v -149.5 3.6332 -3.0
v -148.0 2.3066 -1.5
v -148.0 3.6997 -3.0
v -149.5 2.195 -1.5
v -149.5 0.0 0.0
v -148.0 0.0 0.0
v -149.5 2.195 -1.5
v -148.0 0.0 0.0
v -148.0 2.3066 -1.5
v -148.0 0.7937 -15.0
v -148.0 2.6183 -13.5
v -146.5 2.4352 -13.5
v -148.0 0.7937 -15.0
v -146.5 2.4352 -13.5
v -146.5 0.0 -15.0
v -148.0 2.6183 -13.5
v -146.5 3.894 -12.0
v -146.5 2.4352 -13.5
v -148.0 3.6997 -3.0
v -148.0 2.3066 -1.5
v -146.5 2.6163 -1.5
v -148.0 3.6997 -3.0
v -146.5 2.6163 -1.5
v -146.5 3.8754 -3.0
v -148.0 2.3066 -1.5
v -148.0 0.0 0.0
v -146.5 0.4561 0.0
v -148.0 2.3066 -1.5
v -146.5 0.4561 0.0
v -146.5 2.6163 -1.5
v -146.5 0.0 -15.0
v -146.5 2.4352 -13.5
v -145.0 2.5575 -13.5
v -146.5 0.0 -15.0
v -145.0 2.5575 -13.5
v -145.0 0.0 -15.0
v -146.5 2.4352 -13.5
v -146.5 3.894 -12.0
v -145.0 4.0177 -12.0
v -146.5 2.4352 -13.5
v -145.0 4.0177 -12.0
v -145.0 2.5575 -13.5
v -146.5 3.8754 -3.0
v -146.5 2.6163 -1.5
v -145.0 2.8491 -1.5
v -146.5 2.6163 -1.5
v -146.5 0.4561 0.0
v -145.0 0.8849 0.0
v -146.5 2.6163 -1.5
v -145.0 0.8849 0.0
v -145.0 2.8491 -1.5
v -145.0 0.0 -15.0
v -145.0 2.5575 -13.5
v -143.5 2.166 -13.5
v -145.0 0.0 -15.0
v -143.5 2.166 -13.5
v -143.5 0.0 -15.0
v -145.0 2.5575 -13.5
v -145.0 4.0177 -12.0
v -143.5 3.8411 -12.0
v -145.0 2.5575 -13.5
v -143.5 3.8411 -12.0
v -143.5 2.166 -13.5
v -145.0 2.8491 -1.5
v -145.0 0.8849 0.0
v -143.5 1.531 0.0
v -145.0 2.8491 -1.5
v -143.5 1.531 0.0
v -143.5 3.3406 -1.5
v -145.0 0.8849 0.0
v -143.5 0.0 1.5
v -143.5 1.531 0.0
v -143.5 0.0 -15.0
v -143.5 2.166 -13.5
v -142.0 2.0736 -13.5
v -143.5 0.0 -15.0
v -142.0 2.0736 -13.5
v -142.0 0.0 -15.0
v -143.5 2.166 -13.5
v -143.5 3.8411 -12.0
v -142.0 3.6497 -12.0
v -143.5 2.166 -13.5
v -142.0 3.6497 -12.0
v -142.0 2.0736 -13.5
v -143.5 3.3406 -1.5
v -143.5 1.531 0.0
v -142.0 1.9255 0.0
v -143.5 3.3406 -1.5
v -142.0 1.9255 0.0
v -142.0 3.716 -1.5
v -143.5 1.531 0.0
v -143.5 0.0 1.5
v -142.0 0.0 1.5
v -143.5 1.531 0.0
v -142.0 0.0 1.5
v -142.0 1.9255 0.0
v -142.0 0.0 -15.0
v -142.0 2.0736 -13.5
v -140.5 1.4244 -13.5
v -142.0 0.0 -15.0
v -140.5 1.4244 -13.5
v -140.5 0.0 -15.0
v -142.0 2.0736 -13.5
v -142.0 3.6497 -12.0
v -140.5 3.2852 -12.0
v -142.0 2.0736 -13.5
v -140.5 3.2852 -12.0
v -140.5 1.4244 -13.5
v -142.0 3.716 -1.5
v -142.0 1.9255 0.0
v -140.5 2.3523 0.0
v -142.0 3.716 -1.5
v -140.5 2.3523 0.0
v -140.5 4.1226 -1.5
v -142.0 1.9255 0.0
v -142.0 0.0 1.5
v -140.5 0.0 1.5
v -142.0 1.9255 0.0
v -140.5 0.0 1.5
v -140.5 2.3523 0.0
v -140.5 0.0 -15.0
v -140.5 1.4244 -13.5
v -139.0 1.2701 -13.5
v -140.5 0.0 -15.0
v -139.0 1.2701 -13.5
v -139.0 0.0 -15.0
v -140.5 1.4244 -13.5
v -140.5 3.2852 -12.0
v -139.0 3.1947 -12.0
v -140.5 1.4244 -13.5
v -139.0 3.1947 -12.0
v -139.0 1.2701 -13.5
v -140.5 3.2852 -12.0
v -139.0 4.4538 -10.5
v -139.0 3.1947 -12.0
v -140.5 4.1226 -1.5
v -140.5 2.3523 0.0
v -139.0 2.5294 0.0
v -140.5 4.1226 -1.5
v -139.0 2.5294 0.0
v -139.0 4.1709 -1.5
v -140.5 2.3523 0.0
v -140.5 0.0 1.5
v -139.0 0.0 1.5
v -140.5 2.3523 0.0
v -139.0 0.0 1.5
v -139.0 2.5294 0.0
v -139.0 0.0 -15.0
v -139.0 1.2701 -13.5
v -137.5 0.3882 -13.5
v -139.0 1.2701 -13.5
v -139.0 3.1947 -12.0
v -137.5 2.9889 -12.0
v -139.0 1.2701 -13.5
v -137.5 2.9889 -12.0
v -137.5 0.3882 -13.5
v -139.0 3.1947 -12.0
v -139.0 4.4538 -10.5
v -137.5 4.5141 -10.5
v -139.0 3.1947 -12.0
v -137.5 4.5141 -10.5
v -137.5 2.9889 -12.0
v -139.0 4.1709 -1.5
v -139.0 2.5294 0.0
v -137.5 2.748 0.0
v -139.0 4.1709 -1.5
v -137.5 2.748 0.0
v -137.5 4.2604 -1.5
v -139.0 2.5294 0.0
v -139.0 0.0 1.5
v -137.5 0.0 1.5
v -139.0 2.5294 0.0
v -137.5 0.0 1.5
v -137.5 2.748 0.0
v -137.5 0.3882 -13.5
v -137.5 2.9889 -12.0
v -136.0 3.0162 -12.0
v -137.5 0.3882 -13.5
v -136.0 3.0162 -12.0
v -136.0 0.0 -13.5
v -137.5 2.9889 -12.0
v -137.5 4.5141 -10.5
v -136.0 4.5773 -10.5
v -137.5 2.9889 -12.0
v -136.0 4.5773 -10.5
v -136.0 3.0162 -12.0
v -137.5 4.2604 -1.5
v -137.5 2.748 0.0
v -136.0 2.9158 0.0
v -137.5 4.2604 -1.5
v -136.0 2.9158 0.0
v -136.0 4.1742 -1.5
v -137.5 2.748 0.0
v -137.5 0.0 1.5
v -136.0 0.6791 1.5
v -137.5 2.748 0.0
v -136.0 0.6791 1.5
v -136.0 2.9158 0.0
v -136.0 0.0 -13.5
v -136.0 3.0162 -12.0
v -134.5 2.6417 -12.0
v -136.0 0.0 -13.5
v -134.5 2.6417 -12.0
v -134.5 0.0 -13.5
v -136.0 3.0162 -12.0
v -136.0 4.5773 -10.5
v -134.5 4.3015 -10.5
v -136.0 3.0162 -12.0
v -134.5 4.3015 -10.5
v -134.5 2.6417 -12.0
v -136.0 4.1742 -1.5
v -136.0 2.9158 0.0
v -134.5 3.2878 0.0
v -136.0 2.9158 0.0
v -136.0 0.6791 1.5
v -134.5 1.2139 1.5
v -136.0 2.9158 0.0
v -134.5 1.2139 1.5
v -134.5 3.2878 0.0
v -136.0 0.6791 1.5
v -134.5 0.0 3.0
v -134.5 1.2139 1.5
v -134.5 0.0 -13.5
v -134.5 2.6417 -12.0
v -133.0 2.4189 -12.0
v -134.5 0.0 -13.5
v -133.0 2.4189 -12.0
v -133.0 0.0 -13.5
v -134.5 2.6417 -12.0
v -134.5 4.3015 -10.5
v -133.0 3.9994 -10.5
v -134.5 2.6417 -12.0
v -133.0 3.9994 -10.5
v -133.0 2.4189 -12.0
v -134.5 3.2878 0.0
v -134.5 1.2139 1.5
v -133.0 1.7217 1.5
v -134.5 3.2878 0.0
v -133.0 1.7217 1.5
v -133.0 3.5615 0.0
v -134.5 1.2139 1.5
v -133.0 0.0 3.0
v -133.0 1.7217 1.5
v -133.0 0.0 -13.5
v -133.0 2.4189 -12.0
v -131.5 1.8057 -12.0
v -133.0 0.0 -13.5
v -131.5 1.8057 -12.0
v -131.5 0.0 -13.5
v -133.0 2.4189 -12.0
v -133.0 3.9994 -10.5
v -131.5 3.482 -10.5
v -133.0 2.4189 -12.0
v -131.5 3.482 -10.5
v -131.5 1.8057 -12.0
v -133.0 3.5615 0.0
v -133.0 1.7217 1.5
v -131.5 2.0303 1.5
v -133.0 3.5615 0.0
v -131.5 2.0303 1.5
v -131.5 3.8805 0.0
v -133.0 1.7217 1.5
v -133.0 0.0 3.0
v -131.5 0.0 3.0
v -133.0 1.7217 1.5
v -131.5 0.0 3.0
v -131.5 2.0303 1.5
v -131.5 0.0 -13.5
v -131.5 1.8057 -12.0
v -130.0 1.4973 -12.0
v -131.5 0.0 -13.5
v -130.0 1.4973 -12.0
v -130.0 0.0 -13.5
v -131.5 1.8057 -12.0
v -131.5 3.482 -10.5
v -130.0 3.2446 -10.5
v -131.5 1.8057 -12.0
v -130.0 3.2446 -10.5
v -130.0 1.4973 -12.0
v -131.5 3.8805 0.0
v -131.5 2.0303 1.5
v -130.0 2.194 1.5
v -131.5 3.8805 0.0
v -130.0 2.194 1.5
v -130.0 3.8102 0.0
v -131.5 2.0303 1.5
v -131.5 0.0 3.0
v -130.0 0.0 3.0
v -131.5 2.0303 1.5
v -130.0 0.0 3.0
v -130.0 2.194 1.5
v -130.0 0.0 -13.5
v -130.0 1.4973 -12.0
v -128.5 1.0168 -12.0
v -130.0 1.4973 -12.0
v -130.0 3.2446 -10.5
v -128.5 2.9957 -10.5
v -130.0 1.4973 -12.0
v -128.5 2.9957 -10.5
v -128.5 1.0168 -12.0
v -130.0 3.2446 -10.5
v -128.5 4.3 -9.0
v -128.5 2.9957 -10.5
v -130.0 3.8102 0.0
v -130.0 2.194 1.5
v -128.5 2.2715 1.5
v -130.0 3.8102 0.0
v -128.5 2.2715 1.5
v -128.5 3.7922 0.0
v -130.0 2.194 1.5
v -130.0 0.0 3.0
v -128.5 0.0 3.0
v -130.0 2.194 1.5
v -128.5 0.0 3.0
v -128.5 2.2715 1.5
v -128.5 1.0168 -12.0
v -128.5 2.9957 -10.5
v -127.0 2.9083 -10.5
v -128.5 1.0168 -12.0
v -127.0 2.9083 -10.5
v -127.0 0.6378 -12.0
v -128.5 2.9957 -10.5
v -128.5 4.3 -9.0
v -127.0 4.2716 -9.0
v -128.5 2.9957 -10.5
v -127.0 4.2716 -9.0
v -127.0 2.9083 -10.5
v -128.5 3.7922 0.0
v -128.5 2.2715 1.5
v -127.0 2.3403 1.5
v -128.5 3.7922 0.0
v -127.0 2.3403 1.5
v -127.0 3.5651 0.0
v -128.5 2.2715 1.5
v -128.5 0.0 3.0
v -127.0 0.0 3.0
v -128.5 2.2715 1.5
v -127.0 0.0 3.0
v -127.0 2.3403 1.5
v -127.0 0.6378 -12.0
v -127.0 2.9083 -10.5
v -125.5 2.708 -10.5
v -127.0 0.6378 -12.0
v -125.5 2.708 -10.5
v -125.5 0.0 -12.0
v -127.0 2.9083 -10.5
v -127.0 4.2716 -9.0
v -125.5 4.0366 -9.0
v -127.0 2.9083 -10.5
v -125.5 4.0366 -9.0
v -125.5 2.708 -10.5
v -127.0 2.3403 1.5
v -127.0 0.0 3.0
v -125.5 0.0 3.0
v -127.0 2.3403 1.5
v -125.5 0.0 3.0
v -125.5 2.4939 1.5
v -125.5 0.0 -12.0
v -125.5 2.708 -10.5
v -124.0 2.3799 -10.5
v -125.5 0.0 -12.0
v -124.0 2.3799 -10.5
v -124.0 0.0 -12.0
v -125.5 2.708 -10.5
v -125.5 4.0366 -9.0
v -124.0 3.6556 -9.0
v -125.5 2.708 -10.5
v -124.0 3.6556 -9.0
v -124.0 2.3799 -10.5
v -125.5 2.4939 1.5
v -125.5 0.0 3.0
v -124.0 0.0 3.0
v -125.5 2.4939 1.5
v -124.0 0.0 3.0
v -124.0 2.3141 1.5
v -124.0 0.0 -12.0
v -124.0 2.3799 -10.5
v -122.5 1.4986 -10.5
v -124.0 0.0 -12.0
v -122.5 1.4986 -10.5
v -122.5 0.0 -12.0
v -124.0 2.3799 -10.5
v -124.0 3.6556 -9.0
v -122.5 2.8755 -9.0
v -124.0 2.3799 -10.5
v -122.5 2.8755 -9.0
v -122.5 1.4986 -10.5
v -124.0 3.5266 0.0
v -124.0 2.3141 1.5
v -122.5 1.5702 1.5
v -124.0 3.5266 0.0
v -122.5 1.5702 1.5
v -122.5 3.0524 0.0
v -124.0 2.3141 1.5
v -124.0 0.0 3.0
v -122.5 0.0 3.0
v -124.0 2.3141 1.5
v -122.5 0.0 3.0
v -122.5 1.5702 1.5
v -122.5 0.0 -12.0
v -122.5 1.4986 -10.5
v -121.0 0.0 -10.5
v -122.5 1.4986 -10.5
v -122.5 2.8755 -9.0
v -121.0 1.7474 -9.0
v -122.5 1.4986 -10.5
v -121.0 1.7474 -9.0
v -121.0 0.0 -10.5
v -122.5 2.8755 -9.0
v -121.0 2.713 -7.5
v -121.0 1.7474 -9.0
v -122.5 4.3022 -4.5
v -122.5 4.2389 -3.0
v -121.0 0.0 -3.0
v -122.5 4.3022 -4.5
v -121.0 0.0 -3.0
v -121.0 3.5585 -4.5
v -122.5 4.2389 -3.0
v -121.0 2.9938 -1.5
v -121.0 0.0 -3.0
v -122.5 3.8561 -1.5
v -122.5 3.0524 0.0
v -121.0 1.9492 0.0
v -122.5 3.8561 -1.5
v -121.0 1.9492 0.0
v -121.0 2.9938 -1.5
v -122.5 3.0524 0.0
v -122.5 1.5702 1.5
v -121.0 0.0 1.5
v -122.5 3.0524 0.0
v -121.0 0.0 1.5
v -121.0 1.9492 0.0
v -122.5 1.5702 1.5
v -122.5 0.0 3.0
v -121.0 0.0 3.0
v -122.5 1.5702 1.5
v -121.0 0.0 3.0
v -121.0 0.0 1.5
v -121.0 0.0 -10.5
v -121.0 1.7474 -9.0
v -119.5 0.0 -9.0
v -121.0 1.7474 -9.0
v -121.0 2.713 -7.5
v -119.5 0.0 -7.5
v -121.0 1.7474 -9.0
v -119.5 0.0 -7.5
v -119.5 0.0 -9.0
v -121.0 2.713 -7.5
v -121.0 3.289 -6.0
v -119.5 0.0 -6.0
v -121.0 2.713 -7.5
v -119.5 0.0 -6.0
v -119.5 0.0 -7.5
v -121.0 3.289 -6.0
v -121.0 3.5585 -4.5
v -119.5 0.0 -4.5
v -121.0 3.289 -6.0
v -119.5 0.0 -4.5
v -119.5 0.0 -6.0
v -121.0 3.5585 -4.5
v -121.0 0.0 -3.0
v -119.5 0.0 -3.0
v -121.0 3.5585 -4.5
v -119.5 0.0 -3.0
v -119.5 0.0 -4.5
v -121.0 0.0 -3.0
v -121.0 2.9938 -1.5
v -119.5 0.0 -1.5
v -121.0 2.9938 -1.5
v -121.0 1.9492 0.0
v -119.5 0.0 0.0
v -121.0 2.9938 -1.5
v -119.5 0.0 0.0
v -119.5 0.0 -1.5
v -121.0 1.9492 0.0
v -121.0 0.0 1.5
v -119.5 0.0 1.5
v -121.0 1.9492 0.0
v -119.5 0.0 1.5
v -119.5 0.0 0.0
v -103.0 0.0 -7.5
v -101.5 0.0 -6.0
v -101.5 0.9297 -7.5
v -103.0 0.0 1.5
v -101.5 0.0 3.0
v -101.5 1.0352 1.5
v -101.5 0.0 -9.0
v -101.5 0.9297 -7.5
v -100.0 2.5934 -7.5
v -101.5 0.0 -9.0
v -100.0 2.5934 -7.5
v -100.0 0.7638 -9.0
v -101.5 0.9297 -7.5
v -101.5 0.0 -6.0
v -100.0 3.6604 -6.0
v -101.5 0.9297 -7.5
v -100.0 3.6604 -6.0
v -100.0 2.5934 -7.5
v -101.5 0.0 -6.0
v -101.5 0.0 -4.5
v -100.0 4.3503 -4.5
v -101.5 0.0 -6.0
v -100.0 4.3503 -4.5
v -100.0 3.6604 -6.0
v -101.5 0.0 -4.5
v -101.5 0.0 -3.0
v -100.0 4.6621 -3.0
v -101.5 0.0 -4.5
v -100.0 4.6621 -3.0
v -100.0 4.3503 -4.5
v -101.5 0.0 -3.0
v -101.5 0.0 -1.5
v -100.0 4.5378 -1.5
v -101.5 0.0 -3.0
v -100.0 4.5378 -1.5
v -100.0 4.6621 -3.0
v -101.5 0.0 -1.5
v -101.5 0.0 0.0
v -100.0 3.9369 0.0
v -101.5 0.0 -1.5
v -100.0 3.9369 0.0
v -100.0 4.5378 -1.5
v -101.5 0.0 0.0
v -101.5 1.0352 1.5
v -100.0 2.8165 1.5
v -101.5 0.0 0.0
v -100.0 2.8165 1.5
v -100.0 3.9369 0.0
v -101.5 1.0352 1.5
v -101.5 0.0 3.0
v -100.0 0.817 3.0
v -101.5 1.0352 1.5
v -100.0 0.817 3.0
v -100.0 2.8165 1.5
v -100.0 0.0 -10.5
v -100.0 0.7638 -9.0
v -98.5 2.0838 -9.0
v -100.0 0.0 -10.5
v -98.5 2.0838 -9.0
v -98.5 0.0 -10.5
v -100.0 0.7638 -9.0
v -100.0 2.5934 -7.5
v -98.5 3.6432 -7.5
v -100.0 0.7638 -9.0
v -98.5 3.6432 -7.5
v -98.5 2.0838 -9.0
v -100.0 2.5934 -7.5
v -100.0 3.6604 -6.0
v -98.5 4.7273 -6.0
v -100.0 2.5934 -7.5
v -98.5 4.7273 -6.0
v -98.5 3.6432 -7.5
v -100.0 3.6604 -6.0
v -100.0 4.3503 -4.5
v -98.5 5.4155 -4.5
v -100.0 3.6604 -6.0
v -98.5 5.4155 -4.5
v -98.5 4.7273 -6.0
v -100.0 3.9369 0.0
v -100.0 2.8165 1.5
v -98.5 3.6168 1.5
v -100.0 3.9369 0.0
v -98.5 3.6168 1.5
v -98.5 4.6974 0.0
v -100.0 2.8165 1.5
v -100.0 0.817 3.0
v -98.5 2.0714 3.0
v -100.0 2.8165 1.5
v -98.5 2.0714 3.0
v -98.5 3.6168 1.5
v -100.0 0.817 3.0
v -98.5 0.0 4.5
v -98.5 2.0714 3.0
v -98.5 0.0 -10.5
v -98.5 2.0838 -9.0
v -97.0 2.7814 -9.0
v -98.5 0.0 -10.5
v -97.0 2.7814 -9.0
v -97.0 0.0 -10.5
v -98.5 2.0838 -9.0
v -98.5 3.6432 -7.5
v -97.0 4.3142 -7.5
v -98.5 2.0838 -9.0
v -97.0 4.3142 -7.5
v -97.0 2.7814 -9.0
v -98.5 3.6432 -7.5
v -98.5 4.7273 -6.0
v -97.0 5.3545 -6.0
v -98.5 3.6168 1.5
v -98.5 2.0714 3.0
v -97.0 2.5825 3.0
v -98.5 3.6168 1.5
v -97.0 2.5825 3.0
v -97.0 3.9376 1.5
v -98.5 2.0714 3.0
v -98.5 0.0 4.5
v -97.0 0.0 4.5
v -98.5 2.0714 3.0
v -97.0 0.0 4.5
v -97.0 2.5825 3.0
v -97.0 0.0 -10.5
v -97.0 2.7814 -9.0
v -95.5 2.9983 -9.0
v -97.0 0.0 -10.5
v -95.5 2.9983 -9.0
v -95.5 0.0 -10.5
v -97.0 2.7814 -9.0
v -97.0 4.3142 -7.5
v -95.5 4.4672 -7.5
v -97.0 2.7814 -9.0
v -95.5 4.4672 -7.5
v -95.5 2.9983 -9.0
v -97.0 3.9376 1.5
v -97.0 2.5825 3.0
v -95.5 2.7617 3.0
v -97.0 3.9376 1.5
v -95.5 2.7617 3.0
v -95.5 4.0272 1.5
v -97.0 2.5825 3.0
v -97.0 0.0 4.5
v -95.5 0.0 4.5
v -97.0 2.5825 3.0
v -95.5 0.0 4.5
v -95.5 2.7617 3.0
v -95.5 0.0 -10.5
v -95.5 2.9983 -9.0
v -94.0 2.9888 -9.0
v -95.5 0.0 -10.5
v -94.0 2.9888 -9.0
v -94.0 0.0 -10.5
v -95.5 2.9983 -9.0
v -95.5 4.4672 -7.5
v -94.0 4.4001 -7.5
v -95.5 2.9983 -9.0
v -94.0 4.4001 -7.5
v -94.0 2.9888 -9.0
v -95.5 4.0272 1.5
v -95.5 2.7617 3.0
v -94.0 2.9075 3.0
v -95.5 4.0272 1.5
v -94.0 2.9075 3.0
v -94.0 4.2472 1.5
v -95.5 2.7617 3.0
v -95.5 0.0 4.5
v -94.0 0.0 4.5
v -95.5 2.7617 3.0
v -94.0 0.0 4.5
v -94.0 2.9075 3.0
v -94.0 0.0 -10.5
v -94.0 2.9888 -9.0
v -92.5 2.9336 -9.0
v -94.0 0.0 -10.5
v -92.5 2.9336 -9.0
v -92.5 0.0 -10.5
v -94.0 2.9888 -9.0
v -94.0 4.4001 -7.5
v -92.5 4.2466 -7.5
v -94.0 2.9888 -9.0
v -92.5 4.2466 -7.5
v -92.5 2.9336 -9.0
v -94.0 4.2472 1.5
v -94.0 2.9075 3.0
v -92.5 3.0749 3.0
v -94.0 4.2472 1.5
v -92.5 3.0749 3.0
v -92.5 4.51 1.5
v -94.0 2.9075 3.0
v -94.0 0.0 4.5
v -92.5 0.0 4.5
v -94.0 2.9075 3.0
v -92.5 0.0 4.5
v -92.5 3.0749 3.0
v -92.5 0.0 -10.5
v -92.5 2.9336 -9.0
v -91.0 2.7958 -9.0
v -92.5 0.0 -10.5
v -91.0 2.7958 -9.0
v -91.0 0.0 -10.5
v -92.5 2.9336 -9.0
v -92.5 4.2466 -7.5
v -91.0 4.1323 -7.5
v -92.5 2.9336 -9.0
v -91.0 4.1323 -7.5
v -91.0 2.7958 -9.0
v -92.5 4.51 1.5
v -92.5 3.0749 3.0
v -91.0 3.0507 3.0
v -92.5 4.51 1.5
v -91.0 3.0507 3.0
v -91.0 4.6095 1.5
v -92.5 3.0749 3.0
v -92.5 0.0 4.5
v -91.0 0.0 4.5
v -92.5 3.0749 3.0
v -91.0 0.0 4.5
v -91.0 3.0507 3.0
v -91.0 0.0 -10.5
v -91.0 2.7958 -9.0
v -89.5 2.7678 -9.0
v -91.0 0.0 -10.5
v -89.5 2.7678 -9.0
v -89.5 0.0 -10.5
v -91.0 2.7958 -9.0
v -91.0 4.1323 -7.5
v -89.5 4.2012 -7.5
v -91.0 2.7958 -9.0
v -89.5 4.2012 -7.5
v -89.5 2.7678 -9.0
v -91.0 4.6095 1.5
v -91.0 3.0507 3.0
v -89.5 2.9382 3.0
v -91.0 4.6095 1.5
v -89.5 2.9382 3.0
v -89.5 4.5199 1.5
v -91.0 3.0507 3.0
v -91.0 0.0 4.5
v -89.5 0.0 4.5
v -91.0 3.0507 3.0
v -89.5 0.0 4.5
v -89.5 2.9382 3.0
v -89.5 0.0 -10.5
v -89.5 2.7678 -9.0
v -88.0 2.8288 -9.0
v -89.5 0.0 -10.5
v -88.0 2.8288 -9.0
v -88.0 0.0 -10.5
v -89.5 2.7678 -9.0
v -89.5 4.2012 -7.5
v -88.0 4.3511 -7.5
v -89.5 2.7678 -9.0
v -88.0 4.3511 -7.5
v -88.0 2.8288 -9.0
v -89.5 4.5199 1.5
v -89.5 2.9382 3.0
v -88.0 2.7814 3.0
v -89.5 4.5199 1.5
v -88.0 2.7814 3.0
v -88.0 4.2626 1.5
v -89.5 2.9382 3.0
v -89.5 0.0 4.5
v -88.0 0.0 4.5
v -89.5 2.9382 3.0
v -88.0 0.0 4.5
v -88.0 2.7814 3.0
v -88.0 0.0 -10.5
v -88.0 2.8288 -9.0
v -86.5 2.9225 -9.0
v -88.0 0.0 -10.5
v -86.5 2.9225 -9.0
v -86.5 0.0 -10.5
v -88.0 2.8288 -9.0
v -88.0 4.3511 -7.5
v -86.5 4.488 -7.5
v -88.0 2.8288 -9.0
v -86.5 4.488 -7.5
v -86.5 2.9225 -9.0
v -88.0 4.2626 1.5
v -88.0 2.7814 3.0
v -86.5 2.6993 3.0
v -88.0 4.2626 1.5
v -86.5 2.6993 3.0
v -86.5 4.0689 1.5
v -88.0 2.7814 3.0
v -88.0 0.0 4.5
v -86.5 0.0 4.5
v -88.0 2.7814 3.0
v -86.5 0.0 4.5
v -86.5 2.6993 3.0
v -86.5 0.0 -10.5
v -86.5 2.9225 -9.0
v -85.0 3.0265 -9.0
v -86.5 0.0 -10.5
v -85.0 3.0265 -9.0
v -85.0 0.2891 -10.5
v -86.5 2.9225 -9.0
v -86.5 4.488 -7.5
v -85.0 4.4473 -7.5
v -86.5 2.9225 -9.0
v -85.0 4.4473 -7.5
v -85.0 3.0265 -9.0
v -86.5 4.0689 1.5
v -86.5 2.6993 3.0
v -85.0 2.6892 3.0
v -86.5 4.0689 1.5
v -85.0 2.6892 3.0
v -85.0 3.9585 1.5
v -86.5 2.6993 3.0
v -86.5 0.0 4.5
v -85.0 0.0 4.5
v -86.5 2.6993 3.0
v -85.0 0.0 4.5
v -85.0 2.6892 3.0
v -85.0 0.2891 -10.5
v -85.0 3.0265 -9.0
v -83.5 2.8881 -9.0
v -85.0 0.2891 -10.5
v -83.5 2.8881 -9.0
v -83.5 0.0 -10.5
v -85.0 3.0265 -9.0
v -85.0 4.4473 -7.5
v -83.5 4.2098 -7.5
v -85.0 3.0265 -9.0
v -83.5 4.2098 -7.5
v -83.5 2.8881 -9.0
v -85.0 3.9585 1.5
v -85.0 2.6892 3.0
v -83.5 2.7201 3.0
v -85.0 3.9585 1.5
v -83.5 2.7201 3.0
v -83.5 4.0413 1.5
v -85.0 2.6892 3.0
v -85.0 0.0 4.5
v -83.5 0.0 4.5
v -85.0 2.6892 3.0
v -83.5 0.0 4.5
v -83.5 2.7201 3.0
v -83.5 0.0 -10.5
v -83.5 2.8881 -9.0
v -82.0 2.8294 -9.0
v -83.5 0.0 -10.5
v -82.0 2.8294 -9.0
v -82.0 0.6368 -10.5
v -83.5 2.8881 -9.0
v -83.5 4.2098 -7.5
v -82.0 3.9605 -7.5
v -83.5 4.0413 1.5
v -83.5 2.7201 3.0
v -82.0 2.6515 3.0
v -83.5 4.0413 1.5
v -82.0 2.6515 3.0
v -82.0 4.0302 1.5
v -83.5 2.7201 3.0
v -83.5 0.0 4.5
v -82.0 0.0 4.5
v -83.5 2.7201 3.0
v -82.0 0.0 4.5
v -82.0 2.6515 3.0
v -82.0 0.6368 -10.5
v -82.0 2.8294 -9.0
v -80.5 2.5704 -9.0
v -82.0 0.6368 -10.5
v -80.5 2.5704 -9.0
v -80.5 0.4338 -10.5
v -82.0 4.0302 1.5
v -82.0 2.6515 3.0
v -80.5 2.4622 3.0
v -82.0 4.0302 1.5
v -80.5 2.4622 3.0
v -80.5 3.9501 1.5
v -82.0 2.6515 3.0
v -82.0 0.0 4.5
v -80.5 0.0 4.5
v -82.0 2.6515 3.0
v -80.5 0.0 4.5
v -80.5 2.4622 3.0
v -80.5 0.4338 -10.5
v -80.5 2.5704 -9.0
v -79.0 2.621 -9.0
v -80.5 0.4338 -10.5
v -79.0 2.621 -9.0
v -79.0 0.7762 -10.5
v -80.5 3.9501 1.5
v -80.5 2.4622 3.0
v -79.0 2.2551 3.0
v -80.5 3.9501 1.5
v -79.0 2.2551 3.0
v -79.0 3.6734 1.5
v -80.5 2.4622 3.0
v -80.5 0.0 4.5
v -79.0 0.0 4.5
v -80.5 2.4622 3.0
v -79.0 0.0 4.5
v -79.0 2.2551 3.0
v -79.0 0.7762 -10.5
v -79.0 2.621 -9.0
v -77.5 2.5338 -9.0
v -79.0 0.7762 -10.5
v -77.5 2.5338 -9.0
v -77.5 0.7059 -10.5
v -79.0 2.621 -9.0
v -77.5 3.7884 -7.5
v -77.5 2.5338 -9.0
v -79.0 3.6734 1.5
v -79.0 2.2551 3.0
v -77.5 1.9658 3.0
v -79.0 3.6734 1.5
v -77.5 1.9658 3.0
v -77.5 3.3347 1.5
v -79.0 2.2551 3.0
v -79.0 0.0 4.5
v -77.5 0.0 4.5
v -79.0 2.2551 3.0
v -77.5 0.0 4.5
v -77.5 1.9658 3.0
v -77.5 0.7059 -10.5
v -77.5 2.5338 -9.0
v -76.0 2.7677 -9.0
v -77.5 0.7059 -10.5
v -76.0 2.7677 -9.0
v -76.0 0.9541 -10.5
v -77.5 2.5338 -9.0
v -77.5 3.7884 -7.5
v -76.0 3.923 -7.5
v -77.5 3.3347 1.5
v -77.5 1.9658 3.0
v -76.0 1.9135 3.0
v -77.5 1.9658 3.0
v -77.5 0.0 4.5
v -76.0 0.0 4.5
v -77.5 1.9658 3.0
v -76.0 0.0 4.5
v -76.0 1.9135 3.0
v -76.0 0.9541 -10.5
v -76.0 2.7677 -9.0
v -74.5 2.7033 -9.0
v -76.0 0.9541 -10.5
v -74.5 2.7033 -9.0
v -74.5 0.9808 -10.5
v -76.0 1.9135 3.0
v -76.0 0.0 4.5
v -74.5 0.0 4.5
v -76.0 1.9135 3.0
v -74.5 0.0 4.5
v -74.5 1.7369 3.0
v -74.5 0.9808 -10.5
v -74.5 2.7033 -9.0
v -73.0 2.7354 -9.0
v -74.5 0.9808 -10.5
v -73.0 2.7354 -9.0
v -73.0 1.1124 -10.5
v -74.5 1.7369 3.0
v -74.5 0.0 4.5
v -73.0 0.0 4.5
v -74.5 1.7369 3.0
v -73.0 0.0 4.5
v -73.0 1.8669 3.0
v -73.0 1.1124 -10.5
v -73.0 2.7354 -9.0
v -71.5 2.5894 -9.0
v -73.0 1.1124 -10.5
v -71.5 2.5894 -9.0
v -71.5 1.1355 -10.5
v -73.0 3.0762 1.5
v -71.5 1.7021 3.0
v -71.5 3.0287 1.5
v -73.0 1.8669 3.0
v -73.0 0.0 4.5
v -71.5 0.0 4.5
v -73.0 1.8669 3.0
v -71.5 0.0 4.5
v -71.5 1.7021 3.0
v -71.5 1.1355 -10.5
v -71.5 2.5894 -9.0
v -70.0 2.5169 -9.0
v -71.5 1.1355 -10.5
v -70.0 2.5169 -9.0
v -70.0 1.1259 -10.5
v -71.5 3.0287 1.5
v -71.5 1.7021 3.0
v -70.0 1.7138 3.0
v -71.5 3.0287 1.5
v -70.0 1.7138 3.0
v -70.0 3.0872 1.5
v -71.5 1.7021 3.0
v -71.5 0.0 4.5
v -70.0 0.0 4.5
v -71.5 1.7021 3.0
v -70.0 0.0 4.5
v -70.0 1.7138 3.0
v -70.0 1.1259 -10.5
v -70.0 2.5169 -9.0
v -68.5 2.602 -9.0
v -70.0 1.1259 -10.5
v -68.5 2.602 -9.0
v -68.5 1.2228 -10.5
v -70.0 3.0872 1.5
v -70.0 1.7138 3.0
v -68.5 1.5284 3.0
v -70.0 3.0872 1.5
v -68.5 1.5284 3.0
v -68.5 2.9427 1.5
v -70.0 1.7138 3.0
v -70.0 0.0 4.5
v -68.5 0.0 4.5
v -70.0 1.7138 3.0
v -68.5 0.0 4.5
v -68.5 1.5284 3.0
v -68.5 1.2228 -10.5
v -68.5 2.602 -9.0
v -67.0 2.6955 -9.0
v -68.5 1.2228 -10.5
v -67.0 2.6955 -9.0
v -67.0 1.2299 -10.5
v -68.5 2.9427 1.5
v -68.5 1.5284 3.0
v -67.0 1.4549 3.0
v -68.5 2.9427 1.5
v -67.0 1.4549 3.0
v -67.0 2.7931 1.5
v -68.5 1.5284 3.0
v -68.5 0.0 4.5
v -67.0 0.0 4.5
v -68.5 1.5284 3.0
v -67.0 0.0 4.5
v -67.0 1.4549 3.0
v -67.0 0.0 -12.0
v -67.0 1.2299 -10.5
v -65.5 1.5109 -10.5
v -67.0 0.0 -12.0
v -65.5 1.5109 -10.5
v -65.5 0.0 -12.0
v -67.0 1.2299 -10.5
v -67.0 2.6955 -9.0
v -65.5 3.0407 -9.0
v -67.0 1.2299 -10.5
v -65.5 3.0407 -9.0
v -65.5 1.5109 -10.5
v -67.0 2.7931 1.5
v -67.0 1.4549 3.0
v -65.5 1.4241 3.0
v -67.0 2.7931 1.5
v -65.5 1.4241 3.0
v -65.5 2.7768 1.5
v -67.0 1.4549 3.0
v -67.0 0.0 4.5
v -65.5 0.0 4.5
v -67.0 1.4549 3.0
v -65.5 0.0 4.5
v -65.5 1.4241 3.0
v -65.5 0.0 -12.0
v -65.5 1.5109 -10.5
v -64.0 1.4956 -10.5
v -65.5 0.0 -12.0
v -64.0 1.4956 -10.5
v -64.0 0.0 -12.0
v -65.5 1.5109 -10.5
v -65.5 3.0407 -9.0
v -64.0 3.1222 -9.0
v -65.5 1.5109 -10.5
v -64.0 3.1222 -9.0
v -64.0 1.4956 -10.5
v -65.5 2.7768 1.5
v -65.5 1.4241 3.0
v -64.0 1.4092 3.0
v -65.5 2.7768 1.5
v -64.0 1.4092 3.0
v -64.0 2.7712 1.5
v -65.5 1.4241 3.0
v -65.5 0.0 4.5
v -64.0 0.0 4.5
v -65.5 1.4241 3.0
v -64.0 0.0 4.5
v -64.0 1.4092 3.0
v -64.0 0.0 -12.0
v -64.0 1.4956 -10.5
v -62.5 1.8214 -10.5
v -64.0 0.0 -12.0
v -62.5 1.8214 -10.5
v -62.5 0.0 -12.0
v -64.0 1.4956 -10.5
v -64.0 3.1222 -9.0
v -62.5 3.2989 -9.0
v -64.0 1.4956 -10.5
v -62.5 3.2989 -9.0
v -62.5 1.8214 -10.5
v -64.0 2.7712 1.5
v -64.0 1.4092 3.0
v -62.5 1.5144 3.0
v -64.0 2.7712 1.5
v -62.5 1.5144 3.0
v -62.5 3.0611 1.5
v -64.0 1.4092 3.0
v -64.0 0.0 4.5
v -62.5 0.0 4.5
v -64.0 1.4092 3.0
v -62.5 0.0 4.5
v -62.5 1.5144 3.0
v -62.5 0.0 -12.0
v -62.5 1.8214 -10.5
v -61.0 1.7501 -10.5
v -62.5 0.0 -12.0
v -61.0 1.7501 -10.5
v -61.0 0.0 -12.0
v -62.5 1.8214 -10.5
v -62.5 3.2989 -9.0
v -61.0 3.2351 -9.0
v -62.5 1.8214 -10.5
v -61.0 3.2351 -9.0
v -61.0 1.7501 -10.5
v -62.5 3.0611 1.5
v -62.5 1.5144 3.0
v -61.0 1.3915 3.0
v -62.5 3.0611 1.5
v -61.0 1.3915 3.0
v -61.0 3.085 1.5
v -62.5 1.5144 3.0
v -62.5 0.0 4.5
v -61.0 0.0 4.5
v -62.5 1.5144 3.0
v -61.0 0.0 4.5
v -61.0 1.3915 3.0
v -61.0 0.0 -12.0
v -61.0 1.7501 -10.5
v -59.5 1.9196 -10.5
v -61.0 0.0 -12.0
v -59.5 1.9196 -10.5
v -59.5 0.0 -12.0
v -61.0 1.7501 -10.5
v -61.0 3.2351 -9.0
v -59.5 3.3116 -9.0
v -61.0 1.7501 -10.5
v -59.5 3.3116 -9.0
v -59.5 1.9196 -10.5
v -61.0 3.085 1.5
v -61.0 1.3915 3.0
v -59.5 1.4557 3.0
v -61.0 3.085 1.5
v -59.5 1.4557 3.0
v -59.5 3.3158 1.5
v -61.0 1.3915 3.0
v -61.0 0.0 4.5
v -59.5 0.0 4.5
v -61.0 1.3915 3.0
v -59.5 0.0 4.5
v -59.5 1.4557 3.0
v -59.5 0.0 -12.0
v -59.5 1.9196 -10.5
v -58.0 2.0499 -10.5
v -59.5 0.0 -12.0
v -58.0 2.0499 -10.5
v -58.0 0.0 -12.0
v -59.5 1.9196 -10.5
v -59.5 3.3116 -9.0
v -58.0 3.5276 -9.0
v -59.5 1.9196 -10.5
v -58.0 3.5276 -9.0
v -58.0 2.0499 -10.5
v -59.5 4.4871 0.0
v -58.0 3.0385 1.5
v -58.0 4.3881 0.0
v -59.5 3.3158 1.5
v -59.5 1.4557 3.0
v -58.0 1.1536 3.0
v -59.5 3.3158 1.5
v -58.0 1.1536 3.0
v -58.0 3.0385 1.5
v -59.5 1.4557 3.0
v -59.5 0.0 4.5
v -58.0 0.0 4.5
v -58.0 0.0 -12.0
v -58.0 2.0499 -10.5
v -56.5 2.2876 -10.5
v -58.0 0.0 -12.0
v -56.5 2.2876 -10.5
v -56.5 0.0 -12.0
v -58.0 2.0499 -10.5
v -58.0 3.5276 -9.0
v -56.5 3.8416 -9.0
v -58.0 2.0499 -10.5
v -56.5 3.8416 -9.0
v -56.5 2.2876 -10.5
v -58.0 4.3881 0.0
v -58.0 3.0385 1.5
v -56.5 3.0433 1.5
v -58.0 4.3881 0.0
v -56.5 3.0433 1.5
v -56.5 4.3539 0.0
v -58.0 3.0385 1.5
v -58.0 1.1536 3.0
v -56.5 1.0622 3.0
v -58.0 3.0385 1.5
v -56.5 1.0622 3.0
v -56.5 3.0433 1.5
v -56.5 0.0 -12.0
v -56.5 2.2876 -10.5
v -55.0 2.7413 -10.5
v -56.5 0.0 -12.0
v -55.0 2.7413 -10.5
v -55.0 0.0 -12.0
v -56.5 2.2876 -10.5
v -56.5 3.8416 -9.0
v -55.0 4.3173 -9.0
v -56.5 2.2876 -10.5
v -55.0 4.3173 -9.0
v -55.0 2.7413 -10.5
v -56.5 4.3539 0.0
v -56.5 3.0433 1.5
v -55.0 2.7593 1.5
v -56.5 4.3539 0.0
v -55.0 2.7593 1.5
v -55.0 4.0309 0.0
v -56.5 3.0433 1.5
v -56.5 1.0622 3.0
v -55.0 0.6799 3.0
v -56.5 3.0433 1.5
v -55.0 0.6799 3.0
v -55.0 2.7593 1.5
v -55.0 0.0 -12.0
v -55.0 2.7413 -10.5
v -53.5 2.9796 -10.5
v -55.0 0.0 -12.0
v -53.5 2.9796 -10.5
v -53.5 0.0 -12.0
v -55.0 2.7413 -10.5
v -55.0 4.3173 -9.0
v -53.5 4.4974 -9.0
v -55.0 2.7413 -10.5
v -53.5 4.4974 -9.0
v -53.5 2.9796 -10.5
v -55.0 4.0309 0.0
v -55.0 2.7593 1.5
v -53.5 2.8514 1.5
v -55.0 4.0309 0.0
v -53.5 2.8514 1.5
v -53.5 4.1183 0.0
v -55.0 2.7593 1.5
v -55.0 0.6799 3.0
v -53.5 0.3049 3.0
v -55.0 2.7593 1.5
v -53.5 0.3049 3.0
v -53.5 2.8514 1.5
v -53.5 0.0 -12.0
v -53.5 2.9796 -10.5
v -52.0 3.3086 -10.5
v -53.5 0.0 -12.0
v -52.0 3.3086 -10.5
v -52.0 0.828 -12.0
v -53.5 2.9796 -10.5
v -53.5 4.4974 -9.0
v -52.0 4.6315 -9.0
v -53.5 2.9796 -10.5
v -52.0 4.6315 -9.0
v -52.0 3.3086 -10.5
v -53.5 4.1183 0.0
v -53.5 2.8514 1.5
v -52.0 2.6786 1.5
v -53.5 4.1183 0.0
v -52.0 2.6786 1.5
v -52.0 4.053 0.0
v -53.5 2.8514 1.5
v -53.5 0.3049 3.0
v -52.0 0.0 3.0
v -53.5 2.8514 1.5
v -52.0 0.0 3.0
v -52.0 2.6786 1.5
v -52.0 0.828 -12.0
v -52.0 3.3086 -10.5
v -50.5 3.2536 -10.5
v -52.0 0.828 -12.0
v -50.5 3.2536 -10.5
v -50.5 0.9538 -12.0
v -52.0 3.3086 -10.5
v -52.0 4.6315 -9.0
v -50.5 4.4758 -9.0
v -52.0 4.053 0.0
v -52.0 2.6786 1.5
v -50.5 2.767 1.5
v -52.0 4.053 0.0
v -50.5 2.767 1.5
v -50.5 4.319 0.0
v -52.0 2.6786 1.5
v -52.0 0.0 3.0
v -50.5 0.0 3.0
v -52.0 2.6786 1.5
v -50.5 0.0 3.0
v -50.5 2.767 1.5
v -50.5 0.0 -13.5
v -50.5 0.9538 -12.0
v -49.0 0.0 -12.0
v -50.5 0.9538 -12.0
v -50.5 3.2536 -10.5
v -49.0 2.7524 -10.5
v -50.5 0.9538 -12.0
v -49.0 2.7524 -10.5
v -49.0 0.0 -12.0
v -50.5 3.2536 -10.5
v -50.5 4.4758 -9.0
v -49.0 4.0252 -9.0
v -50.5 3.2536 -10.5
v -49.0 4.0252 -9.0
v -49.0 2.7524 -10.5
v -50.5 4.319 0.0
v -50.5 2.767 1.5
v -49.0 2.3364 1.5
v -50.5 4.319 0.0
v -49.0 2.3364 1.5
v -49.0 4.0657 0.0
v -50.5 2.767 1.5
v -50.5 0.0 3.0
v -49.0 0.0 3.0
v -50.5 2.767 1.5
v -49.0 0.0 3.0
v -49.0 2.3364 1.5
v -49.0 0.0 -12.0
v -49.0 2.7524 -10.5
v -47.5 1.8622 -10.5
v -49.0 0.0 -12.0
v -47.5 1.8622 -10.5
v -47.5 0.0 -12.0
v -49.0 2.7524 -10.5
v -49.0 4.0252 -9.0
v -47.5 3.3621 -9.0
v -49.0 2.7524 -10.5
v -47.5 3.3621 -9.0
v -47.5 1.8622 -10.5
v -49.0 5.1257 -1.5
v -49.0 4.0657 0.0
v -47.5 3.195 0.0
v -49.0 5.1257 -1.5
v -47.5 3.195 0.0
v -47.5 4.4059 -1.5
v -49.0 4.0657 0.0
v -49.0 2.3364 1.5
v -47.5 1.1771 1.5
v -49.0 4.0657 0.0
v -47.5 1.1771 1.5
v -47.5 3.195 0.0
v -49.0 2.3364 1.5
v -49.0 0.0 3.0
v -47.5 0.0 3.0
v -49.0 2.3364 1.5
v -47.5 0.0 3.0
v -47.5 1.1771 1.5
v -47.5 0.0 -12.0
v -47.5 1.8622 -10.5
v -46.0 2.7826 -10.5
v -47.5 0.0 -12.0
v -46.0 2.7826 -10.5
v -46.0 0.9592 -12.0
v -47.5 1.8622 -10.5
v -47.5 3.3621 -9.0
v -46.0 3.925 -9.0
v -47.5 1.8622 -10.5
v -46.0 3.925 -9.0
v -46.0 2.7826 -10.5
v -47.5 4.4059 -1.5
v -47.5 3.195 0.0
v -46.0 2.0175 0.0
v -47.5 4.4059 -1.5
v -46.0 2.0175 0.0
v -46.0 3.4801 -1.5
v -47.5 3.195 0.0
v -47.5 1.1771 1.5
v -46.0 0.0 1.5
v -47.5 3.195 0.0
v -46.0 0.0 1.5
v -46.0 2.0175 0.0
v -46.0 0.0 -13.5
v -46.0 0.9592 -12.0
v -44.5 1.975 -12.0
v -46.0 0.0 -13.5
v -44.5 1.975 -12.0
v -44.5 0.0 -13.5
v -46.0 0.9592 -12.0
v -46.0 2.7826 -10.5
v -44.5 3.6311 -10.5
v -46.0 0.9592 -12.0
v -44.5 3.6311 -10.5
v -44.5 1.975 -12.0
v -46.0 2.7826 -10.5
v -46.0 3.925 -9.0
v -44.5 4.7681 -9.0
v -46.0 2.7826 -10.5
v -44.5 4.7681 -9.0
v -44.5 3.6311 -10.5
v -46.0 3.4801 -1.5
v -46.0 2.0175 0.0
v -44.5 2.6806 0.0
v -46.0 3.4801 -1.5
v -44.5 2.6806 0.0
v -44.5 3.9572 -1.5
v -46.0 2.0175 0.0
v -46.0 0.0 1.5
v -44.5 0.4782 1.5
v -46.0 2.0175 0.0
v -44.5 0.4782 1.5
v -44.5 2.6806 0.0
v -44.5 0.0 -13.5
v -44.5 1.975 -12.0
v -43.0 2.4367 -12.0
v -44.5 0.0 -13.5
v -43.0 2.4367 -12.0
v -43.0 0.0 -13.5
v -44.5 1.975 -12.0
v -44.5 3.6311 -10.5
v -43.0 4.0491 -10.5
v -44.5 1.975 -12.0
v -43.0 4.0491 -10.5
v -43.0 2.4367 -12.0
v -44.5 3.9572 -1.5
v -44.5 2.6806 0.0
v -43.0 2.9778 0.0
v -44.5 2.6806 0.0
v -44.5 0.4782 1.5
v -43.0 1.0657 1.5
v -44.5 2.6806 0.0
v -43.0 1.0657 1.5
v -43.0 2.9778 0.0
v -43.0 0.0 -13.5
v -43.0 2.4367 -12.0
v -41.5 2.4363 -12.0
v -43.0 0.0 -13.5
v -41.5 2.4363 -12.0
v -41.5 0.0 -13.5
v -43.0 2.4367 -12.0
v -43.0 4.0491 -10.5
v -41.5 3.9235 -10.5
v -43.0 2.4367 -12.0
v -41.5 3.9235 -10.5
v -41.5 2.4363 -12.0
v -43.0 2.9778 0.0
v -43.0 1.0657 1.5
v -41.5 0.9579 1.5
v -43.0 2.9778 0.0
v -41.5 0.9579 1.5
v -41.5 3.0076 0.0
v -41.5 0.0 -13.5
v -41.5 2.4363 -12.0
v -40.0 2.6419 -12.0
v -41.5 0.0 -13.5
v -40.0 2.6419 -12.0
v -40.0 0.0 -13.5
v -41.5 2.4363 -12.0
v -41.5 3.9235 -10.5
v -40.0 3.8604 -10.5
v -41.5 3.0076 0.0
v -41.5 0.9579 1.5
v -40.0 0.306 1.5
v -41.5 3.0076 0.0
v -40.0 0.306 1.5
v -40.0 2.7693 0.0
v -40.0 0.0 -13.5
v -40.0 2.6419 -12.0
v -38.5 2.4718 -12.0
v -40.0 0.0 -13.5
v -38.5 2.4718 -12.0
v -38.5 0.4379 -13.5
v -40.0 2.6419 -12.0
v -40.0 3.8604 -10.5
v -38.5 3.5694 -10.5
v -40.0 3.9655 -1.5
v -38.5 2.6651 0.0
v -38.5 3.9859 -1.5
v -40.0 2.7693 0.0
v -40.0 0.306 1.5
v -38.5 0.0 1.5
v -40.0 2.7693 0.0
v -38.5 0.0 1.5
v -38.5 2.6651 0.0
v -38.5 0.4379 -13.5
v -38.5 2.4718 -12.0
v -37.0 2.5578 -12.0
v -38.5 0.4379 -13.5
v -37.0 2.5578 -12.0
v -37.0 0.7717 -13.5
v -38.5 3.9859 -1.5
v -38.5 2.6651 0.0
v -37.0 2.2728 0.0
v -38.5 3.9859 -1.5
v -37.0 2.2728 0.0
v -37.0 3.6655 -1.5
v -38.5 2.6651 0.0
v -38.5 0.0 1.5
v -37.0 0.0 1.5
v -38.5 2.6651 0.0
v -37.0 0.0 1.5
v -37.0 2.2728 0.0
v -37.0 0.7717 -13.5
v -37.0 2.5578 -12.0
v -35.5 2.5547 -12.0
v -37.0 0.7717 -13.5
v -35.5 2.5547 -12.0
v -35.5 1.0108 -13.5
v -37.0 3.6655 -1.5
v -37.0 2.2728 0.0
v -35.5 1.9727 0.0
v -37.0 3.6655 -1.5
v -35.5 1.9727 0.0
v -35.5 3.3664 -1.5
v -37.0 2.2728 0.0
v -37.0 0.0 1.5
v -35.5 0.0 1.5
v -37.0 2.2728 0.0
v -35.5 0.0 1.5
v -35.5 1.9727 0.0
v -35.5 1.0108 -13.5
v -35.5 2.5547 -12.0
v -34.0 2.7883 -12.0
v -35.5 1.0108 -13.5
v -34.0 2.7883 -12.0
v -34.0 1.2084 -13.5
v -35.5 3.3664 -1.5
v -35.5 1.9727 0.0
v -34.0 1.6671 0.0
v -35.5 3.3664 -1.5
v -34.0 1.6671 0.0
v -34.0 2.9848 -1.5
v -35.5 1.9727 0.0
v -35.5 0.0 1.5
v -34.0 0.0 1.5
v -35.5 1.9727 0.0
v -34.0 0.0 1.5
v -34.0 1.6671 0.0
v -34.0 0.0 -15.0
v -34.0 1.2084 -13.5
v -32.5 1.5023 -13.5
v -34.0 0.0 -15.0
v -32.5 1.5023 -13.5
v -32.5 0.0 -15.0
v -34.0 1.2084 -13.5
v -34.0 2.7883 -12.0
v -32.5 2.9507 -12.0
v -34.0 1.2084 -13.5
v -32.5 2.9507 -12.0
v -32.5 1.5023 -13.5
v -34.0 2.9848 -1.5
v -34.0 1.6671 0.0
v -32.5 1.4312 0.0
v -34.0 2.9848 -1.5
v -32.5 1.4312 0.0
v -32.5 2.7336 -1.5
v -34.0 1.6671 0.0
v -34.0 0.0 1.5
v -32.5 0.0 1.5
v -34.0 1.6671 0.0
v -32.5 0.0 1.5
v -32.5 1.4312 0.0
v -32.5 0.0 -15.0
v -32.5 1.5023 -13.5
v -31.0 1.652 -13.5
v -32.5 0.0 -15.0
v -31.0 1.652 -13.5
v -31.0 0.0 -15.0
v -32.5 1.5023 -13.5
v -32.5 2.9507 -12.0
v -31.0 3.0596 -12.0
v -32.5 1.5023 -13.5
v -31.0 3.0596 -12.0
v -31.0 1.652 -13.5
v -32.5 2.7336 -1.5
v -32.5 1.4312 0.0
v -31.0 1.32 0.0
v -32.5 2.7336 -1.5
v -31.0 1.32 0.0
v -31.0 2.6721 -1.5
v -32.5 1.4312 0.0
v -32.5 0.0 1.5
v -31.0 0.0 1.5
v -32.5 1.4312 0.0
v -31.0 0.0 1.5
v -31.0 1.32 0.0
v -31.0 0.0 -15.0
v -31.0 1.652 -13.5
v -29.5 1.8162 -13.5
v -31.0 0.0 -15.0
v -29.5 1.8162 -13.5
v -29.5 0.0 -15.0
v -31.0 1.652 -13.5
v -31.0 3.0596 -12.0
v -29.5 3.046 -12.0
v -31.0 2.6721 -1.5
v -31.0 1.32 0.0
v -29.5 1.0115 0.0
v -31.0 2.6721 -1.5
v -29.5 1.0115 0.0
v -29.5 2.5622 -1.5
v -31.0 1.32 0.0
v -31.0 0.0 1.5
v -29.5 0.0 1.5
v -29.5 0.0 -15.0
v -29.5 1.8162 -13.5
v -28.0 1.7892 -13.5
v -29.5 0.0 -15.0
v -28.0 1.7892 -13.5
v -28.0 0.0 -15.0
v -29.5 2.5622 -1.5
v -29.5 1.0115 0.0
v -28.0 1.0458 0.0
v -29.5 2.5622 -1.5
v -28.0 1.0458 0.0
v -28.0 2.6918 -1.5
v -28.0 0.0 -15.0
v -28.0 1.7892 -13.5
v -26.5 1.8542 -13.5
v -28.0 0.0 -15.0
v -26.5 1.8542 -13.5
v -26.5 0.0 -15.0
v -28.0 2.6918 -1.5
v -28.0 1.0458 0.0
v -26.5 0.7669 0.0
v -28.0 2.6918 -1.5
v -26.5 0.7669 0.0
v -26.5 2.5997 -1.5
v -26.5 0.0 -15.0
v -26.5 1.8542 -13.5
v -25.0 1.8396 -13.5
v -26.5 0.0 -15.0
v -25.0 1.8396 -13.5
v -25.0 0.0 -15.0
v -26.5 2.5997 -1.5
v -26.5 0.7669 0.0
v -25.0 0.7494 0.0
v -26.5 2.5997 -1.5
v -25.0 0.7494 0.0
v -25.0 2.5081 -1.5
v -25.0 0.0 -15.0
v -25.0 1.8396 -13.5
v -23.5 2.1243 -13.5
v -25.0 0.0 -15.0
v -23.5 2.1243 -13.5
v -23.5 0.0 -15.0
v -25.0 1.8396 -13.5
v -25.0 3.0248 -12.0
v -23.5 3.41 -12.0
v -25.0 1.8396 -13.5
v -23.5 3.41 -12.0
v -23.5 2.1243 -13.5
v -25.0 2.5081 -1.5
v -25.0 0.7494 0.0
v -23.5 0.4951 0.0
v -25.0 2.5081 -1.5
v -23.5 0.4951 0.0
v -23.5 2.3983 -1.5
v -23.5 0.0 -15.0
v -23.5 2.1243 -13.5
v -22.0 2.2091 -13.5
v -23.5 0.0 -15.0
v -22.0 2.2091 -13.5
v -22.0 0.0 -15.0
v -23.5 2.1243 -13.5
v -23.5 3.41 -12.0
v -22.0 3.5799 -12.0
v -23.5 2.1243 -13.5
v -22.0 3.5799 -12.0
v -22.0 2.2091 -13.5
v -23.5 2.3983 -1.5
v -23.5 0.4951 0.0
v -22.0 0.4604 0.0
v -23.5 2.3983 -1.5
v -22.0 0.4604 0.0
v -22.0 2.3446 -1.5
v -22.0 0.0 -15.0
v -22.0 2.2091 -13.5
v -20.5 2.6016 -13.5
v -22.0 0.0 -15.0
v -20.5 2.6016 -13.5
v -20.5 0.0 -15.0
v -22.0 2.2091 -13.5
v -22.0 3.5799 -12.0
v -20.5 3.9035 -12.0
v -22.0 2.2091 -13.5
v -20.5 3.9035 -12.0
v -20.5 2.6016 -13.5
v -22.0 2.3446 -1.5
v -22.0 0.4604 0.0
v -20.5 0.1293 0.0
v -22.0 2.3446 -1.5
v -20.5 0.1293 0.0
v -20.5 2.4705 -1.5
v -20.5 0.0 -15.0
v -20.5 2.6016 -13.5
v -19.0 2.5724 -13.5
v -20.5 0.0 -15.0
v -19.0 2.5724 -13.5
v -19.0 0.0 -15.0
v -20.5 2.6016 -13.5
v -20.5 3.9035 -12.0
v -19.0 3.8441 -12.0
v -20.5 2.6016 -13.5
v -19.0 3.8441 -12.0
v -19.0 2.5724 -13.5
v -20.5 2.4705 -1.5
v -20.5 0.1293 0.0
v -19.0 0.0 0.0
v -20.5 2.4705 -1.5
v -19.0 0.0 0.0
v -19.0 2.5377 -1.5
v -19.0 0.0 -15.0
v -19.0 2.5724 -13.5
v -17.5 2.774 -13.5
v -19.0 0.0 -15.0
v -17.5 2.774 -13.5
v -17.5 0.4615 -15.0
v -19.0 2.5724 -13.5
v -19.0 3.8441 -12.0
v -17.5 3.9266 -12.0
v -19.0 3.6798 -3.0
v -17.5 2.7018 -1.5
v -17.5 4.0607 -3.0
v -19.0 2.5377 -1.5
v -19.0 0.0 0.0
v -17.5 0.0 0.0
v -19.0 2.5377 -1.5
v -17.5 0.0 0.0
v -17.5 2.7018 -1.5
v -17.5 0.4615 -15.0
v -17.5 2.774 -13.5
v -16.0 2.6725 -13.5
v -17.5 0.4615 -15.0
v -16.0 2.6725 -13.5
v -16.0 0.1851 -15.0
v -17.5 4.0607 -3.0
v -17.5 2.7018 -1.5
v -16.0 2.5735 -1.5
v -17.5 4.0607 -3.0
v -16.0 2.5735 -1.5
v -16.0 4.0348 -3.0
v -17.5 2.7018 -1.5
v -17.5 0.0 0.0
v -16.0 0.0 0.0
v -17.5 2.7018 -1.5
v -16.0 0.0 0.0
v -16.0 2.5735 -1.5
v -16.0 0.1851 -15.0
v -16.0 2.6725 -13.5
v -14.5 2.9192 -13.5
v -16.0 0.1851 -15.0
v -14.5 2.9192 -13.5
v -14.5 0.8227 -15.0
v -16.0 2.6725 -13.5
v -16.0 3.8937 -12.0
v -14.5 4.2144 -12.0
v -16.0 2.6725 -13.5
v -14.5 4.2144 -12.0
v -14.5 2.9192 -13.5
v -16.0 4.0348 -3.0
v -16.0 2.5735 -1.5
v -14.5 2.5482 -1.5
v -16.0 4.0348 -3.0
v -14.5 2.5482 -1.5
v -14.5 4.1356 -3.0
v -16.0 2.5735 -1.5
v -16.0 0.0 0.0
v -14.5 0.0 0.0
v -16.0 2.5735 -1.5
v -14.5 0.0 0.0
v -14.5 2.5482 -1.5
v -14.5 0.8227 -15.0
v -14.5 2.9192 -13.5
v -13.0 3.0307 -13.5
v -14.5 0.8227 -15.0
v -13.0 3.0307 -13.5
v -13.0 0.7441 -15.0
v -14.5 2.9192 -13.5
v -14.5 4.2144 -12.0
v -13.0 4.4516 -12.0
v -14.5 2.9192 -13.5
v -13.0 4.4516 -12.0
v -13.0 3.0307 -13.5
v -14.5 4.1356 -3.0
v -14.5 2.5482 -1.5
v -13.0 2.3 -1.5
v -14.5 4.1356 -3.0
v -13.0 2.3 -1.5
v -13.0 3.8213 -3.0
v -14.5 2.5482 -1.5
v -14.5 0.0 0.0
v -13.0 0.0 0.0
v -14.5 2.5482 -1.5
v -13.0 0.0 0.0
v -13.0 2.3 -1.5
v -13.0 0.7441 -15.0
v -13.0 3.0307 -13.5
v -11.5 3.437 -13.5
v -13.0 0.7441 -15.0
v -11.5 3.437 -13.5
v -11.5 1.2167 -15.0
v -13.0 3.0307 -13.5
v -13.0 4.4516 -12.0
v -11.5 4.8596 -12.0
v -13.0 3.0307 -13.5
v -11.5 4.8596 -12.0
v -11.5 3.437 -13.5
v -13.0 3.8213 -3.0
v -13.0 2.3 -1.5
v -11.5 2.3447 -1.5
v -13.0 3.8213 -3.0
v -11.5 2.3447 -1.5
v -11.5 3.8472 -3.0
v -13.0 2.3 -1.5
v -13.0 0.0 0.0
v -11.5 0.0 0.0
v -13.0 2.3 -1.5
v -11.5 0.0 0.0
v -11.5 2.3447 -1.5
v -11.5 1.2167 -15.0
v -11.5 3.437 -13.5
v -10.0 3.4978 -13.5
v -11.5 1.2167 -15.0
v -10.0 3.4978 -13.5
v -10.0 1.2321 -15.0
v -11.5 3.437 -13.5
v -11.5 4.8596 -12.0
v -10.0 4.8239 -12.0
v -11.5 3.437 -13.5
v -10.0 4.8239 -12.0
v -10.0 3.4978 -13.5
v -11.5 3.8472 -3.0
v -11.5 2.3447 -1.5
v -10.0 2.2316 -1.5
v -11.5 3.8472 -3.0
v -10.0 2.2316 -1.5
v -10.0 3.7286 -3.0
v -11.5 2.3447 -1.5
v -11.5 0.0 0.0
v -10.0 0.0 0.0
v -11.5 2.3447 -1.5
v -10.0 0.0 0.0
v -10.0 2.2316 -1.5
v -10.0 0.0 -16.5
v -10.0 1.2321 -15.0
v -8.5 1.5863 -15.0
v -10.0 0.0 -16.5
v -8.5 1.5863 -15.0
v -8.5 0.0 -16.5
v -10.0 1.2321 -15.0
v -10.0 3.4978 -13.5
v -8.5 3.6603 -13.5
v -10.0 1.2321 -15.0
v -8.5 3.6603 -13.5
v -8.5 1.5863 -15.0
v -10.0 3.4978 -13.5
v -10.0 4.8239 -12.0
v -8.5 4.8442 -12.0
v -10.0 3.7286 -3.0
v -10.0 2.2316 -1.5
v -8.5 2.3921 -1.5
v -10.0 3.7286 -3.0
v -8.5 2.3921 -1.5
v -8.5 4.0017 -3.0
v -10.0 2.2316 -1.5
v -10.0 0.0 0.0
v -8.5 0.0 0.0
v -10.0 2.2316 -1.5
v -8.5 0.0 0.0
v -8.5 2.3921 -1.5
v -8.5 0.0 -16.5
v -8.5 1.5863 -15.0
v -7.0 1.5214 -15.0
v -8.5 0.0 -16.5
v -7.0 1.5214 -15.0
v -7.0 0.0 -16.5
v -8.5 1.5863 -15.0
v -8.5 3.6603 -13.5
v -7.0 3.4259 -13.5
v -8.5 1.5863 -15.0
v -7.0 3.4259 -13.5
v -7.0 1.5214 -15.0
v -8.5 4.0017 -3.0
v -8.5 2.3921 -1.5
v -7.0 2.184 -1.5
v -8.5 4.0017 -3.0
v -7.0 2.184 -1.5
v -7.0 3.9664 -3.0
v -8.5 2.3921 -1.5
v -8.5 0.0 0.0
v -7.0 0.0 0.0
v -8.5 2.3921 -1.5
v -7.0 0.0 0.0
v -7.0 2.184 -1.5
v -7.0 0.0 -16.5
v -7.0 1.5214 -15.0
v -5.5 1.6834 -15.0
v -7.0 0.0 -16.5
v -5.5 1.6834 -15.0
v -5.5 0.0 -16.5
v -7.0 1.5214 -15.0
v -7.0 3.4259 -13.5
v -5.5 3.4501 -13.5
v -7.0 1.5214 -15.0
v -5.5 3.4501 -13.5
v -5.5 1.6834 -15.0
v -7.0 3.9664 -3.0
v -7.0 2.184 -1.5
v -5.5 2.1874 -1.5
v -7.0 3.9664 -3.0
v -5.5 2.1874 -1.5
v -5.5 4.0509 -3.0
v -7.0 2.184 -1.5
v -7.0 0.0 0.0
v -5.5 0.0 0.0
v -7.0 2.184 -1.5
v -5.5 0.0 0.0
v -5.5 2.1874 -1.5
v -5.5 0.0 -16.5
v -5.5 1.6834 -15.0
v -4.0 1.6212 -15.0
v -5.5 0.0 -16.5
v -4.0 1.6212 -15.0
v -4.0 0.0 -16.5
v -5.5 1.6834 -15.0
v -5.5 3.4501 -13.5
v -4.0 3.3292 -13.5
v -5.5 1.6834 -15.0
v -4.0 3.3292 -13.5
v -4.0 1.6212 -15.0
v -5.5 5.2475 -4.5
v -5.5 4.0509 -3.0
v -4.0 3.6861 -3.0
v -5.5 5.2475 -4.5
v -4.0 3.6861 -3.0
v -4.0 4.9737 -4.5
v -5.5 4.0509 -3.0
v -5.5 2.1874 -1.5
v -4.0 1.7785 -1.5
v -5.5 4.0509 -3.0
v -4.0 1.7785 -1.5
v -4.0 3.6861 -3.0
v -5.5 2.1874 -1.5
v -5.5 0.0 0.0
v -4.0 0.0 0.0
v -5.5 2.1874 -1.5
v -4.0 0.0 0.0
v -4.0 1.7785 -1.5
v -4.0 0.0 -16.5
v -4.0 1.6212 -15.0
v -2.5 1.8113 -15.0
v -4.0 0.0 -16.5
v -2.5 1.8113 -15.0
v -2.5 0.0 -16.5
v -4.0 1.6212 -15.0
v -4.0 3.3292 -13.5
v -2.5 3.5854 -13.5
v -4.0 1.6212 -15.0
v -2.5 3.5854 -13.5
v -2.5 1.8113 -15.0
v -4.0 3.3292 -13.5
v -2.5 4.8481 -12.0
v -2.5 3.5854 -13.5
v -4.0 4.9737 -4.5
v -4.0 3.6861 -3.0
v -2.5 3.5056 -3.0
v -4.0 4.9737 -4.5
v -2.5 3.5056 -3.0
v -2.5 4.7579 -4.5
v -4.0 3.6861 -3.0
v -4.0 1.7785 -1.5
v -2.5 1.745 -1.5
v -4.0 3.6861 -3.0
v -2.5 1.745 -1.5
v -2.5 3.5056 -3.0
v -4.0 1.7785 -1.5
v -4.0 0.0 0.0
v -2.5 0.0 0.0
v -4.0 1.7785 -1.5
v -2.5 0.0 0.0
v -2.5 1.745 -1.5
v -2.5 0.0 -16.5
v -2.5 1.8113 -15.0
v -1.0 1.8756 -15.0
v -2.5 0.0 -16.5
v -1.0 1.8756 -15.0
v -1.0 0.0 -16.5
v -2.5 1.8113 -15.0
v -2.5 3.5854 -13.5
v -1.0 3.5961 -13.5
v -2.5 1.8113 -15.0
v -1.0 3.5961 -13.5
v -1.0 1.8756 -15.0
v -2.5 3.5854 -13.5
v -2.5 4.8481 -12.0
v -1.0 4.7572 -12.0
v -2.5 4.7579 -4.5
v -2.5 3.5056 -3.0
v -1.0 3.1509 -3.0
v -2.5 3.5056 -3.0
v -2.5 1.745 -1.5
v -1.0 1.3844 -1.5
v -2.5 3.5056 -3.0
v -1.0 1.3844 -1.5
v -1.0 3.1509 -3.0
v -2.5 1.745 -1.5
v -2.5 0.0 0.0
v -1.0 0.0 0.0
v -2.5 1.745 -1.5
v -1.0 0.0 0.0
v -1.0 1.3844 -1.5
v -1.0 0.0 -16.5
v -1.0 1.8756 -15.0
v 0.5 2.0677 -15.0
v -1.0 0.0 -16.5
v 0.5 2.0677 -15.0
v 0.5 0.0 -16.5
v -1.0 1.8756 -15.0
v -1.0 3.5961 -13.5
v 0.5 3.7585 -13.5
v -1.0 1.8756 -15.0
v 0.5 3.7585 -13.5
v 0.5 2.0677 -15.0
v -1.0 3.1509 -3.0
v -1.0 1.3844 -1.5
v 0.5 1.5047 -1.5
v -1.0 3.1509 -3.0
v 0.5 1.5047 -1.5
v 0.5 3.1702 -3.0
v -1.0 1.3844 -1.5
v -1.0 0.0 0.0
v 0.5 0.0 0.0
v -1.0 1.3844 -1.5
v 0.5 0.0 0.0
v 0.5 1.5047 -1.5
v 0.5 0.0 -16.5
v 0.5 2.0677 -15.0
v 2.0 2.0513 -15.0
v 0.5 0.0 -16.5
v 2.0 2.0513 -15.0
v 2.0 0.0 -16.5
v 0.5 2.0677 -15.0
v 0.5 3.7585 -13.5
v 2.0 3.5069 -13.5
v 0.5 2.0677 -15.0
v 2.0 3.5069 -13.5
v 2.0 2.0513 -15.0
v 0.5 3.1702 -3.0
v 0.5 1.5047 -1.5
v 2.0 1.1628 -1.5
v 0.5 3.1702 -3.0
v 2.0 1.1628 -1.5
v 2.0 3.0244 -3.0
v 0.5 1.5047 -1.5
v 0.5 0.0 0.0
v 2.0 0.0 0.0
v 2.0 0.0 -16.5
v 2.0 2.0513 -15.0
v 3.5 2.0436 -15.0
v 2.0 0.0 -16.5
v 3.5 2.0436 -15.0
v 3.5 0.0 -16.5
v 2.0 2.0513 -15.0
v 2.0 3.5069 -13.5
v 3.5 3.3936 -13.5
v 2.0 2.0513 -15.0
v 3.5 3.3936 -13.5
v 3.5 2.0436 -15.0
v 2.0 3.0244 -3.0
v 2.0 1.1628 -1.5
v 3.5 1.2714 -1.5
v 2.0 3.0244 -3.0
v 3.5 1.2714 -1.5
v 3.5 3.1205 -3.0
v 2.0 1.1628 -1.5
v 3.5 0.0 0.0
v 3.5 1.2714 -1.5
v 3.5 0.0 -16.5
v 3.5 2.0436 -15.0
v 5.0 1.941 -15.0
v 3.5 0.0 -16.5
v 5.0 1.941 -15.0
v 5.0 0.0 -16.5
v 3.5 2.0436 -15.0
v 3.5 3.3936 -13.5
v 5.0 3.1354 -13.5
v 3.5 3.1205 -3.0
v 3.5 1.2714 -1.5
v 5.0 0.8789 -1.5
v 3.5 3.1205 -3.0
v 5.0 0.8789 -1.5
v 5.0 2.8016 -3.0
v 3.5 1.2714 -1.5
v 3.5 0.0 0.0
v 5.0 0.0 0.0
v 5.0 0.0 -16.5
v 5.0 1.941 -15.0
v 6.5 1.9171 -15.0
v 5.0 0.0 -16.5
v 6.5 1.9171 -15.0
v 6.5 0.0 -16.5
v 5.0 1.941 -15.0
v 6.5 3.1658 -13.5
v 6.5 1.9171 -15.0
v 5.0 2.8016 -3.0
v 5.0 0.8789 -1.5
v 6.5 0.8706 -1.5
v 5.0 2.8016 -3.0
v 6.5 0.8706 -1.5
v 6.5 2.7179 -3.0
v 6.5 0.0 -16.5
v 6.5 1.9171 -15.0
v 8.0 1.9902 -15.0
v 6.5 0.0 -16.5
v 8.0 1.9902 -15.0
v 8.0 0.0 -16.5
v 6.5 1.9171 -15.0
v 6.5 3.1658 -13.5
v 8.0 3.2223 -13.5
v 6.5 2.7179 -3.0
v 6.5 0.8706 -1.5
v 8.0 0.5433 -1.5
v 6.5 2.7179 -3.0
v 8.0 0.5433 -1.5
v 8.0 2.3506 -3.0
v 8.0 0.0 -16.5
v 8.0 1.9902 -15.0
v 9.5 2.0759 -15.0
v 8.0 0.0 -16.5
v 9.5 2.0759 -15.0
v 9.5 0.0 -16.5
v 8.0 1.9902 -15.0
v 9.5 3.3602 -13.5
v 9.5 2.0759 -15.0
v 8.0 2.3506 -3.0
v 8.0 0.5433 -1.5
v 9.5 0.5235 -1.5
v 8.0 2.3506 -3.0
v 9.5 0.5235 -1.5
v 9.5 2.285 -3.0
v 9.5 0.0 -16.5
v 9.5 2.0759 -15.0
v 11.0 2.2511 -15.0
v 9.5 0.0 -16.5
v 11.0 2.2511 -15.0
v 11.0 0.0 -16.5
v 9.5 2.0759 -15.0
v 9.5 3.3602 -13.5
v 11.0 3.4249 -13.5
v 9.5 2.285 -3.0
v 9.5 0.5235 -1.5
v 11.0 0.2376 -1.5
v 9.5 2.285 -3.0
v 11.0 0.2376 -1.5
v 11.0 2.1836 -3.0
v 11.0 0.0 -16.5
v 11.0 2.2511 -15.0
v 12.5 2.2027 -15.0
v 11.0 0.0 -16.5
v 12.5 2.2027 -15.0
v 12.5 0.0 -16.5
v 11.0 2.1836 -3.0
v 11.0 0.2376 -1.5
v 12.5 0.0828 -1.5
v 11.0 2.1836 -3.0
v 12.5 0.0828 -1.5
v 12.5 2.2496 -3.0
v 12.5 0.0 -16.5
v 12.5 2.2027 -15.0
v 14.0 1.7146 -15.0
v 12.5 0.0 -16.5
v 14.0 1.7146 -15.0
v 14.0 0.0 -16.5
v 12.5 2.2496 -3.0
v 12.5 0.0828 -1.5
v 14.0 0.0 -1.5
v 12.5 2.2496 -3.0
v 14.0 0.0 -1.5
v 14.0 1.9236 -3.0
v 14.0 0.0 -16.5
v 14.0 1.7146 -15.0
v 15.5 0.7311 -15.0
v 14.0 1.7146 -15.0
v 14.0 2.8142 -13.5
v 15.5 2.0856 -13.5
v 14.0 1.7146 -15.0
v 15.5 2.0856 -13.5
v 15.5 0.7311 -15.0
v 14.0 3.0477 -4.5
v 14.0 1.9236 -3.0
v 15.5 0.9944 -3.0
v 14.0 3.0477 -4.5
v 15.5 0.9944 -3.0
v 15.5 2.4173 -4.5
v 14.0 1.9236 -3.0
v 14.0 0.0 -1.5
v 15.5 0.0 -1.5
v 14.0 1.9236 -3.0
v 15.5 0.0 -1.5
v 15.5 0.9944 -3.0
v 15.5 0.7311 -15.0
v 15.5 2.0856 -13.5
v 17.0 0.9389 -13.5
v 15.5 2.0856 -13.5
v 17.0 1.9675 -12.0
v 17.0 0.9389 -13.5
v 15.5 3.1939 -6.0
v 15.5 2.4173 -4.5
v 17.0 1.149 -4.5
v 15.5 3.1939 -6.0
v 17.0 1.149 -4.5
v 17.0 2.176 -6.0
v 15.5 2.4173 -4.5
v 15.5 0.9944 -3.0
v 17.0 0.0 -3.0
v 15.5 2.4173 -4.5
v 17.0 0.0 -3.0
v 17.0 1.149 -4.5
v 17.0 0.0 -15.0
v 17.0 0.9389 -13.5
v 18.5 0.0 -13.5
v 17.0 0.9389 -13.5
v 17.0 1.9675 -12.0
v 18.5 0.0 -12.0
v 17.0 1.9675 -12.0
v 17.0 2.5457 -10.5
v 18.5 1.0127 -10.5
v 17.0 1.9675 -12.0
v 18.5 1.0127 -10.5
v 18.5 0.0 -12.0
v 17.0 2.5457 -10.5
v 17.0 2.7903 -9.0
v 18.5 1.286 -9.0
v 17.0 2.5457 -10.5
v 18.5 1.286 -9.0
v 18.5 1.0127 -10.5
v 17.0 2.7903 -9.0
v 17.0 2.6814 -7.5
v 18.5 1.0527 -7.5
v 17.0 2.7903 -9.0
v 18.5 1.0527 -7.5
v 18.5 1.286 -9.0
v 17.0 2.6814 -7.5
v 17.0 2.176 -6.0
v 18.5 0.0 -6.0
v 17.0 2.6814 -7.5
v 18.5 0.0 -6.0
v 18.5 1.0527 -7.5
v 17.0 2.176 -6.0
v 17.0 1.149 -4.5
v 18.5 0.0 -4.5
v 17.0 2.176 -6.0
v 18.5 0.0 -4.5
v 18.5 0.0 -6.0
v 18.5 0.0 -12.0
v 18.5 1.0127 -10.5
v 20.0 0.0 -10.5
v 18.5 1.0127 -10.5
v 18.5 1.286 -9.0
v 20.0 0.0 -9.0
v 18.5 1.286 -9.0
v 20.0 0.0 -7.5
v 20.0 0.0 -9.0
vn -0.58118 0.73747 0.34405
vn -0.73075 0.68265 0.0
vn 0.0 0.68265 -0.73075
vn -0.8782 0.47829 0.0
vn -0.64762 0.60499 -0.46322
vn -0.78415 0.51091 -0.35226
vn -0.86345 0.47025 -0.18252
vn -0.83066 0.55409 -0.05463
vn -0.83736 0.54558 -0.03434
vn -0.8388 0.49339 0.23018
vn -0.82301 0.54899 0.14581
vn -0.79966 0.57162 0.1838
vn -0.82196 0.48348 0.30105
vn -0.63107 0.45111 0.63107
vn -0.74819 0.66348 0.0
vn 0.0 0.66348 -0.74819
vn -0.60747 0.54225 -0.58047
vn -0.61141 0.54219 -0.57638
vn -0.61739 0.6246 -0.47823
vn -0.6873 0.61351 -0.38888
vn -0.64334 0.71371 -0.27701
vn -0.68741 0.69543 -0.20937
vn -0.66951 0.74274 0.01005
vn -0.60828 0.76713 0.20375
vn -0.62022 0.75184 0.22375
vn -0.59352 0.6832 0.42541
vn -0.57109 0.72023 0.39387
vn -0.64122 0.44624 0.62426
vn -0.5556 0.63955 0.5313
vn -0.63445 0.44153 0.63445
vn -0.47439 0.58408 -0.65864
vn -0.05595 0.48012 -0.87542
vn -0.4109 0.62466 -0.66405
vn -0.51519 0.63432 -0.57638
vn -0.42461 0.76469 -0.48471
vn -0.5023 0.7636 -0.40573
vn -0.43478 0.6927 0.57545
vn -0.37317 0.76281 0.52807
vn -0.46617 0.50535 0.72616
vn -0.3821 0.60876 0.69528
vn -0.5612 0.60837 0.5612
vn 0.0 0.74275 -0.66957
vn -0.17171 0.47373 -0.86377
vn -0.41493 0.52862 -0.74053
vn -0.17917 0.72812 -0.66162
vn -0.27329 0.75398 -0.59735
vn -0.31798 0.62455 0.71332
vn -0.27444 0.6645 0.69507
vn 0.0 0.73503 0.67804
vn -0.2799 0.54976 0.78703
vn -0.06827 0.74102 -0.668
vn 0.0 0.70937 -0.70483
vn 0.01181 0.58096 -0.81385
vn -0.0564 0.61217 -0.78872
vn -0.09598 0.68784 0.71949
vn -0.12704 0.66838 0.7329
vn 0.0 0.57265 0.8198
vn -0.07471 0.53545 0.84126
vn 0.07132 0.70757 -0.70304
vn 0.0 0.74596 -0.66599
vn 0.05909 0.61207 -0.78859
vn 0.06156 0.61072 -0.78945
vn 0.02272 0.67366 0.73869
vn -0.04624 0.63866 0.7681
vn 0.0 0.53695 0.84362
vn 0.01839 0.54516 0.83813
vn -0.02521 0.74572 -0.66578
vn 0.0 0.73351 -0.67967
vn -0.00824 0.61186 -0.79093
vn -0.02088 0.61781 -0.78605
vn -0.01033 0.76702 -0.64154
vn 0.00303 0.63934 0.76892
vn 0.00671 0.64114 0.7674
vn 0.0 0.54525 0.83827
vn 0.00259 0.54643 0.8375
vn 0.02625 0.73326 -0.67944
vn 0.0 0.7467 -0.66516
vn -0.02829 0.61769 -0.78591
vn 0.02126 0.59397 -0.8042
vn -0.0963 0.7635 -0.63859
vn -0.03374 0.73671 -0.67537
vn 0.1113 0.76686 0.63209
vn 0.1045 0.76427 0.63638
vn 0.06309 0.63987 0.76589
vn 0.09479 0.6531 0.75132
vn 0.0 0.54643 0.8375
vn 0.05631 0.57108 0.81896
vn -0.05066 0.74574 -0.66431
vn 0.0 0.72184 -0.69206
vn -0.07838 0.59228 -0.80191
vn -0.03912 0.57579 -0.81666
vn -0.11058 0.73261 -0.67161
vn -0.0962 0.72694 -0.67993
vn 0.05932 0.76712 0.63876
vn -0.00109 0.65605 0.75472
vn 0.05269 0.68138 0.73003
vn 0.0 0.57198 0.82026
vn -0.00095 0.57154 0.82058
vn -0.01131 0.7218 -0.69201
vn 0.0 0.71621 -0.69788
vn -0.00983 0.5762 -0.81725
vn -0.00902 0.57583 -0.81752
vn 0.03761 0.72981 -0.68262
vn -0.0129 0.7556 -0.6549
vn -0.00519 0.68232 0.73104
vn 0.03174 0.70026 0.71319
vn 0.0 0.57154 0.82058
vn -0.00433 0.5695 0.82198
vn -0.00272 0.71621 -0.69788
vn 0.0 0.71486 -0.69927
vn 0.01896 0.57575 -0.81741
vn -0.00223 0.58594 -0.81035
vn 0.08553 0.7529 -0.65256
vn -0.04475 0.69991 0.71283
vn -0.06752 0.68712 0.7234
vn 0.0 0.56951 0.82199
vn -0.03532 0.5525 0.83276
vn 0.02635 0.71461 -0.69903
vn 0.0 0.72814 -0.68543
vn 0.10081 0.58295 -0.80623
vn 0.02306 0.62546 -0.77991
vn -0.0039 0.68869 0.72505
vn -0.02032 0.68028 0.73267
vn 0.0 0.55284 0.83328
vn -0.00312 0.5514 0.83423
vn 0.06583 0.72656 -0.68394
vn 0.0 0.76166 -0.64797
vn 0.07706 0.62377 -0.7778
vn 0.05751 0.63474 -0.77058
vn 0.03726 0.67995 0.73231
vn -0.00488 0.65969 0.75152
vn 0.0 0.5514 0.83424
vn 0.03098 0.56531 0.8243
vn 0.01442 0.76158 -0.64791
vn 0.0 0.7688 -0.63949
vn 0.05831 0.63471 -0.77054
vn 0.01248 0.65904 -0.75201
vn 0.06093 0.65847 0.75013
vn 0.11306 0.67996 0.72448
vn 0.0 0.56558 0.82469
vn 0.05459 0.58993 0.80561
vn 0.05262 0.76774 -0.6386
vn -0.01129 0.65905 -0.75202
vn 0.04326 0.63125 -0.77437
vn 0.08189 0.68205 0.7267
vn 0.11457 0.69521 0.70962
vn 0.0 0.59081 0.80681
vn 0.07496 0.6243 0.77758
vn 0.0 0.76825 -0.64015
vn -0.01794 0.63174 -0.77497
vn -0.0451 0.64423 -0.7635
vn 0.01586 0.69973 0.71423
vn 0.1169 0.7433 0.65866
vn 0.0 0.62606 0.77978
vn 0.01435 0.63297 0.77404
vn 0.06033 0.76685 -0.63899
vn 0.01702 0.64479 -0.76417
vn 0.04939 0.62778 -0.77682
vn 0.03217 0.74805 0.66287
vn 0.03456 0.74915 0.6615
vn 0.0 0.63304 0.77412
vn 0.02779 0.64631 0.76256
vn 0.0 0.76857 -0.63976
vn 0.04329 0.62796 -0.77704
vn -0.05251 0.67487 -0.73606
vn -0.05737 0.74836 0.6608
vn -0.03072 0.76286 0.64584
vn 0.0 0.64656 0.76286
vn -0.04769 0.622 0.78156
vn 0.12601 0.76245 -0.63466
vn 0.11745 0.67113 -0.73198
vn 0.11153 0.67486 -0.72947
vn 0.06256 0.76172 0.64487
vn -0.00185 0.73181 0.68151
vn 0.0 0.62271 0.78245
vn 0.05317 0.64739 0.7603
vn 0.0371 0.67862 -0.73355
vn -0.05197 0.72245 -0.68946
vn -0.03204 0.73143 0.68116
vn -0.01642 0.73963 0.67282
vn 0.0 0.64831 0.76138
vn -0.02778 0.63424 0.77263
vn 0.07522 0.72138 -0.68844
vn 0.10838 0.70133 -0.70455
vn 0.12708 0.73373 0.66745
vn 0.12301 0.73221 0.66988
vn 0.0 0.63449 0.77293
vn 0.1189 0.68648 0.71737
vn -0.09977 0.70196 -0.70519
vn -0.09384 0.69957 -0.70838
vn -0.04074 0.7372 0.67444
vn 0.01712 0.76662 0.64187
vn 0.0 0.69138 0.72249
vn -0.03715 0.67212 0.73951
vn -0.02978 0.70235 -0.7112
vn 0.03865 0.66788 -0.74326
vn 0.0481 0.76585 0.64122
vn 0.0 0.67258 0.74002
vn 0.04354 0.69333 0.71931
vn -0.06957 0.66676 -0.74202
vn -0.08857 0.67474 -0.73272
vn 0.0 0.69399 0.71999
vn -0.07736 0.65225 0.75405
vn 0.00921 0.67737 -0.73558
vn 0.03043 0.66637 -0.745
vn -0.09826 0.74973 0.65441
vn 0.0 0.65421 0.75631
vn -0.02799 0.64 0.76787
vn 0.02644 0.66644 -0.74509
vn -0.03275 0.69577 -0.71752
vn -0.06351 0.75185 0.65627
vn -0.09667 0.73234 0.67404
vn 0.0 0.64025 0.76817
vn -0.05182 0.61355 0.78796
vn 0.23036 0.76229 -0.60485
vn 0.0792 0.69395 -0.71565
vn 0.18821 0.6228 -0.7594
vn -0.13063 0.72948 0.67141
vn -0.15507 0.71309 0.68371
vn 0.0 0.61437 0.78902
vn -0.10052 0.56135 0.82145
vn -0.02215 0.63398 -0.77303
vn -0.02404 0.63486 -0.77225
vn -0.05363 0.72078 0.69109
vn -0.03247 0.73235 0.68016
vn 0.0 0.56421 0.82563
vn -0.04053 0.54472 0.83764
vn 0.07729 0.63315 -0.77016
vn 0.2674 0.50536 -0.82043
vn 0.08717 0.71415 -0.69454
vn -0.14958 0.72449 0.67286
vn -0.08936 0.76287 0.64035
vn -0.16354 0.53783 0.82704
vn -0.11695 0.56645 0.81576
vn -0.04272 0.52398 -0.85066
vn 0.0 0.50591 -0.86258
vn -0.05902 0.71563 -0.69598
vn -0.05832 0.71533 -0.69635
vn -0.11804 0.76058 0.63843
vn -0.16092 0.56293 0.81069
vn -0.09378 0.60426 0.79125
vn 0.13091 0.50156 -0.85516
vn 0.0 0.56933 -0.82211
vn 0.08406 0.71401 -0.69507
vn 0.17153 0.65721 -0.73393
vn -0.25293 0.5872 0.76891
vn -0.20468 0.62466 0.75359
vn -0.28862 0.67006 0.6839
vn 0.03505 0.56898 -0.82161
vn 0.0 0.58611 -0.81023
vn 0.08481 0.66469 -0.74229
vn 0.04243 0.68878 -0.72373
vn -0.16552 0.62937 0.75927
vn -0.15868 0.63405 0.75684
vn 0.0 0.69984 0.7143
vn -0.15956 0.60668 0.77877
vn 0.24588 0.56811 -0.78536
vn 0.0 0.72514 -0.6886
vn 0.16522 0.67993 -0.71442
vn 0.26212 0.60564 -0.75132
vn -0.17975 0.63172 0.75407
vn -0.1726 0.63676 0.7515
vn 0.0 0.61455 0.78888
vn -0.15122 0.53148 0.83346
vn 0.07439 0.72314 -0.68669
vn 0.0 0.76317 -0.6462
vn 0.03784 0.62714 -0.77799
vn 0.06311 0.6135 -0.78717
vn 0.04616 0.76511 -0.64224
vn -0.0761 0.64458 0.76074
vn -0.02172 0.67441 0.73803
vn 0.0 0.53766 0.84316
vn -0.06011 0.50916 0.85857
vn 0.40937 0.69629 -0.58957
vn 0.08404 0.61255 -0.78595
vn 0.28184 0.47937 -0.83113
vn -0.03078 0.76557 -0.64262
vn 0.09576 0.69797 -0.7097
vn -0.09784 0.67134 0.73467
vn -0.04198 0.70357 0.70939
vn 0.0 0.51008 0.86013
vn -0.06965 0.47796 0.87562
vn -0.00909 0.4996 -0.86621
vn 0.11448 0.44236 -0.8895
vn -0.02953 0.70089 -0.71266
vn -0.01261 0.6928 -0.72102
vn -0.07853 0.70202 0.70782
vn 0.04398 0.76537 0.64209
vn -0.21198 0.46823 0.8578
vn -0.06219 0.5559 0.82892
vn 0.11049 0.44256 -0.8899
vn 0.0 0.49377 -0.86959
vn 0.12637 0.6873 -0.7153
vn 0.1651 0.66129 -0.73174
vn -0.18666 0.75264 0.63142
vn -0.19478 0.54631 0.81462
vn -0.14383 0.57996 0.80185
vn -0.26708 0.7491 0.60623
vn 0.07314 0.49245 -0.86726
vn 0.0 0.52701 -0.84986
vn 0.13382 0.66446 -0.73525
vn 0.10172 0.68482 -0.72158
vn -0.1946 0.57485 0.79478
vn -0.11454 0.62774 0.76995
vn -0.21708 0.64123 0.736
vn 0.21061 0.51519 -0.8308
vn 0.0 0.63899 -0.76922
vn 0.23103 0.66977 -0.70572
vn 0.263 0.64336 -0.71897
vn -0.12892 0.62663 0.76858
vn -0.13274 0.62419 0.76991
vn 0.0 0.65689 0.75398
vn -0.12135 0.58983 0.79836
vn 0.13026 0.63355 -0.76266
vn 0.0 0.70774 -0.70647
vn 0.10495 0.66315 -0.74109
vn 0.13274 0.64561 -0.75205
vn -0.06857 0.62828 0.77496
vn 0.03187 0.67992 0.73259
vn 0.0 0.59422 0.8043
vn -0.06148 0.56332 0.82395
vn 0.2211 0.69023 -0.68898
vn 0.10746 0.6476 -0.75437
vn 0.18998 0.59307 -0.78242
vn 0.12425 0.74877 -0.65108
vn -0.03513 0.67985 0.73251
vn 0.00843 0.70222 0.71191
vn 0.0 0.56439 0.82551
vn -0.02846 0.55083 0.83413
vn 0.03518 0.6037 -0.79644
vn 0.13794 0.54595 -0.82638
vn 0.01429 0.75454 -0.6561
vn 0.04308 0.73934 -0.67196
vn -0.03219 0.70188 0.71157
vn 0.11647 0.76931 0.62817
vn 0.0 0.55105 0.83447
vn -0.02474 0.53945 0.84165
vn 0.07341 0.54973 -0.83211
vn 0.20179 0.47458 -0.85677
vn 0.11517 0.7351 -0.66811
vn 0.09946 0.74487 -0.65976
vn 0.0 0.53962 0.84191
vn -0.05271 0.5147 0.85575
vn 0.1054 0.48185 -0.86989
vn 0.0 0.53321 -0.84599
vn 0.18679 0.73541 -0.65137
vn 0.16436 0.7514 -0.63904
vn 0.0 0.51542 0.85694
vn 0.06506 0.54277 0.83736
vn 0.29895 0.50882 -0.8073
vn 0.0 0.70744 -0.70678
vn 0.36832 0.70821 -0.60231
vn 0.39722 0.67608 -0.62059
vn 0.35985 0.7256 0.58653
vn 0.21939 0.69398 0.68575
vn 0.0 0.54393 0.83913
vn 0.32408 0.65348 0.68406
vn 0.57717 0.57771 -0.57717
vn 0.48463 0.6444 -0.59151
vn 0.54542 0.54593 -0.63598
vn 0.53447 0.71067 -0.45748
vn 0.94262 0.33356 0.01408
vn 0.18911 0.38142 0.90485
vn 0.7847 0.27768 -0.55421
vn 0.54397 0.73963 0.39629
vn 0.42665 0.74218 0.51685
vn 0.59723 0.57053 0.56376
vn 0.40925 0.55646 0.7231
vn 0.0 0.69076 0.72309
vn 0.72309 0.69076 0.0
vn 0.60447 0.51888 -0.60447
vn 0.83555 0.46197 -0.29739
vn 0.75878 0.65135 0.0
vn 0.89851 0.40978 -0.15736
vn 0.87514 0.48386 0.0
vn 0.91924 0.38748 -0.06962
vn 0.90984 0.41495 0.0
vn 0.0 0.38843 0.92148
vn 0.92148 0.38843 0.0
vn 0.66651 0.33395 -0.66651
vn 0.72944 0.56134 0.39092
vn 0.89406 0.44795 0.0
vn 0.0 0.60987 0.7925
vn 0.7925 0.60987 0.0
vn -0.46609 0.75201 0.46609
vn -0.49389 0.71564 0.49389
vn -0.68597 0.61847 -0.38333
vn -0.30722 0.60335 -0.73592
vn -0.90078 0.36913 0.22879
vn -0.67052 0.60454 -0.43003
vn -0.94538 0.32597 0.0
vn -0.91156 0.37355 -0.17181
vn -0.95194 0.30628 0.0
vn -0.94322 0.32522 -0.0676
vn -0.94947 0.31385 0.0
vn -0.95163 0.30618 0.02537
vn -0.93447 0.35604 0.0
vn -0.94205 0.3114 0.12475
vn -0.69897 0.58859 -0.40621
vn -0.90308 0.34408 0.25701
vn -0.40906 0.75102 0.5183
vn -0.58035 0.4887 0.65144
vn -0.61708 0.70123 -0.35706
vn 0.0 0.58422 -0.8116
vn -0.40559 0.57952 -0.70686
vn -0.5208 0.59181 -0.61525
vn -0.50145 0.70501 -0.5015
vn -0.49338 0.70497 -0.5095
vn -0.54213 0.76342 -0.35112
vn -0.5429 0.76329 -0.3502
vn -0.39305 0.7367 0.55026
vn -0.38044 0.75037 0.54057
vn -0.44853 0.53635 0.71495
vn -0.34833 0.65287 0.67263
vn -0.44036 0.52658 0.72718
vn -0.2622 0.56378 -0.7832
vn 0.0 0.47467 -0.88016
vn -0.2962 0.66214 -0.68836
vn -0.30932 0.66512 -0.67966
vn -0.32096 0.7676 -0.55477
vn -0.2309 0.67767 0.69818
vn -0.15674 0.73287 0.66207
vn 0.0 0.58652 0.80994
vn -0.16868 0.49506 0.85233
vn -0.06848 0.47356 -0.8781
vn 0.0 0.44742 -0.89433
vn -0.07116 0.69765 -0.7129
vn -0.10277 0.71069 -0.69596
vn -0.0883 0.73914 0.66774
vn -0.04561 0.76353 0.64416
vn 0.0 0.50226 0.86472
vn -0.05693 0.47651 0.87732
vn 0.00283 0.44741 -0.89432
vn 0.0 0.44855 -0.89376
vn 0.03194 0.71411 -0.6993
vn 0.00461 0.7283 -0.68524
vn -0.07409 0.76222 0.64306
vn -0.10874 0.74141 0.66218
vn 0.0 0.47729 0.87875
vn -0.04452 0.45803 0.88782
vn 0.0165 0.44849 -0.89363
vn 0.0 0.45526 -0.89036
vn 0.07432 0.7263 -0.68335
vn 0.02768 0.75216 -0.65839
vn -0.08295 0.74327 0.66383
vn -0.12559 0.71684 0.68583
vn 0.0 0.45849 0.8887
vn -0.04887 0.43791 0.89769
vn 0.04179 0.45486 -0.88958
vn 0.0 0.47277 -0.88118
vn 0.05724 0.75122 -0.65757
vn 0.06843 0.74488 -0.66368
vn 0.01166 0.72252 0.69126
vn -0.04595 0.69265 0.71981
vn 0.0 0.43844 0.89876
vn 0.00712 0.44123 0.89737
vn 0.00882 0.47275 -0.88115
vn 0.0 0.47647 -0.87919
vn -0.03427 0.74619 -0.66485
vn 0.01349 0.72291 -0.69081
vn 0.05193 0.69245 0.71959
vn 0.04107 0.68754 0.72499
vn 0.0 0.44124 0.89739
vn 0.03408 0.45443 0.89013
vn -0.01937 0.47638 -0.87902
vn 0.0 0.46847 -0.88348
vn -0.07206 0.7211 -0.68908
vn -0.02853 0.70158 -0.71201
vn 0.07175 0.68635 0.72373
vn 0.12116 0.70631 0.69746
vn 0.0 0.45469 0.89065
vn 0.04956 0.47409 0.87908
vn -0.02925 0.46827 -0.8831
vn 0.0 0.45663 -0.88966
vn -0.06393 0.70043 -0.71085
vn -0.04318 0.6912 -0.72138
vn 0.03892 0.71101 0.7021
vn 0.09493 0.73514 0.67123
vn 0.0 0.47467 0.88016
vn 0.02658 0.48557 0.8738
vn -0.03164 0.4564 -0.88921
vn -0.09222 0.4785 -0.87323
vn 0.01877 0.69172 -0.72192
vn -0.05027 0.7251 -0.68681
vn 0.00497 0.73847 0.67427
vn 0.0561 0.76217 0.64495
vn 0.0 0.48574 0.8741
vn 0.00328 0.48713 0.87332
vn 0.0443 0.48008 -0.87611
vn 0.08849 0.45911 -0.88396
vn 0.1142 0.72126 -0.68318
vn 0.06906 0.7485 -0.65953
vn -0.01572 0.76327 0.64588
vn -0.04139 0.74977 0.6604
vn 0.0 0.48713 0.87333
vn -0.00995 0.48287 0.87564
vn 0.01803 0.46084 -0.8873
vn -0.2331 0.54908 -0.80261
vn 0.12374 0.74453 -0.65603
vn 0.0343 0.74997 0.66058
vn 0.00545 0.73624 0.6767
vn 0.0 0.48289 0.87568
vn 0.02251 0.49226 0.87016
vn 0.09703 0.56197 -0.82145
vn 0.07753 0.57286 -0.81598
vn 0.09252 0.73309 0.67381
vn 0.03788 0.70945 0.70373
vn 0.0 0.49239 0.87038
vn 0.06552 0.51915 0.85217
vn -0.01938 0.57448 -0.81829
vn -0.14254 0.62443 -0.76797
vn 0.09755 0.70658 0.70088
vn 0.13285 0.72018 0.68095
vn 0.0 0.52027 0.854
vn 0.07624 0.55222 0.83021
vn 0.03665 0.63045 -0.77537
vn 0.02972 0.63408 -0.77269
vn 0.04455 0.7663 -0.64093
vn 0.13878 0.71959 0.68039
vn 0.16451 0.72858 0.66491
vn 0.0 0.55383 0.83263
vn 0.1162 0.60251 0.78961
vn -0.09844 0.63128 -0.76928
vn -0.10488 0.63382 -0.76633
vn -0.06867 0.76525 -0.64006
vn 0.02575 0.7384 0.67387
vn 0.0 0.60662 0.79499
vn 0.02151 0.6168 0.78683
vn 0.02735 0.6371 -0.7703
vn -0.01169 0.65668 -0.75408
vn 0.0 0.61694 0.78701
vn 0.07672 0.65168 0.7546
vn -0.01405 0.65666 -0.75406
vn -0.05944 0.67753 -0.73309
vn 0.0 0.65361 0.75683
vn -0.0542 0.62542 0.7784
vn 0.06592 0.67725 -0.73279
vn -0.01106 0.71801 -0.69594
vn 0.02371 0.74887 0.6623
vn 0.0 0.62634 0.77955
vn 0.07245 0.65942 0.74827
vn 0.03469 0.71762 -0.69557
vn 0.00469 0.73324 -0.67996
vn -0.00584 0.74906 0.66247
vn -0.02875 0.73724 0.67502
vn 0.0 0.66116 0.75024
vn -0.00514 0.6586 0.75247
vn -0.04156 0.73261 -0.67938
vn -0.0475 0.7353 -0.67608
vn 0.09078 0.7345 0.67251
vn 0.06992 0.72581 0.68434
vn 0.0 0.65861 0.75248
vn 0.08625 0.69783 0.71105
vn -0.04584 0.73535 -0.67613
vn -0.00339 0.71526 -0.69885
vn 0.03563 0.72712 0.68558
vn 0.07422 0.74415 0.66388
vn 0.0 0.70044 0.71371
vn 0.03515 0.71737 0.6958
vn -0.14337 0.7653 -0.6275
vn 0.0 0.70454 -0.70966
vn -0.16242 0.70576 -0.68958
vn -0.13004 0.69417 -0.70796
vn 0.01532 0.74612 0.66564
vn 0.00807 0.7426 0.66968
vn 0.0 0.71782 0.69623
vn 0.01489 0.72514 0.68844
vn 0.00719 0.70452 -0.70964
vn 0.0 0.70814 -0.70607
vn -0.03801 0.69961 -0.71351
vn 0.00691 0.6779 -0.73512
vn 0.00738 0.74261 0.66968
vn 0.00276 0.74034 0.67223
vn 0.0 0.72522 0.68852
vn 0.00724 0.7288 0.68469
vn -0.15202 0.69991 -0.69786
vn 0.0 0.63571 -0.77193
vn -0.07961 0.67577 -0.7328
vn -0.15292 0.70405 -0.69349
vn -0.05185 0.73935 0.67133
vn -0.13335 0.68997 0.71145
vn 0.0 0.72882 0.6847
vn -0.04929 0.70287 0.70961
vn 0.0302 0.63542 -0.77157
vn 0.0 0.65077 -0.75927
vn 0.03029 0.7121 -0.70142
vn 0.03376 0.71025 -0.70314
vn 0.05695 0.69506 0.7167
vn -0.01056 0.66301 0.74854
vn 0.0 0.70372 0.71048
vn 0.05996 0.73181 0.67887
vn -0.07334 0.64902 -0.75723
vn 0.0 0.61572 -0.78796
vn -0.03622 0.71018 -0.70308
vn -0.08255 0.7305 -0.6779
vn -0.02837 0.66278 0.74828
vn -0.09614 0.62482 0.77482
vn 0.0 0.73312 0.68009
vn -0.0307 0.71729 0.6961
vn -0.05341 0.61484 -0.78684
vn 0.0 0.59053 -0.80702
vn -0.10497 0.72895 -0.67647
vn -0.06176 0.71102 -0.70045
vn 0.049 0.7425 0.66805
vn 0.12543 0.62277 0.77228
vn 0.11436 0.6186 0.77734
vn 0.0 0.71762 0.69643
vn -0.09317 0.58796 -0.80351
vn 0.0 0.54834 -0.83626
vn -0.14749 0.70459 -0.69412
vn -0.10939 0.69033 -0.71518
vn -0.00238 0.74339 0.66885
vn 0.01717 0.75294 0.65787
vn 0.03792 0.62224 0.78191
vn -0.00193 0.60364 0.79725
vn -0.16362 0.54095 -0.82499
vn 0.0 0.48002 -0.87726
vn -0.21509 0.67824 -0.70266
vn -0.20414 0.67491 -0.7091
vn 0.14115 0.74551 0.65138
vn 0.16208 0.75271 0.63809
vn 0.15206 0.59662 0.78798
vn 0.11009 0.58148 0.80608
vn -0.07604 0.47863 -0.87472
vn 0.0 0.44966 -0.8932
vn -0.08249 0.68708 -0.72189
vn -0.11098 0.69858 -0.70687
vn -0.04678 0.76196 0.64594
vn -0.04447 0.76322 0.64461
vn 0.14472 0.57887 0.80247
vn -0.03115 0.50729 0.86121
vn -0.09815 0.44749 -0.88889
vn -0.27465 0.49755 -0.82281
vn -0.06272 0.70154 -0.70986
vn -0.16232 0.74005 -0.65267
vn 0.08767 0.76103 0.64277
vn 0.03208 0.73692 0.67522
vn 0.10262 0.50486 0.85708
vn 0.0562 0.48783 0.87113
vn 0.01897 0.51735 -0.85556
vn -0.04577 0.54573 -0.83671
vn 0.07761 0.74773 -0.65945
vn -0.04341 0.73661 0.67493
vn -0.12231 0.68974 0.71365
vn 0.0 0.4886 0.87251
vn -0.02808 0.47639 0.87878
vn 0.47281 0.74357 -0.47281
vn 0.17957 0.53742 -0.82397
vn 0.2911 0.45781 -0.84004
vn 0.22681 0.75504 -0.6152
vn 0.24689 0.73889 -0.62697
vn 0.19564 0.68153 0.70515
vn 0.10998 0.65127 0.75083
vn 0.0 0.47658 0.87913
vn 0.15326 0.53387 0.83156
vn 0.27319 0.46033 -0.84467
vn 0.0 0.6273 -0.77878
vn 0.31941 0.72255 -0.61311
vn 0.38696 0.65204 -0.652
vn 0.42835 0.73795 0.52148
vn 0.3498 0.72895 0.58845
vn 0.45179 0.58456 0.67392
vn 0.32723 0.56373 0.75837
vn 0.0 0.54026 0.8415
vn 0.51952 0.6722 0.5275
vn -0.35922 0.58543 -0.72679
vn -0.37638 0.58858 -0.71548
vn -0.25649 0.68348 -0.68343
vn -0.43867 0.71492 -0.54448
vn 0.52126 0.66403 0.53605
vn 0.40419 0.65488 0.63856
vn 0.42399 0.5403 0.72685
vn 0.42415 0.54032 0.72674
vn -0.49555 0.73176 -0.46794
vn 0.0 0.60483 -0.79636
vn -0.33819 0.59786 -0.72676
vn -0.41385 0.61113 -0.67472
vn -0.4082 0.72625 -0.55311
vn -0.41097 0.72652 -0.5507
vn -0.30176 0.6826 0.66558
vn -0.23541 0.74014 0.6299
vn -0.18686 0.58614 0.78836
vn -0.24148 0.54626 0.80205
vn -0.18302 0.59461 -0.78291
vn 0.0 0.52422 -0.85158
vn -0.18388 0.65987 -0.72854
vn -0.20519 0.66663 -0.71659
vn -0.1492 0.75301 0.64087
vn -0.21531 0.54972 0.80713
vn -0.12139 0.61266 0.78097
vn 0.00014 0.52422 -0.85158
vn 0.0 0.52428 -0.85154
vn 0.05694 0.68002 -0.73098
vn 0.00019 0.71013 -0.70407
vn 0.04431 0.61661 0.78602
vn -0.01173 0.59053 0.80693
vn -0.07168 0.52294 -0.84935
vn 0.0 0.49374 -0.86961
vn 0.02986 0.70981 -0.70376
vn 0.2486 0.57203 0.78165
vn 0.08235 0.51833 0.85121
vn 0.0559 0.49297 -0.86825
vn -0.17073 0.58483 -0.79299
vn 0.1489 0.76752 -0.62349
vn -0.01021 0.75048 0.66082
vn 0.10551 0.5172 0.84934
vn 0.03405 0.4902 0.87095
vn -0.03401 0.5932 -0.80434
vn -0.14167 0.63662 -0.75805
vn 0.19261 0.73646 0.64848
vn 0.15465 0.72402 0.67222
vn 0.0 0.49048 0.87145
vn 0.14259 0.5452 0.82609
vn 0.00133 0.64311 -0.76577
vn -0.1104 0.69258 -0.71285
vn 0.14506 0.72508 0.67321
vn 0.14454 0.72489 0.67352
vn 0.0 0.55083 0.83462
vn 0.12022 0.60088 0.79024
vn -0.10789 0.69277 -0.71304
vn -0.09033 0.68572 -0.72224
vn 0.14762 0.72456 0.67322
vn 0.18773 0.73793 0.64824
vn 0.0 0.60527 0.79602
vn 0.13502 0.66274 0.73657
vn -0.15083 0.76983 -0.62017
vn 0.0 0.70656 -0.70765
vn -0.07434 0.68663 -0.7232
vn -0.13957 0.71233 -0.68783
vn 0.11734 0.74609 0.65542
vn 0.12545 0.74913 0.65044
vn 0.0 0.66887 0.74338
vn 0.11305 0.71887 0.68589
vn -0.07034 0.70481 -0.7059
vn 0.0 0.67223 -0.74035
vn -0.05216 0.71839 -0.69368
vn -0.07258 0.72729 -0.68249
vn 0.05589 0.75391 0.6546
vn 0.03044 0.74243 0.66923
vn 0.0 0.7235 0.69032
vn 0.05557 0.74955 0.65961
vn -0.07339 0.67041 -0.73835
vn 0.0 0.6368 -0.77103
vn 0.00661 0.72919 -0.68428
vn 0.15101 0.73426 0.66186
vn 0.05087 0.69436 0.71783
vn 0.0 0.75071 0.66063
vn 0.01146 0.63675 -0.77098
vn 0.0 0.64246 -0.76632
vn -0.0159 0.69517 0.71867
vn -0.0581 0.67243 0.73788
vn -0.02783 0.64221 -0.76603
vn 0.0 0.62894 -0.77745
vn 0.12427 0.66835 0.7334
vn 0.03886 0.63287 0.77328
vn 0.00612 0.62893 -0.77744
vn 0.0 0.63194 -0.77501
vn 0.00739 0.63333 0.77385
vn 0.0396 0.64842 0.76025
vn -0.11909 0.62745 -0.7695
vn 0.0 0.57681 -0.81688
vn -0.19752 0.76917 -0.60775
vn -0.14263 0.7515 -0.64413
vn 0.10936 0.64504 0.75629
vn 0.04526 0.61837 0.78458
vn -0.03259 0.5765 -0.81644
vn 0.0 0.56175 -0.82731
vn -0.08568 0.75647 -0.64839
vn -0.0417 0.73754 -0.67401
vn 0.01432 0.61894 0.78531
vn 0.02229 0.62268 0.78216
vn -0.14543 0.55578 -0.81851
vn 0.0 0.49949 -0.86632
vn -0.15727 0.729 -0.66621
vn -0.19387 0.74089 -0.64304
vn 0.1362 0.61703 0.77507
vn -0.04523 0.53892 0.84114
vn 0.00972 0.49947 -0.86628
vn 0.0 0.50373 -0.86386
vn 0.02989 0.75488 -0.65518
vn 0.01485 0.76268 -0.6466
vn 0.04645 0.53889 0.8411
vn -0.02279 0.50871 0.86064
vn -0.06755 0.50258 -0.86189
vn -0.16513 0.53672 -0.82744
vn -0.04192 0.7621 -0.64611
vn -0.18494 0.72832 0.65981
vn 0.0 0.50884 0.86086
vn -0.05303 0.48471 0.87306
vn 0.0368 0.54382 -0.83839
vn 0.09473 0.51409 -0.85249
vn 0.06326 0.73962 0.67005
vn 0.01237 0.71623 0.69775
vn 0.0 0.4854 0.87429
vn 0.04303 0.5031 0.86316
vn -0.08463 0.51456 -0.85327
vn -0.2401 0.56486 -0.78948
vn -0.16357 0.76505 -0.62285
vn -0.12353 0.75109 -0.64854
vn 0.01208 0.71623 0.69776
vn -0.0461 0.68608 0.72606
vn 0.0 0.50357 0.86396
vn 0.00856 0.50727 0.86175
vn -0.04321 0.58134 -0.81251
vn 0.02873 0.54828 -0.8358
vn -0.11884 0.75152 -0.64891
vn -0.05389 0.72493 -0.68671
vn 0.11292 0.68242 0.72218
vn 0.14555 0.69463 0.70449
vn 0.0 0.50729 0.86178
vn 0.09002 0.54405 0.83421
vn -0.14696 0.54255 -0.82707
vn -0.1737 0.5513 -0.81603
vn -0.19373 0.71224 -0.67468
vn -0.19285 0.71196 -0.67522
vn -0.02092 0.70195 0.71192
vn -0.0122 0.70647 0.70764
vn 0.0 0.54627 0.83761
vn -0.01606 0.53883 0.84226
vn -0.02268 0.55966 -0.82841
vn -0.00567 0.55202 -0.83381
vn 0.01727 0.72547 -0.68804
vn -0.03035 0.74886 -0.66204
vn 0.0532 0.70552 0.70669
vn 0.05588 0.70671 0.70529
vn 0.0 0.5389 0.84237
vn 0.04203 0.55736 0.82921
vn -0.17951 0.76019 -0.62442
vn 0.0 0.68707 -0.7266
vn -0.0597 0.55105 -0.83234
vn -0.13708 0.5805 -0.80264
vn -0.01014 0.74916 -0.66231
vn -0.07552 0.70579 0.70438
vn -0.12318 0.67657 0.726
vn 0.0 0.55785 0.82994
vn -0.05675 0.5304 0.84585
vn 0.02971 0.68676 -0.72627
vn 0.0 0.70208 -0.7121
vn 0.0912 0.58359 -0.80691
vn 0.02676 0.61852 -0.78531
vn 0.09416 0.67873 0.72832
vn 0.01515 0.64382 0.76503
vn 0.0 0.53126 0.84721
vn 0.0783 0.56441 0.82178
vn -0.07561 0.70007 -0.71006
vn 0.0 0.66527 -0.74661
vn -0.00998 0.61871 -0.78556
vn -0.06973 0.64565 -0.76044
vn -0.00146 0.64389 0.76512
vn -0.0353 0.62665 0.7785
vn 0.0 0.56614 0.82431
vn -0.00128 0.56555 0.82472
vn 0.02758 0.66501 -0.74632
vn 0.0 0.67914 -0.73401
vn 0.0521 0.64634 -0.76126
vn 0.02735 0.65963 -0.7511
vn 0.18677 0.76798 0.61264
vn 0.13719 0.75161 0.64518
vn 0.16849 0.61807 0.76785
vn 0.14866 0.61125 0.77735
vn 0.0 0.56555 0.82472
vn 0.1731 0.63499 0.75288
vn -0.08575 0.67664 -0.73131
vn 0.0 0.63782 -0.77019
vn -0.112 0.65572 -0.74665
vn -0.08155 0.6435 -0.76109
vn -0.12957 0.75858 -0.63857
vn 0.09093 0.75564 0.64864
vn 0.10977 0.763 0.63701
vn 0.0138 0.61806 0.78601
vn 0.0778 0.64656 0.75889
vn 0.0 0.64472 0.76442
vn 0.01456 0.6518 0.75826
vn -0.02733 0.63758 -0.7699
vn 0.0 0.62457 -0.78097
vn -0.00461 0.64564 -0.76362
vn -0.02816 0.65689 -0.75346
vn 0.04631 0.76421 -0.64331
vn 0.1786 0.7553 0.63057
vn 0.15404 0.64078 0.75211
vn 0.1513 0.63982 0.75349
vn 0.0 0.65186 0.75834
vn 0.17397 0.72365 0.66788
vn -0.07973 0.62258 -0.77848
vn 0.0 0.5872 -0.80944
vn -0.07097 0.6555 -0.75186
vn -0.08468 0.66125 -0.74537
vn -0.05184 0.6464 0.76124
vn -0.00861 0.6692 0.74303
vn 0.0 0.73486 0.67822
vn -0.05653 0.70487 0.70708
vn 0.00642 0.58719 -0.80942
vn 0.0 0.59027 -0.80721
vn 0.11063 0.65956 -0.74346
vn 0.00785 0.71763 -0.69638
vn 0.15079 0.66157 0.73456
vn 0.06087 0.62626 0.77723
vn 0.0 0.706 0.70821
vn 0.00303 0.59026 -0.8072
vn 0.0 0.59171 -0.80615
vn 0.05413 0.7166 -0.69538
vn 0.00382 0.74329 -0.66896
vn -0.04538 0.62678 0.77787
vn -0.04033 0.62947 0.77597
vn -0.05515 0.76168 0.6456
vn 0.04044 0.59123 -0.80549
vn 0.0 0.61148 -0.79126
vn 0.12691 0.73728 -0.66356
vn 0.16265 0.6216 0.76626
vn 0.12967 0.60991 0.78179
vn 0.0 0.76284 0.64658
vn 0.00974 0.61145 -0.79122
vn 0.0 0.61622 -0.78757
vn 0.01224 0.76849 -0.63974
vn 0.0034 0.6151 0.78844
vn 0.03515 0.62997 0.77583
vn -0.03002 0.61594 -0.78722
vn 0.0 0.60189 -0.79858
vn -0.02894 0.76823 -0.63952
vn 0.13626 0.62448 0.76906
vn 0.15451 0.63099 0.76025
vn -0.03437 0.60153 -0.79811
vn 0.0 0.58568 -0.81054
vn -0.04336 0.7589 -0.64977
vn 0.00843 0.63863 0.76947
vn 0.02834 0.64807 0.76105
vn -0.06825 0.58431 -0.80865
vn 0.0 0.55451 -0.83218
vn -0.03275 0.7592 -0.65003
vn 0.12264 0.64344 0.75561
vn 0.04123 0.60998 0.79134
vn 0.01789 0.55442 -0.83204
vn 0.0 0.56287 -0.82655
vn 0.06288 0.60929 0.79045
vn -0.02504 0.56901 0.82195
vn 0.18016 0.55366 -0.81302
vn 0.0 0.65844 -0.75264
vn 0.0314 0.56891 0.8218
vn 0.13247 0.60951 0.78163
vn 0.39636 0.60451 -0.69099
vn 0.36476 0.75094 -0.55049
vn 0.43757 0.66736 -0.60263
vn 0.44414 0.71697 0.5373
vn 0.29165 0.69397 0.6583
vn 0.0 0.61493 0.78858
vn 0.45877 0.74059 0.49096
vn 0.49348 0.64552 -0.58291
vn 0.53332 0.69764 -0.4784
vn 0.60044 0.71014 0.36766
vn 0.48856 0.71995 0.49293
vn 0.43344 0.65382 0.62021
vn 0.55732 0.65914 0.5049
vn 0.46869 0.74878 -0.46869
vn 0.73431 0.55983 -0.38389
vn 0.69012 0.67526 -0.26029
vn 0.73598 0.5611 -0.37882
vn 0.70347 0.70146 -0.11438
vn 0.70902 0.69376 -0.1264
vn 0.73468 0.67663 0.04912
vn 0.70389 0.70187 0.10916
vn 0.80868 0.55746 0.18783
vn 0.66431 0.61182 0.42938
vn 0.53428 0.69749 0.47755
vn 0.82333 0.56756 0.0
vn 0.4883 0.72327 -0.4883
vn 0.64474 0.75202 -0.13702
vn 0.65087 0.75919 0.0
f 1//1 2//1 3//1
f 4//2 5//2 6//2
f 7//3 8//3 9//3
f 10//4 11//4 12//4
f 13//5 14//5 15//5
f 16//6 17//6 18//6
f 19//7 20//7 21//7
f 22//8 23//8 24//8
f 25//9 26//9 27//9
f 28//10 29//10 30//10
f 31//11 32//11 33//11
f 34//12 35//12 36//12
f 37//13 38//13 39//13
f 40//14 41//14 42//14
f 43//15 44//15 45//15
f 46//16 47//16 48//16
f 49//17 50//17 51//17
f 52//18 53//18 54//18
f 55//19 56//19 57//19
f 58//20 59//20 60//20
f 61//21 62//21 63//21
f 64//22 65//22 66//22
f 67//23 68//23 69//23
f 70//24 71//24 72//24
f 73//25 74//25 75//25
f 76//26 77//26 78//26
f 79//27 80//27 81//27
f 82//28 83//28 84//28
f 85//29 86//29 87//29
f 88//30 89//30 90//30
f 91//31 92//31 93//31
f 94//32 95//32 96//32
f 97//33 98//33 99//33
f 100//34 101//34 102//34
f 103//35 104//35 105//35
f 106//36 107//36 108//36
f 109//37 110//37 111//37
f 112//38 113//38 114//38
f 115//39 116//39 117//39
f 118//40 119//40 120//40
f 121//41 122//41 123//41
f 124//42 125//42 126//42
f 127//43 128//43 129//43
f 130//44 131//44 132//44
f 133//45 134//45 135//45
f 136//46 137//46 138//46
f 139//47 140//47 141//47
f 142//48 143//48 144//48
f 145//49 146//49 147//49
f 148//50 149//50 150//50
f 151//51 152//51 153//51
f 154//52 155//52 156//52
f 157//53 158//53 159//53
f 160//54 161//54 162//54
f 163//55 164//55 165//55
f 166//56 167//56 168//56
f 169//57 170//57 171//57
f 172//58 173//58 174//58
f 175//59 176//59 177//59
f 178//60 179//60 180//60
f 181//61 182//61 183//61
f 184//62 185//62 186//62
f 187//63 188//63 189//63
f 190//64 191//64 192//64
f 193//65 194//65 195//65
f 196//66 197//66 198//66
f 199//67 200//67 201//67
f 202//68 203//68 204//68
f 205//69 206//69 207//69
f 208//70 209//70 210//70
f 211//71 212//71 213//71
f 214//72 215//72 216//72
f 217//73 218//73 219//73
f 220//74 221//74 222//74
f 223//75 224//75 225//75
f 226//76 227//76 228//76
f 229//77 230//77 231//77
f 232//78 233//78 234//78
f 235//79 236//79 237//79
f 238//80 239//80 240//80
f 241//81 242//81 243//81
f 244//82 245//82 246//82
f 247//83 248//83 249//83
f 250//84 251//84 252//84
f 253//85 254//85 255//85
f 256//86 257//86 258//86
f 259//87 260//87 261//87
f 262//88 263//88 264//88
f 265//89 266//89 267//89
f 268//90 269//90 270//90
f 271//91 272//91 273//91
f 274//92 275//92 276//92
f 277//93 278//93 279//93
f 280//94 281//94 282//94
f 283//95 284//95 285//95
f 286//96 287//96 288//96
f 289//97 290//97 291//97
f 292//98 293//98 294//98
f 295//99 296//99 297//99
f 298//100 299//100 300//100
f 301//101 302//101 303//101
f 304//102 305//102 306//102
f 307//103 308//103 309//103
f 310//104 311//104 312//104
f 313//105 314//105 315//105
f 316//106 317//106 318//106
f 319//107 320//107 321//107
f 322//108 323//108 324//108
f 325//109 326//109 327//109
f 328//110 329//110 330//110
f 331//111 332//111 333//111
f 334//112 335//112 336//112
f 337//113 338//113 339//113
f 340//114 341//114 342//114
f 343//115 344//115 345//115
f 346//116 347//116 348//116
f 349//117 350//117 351//117
f 352//118 353//118 354//118
f 355//119 356//119 357//119
f 358//120 359//120 360//120
f 361//121 362//121 363//121
f 364//122 365//122 366//122
f 367//123 368//123 369//123
f 370//124 371//124 372//124
f 373//125 374//125 375//125
f 376//126 377//126 378//126
f 379//127 380//127 381//127
f 382//128 383//128 384//128
f 385//129 386//129 387//129
f 388//130 389//130 390//130
f 391//131 392//131 393//131
f 394//132 395//132 396//132
f 397//133 398//133 399//133
f 400//134 401//134 402//134
f 403//135 404//135 405//135
f 406//136 407//136 408//136
f 409//137 410//137 411//137
f 412//138 413//138 414//138
f 415//139 416//139 417//139
f 418//140 419//140 420//140
f 421//141 422//141 423//141
f 424//142 425//142 426//142
f 427//143 428//143 429//143
f 430//144 431//144 432//144
f 433//145 434//145 435//145
f 436//146 437//146 438//146
f 439//147 440//147 441//147
f 442//148 443//148 444//148
f 445//149 446//149 447//149
f 448//150 449//150 450//150
f 451//151 452//151 453//151
f 454//152 455//152 456//152
f 457//153 458//153 459//153
f 460//154 461//154 462//154
f 463//155 464//155 465//155
f 466//156 467//156 468//156
f 469//157 470//157 471//157
f 472//158 473//158 474//158
f 475//159 476//159 477//159
f 478//160 479//160 480//160
f 481//161 482//161 483//161
f 484//162 485//162 486//162
f 487//163 488//163 489//163
f 490//164 491//164 492//164
f 493//165 494//165 495//165
f 496//166 497//166 498//166
f 499//167 500//167 501//167
f 502//168 503//168 504//168
f 505//169 506//169 507//169
f 508//170 509//170 510//170
f 511//171 512//171 513//171
f 514//172 515//172 516//172
f 517//173 518//173 519//173
f 520//174 521//174 522//174
f 523//175 524//175 525//175
f 526//176 527//176 528//176
f 529//177 530//177 531//177
f 532//178 533//178 534//178
f 535//179 536//179 537//179
f 538//180 539//180 540//180
f 541//181 542//181 543//181
f 544//182 545//182 546//182
f 547//183 548//183 549//183
f 550//184 551//184 552//184
f 553//185 554//185 555//185
f 556//186 557//186 558//186
f 559//187 560//187 561//187
f 562//188 563//188 564//188
f 565//189 566//189 567//189
f 568//190 569//190 570//190
f 571//191 572//191 573//191
f 574//192 575//192 576//192
f 577//193 578//193 579//193
f 580//194 581//194 582//194
f 583//195 584//195 585//195
f 586//196 587//196 588//196
f 589//197 590//197 591//197
f 592//198 593//198 594//198
f 595//199 596//199 597//199
f 598//200 599//200 600//200
f 601//201 602//201 603//201
f 604//202 605//202 606//202
f 607//203 608//203 609//203
f 610//204 611//204 612//204
f 613//205 614//205 615//205
f 616//206 617//206 618//206
f 619//207 620//207 621//207
f 622//208 623//208 624//208
f 625//209 626//209 627//209
f 628//210 629//210 630//210
f 631//211 632//211 633//211
f 634//212 635//212 636//212
f 637//213 638//213 639//213
f 640//214 641//214 642//214
f 643//215 644//215 645//215
f 646//216 647//216 648//216
f 649//217 650//217 651//217
f 652//218 653//218 654//218
f 655//219 656//219 657//219
f 658//220 659//220 660//220
f 661//221 662//221 663//221
f 664//222 665//222 666//222
f 667//223 668//223 669//223
f 670//224 671//224 672//224
f 673//225 674//225 675//225
f 676//226 677//226 678//226
f 679//227 680//227 681//227
f 682//228 683//228 684//228
f 685//229 686//229 687//229
f 688//230 689//230 690//230
f 691//231 692//231 693//231
f 694//232 695//232 696//232
f 697//233 698//233 699//233
f 700//234 701//234 702//234
f 703//235 704//235 705//235
f 706//236 707//236 708//236
f 709//237 710//237 711//237
f 712//238 713//238 714//238
f 715//239 716//239 717//239
f 718//240 719//240 720//240
f 721//241 722//241 723//241
f 724//242 725//242 726//242
f 727//243 728//243 729//243
f 730//244 731//244 732//244
f 733//245 734//245 735//245
f 736//246 737//246 738//246
f 739//247 740//247 741//247
f 742//248 743//248 744//248
f 745//249 746//249 747//249
f 748//250 749//250 750//250
f 751//251 752//251 753//251
f 754//252 755//252 756//252
f 757//253 758//253 759//253
f 760//254 761//254 762//254
f 763//255 764//255 765//255
f 766//256 767//256 768//256
f 769//257 770//257 771//257
f 772//258 773//258 774//258
f 775//259 776//259 777//259
f 778//260 779//260 780//260
f 781//261 782//261 783//261
f 784//262 785//262 786//262
f 787//263 788//263 789//263
f 790//264 791//264 792//264
f 793//265 794//265 795//265
f 796//266 797//266 798//266
f 799//267 800//267 801//267
f 802//268 803//268 804//268
f 805//269 806//269 807//269
f 808//270 809//270 810//270
f 811//271 812//271 813//271
f 814//272 815//272 816//272
f 817//273 818//273 819//273
f 820//274 821//274 822//274
f 823//275 824//275 825//275
f 826//276 827//276 828//276
f 829//277 830//277 831//277
f 832//278 833//278 834//278
f 835//279 836//279 837//279
f 838//280 839//280 840//280
f 841//281 842//281 843//281
f 844//282 845//282 846//282
f 847//283 848//283 849//283
f 850//284 851//284 852//284
f 853//285 854//285 855//285
f 856//286 857//286 858//286
f 859//287 860//287 861//287
f 862//288 863//288 864//288
f 865//289 866//289 867//289
f 868//290 869//290 870//290
f 871//291 872//291 873//291
f 874//292 875//292 876//292
f 877//293 878//293 879//293
f 880//294 881//294 882//294
f 883//295 884//295 885//295
f 886//296 887//296 888//296
f 889//297 890//297 891//297
f 892//298 893//298 894//298
f 895//299 896//299 897//299
f 898//300 899//300 900//300
f 901//301 902//301 903//301
f 904//302 905//302 906//302
f 907//303 908//303 909//303
f 910//304 911//304 912//304
f 913//305 914//305 915//305
f 916//306 917//306 918//306
f 919//307 920//307 921//307
f 922//308 923//308 924//308
f 925//309 926//309 927//309
f 928//310 929//310 930//310
f 931//311 932//311 933//311
f 934//312 935//312 936//312
f 937//313 938//313 939//313
f 940//314 941//314 942//314
f 943//315 944//315 945//315
f 946//316 947//316 948//316
f 949//317 950//317 951//317
f 952//318 953//318 954//318
f 955//319 956//319 957//319
f 958//320 959//320 960//320
f 961//321 962//321 963//321
f 964//322 965//322 966//322
f 967//323 968//323 969//323
f 970//324 971//324 972//324
f 973//325 974//325 975//325
f 976//326 977//326 978//326
f 979//327 980//327 981//327
f 982//328 983//328 984//328
f 985//329 986//329 987//329
f 988//330 989//330 990//330
f 991//331 992//331 993//331
f 994//332 995//332 996//332
f 997//333 998//333 999//333
f 1000//334 1001//334 1002//334
f 1003//335 1004//335 1005//335
f 1006//336 1007//336 1008//336
f 1009//337 1010//337 1011//337
f 1012//338 1013//338 1014//338
f 1015//339 1016//339 1017//339
f 1018//340 1019//340 1020//340
f 1021//341 1022//341 1023//341
f 1024//342 1025//342 1026//342
f 1027//343 1028//343 1029//343
f 1030//344 1031//344 1032//344
f 1033//345 1034//345 1035//345
f 1036//346 1037//346 1038//346
f 1039//347 1040//347 1041//347
f 1042//348 1043//348 1044//348
f 1045//349 1046//349 1047//349
f 1048//350 1049//350 1050//350
f 1051//351 1052//351 1053//351
f 1054//352 1055//352 1056//352
f 1057//353 1058//353 1059//353
f 1060//354 1061//354 1062//354
f 1063//355 1064//355 1065//355
f 1066//356 1067//356 1068//356
f 1069//357 1070//357 1071//357
f 1072//358 1073//358 1074//358
f 1075//359 1076//359 1077//359
f 1078//360 1079//360 1080//360
f 1081//361 1082//361 1083//361
f 1084//362 1085//362 1086//362
f 1087//363 1088//363 1089//363
f 1090//364 1091//364 1092//364
f 1093//365 1094//365 1095//365
f 1096//366 1097//366 1098//366
f 1099//367 1100//367 1101//367
f 1102//368 1103//368 1104//368
f 1105//369 1106//369 1107//369
f 1108//370 1109//370 1110//370
f 1111//371 1112//371 1113//371
f 1114//372 1115//372 1116//372
f 1117//373 1118//373 1119//373
f 1120//374 1121//374 1122//374
f 1123//375 1124//375 1125//375
f 1126//376 1127//376 1128//376
f 1129//377 1130//377 1131//377
f 1132//378 1133//378 1134//378
f 1135//379 1136//379 1137//379
f 1138//380 1139//380 1140//380
f 1141//381 1142//381 1143//381
f 1144//382 1145//382 1146//382
f 1147//383 1148//383 1149//383
f 1150//384 1151//384 1152//384
f 1153//385 1154//385 1155//385
f 1156//386 1157//386 1158//386
f 1159//387 1160//387 1161//387
f 1162//388 1163//388 1164//388
f 1165//389 1166//389 1167//389
f 1168//390 1169//390 1170//390
f 1171//391 1172//391 1173//391
f 1174//392 1175//392 1176//392
f 1177//393 1178//393 1179//393
f 1180//394 1181//394 1182//394
f 1183//395 1184//395 1185//395
f 1186//396 1187//396 1188//396
f 1189//397 1190//397 1191//397
f 1192//398 1193//398 1194//398
f 1195//399 1196//399 1197//399
f 1198//400 1199//400 1200//400
f 1201//401 1202//401 1203//401
f 1204//402 1205//402 1206//402
f 1207//403 1208//403 1209//403
f 1210//404 1211//404 1212//404
f 1213//405 1214//405 1215//405
f 1216//406 1217//406 1218//406
f 1219//407 1220//407 1221//407
f 1222//408 1223//408 1224//408
f 1225//409 1226//409 1227//409
f 1228//410 1229//410 1230//410
f 1231//411 1232//411 1233//411
f 1234//412 1235//412 1236//412
f 1237//413 1238//413 1239//413
f 1240//414 1241//414 1242//414
f 1243//415 1244//415 1245//415
f 1246//416 1247//416 1248//416
f 1249//417 1250//417 1251//417
f 1252//418 1253//418 1254//418
f 1255//419 1256//419 1257//419
f 1258//420 1259//420 1260//420
f 1261//421 1262//421 1263//421
f 1264//422 1265//422 1266//422
f 1267//423 1268//423 1269//423
f 1270//424 1271//424 1272//424
f 1273//425 1274//425 1275//425
f 1276//426 1277//426 1278//426
f 1279//427 1280//427 1281//427
f 1282//428 1283//428 1284//428
f 1285//429 1286//429 1287//429
f 1288//430 1289//430 1290//430
f 1291//431 1292//431 1293//431
f 1294//432 1295//432 1296//432
f 1297//433 1298//433 1299//433
f 1300//434 1301//434 1302//434
f 1303//435 1304//435 1305//435
f 1306//436 1307//436 1308//436
f 1309//437 1310//437 1311//437
f 1312//438 1313//438 1314//438
f 1315//439 1316//439 1317//439
f 1318//440 1319//440 1320//440
f 1321//441 1322//441 1323//441
f 1324//442 1325//442 1326//442
f 1327//443 1328//443 1329//443
f 1330//444 1331//444 1332//444
f 1333//445 1334//445 1335//445
f 1336//446 1337//446 1338//446
f 1339//447 1340//447 1341//447
f 1342//448 1343//448 1344//448
f 1345//449 1346//449 1347//449
f 1348//450 1349//450 1350//450
f 1351//451 1352//451 1353//451
f 1354//452 1355//452 1356//452
f 1357//453 1358//453 1359//453
f 1360//454 1361//454 1362//454
f 1363//455 1364//455 1365//455
f 1366//456 1367//456 1368//456
f 1369//457 1370//457 1371//457
f 1372//458 1373//458 1374//458
f 1375//459 1376//459 1377//459
f 1378//460 1379//460 1380//460
f 1381//461 1382//461 1383//461
f 1384//462 1385//462 1386//462
f 1387//463 1388//463 1389//463
f 1390//464 1391//464 1392//464
f 1393//465 1394//465 1395//465
f 1396//466 1397//466 1398//466
f 1399//467 1400//467 1401//467
f 1402//468 1403//468 1404//468
f 1405//469 1406//469 1407//469
f 1408//470 1409//470 1410//470
f 1411//471 1412//471 1413//471
f 1414//472 1415//472 1416//472
f 1417//473 1418//473 1419//473
f 1420//474 1421//474 1422//474
f 1423//475 1424//475 1425//475
f 1426//476 1427//476 1428//476
f 1429//477 1430//477 1431//477
f 1432//478 1433//478 1434//478
f 1435//479 1436//479 1437//479
f 1438//480 1439//480 1440//480
f 1441//481 1442//481 1443//481
f 1444//482 1445//482 1446//482
f 1447//483 1448//483 1449//483
f 1450//484 1451//484 1452//484
f 1453//485 1454//485 1455//485
f 1456//486 1457//486 1458//486
f 1459//487 1460//487 1461//487
f 1462//488 1463//488 1464//488
f 1465//489 1466//489 1467//489
f 1468//490 1469//490 1470//490
f 1471//491 1472//491 1473//491
f 1474//492 1475//492 1476//492
f 1477//493 1478//493 1479//493
f 1480//494 1481//494 1482//494
f 1483//495 1484//495 1485//495
f 1486//496 1487//496 1488//496
f 1489//497 1490//497 1491//497
f 1492//498 1493//498 1494//498
f 1495//499 1496//499 1497//499
f 1498//500 1499//500 1500//500
f 1501//501 1502//501 1503//501
f 1504//502 1505//502 1506//502
f 1507//503 1508//503 1509//503
f 1510//504 1511//504 1512//504
f 1513//505 1514//505 1515//505
f 1516//506 1517//506 1518//506
f 1519//507 1520//507 1521//507
f 1522//508 1523//508 1524//508
f 1525//509 1526//509 1527//509
f 1528//510 1529//510 1530//510
f 1531//511 1532//511 1533//511
f 1534//512 1535//512 1536//512
f 1537//513 1538//513 1539//513
f 1540//514 1541//514 1542//514
f 1543//515 1544//515 1545//515
f 1546//516 1547//516 1548//516
f 1549//517 1550//517 1551//517
f 1552//518 1553//518 1554//518
f 1555//519 1556//519 1557//519
f 1558//520 1559//520 1560//520
f 1561//521 1562//521 1563//521
f 1564//522 1565//522 1566//522
f 1567//523 1568//523 1569//523
f 1570//524 1571//524 1572//524
f 1573//525 1574//525 1575//525
f 1576//526 1577//526 1578//526
f 1579//527 1580//527 1581//527
f 1582//528 1583//528 1584//528
f 1585//529 1586//529 1587//529
f 1588//530 1589//530 1590//530
f 1591//531 1592//531 1593//531
f 1594//532 1595//532 1596//532
f 1597//533 1598//533 1599//533
f 1600//534 1601//534 1602//534
f 1603//535 1604//535 1605//535
f 1606//536 1607//536 1608//536
f 1609//537 1610//537 1611//537
f 1612//538 1613//538 1614//538
f 1615//539 1616//539 1617//539
f 1618//540 1619//540 1620//540
f 1621//541 1622//541 1623//541
f 1624//542 1625//542 1626//542
f 1627//543 1628//543 1629//543
f 1630//544 1631//544 1632//544
f 1633//545 1634//545 1635//545
f 1636//546 1637//546 1638//546
f 1639//547 1640//547 1641//547
f 1642//548 1643//548 1644//548
f 1645//549 1646//549 1647//549
f 1648//550 1649//550 1650//550
f 1651//551 1652//551 1653//551
f 1654//552 1655//552 1656//552
f 1657//553 1658//553 1659//553
f 1660//554 1661//554 1662//554
f 1663//555 1664//555 1665//555
f 1666//556 1667//556 1668//556
f 1669//557 1670//557 1671//557
f 1672//558 1673//558 1674//558
f 1675//559 1676//559 1677//559
f 1678//560 1679//560 1680//560
f 1681//561 1682//561 1683//561
f 1684//562 1685//562 1686//562
f 1687//563 1688//563 1689//563
f 1690//564 1691//564 1692//564
f 1693//565 1694//565 1695//565
f 1696//566 1697//566 1698//566
f 1699//567 1700//567 1701//567
f 1702//568 1703//568 1704//568
f 1705//569 1706//569 1707//569
f 1708//570 1709//570 1710//570
f 1711//571 1712//571 1713//571
f 1714//572 1715//572 1716//572
f 1717//573 1718//573 1719//573
f 1720//574 1721//574 1722//574
f 1723//575 1724//575 1725//575
f 1726//576 1727//576 1728//576
f 1729//577 1730//577 1731//577
f 1732//578 1733//578 1734//578
f 1735//579 1736//579 1737//579
f 1738//580 1739//580 1740//580
f 1741//581 1742//581 1743//581
f 1744//582 1745//582 1746//582
f 1747//583 1748//583 1749//583
f 1750//584 1751//584 1752//584
f 1753//585 1754//585 1755//585
f 1756//586 1757//586 1758//586
f 1759//587 1760//587 1761//587
f 1762//588 1763//588 1764//588
f 1765//589 1766//589 1767//589
f 1768//590 1769//590 1770//590
f 1771//591 1772//591 1773//591
f 1774//592 1775//592 1776//592
f 1777//593 1778//593 1779//593
f 1780//594 1781//594 1782//594
f 1783//595 1784//595 1785//595
f 1786//596 1787//596 1788//596
f 1789//597 1790//597 1791//597
f 1792//598 1793//598 1794//598
f 1795//599 1796//599 1797//599
f 1798//600 1799//600 1800//600
f 1801//601 1802//601 1803//601
f 1804//602 1805//602 1806//602
f 1807//603 1808//603 1809//603
f 1810//604 1811//604 1812//604
f 1813//605 1814//605 1815//605
f 1816//606 1817//606 1818//606
f 1819//607 1820//607 1821//607
f 1822//608 1823//608 1824//608
f 1825//609 1826//609 1827//609
f 1828//610 1829//610 1830//610
f 1831//611 1832//611 1833//611
f 1834//612 1835//612 1836//612
f 1837//613 1838//613 1839//613
f 1840//614 1841//614 1842//614
f 1843//615 1844//615 1845//615
f 1846//616 1847//616 1848//616
f 1849//617 1850//617 1851//617
f 1852//618 1853//618 1854//618
f 1855//619 1856//619 1857//619
f 1858//620 1859//620 1860//620
f 1861//621 1862//621 1863//621
f 1864//622 1865//622 1866//622
f 1867//623 1868//623 1869//623
f 1870//624 1871//624 1872//624
f 1873//625 1874//625 1875//625
f 1876//626 1877//626 1878//626
f 1879//627 1880//627 1881//627
f 1882//628 1883//628 1884//628
f 1885//629 1886//629 1887//629
f 1888//630 1889//630 1890//630
f 1891//631 1892//631 1893//631
f 1894//632 1895//632 1896//632
f 1897//633 1898//633 1899//633
f 1900//634 1901//634 1902//634
f 1903//635 1904//635 1905//635
f 1906//636 1907//636 1908//636
f 1909//637 1910//637 1911//637
f 1912//638 1913//638 1914//638
f 1915//639 1916//639 1917//639
f 1918//640 1919//640 1920//640
f 1921//641 1922//641 1923//641
f 1924//642 1925//642 1926//642
f 1927//643 1928//643 1929//643
f 1930//644 1931//644 1932//644
f 1933//645 1934//645 1935//645
f 1936//646 1937//646 1938//646
f 1939//647 1940//647 1941//647
f 1942//648 1943//648 1944//648
f 1945//649 1946//649 1947//649
f 1948//650 1949//650 1950//650
f 1951//651 1952//651 1953//651
f 1954//652 1955//652 1956//652
f 1957//653 1958//653 1959//653
f 1960//654 1961//654 1962//654
f 1963//655 1964//655 1965//655
f 1966//656 1967//656 1968//656
f 1969//657 1970//657 1971//657
f 1972//658 1973//658 1974//658
f 1975//659 1976//659 1977//659
f 1978//660 1979//660 1980//660
f 1981//661 1982//661 1983//661
f 1984//662 1985//662 1986//662
f 1987//663 1988//663 1989//663
f 1990//664 1991//664 1992//664
f 1993//665 1994//665 1995//665
f 1996//666 1997//666 1998//666
f 1999//667 2000//667 2001//667
f 2002//668 2003//668 2004//668
f 2005//669 2006//669 2007//669
f 2008//670 2009//670 2010//670
f 2011//671 2012//671 2013//671
f 2014//672 2015//672 2016//672
f 2017//673 2018//673 2019//673
f 2020//674 2021//674 2022//674
f 2023//675 2024//675 2025//675
f 2026//676 2027//676 2028//676
f 2029//677 2030//677 2031//677
f 2032//678 2033//678 2034//678
f 2035//679 2036//679 2037//679
f 2038//680 2039//680 2040//680
f 2041//681 2042//681 2043//681
f 2044//682 2045//682 2046//682
f 2047//683 2048//683 2049//683
f 2050//684 2051//684 2052//684
f 2053//685 2054//685 2055//685
f 2056//686 2057//686 2058//686
f 2059//687 2060//687 2061//687
f 2062//688 2063//688 2064//688
f 2065//689 2066//689 2067//689
f 2068//690 2069//690 2070//690
f 2071//691 2072//691 2073//691
f 2074//692 2075//692 2076//692
f 2077//693 2078//693 2079//693
f 2080//694 2081//694 2082//694
f 2083//695 2084//695 2085//695
f 2086//696 2087//696 2088//696
f 2089//697 2090//697 2091//697
f 2092//698 2093//698 2094//698
f 2095//699 2096//699 2097//699
f 2098//700 2099//700 2100//700
f 2101//701 2102//701 2103//701
f 2104//702 2105//702 2106//702
f 2107//703 2108//703 2109//703
f 2110//704 2111//704 2112//704
f 2113//705 2114//705 2115//705
f 2116//706 2117//706 2118//706
f 2119//707 2120//707 2121//707
f 2122//708 2123//708 2124//708
f 2125//709 2126//709 2127//709
f 2128//710 2129//710 2130//710
f 2131//711 2132//711 2133//711
f 2134//712 2135//712 2136//712
f 2137//713 2138//713 2139//713
f 2140//714 2141//714 2142//714
f 2143//715 2144//715 2145//715
f 2146//716 2147//716 2148//716
f 2149//717 2150//717 2151//717
f 2152//718 2153//718 2154//718
f 2155//719 2156//719 2157//719
f 2158//720 2159//720 2160//720
f 2161//721 2162//721 2163//721
f 2164//722 2165//722 2166//722
f 2167//723 2168//723 2169//723
f 2170//724 2171//724 2172//724
f 2173//725 2174//725 2175//725
f 2176//726 2177//726 2178//726
f 2179//727 2180//727 2181//727
f 2182//728 2183//728 2184//728
f 2185//729 2186//729 2187//729
f 2188//730 2189//730 2190//730
f 2191//731 2192//731 2193//731
f 2194//732 2195//732 2196//732
f 2197//733 2198//733 2199//733
f 2200//734 2201//734 2202//734
f 2203//735 2204//735 2205//735
f 2206//736 2207//736 2208//736
f 2209//737 2210//737 2211//737
f 2212//738 2213//738 2214//738
f 2215//739 2216//739 2217//739
f 2218//740 2219//740 2220//740
f 2221//741 2222//741 2223//741
f 2224//742 2225//742 2226//742
f 2227//743 2228//743 2229//743
f 2230//744 2231//744 2232//744
f 2233//745 2234//745 2235//745
f 2236//746 2237//746 2238//746
f 2239//747 2240//747 2241//747
f 2242//748 2243//748 2244//748
f 2245//749 2246//749 2247//749
f 2248//750 2249//750 2250//750
f 2251//751 2252//751 2253//751
f 2254//752 2255//752 2256//752
f 2257//753 2258//753 2259//753
f 2260//754 2261//754 2262//754
f 2263//755 2264//755 2265//755
f 2266//756 2267//756 2268//756
f 2269//757 2270//757 2271//757
f 2272//758 2273//758 2274//758
f 2275//759 2276//759 2277//759
f 2278//760 2279//760 2280//760
f 2281//761 2282//761 2283//761
f 2284//762 2285//762 2286//762
f 2287//763 2288//763 2289//763
f 2290//764 2291//764 2292//764
f 2293//765 2294//765 2295//765
f 2296//766 2297//766 2298//766
f 2299//767 2300//767 2301//767
f 2302//768 2303//768 2304//768
f 2305//769 2306//769 2307//769
f 2308//770 2309//770 2310//770
f 2311//771 2312//771 2313//771
f 2314//772 2315//772 2316//772
f 2317//773 2318//773 2319//773
f 2320//774 2321//774 2322//774
f 2323//775 2324//775 2325//775
f 2326//776 2327//776 2328//776
f 2329//777 2330//777 2331//777
f 2332//778 2333//778 2334//778
f 2335//779 2336//779 2337//779
f 2338//780 2339//780 2340//780
f 2341//781 2342//781 2343//781
f 2344//782 2345//782 2346//782
f 2347//783 2348//783 2349//783
f 2350//784 2351//784 2352//784
f 2353//785 2354//785 2355//785
f 2356//786 2357//786 2358//786
f 2359//787 2360//787 2361//787
f 2362//788 2363//788 2364//788
f 2365//789 2366//789 2367//789
f 2368//790 2369//790 2370//790
f 2371//791 2372//791 2373//791
f 2374//792 2375//792 2376//792
f 2377//793 2378//793 2379//793
f 2380//794 2381//794 2382//794
f 2383//795 2384//795 2385//795
f 2386//796 2387//796 2388//796
f 2389//797 2390//797 2391//797
f 2392//798 2393//798 2394//798
f 2395//799 2396//799 2397//799
f 2398//800 2399//800 2400//800
f 2401//801 2402//801 2403//801
f 2404//802 2405//802 2406//802
f 2407//803 2408//803 2409//803
f 2410//804 2411//804 2412//804
f 2413//805 2414//805 2415//805
f 2416//806 2417//806 2418//806
f 2419//807 2420//807 2421//807
f 2422//808 2423//808 2424//808
f 2425//809 2426//809 2427//809
f 2428//810 2429//810 2430//810
f 2431//811 2432//811 2433//811
f 2434//812 2435//812 2436//812
f 2437//813 2438//813 2439//813
f 2440//814 2441//814 2442//814
f 2443//815 2444//815 2445//815
f 2446//816 2447//816 2448//816
f 2449//817 2450//817 2451//817
f 2452//818 2453//818 2454//818
f 2455//819 2456//819 2457//819
f 2458//820 2459//820 2460//820
f 2461//821 2462//821 2463//821
f 2464//822 2465//822 2466//822
f 2467//823 2468//823 2469//823
f 2470//824 2471//824 2472//824
f 2473//825 2474//825 2475//825
f 2476//826 2477//826 2478//826
f 2479//827 2480//827 2481//827
f 2482//828 2483//828 2484//828
f 2485//829 2486//829 2487//829
f 2488//830 2489//830 2490//830
f 2491//831 2492//831 2493//831
f 2494//832 2495//832 2496//832
f 2497//833 2498//833 2499//833
f 2500//834 2501//834 2502//834
f 2503//835 2504//835 2505//835
f 2506//836 2507//836 2508//836
f 2509//837 2510//837 2511//837
f 2512//838 2513//838 2514//838
f 2515//839 2516//839 2517//839
f 2518//840 2519//840 2520//840
f 2521//841 2522//841 2523//841
f 2524//842 2525//842 2526//842
f 2527//843 2528//843 2529//843
f 2530//844 2531//844 2532//844
f 2533//845 2534//845 2535//845
f 2536//846 2537//846 2538//846
f 2539//847 2540//847 2541//847
f 2542//848 2543//848 2544//848
f 2545//849 2546//849 2547//849
f 2548//850 2549//850 2550//850
f 2551//851 2552//851 2553//851
f 2554//852 2555//852 2556//852
f 2557//853 2558//853 2559//853
f 2560//854 2561//854 2562//854
f 2563//855 2564//855 2565//855
f 2566//856 2567//856 2568//856
f 2569//857 2570//857 2571//857
f 2572//858 2573//858 2574//858
f 2575//859 2576//859 2577//859
f 2578//860 2579//860 2580//860
f 2581//861 2582//861 2583//861
f 2584//862 2585//862 2586//862
f 2587//863 2588//863 2589//863
f 2590//864 2591//864 2592//864
f 2593//865 2594//865 2595//865
f 2596//866 2597//866 2598//866
f 2599//867 2600//867 2601//867
f 2602//868 2603//868 2604//868
f 2605//869 2606//869 2607//869
f 2608//870 2609//870 2610//870
f 2611//871 2612//871 2613//871
f 2614//872 2615//872 2616//872
f 2617//873 2618//873 2619//873
f 2620//874 2621//874 2622//874
f 2623//875 2624//875 2625//875
f 2626//876 2627//876 2628//876
f 2629//877 2630//877 2631//877
f 2632//878 2633//878 2634//878
f 2635//879 2636//879 2637//879
f 2638//880 2639//880 2640//880
f 2641//881 2642//881 2643//881
f 2644//882 2645//882 2646//882
f 2647//883 2648//883 2649//883
f 2650//884 2651//884 2652//884
f 2653//885 2654//885 2655//885
f 2656//886 2657//886 2658//886
f 2659//887 2660//887 2661//887
f 2662//888 2663//888 2664//888
f 2665//889 2666//889 2667//889
f 2668//890 2669//890 2670//890
f 2671//891 2672//891 2673//891
f 2674//892 2675//892 2676//892
f 2677//893 2678//893 2679//893
f 2680//894 2681//894 2682//894
f 2683//895 2684//895 2685//895
f 2686//896 2687//896 2688//896
f 2689//897 2690//897 2691//897
f 2692//898 2693//898 2694//898
f 2695//899 2696//899 2697//899
f 2698//900 2699//900 2700//900
f 2701//901 2702//901 2703//901
f 2704//902 2705//902 2706//902
f 2707//903 2708//903 2709//903
f 2710//904 2711//904 2712//904
f 2713//905 2714//905 2715//905
f 2716//906 2717//906 2718//906
f 2719//907 2720//907 2721//907
f 2722//908 2723//908 2724//908
f 2725//909 2726//909 2727//909
f 2728//910 2729//910 2730//910
f 2731//911 2732//911 2733//911
f 2734//912 2735//912 2736//912
f 2737//913 2738//913 2739//913
f 2740//914 2741//914 2742//914
f 2743//915 2744//915 2745//915
f 2746//916 2747//916 2748//916
f 2749//917 2750//917 2751//917
f 2752//918 2753//918 2754//918
f 2755//919 2756//919 2757//919
f 2758//920 2759//920 2760//920
f 2761//921 2762//921 2763//921
f 2764//922 2765//922 2766//922
f 2767//923 2768//923 2769//923
f 2770//924 2771//924 2772//924
f 2773//925 2774//925 2775//925
f 2776//926 2777//926 2778//926
f 2779//927 2780//927 2781//927
f 2782//928 2783//928 2784//928
f 2785//929 2786//929 2787//929
f 2788//930 2789//930 2790//930
f 2791//931 2792//931 2793//931
f 2794//932 2795//932 2796//932
f 2797//933 2798//933 2799//933
f 2800//934 2801//934 2802//934
f 2803//935 2804//935 2805//935
f 2806//936 2807//936 2808//936
f 2809//937 2810//937 2811//937
f 2812//938 2813//938 2814//938
f 2815//939 2816//939 2817//939
f 2818//940 2819//940 2820//940
f 2821//941 2822//941 2823//941
f 2824//942 2825//942 2826//942
f 2827//943 2828//943 2829//943
f 2830//944 2831//944 2832//944
f 2833//945 2834//945 2835//945
f 2836//946 2837//946 2838//946
f 2839//947 2840//947 2841//947
f 2842//948 2843//948 2844//948
f 2845//949 2846//949 2847//949
f 2848//950 2849//950 2850//950
f 2851//951 2852//951 2853//951
f 2854//952 2855//952 2856//952
f 2857//953 2858//953 2859//953
f 2860//954 2861//954 2862//954
f 2863//955 2864//955 2865//955
f 2866//956 2867//956 2868//956
f 2869//957 2870//957 2871//957
f 2872//958 2873//958 2874//958
f 2875//959 2876//959 2877//959
f 2878//960 2879//960 2880//960
f 2881//961 2882//961 2883//961
f 2884//962 2885//962 2886//962
f 2887//963 2888//963 2889//963
f 2890//964 2891//964 2892//964
f 2893//965 2894//965 2895//965
f 2896//966 2897//966 2898//966
f 2899//967 2900//967 2901//967
