v 17.0 0 1.3333
v 17.0 0 2.5556
v 18.2286 0.1798 2.5556
v 17.0 0 1.3333
v 18.2286 0.1798 2.5556
v 18.2286 0 1.3333
v 17.0 0 2.5556
v 17.0 0 3.7778
v 18.2286 0.5271 3.7778
v 17.0 0 2.5556
v 18.2286 0.5271 3.7778
v 18.2286 0.1798 2.5556
v 17.0 0 3.7778
v 17.0 0 5.0
v 18.2286 0.6908 5.0
v 17.0 0 3.7778
v 18.2286 0.6908 5.0
v 18.2286 0.5271 3.7778
v 17.0 0 5.0
v 17.0 0 6.2222
v 18.2286 0.7389 6.2222
v 17.0 0 5.0
v 18.2286 0.7389 6.2222
v 18.2286 0.6908 5.0
v 17.0 0 6.2222
v 17.0 0 7.4444
v 18.2286 0.6711 7.4444
v 17.0 0 6.2222
v 18.2286 0.6711 7.4444
v 18.2286 0.7389 6.2222
v 17.0 0 7.4444
v 17.0 0 8.6667
v 18.2286 0.461 8.6667
v 17.0 0 7.4444
v 18.2286 0.461 8.6667
v 18.2286 0.6711 7.4444
v 17.0 0 8.6667
v 18.2286 0 9.8889
v 18.2286 0.461 8.6667
v 18.2286 0 0.1111
v 18.2286 0 1.3333
v 19.4571 0.3237 1.3333
v 18.2286 0 0.1111
v 19.4571 0.3237 1.3333
v 19.4571 0 0.1111
v 18.2286 0 1.3333
v 18.2286 0.1798 2.5556
v 19.4571 0.7375 2.5556
v 18.2286 0 1.3333
v 19.4571 0.7375 2.5556
v 19.4571 0.3237 1.3333
v 18.2286 0.1798 2.5556
v 18.2286 0.5271 3.7778
v 19.4571 0.9821 3.7778
v 18.2286 0.1798 2.5556
v 19.4571 0.9821 3.7778
v 19.4571 0.7375 2.5556
v 18.2286 0.5271 3.7778
v 18.2286 0.6908 5.0
v 19.4571 1.1172 5.0
v 18.2286 0.5271 3.7778
v 19.4571 1.1172 5.0
v 19.4571 0.9821 3.7778
v 18.2286 0.6908 5.0
v 18.2286 0.7389 6.2222
v 19.4571 1.1507 6.2222
v 18.2286 0.6908 5.0
v 19.4571 1.1507 6.2222
v 19.4571 1.1172 5.0
v 18.2286 0.7389 6.2222
v 18.2286 0.6711 7.4444
v 19.4571 1.0828 7.4444
v 18.2286 0.7389 6.2222
v 19.4571 1.0828 7.4444
v 19.4571 1.1507 6.2222
v 18.2286 0.6711 7.4444
v 18.2286 0.461 8.6667
v 19.4571 0.9108 8.6667
v 18.2286 0.6711 7.4444
v 19.4571 0.9108 8.6667
v 19.4571 1.0828 7.4444
v 18.2286 0.461 8.6667
v 18.2286 0 9.8889
v 19.4571 0.6178 9.8889
v 18.2286 0.461 8.6667
v 19.4571 0.6178 9.8889
v 19.4571 0.9108 8.6667
v 18.2286 0 9.8889
v 19.4571 0 11.1111
v 19.4571 0.6178 9.8889
v 19.4571 0 -1.1111
v 19.4571 0 0.1111
v 20.6857 0.2271 0.1111
v 19.4571 0 -1.1111
v 20.6857 0.2271 0.1111
v 20.6857 0 -1.1111
v 19.4571 0 0.1111
v 19.4571 0.3237 1.3333
v 20.6857 0.7894 1.3333
v 19.4571 0 0.1111
v 20.6857 0.7894 1.3333
v 20.6857 0.2271 0.1111
v 19.4571 0.3237 1.3333
v 19.4571 0.7375 2.5556
v 20.6857 1.1199 2.5556
v 19.4571 0.3237 1.3333
v 20.6857 1.1199 2.5556
v 20.6857 0.7894 1.3333
v 19.4571 0.7375 2.5556
v 19.4571 0.9821 3.7778
v 20.6857 1.3295 3.7778
v 19.4571 0.7375 2.5556
v 20.6857 1.3295 3.7778
v 20.6857 1.1199 2.5556
v 19.4571 0.9821 3.7778
v 19.4571 1.1172 5.0
v 20.6857 1.4347 5.0
v 19.4571 0.9821 3.7778
v 20.6857 1.4347 5.0
v 20.6857 1.3295 3.7778
v 19.4571 1.1172 5.0
v 19.4571 1.1507 6.2222
v 20.6857 1.4424 6.2222
v 19.4571 1.1172 5.0
v 20.6857 1.4424 6.2222
v 20.6857 1.4347 5.0
v 19.4571 1.1507 6.2222
v 19.4571 1.0828 7.4444
v 20.6857 1.3598 7.4444
v 19.4571 1.1507 6.2222
v 20.6857 1.3598 7.4444
v 20.6857 1.4424 6.2222
v 19.4571 1.0828 7.4444
v 19.4571 0.9108 8.6667
v 20.6857 1.1946 8.6667
v 19.4571 1.0828 7.4444
v 20.6857 1.1946 8.6667
v 20.6857 1.3598 7.4444
v 19.4571 0.9108 8.6667
v 19.4571 0.6178 9.8889
v 20.6857 0.9468 9.8889
v 19.4571 0.9108 8.6667
v 20.6857 0.9468 9.8889
v 20.6857 1.1946 8.6667
v 19.4571 0.6178 9.8889
v 19.4571 0 11.1111
v 20.6857 0.5865 11.1111
v 19.4571 0.6178 9.8889
v 20.6857 0.5865 11.1111
v 20.6857 0.9468 9.8889
v 19.4571 0 11.1111
v 20.6857 0 12.3333
v 20.6857 0.5865 11.1111
v 20.6857 0 -1.1111
v 20.6857 0.2271 0.1111
v 21.9143 0.6897 0.1111
v 20.6857 0 -1.1111
v 21.9143 0.6897 0.1111
v 21.9143 0 -1.1111
v 20.6857 0.2271 0.1111
v 20.6857 0.7894 1.3333
v 21.9143 1.1252 1.3333
v 20.6857 0.2271 0.1111
v 21.9143 1.1252 1.3333
v 21.9143 0.6897 0.1111
v 20.6857 0.7894 1.3333
v 20.6857 1.1199 2.5556
v 21.9143 1.41 2.5556
v 20.6857 0.7894 1.3333
v 21.9143 1.41 2.5556
v 21.9143 1.1252 1.3333
v 20.6857 1.1199 2.5556
v 20.6857 1.3295 3.7778
v 21.9143 1.581 3.7778
v 20.6857 1.1199 2.5556
v 21.9143 1.581 3.7778
v 21.9143 1.41 2.5556
v 20.6857 1.3295 3.7778
v 20.6857 1.4347 5.0
v 21.9143 1.6526 5.0
v 20.6857 1.3295 3.7778
v 21.9143 1.6526 5.0
v 21.9143 1.581 3.7778
v 20.6857 1.4347 5.0
v 20.6857 1.4424 6.2222
v 21.9143 1.6376 6.2222
v 20.6857 1.4347 5.0
v 21.9143 1.6376 6.2222
v 21.9143 1.6526 5.0
v 20.6857 1.4424 6.2222
v 20.6857 1.3598 7.4444
v 21.9143 1.5492 7.4444
v 20.6857 1.4424 6.2222
v 21.9143 1.5492 7.4444
v 21.9143 1.6376 6.2222
v 20.6857 1.3598 7.4444
v 20.6857 1.1946 8.6667
v 21.9143 1.398 8.6667
v 20.6857 1.3598 7.4444
v 21.9143 1.398 8.6667
v 21.9143 1.5492 7.4444
v 20.6857 1.1946 8.6667
v 20.6857 0.9468 9.8889
v 21.9143 1.1851 9.8889
v 20.6857 1.1946 8.6667
v 21.9143 1.1851 9.8889
v 21.9143 1.398 8.6667
v 20.6857 0.9468 9.8889
v 20.6857 0.5865 11.1111
v 21.9143 0.8906 11.1111
v 20.6857 0.9468 9.8889
v 21.9143 0.8906 11.1111
v 21.9143 1.1851 9.8889
v 20.6857 0.5865 11.1111
v 20.6857 0 12.3333
v 21.9143 0.4305 12.3333
v 20.6857 0.5865 11.1111
v 21.9143 0.4305 12.3333
v 21.9143 0.8906 11.1111
v 20.6857 0 12.3333
v 21.9143 0.0 13.5556
v 21.9143 0.4305 12.3333
v 21.9143 0 -2.3333
v 21.9143 0 -1.1111
v 23.1429 0.3835 -1.1111
v 21.9143 0 -2.3333
v 23.1429 0.3835 -1.1111
v 23.1429 0 -2.3333
v 21.9143 0 -1.1111
v 21.9143 0.6897 0.1111
v 23.1429 0.9946 0.1111
v 21.9143 0 -1.1111
v 23.1429 0.9946 0.1111
v 23.1429 0.3835 -1.1111
v 21.9143 0.6897 0.1111
v 21.9143 1.1252 1.3333
v 23.1429 1.3671 1.3333
v 21.9143 0.6897 0.1111
v 23.1429 1.3671 1.3333
v 23.1429 0.9946 0.1111
v 21.9143 1.1252 1.3333
v 21.9143 1.41 2.5556
v 23.1429 1.6067 2.5556
v 21.9143 1.1252 1.3333
v 23.1429 1.6067 2.5556
v 23.1429 1.3671 1.3333
v 21.9143 1.41 2.5556
v 21.9143 1.581 3.7778
v 23.1429 1.7424 3.7778
v 21.9143 1.41 2.5556
v 23.1429 1.7424 3.7778
v 23.1429 1.6067 2.5556
v 21.9143 1.581 3.7778
v 21.9143 1.6526 5.0
v 23.1429 1.7932 5.0
v 21.9143 1.581 3.7778
v 23.1429 1.7932 5.0
v 23.1429 1.7424 3.7778
v 21.9143 1.6526 5.0
v 21.9143 1.6376 6.2222
v 23.1429 1.7754 6.2222
v 21.9143 1.6526 5.0
v 23.1429 1.7754 6.2222
v 23.1429 1.7932 5.0
v 21.9143 1.6376 6.2222
v 21.9143 1.5492 7.4444
v 23.1429 1.7022 7.4444
v 21.9143 1.6376 6.2222
v 23.1429 1.7022 7.4444
v 23.1429 1.7754 6.2222
v 21.9143 1.5492 7.4444
v 21.9143 1.398 8.6667
v 23.1429 1.5798 8.6667
v 21.9143 1.5492 7.4444
v 23.1429 1.5798 8.6667
v 23.1429 1.7022 7.4444
v 21.9143 1.398 8.6667
v 21.9143 1.1851 9.8889
v 23.1429 1.4028 9.8889
v 21.9143 1.398 8.6667
v 23.1429 1.4028 9.8889
v 23.1429 1.5798 8.6667
v 21.9143 1.1851 9.8889
v 21.9143 0.8906 11.1111
v 23.1429 1.1491 11.1111
v 21.9143 1.1851 9.8889
v 23.1429 1.1491 11.1111
v 23.1429 1.4028 9.8889
v 21.9143 0.8906 11.1111
v 21.9143 0.4305 12.3333
v 23.1429 0.7643 12.3333
v 21.9143 0.8906 11.1111
v 23.1429 0.7643 12.3333
v 23.1429 1.1491 11.1111
v 21.9143 0.4305 12.3333
v 21.9143 0.0 13.5556
v 23.1429 0.0 13.5556
v 21.9143 0.4305 12.3333
v 23.1429 0.0 13.5556
v 23.1429 0.7643 12.3333
v 23.1429 0 -2.3333
v 23.1429 0.3835 -1.1111
v 24.3714 0.6997 -1.1111
v 23.1429 0 -2.3333
v 24.3714 0.6997 -1.1111
v 24.3714 0 -2.3333
v 23.1429 0.3835 -1.1111
v 23.1429 0.9946 0.1111
v 24.3714 1.1998 0.1111
v 23.1429 0.3835 -1.1111
v 24.3714 1.1998 0.1111
v 24.3714 0.6997 -1.1111
v 23.1429 0.9946 0.1111
v 23.1429 1.3671 1.3333
v 24.3714 1.5196 1.3333
v 23.1429 0.9946 0.1111
v 24.3714 1.5196 1.3333
v 24.3714 1.1998 0.1111
v 23.1429 1.3671 1.3333
v 23.1429 1.6067 2.5556
v 24.3714 1.7246 2.5556
v 23.1429 1.3671 1.3333
v 24.3714 1.7246 2.5556
v 24.3714 1.5196 1.3333
v 23.1429 1.6067 2.5556
v 23.1429 1.7424 3.7778
v 24.3714 1.8452 3.7778
v 23.1429 1.6067 2.5556
v 24.3714 1.8452 3.7778
v 24.3714 1.7246 2.5556
v 23.1429 1.7424 3.7778
v 23.1429 1.7932 5.0
v 24.3714 1.9016 5.0
v 23.1429 1.7424 3.7778
v 24.3714 1.9016 5.0
v 24.3714 1.8452 3.7778
v 23.1429 1.7932 5.0
v 23.1429 1.7754 6.2222
v 24.3714 1.9069 6.2222
v 23.1429 1.7932 5.0
v 24.3714 1.9069 6.2222
v 24.3714 1.9016 5.0
v 23.1429 1.7754 6.2222
v 23.1429 1.7022 7.4444
v 24.3714 1.8665 7.4444
v 23.1429 1.7754 6.2222
v 24.3714 1.8665 7.4444
v 24.3714 1.9069 6.2222
v 23.1429 1.7022 7.4444
v 23.1429 1.5798 8.6667
v 24.3714 1.7773 8.6667
v 23.1429 1.7022 7.4444
v 24.3714 1.7773 8.6667
v 24.3714 1.8665 7.4444
v 23.1429 1.5798 8.6667
v 23.1429 1.4028 9.8889
v 24.3714 1.6267 9.8889
v 23.1429 1.5798 8.6667
v 24.3714 1.6267 9.8889
v 24.3714 1.7773 8.6667
v 23.1429 1.4028 9.8889
v 23.1429 1.1491 11.1111
v 24.3714 1.3911 11.1111
v 23.1429 1.4028 9.8889
v 24.3714 1.3911 11.1111
v 24.3714 1.6267 9.8889
v 23.1429 1.1491 11.1111
v 23.1429 0.7643 12.3333
v 24.3714 1.0301 12.3333
v 23.1429 1.1491 11.1111
v 24.3714 1.0301 12.3333
v 24.3714 1.3911 11.1111
v 23.1429 0.7643 12.3333
v 23.1429 0.0 13.5556
v 24.3714 0.365 13.5556
v 23.1429 0.7643 12.3333
v 24.3714 0.365 13.5556
v 24.3714 1.0301 12.3333
v 23.1429 0.0 13.5556
v 24.3714 0.0 14.7778
v 24.3714 0.365 13.5556
v 24.3714 0 -2.3333
v 24.3714 0.6997 -1.1111
v 25.6 0.8912 -1.1111
v 24.3714 0 -2.3333
v 25.6 0.8912 -1.1111
v 25.6 0 -2.3333
v 24.3714 0.6997 -1.1111
v 24.3714 1.1998 0.1111
v 25.6 1.3217 0.1111
v 24.3714 0.6997 -1.1111
v 25.6 1.3217 0.1111
v 25.6 0.8912 -1.1111
v 24.3714 1.1998 0.1111
v 24.3714 1.5196 1.3333
v 25.6 1.607 1.3333
v 24.3714 1.1998 0.1111
v 25.6 1.607 1.3333
v 25.6 1.3217 0.1111
v 24.3714 1.5196 1.3333
v 24.3714 1.7246 2.5556
v 25.6 1.8029 2.5556
v 24.3714 1.5196 1.3333
v 25.6 1.8029 2.5556
v 25.6 1.607 1.3333
v 24.3714 1.7246 2.5556
v 24.3714 1.8452 3.7778
v 25.6 1.9377 3.7778
v 24.3714 1.7246 2.5556
v 25.6 1.9377 3.7778
v 25.6 1.8029 2.5556
v 24.3714 1.8452 3.7778
v 24.3714 1.9016 5.0
v 25.6 2.0258 5.0
v 24.3714 1.8452 3.7778
v 25.6 2.0258 5.0
v 25.6 1.9377 3.7778
v 24.3714 1.9016 5.0
v 24.3714 1.9069 6.2222
v 25.6 2.0692 6.2222
v 24.3714 1.9016 5.0
v 25.6 2.0692 6.2222
v 25.6 2.0258 5.0
v 24.3714 1.9069 6.2222
v 24.3714 1.8665 7.4444
v 25.6 2.0615 7.4444
v 24.3714 1.9069 6.2222
v 25.6 2.0615 7.4444
v 25.6 2.0692 6.2222
v 24.3714 1.8665 7.4444
v 24.3714 1.7773 8.6667
v 25.6 1.9914 8.6667
v 24.3714 1.8665 7.4444
v 25.6 1.9914 8.6667
v 25.6 2.0615 7.4444
v 24.3714 1.7773 8.6667
v 24.3714 1.6267 9.8889
v 25.6 1.8439 9.8889
v 24.3714 1.7773 8.6667
v 25.6 1.8439 9.8889
v 25.6 1.9914 8.6667
v 24.3714 1.6267 9.8889
v 24.3714 1.3911 11.1111
v 25.6 1.6005 11.1111
v 24.3714 1.6267 9.8889
v 25.6 1.6005 11.1111
v 25.6 1.8439 9.8889
v 24.3714 1.3911 11.1111
v 24.3714 1.0301 12.3333
v 25.6 1.2354 12.3333
v 24.3714 1.3911 11.1111
v 25.6 1.2354 12.3333
v 25.6 1.6005 11.1111
v 24.3714 1.0301 12.3333
v 24.3714 0.365 13.5556
v 25.6 0.59 13.5556
v 24.3714 1.0301 12.3333
v 25.6 0.59 13.5556
v 25.6 1.2354 12.3333
v 24.3714 0.365 13.5556
v 24.3714 0.0 14.7778
v 25.6 0.0 14.7778
v 24.3714 0.365 13.5556
v 25.6 0.0 14.7778
v 25.6 0.59 13.5556
v 25.6 0 -3.5556
v 25.6 0 -2.3333
v 26.8286 0.3416 -2.3333
v 25.6 0 -3.5556
v 26.8286 0.3416 -2.3333
v 26.8286 0 -3.5556
v 25.6 0 -2.3333
v 25.6 0.8912 -1.1111
v 26.8286 1.0012 -1.1111
v 25.6 0 -2.3333
v 26.8286 1.0012 -1.1111
v 26.8286 0.3416 -2.3333
v 25.6 0.8912 -1.1111
v 25.6 1.3217 0.1111
v 26.8286 1.3919 0.1111
v 25.6 0.8912 -1.1111
v 26.8286 1.3919 0.1111
v 26.8286 1.0012 -1.1111
v 25.6 1.3217 0.1111
v 25.6 1.607 1.3333
v 26.8286 1.6715 1.3333
v 25.6 1.3217 0.1111
v 26.8286 1.6715 1.3333
v 26.8286 1.3919 0.1111
v 25.6 1.607 1.3333
v 25.6 1.8029 2.5556
v 26.8286 1.8871 2.5556
v 25.6 1.607 1.3333
v 26.8286 1.8871 2.5556
v 26.8286 1.6715 1.3333
v 25.6 1.8029 2.5556
v 25.6 1.9377 3.7778
v 26.8286 2.0587 3.7778
v 25.6 1.8029 2.5556
v 26.8286 2.0587 3.7778
v 26.8286 1.8871 2.5556
v 25.6 1.9377 3.7778
v 25.6 2.0258 5.0
v 26.8286 2.1884 5.0
v 25.6 1.9377 3.7778
v 26.8286 2.1884 5.0
v 26.8286 2.0587 3.7778
v 25.6 2.0258 5.0
v 25.6 2.0692 6.2222
v 26.8286 2.2636 6.2222
v 25.6 2.0258 5.0
v 26.8286 2.2636 6.2222
v 26.8286 2.1884 5.0
v 25.6 2.0692 6.2222
v 25.6 2.0615 7.4444
v 26.8286 2.2675 7.4444
v 25.6 2.0692 6.2222
v 26.8286 2.2675 7.4444
v 26.8286 2.2636 6.2222
v 25.6 2.0615 7.4444
v 25.6 1.9914 8.6667
v 26.8286 2.1879 8.6667
v 25.6 2.0615 7.4444
v 26.8286 2.1879 8.6667
v 26.8286 2.2675 7.4444
v 25.6 1.9914 8.6667
v 25.6 1.8439 9.8889
v 26.8286 2.0164 9.8889
v 25.6 1.9914 8.6667
v 26.8286 2.0164 9.8889
v 26.8286 2.1879 8.6667
v 25.6 1.8439 9.8889
v 25.6 1.6005 11.1111
v 26.8286 1.7457 11.1111
v 25.6 1.8439 9.8889
v 26.8286 1.7457 11.1111
v 26.8286 2.0164 9.8889
v 25.6 1.6005 11.1111
v 25.6 1.2354 12.3333
v 26.8286 1.3656 12.3333
v 25.6 1.6005 11.1111
v 26.8286 1.3656 12.3333
v 26.8286 1.7457 11.1111
v 25.6 1.2354 12.3333
v 25.6 0.59 13.5556
v 26.8286 0.7243 13.5556
v 25.6 1.2354 12.3333
v 26.8286 0.7243 13.5556
v 26.8286 1.3656 12.3333
v 25.6 0.59 13.5556
v 25.6 0.0 14.7778
v 26.8286 0.0 14.7778
v 25.6 0.59 13.5556
v 26.8286 0.0 14.7778
v 26.8286 0.7243 13.5556
v 26.8286 0 -3.5556
v 26.8286 0.3416 -2.3333
v 28.0571 0.4868 -2.3333
v 26.8286 0 -3.5556
v 28.0571 0.4868 -2.3333
v 28.0571 0 -3.5556
v 26.8286 0.3416 -2.3333
v 26.8286 1.0012 -1.1111
v 28.0571 1.0663 -1.1111
v 26.8286 0.3416 -2.3333
v 28.0571 1.0663 -1.1111
v 28.0571 0.4868 -2.3333
v 26.8286 1.0012 -1.1111
v 26.8286 1.3919 0.1111
v 28.0571 1.4497 0.1111
v 26.8286 1.0012 -1.1111
v 28.0571 1.4497 0.1111
v 28.0571 1.0663 -1.1111
v 26.8286 1.3919 0.1111
v 26.8286 1.6715 1.3333
v 28.0571 1.7503 1.3333
v 26.8286 1.3919 0.1111
v 28.0571 1.7503 1.3333
v 28.0571 1.4497 0.1111
v 26.8286 1.6715 1.3333
v 26.8286 1.8871 2.5556
v 28.0571 2.0022 2.5556
v 26.8286 1.6715 1.3333
v 28.0571 2.0022 2.5556
v 28.0571 1.7503 1.3333
v 26.8286 1.8871 2.5556
v 26.8286 2.0587 3.7778
v 28.0571 2.2128 3.7778
v 26.8286 1.8871 2.5556
v 28.0571 2.2128 3.7778
v 28.0571 2.0022 2.5556
v 26.8286 2.0587 3.7778
v 26.8286 2.1884 5.0
v 28.0571 2.3713 5.0
v 26.8286 2.0587 3.7778
v 28.0571 2.3713 5.0
v 28.0571 2.2128 3.7778
v 26.8286 2.1884 5.0
v 26.8286 2.2636 6.2222
v 28.0571 2.453 6.2222
v 26.8286 2.1884 5.0
v 28.0571 2.453 6.2222
v 28.0571 2.3713 5.0
v 26.8286 2.2636 6.2222
v 26.8286 2.2675 7.4444
v 28.0571 2.4364 7.4444
v 26.8286 2.2636 6.2222
v 28.0571 2.4364 7.4444
v 28.0571 2.453 6.2222
v 26.8286 2.2675 7.4444
v 26.8286 2.1879 8.6667
v 28.0571 2.3199 8.6667
v 26.8286 2.2675 7.4444
v 28.0571 2.3199 8.6667
v 28.0571 2.4364 7.4444
v 26.8286 2.1879 8.6667
v 26.8286 2.0164 9.8889
v 28.0571 2.1088 9.8889
v 26.8286 2.1879 8.6667
v 28.0571 2.1088 9.8889
v 28.0571 2.3199 8.6667
v 26.8286 2.0164 9.8889
v 26.8286 1.7457 11.1111
v 28.0571 1.8086 11.1111
v 26.8286 2.0164 9.8889
v 28.0571 1.8086 11.1111
v 28.0571 2.1088 9.8889
v 26.8286 1.7457 11.1111
v 26.8286 1.3656 12.3333
v 28.0571 1.4202 12.3333
v 26.8286 1.7457 11.1111
v 28.0571 1.4202 12.3333
v 28.0571 1.8086 11.1111
v 26.8286 1.3656 12.3333
v 26.8286 0.7243 13.5556
v 28.0571 0.7934 13.5556
v 26.8286 1.3656 12.3333
v 28.0571 0.7934 13.5556
v 28.0571 1.4202 12.3333
v 26.8286 0.7243 13.5556
v 26.8286 0.0 14.7778
v 28.0571 0.0366 14.7778
v 26.8286 0.7243 13.5556
v 28.0571 0.0366 14.7778
v 28.0571 0.7934 13.5556
v 28.0571 0 -3.5556
v 28.0571 0.4868 -2.3333
v 29.2857 0.5627 -2.3333
v 28.0571 0 -3.5556
v 29.2857 0.5627 -2.3333
v 29.2857 0 -3.5556
v 28.0571 0.4868 -2.3333
v 28.0571 1.0663 -1.1111
v 29.2857 1.1191 -1.1111
v 28.0571 0.4868 -2.3333
v 29.2857 1.1191 -1.1111
v 29.2857 0.5627 -2.3333
v 28.0571 1.0663 -1.1111
v 28.0571 1.4497 0.1111
v 29.2857 1.5209 0.1111
v 28.0571 1.0663 -1.1111
v 29.2857 1.5209 0.1111
v 29.2857 1.1191 -1.1111
v 28.0571 1.4497 0.1111
v 28.0571 1.7503 1.3333
v 29.2857 1.8535 1.3333
v 28.0571 1.4497 0.1111
v 29.2857 1.8535 1.3333
v 29.2857 1.5209 0.1111
v 28.0571 1.7503 1.3333
v 28.0571 2.0022 2.5556
v 29.2857 2.1362 2.5556
v 28.0571 1.7503 1.3333
v 29.2857 2.1362 2.5556
v 29.2857 1.8535 1.3333
v 28.0571 2.0022 2.5556
v 28.0571 2.2128 3.7778
v 29.2857 2.3656 3.7778
v 28.0571 2.0022 2.5556
v 29.2857 2.3656 3.7778
v 29.2857 2.1362 2.5556
v 28.0571 2.2128 3.7778
v 28.0571 2.3713 5.0
v 29.2857 2.5245 5.0
v 28.0571 2.2128 3.7778
v 29.2857 2.5245 5.0
v 29.2857 2.3656 3.7778
v 28.0571 2.3713 5.0
v 28.0571 2.453 6.2222
v 29.2857 2.583 6.2222
v 28.0571 2.3713 5.0
v 29.2857 2.583 6.2222
v 29.2857 2.5245 5.0
v 28.0571 2.453 6.2222
v 28.0571 2.4364 7.4444
v 29.2857 2.5207 7.4444
v 28.0571 2.453 6.2222
v 29.2857 2.5207 7.4444
v 29.2857 2.583 6.2222
v 28.0571 2.4364 7.4444
v 28.0571 2.3199 8.6667
v 29.2857 2.3575 8.6667
v 28.0571 2.4364 7.4444
v 29.2857 2.3575 8.6667
v 29.2857 2.5207 7.4444
v 28.0571 2.3199 8.6667
v 28.0571 2.1088 9.8889
v 29.2857 2.1132 9.8889
v 28.0571 2.3199 8.6667
v 29.2857 2.1132 9.8889
v 29.2857 2.3575 8.6667
v 28.0571 2.1088 9.8889
v 28.0571 1.8086 11.1111
v 29.2857 1.8006 11.1111
v 28.0571 2.1088 9.8889
v 29.2857 1.8006 11.1111
v 29.2857 2.1132 9.8889
v 28.0571 1.8086 11.1111
v 28.0571 1.4202 12.3333
v 29.2857 1.4228 12.3333
v 28.0571 1.8086 11.1111
v 29.2857 1.4228 12.3333
v 29.2857 1.8006 11.1111
v 28.0571 1.4202 12.3333
v 28.0571 0.7934 13.5556
v 29.2857 0.8235 13.5556
v 28.0571 1.4202 12.3333
v 29.2857 0.8235 13.5556
v 29.2857 1.4228 12.3333
v 28.0571 0.7934 13.5556
v 28.0571 0.0366 14.7778
v 29.2857 0.131 14.7778
v 28.0571 0.7934 13.5556
v 29.2857 0.131 14.7778
v 29.2857 0.8235 13.5556
v 28.0571 0.0366 14.7778
v 29.2857 0.0 16.0
v 29.2857 0.131 14.7778
v 29.2857 0 -3.5556
v 29.2857 0.5627 -2.3333
v 30.5143 0.6044 -2.3333
v 29.2857 0 -3.5556
v 30.5143 0.6044 -2.3333
v 30.5143 0 -3.5556
v 29.2857 0.5627 -2.3333
v 29.2857 1.1191 -1.1111
v 30.5143 1.1732 -1.1111
v 29.2857 0.5627 -2.3333
v 30.5143 1.1732 -1.1111
v 30.5143 0.6044 -2.3333
v 29.2857 1.1191 -1.1111
v 29.2857 1.5209 0.1111
v 30.5143 1.602 0.1111
v 29.2857 1.1191 -1.1111
v 30.5143 1.602 0.1111
v 30.5143 1.1732 -1.1111
v 29.2857 1.5209 0.1111
v 29.2857 1.8535 1.3333
v 30.5143 1.9566 1.3333
v 29.2857 1.5209 0.1111
v 30.5143 1.9566 1.3333
v 30.5143 1.602 0.1111
v 29.2857 1.8535 1.3333
v 29.2857 2.1362 2.5556
v 30.5143 2.2459 2.5556
v 29.2857 1.8535 1.3333
v 30.5143 2.2459 2.5556
v 30.5143 1.9566 1.3333
v 29.2857 2.1362 2.5556
v 29.2857 2.3656 3.7778
v 30.5143 2.4624 3.7778
v 29.2857 2.1362 2.5556
v 30.5143 2.4624 3.7778
v 30.5143 2.2459 2.5556
v 29.2857 2.3656 3.7778
v 29.2857 2.5245 5.0
v 30.5143 2.5929 5.0
v 29.2857 2.3656 3.7778
v 30.5143 2.5929 5.0
v 30.5143 2.4624 3.7778
v 29.2857 2.5245 5.0
v 29.2857 2.583 6.2222
v 30.5143 2.613 6.2222
v 29.2857 2.5245 5.0
v 30.5143 2.613 6.2222
v 30.5143 2.5929 5.0
v 29.2857 2.583 6.2222
v 29.2857 2.5207 7.4444
v 30.5143 2.5018 7.4444
v 29.2857 2.583 6.2222
v 30.5143 2.5018 7.4444
v 30.5143 2.613 6.2222
v 29.2857 2.5207 7.4444
v 29.2857 2.3575 8.6667
v 30.5143 2.3086 8.6667
v 29.2857 2.5207 7.4444
v 30.5143 2.3086 8.6667
v 30.5143 2.5018 7.4444
v 29.2857 2.3575 8.6667
v 29.2857 2.1132 9.8889
v 30.5143 2.057 9.8889
v 29.2857 2.3575 8.6667
v 30.5143 2.057 9.8889
v 30.5143 2.3086 8.6667
v 29.2857 2.1132 9.8889
v 29.2857 1.8006 11.1111
v 30.5143 1.7585 11.1111
v 29.2857 2.1132 9.8889
v 30.5143 1.7585 11.1111
v 30.5143 2.057 9.8889
v 29.2857 1.8006 11.1111
v 29.2857 1.4228 12.3333
v 30.5143 1.4091 12.3333
v 29.2857 1.8006 11.1111
v 30.5143 1.4091 12.3333
v 30.5143 1.7585 11.1111
v 29.2857 1.4228 12.3333
v 29.2857 0.8235 13.5556
v 30.5143 0.8395 13.5556
v 29.2857 1.4228 12.3333
v 30.5143 0.8395 13.5556
v 30.5143 1.4091 12.3333
v 29.2857 0.8235 13.5556
v 29.2857 0.131 14.7778
v 30.5143 0.1648 14.7778
v 29.2857 0.8235 13.5556
v 30.5143 0.1648 14.7778
v 30.5143 0.8395 13.5556
v 29.2857 0.131 14.7778
v 29.2857 0.0 16.0
v 30.5143 0.0 16.0
v 29.2857 0.131 14.7778
v 30.5143 0.0 16.0
v 30.5143 0.1648 14.7778
v 30.5143 0 -3.5556
v 30.5143 0.6044 -2.3333
v 31.7429 0.6189 -2.3333
v 30.5143 0 -3.5556
v 31.7429 0.6189 -2.3333
v 31.7429 0 -3.5556
v 30.5143 0.6044 -2.3333
v 30.5143 1.1732 -1.1111
v 31.7429 1.2167 -1.1111
v 30.5143 0.6044 -2.3333
v 31.7429 1.2167 -1.1111
v 31.7429 0.6189 -2.3333
v 30.5143 1.1732 -1.1111
v 30.5143 1.602 0.1111
v 31.7429 1.6628 0.1111
v 30.5143 1.1732 -1.1111
v 31.7429 1.6628 0.1111
v 31.7429 1.2167 -1.1111
v 30.5143 1.602 0.1111
v 30.5143 1.9566 1.3333
v 31.7429 2.016 1.3333
v 30.5143 1.602 0.1111
v 31.7429 2.016 1.3333
v 31.7429 1.6628 0.1111
v 30.5143 1.9566 1.3333
v 30.5143 2.2459 2.5556
v 31.7429 2.2833 2.5556
v 30.5143 1.9566 1.3333
v 31.7429 2.2833 2.5556
v 31.7429 2.016 1.3333
v 30.5143 2.2459 2.5556
v 30.5143 2.4624 3.7778
v 31.7429 2.462 3.7778
v 30.5143 2.2459 2.5556
v 31.7429 2.462 3.7778
v 31.7429 2.2833 2.5556
v 30.5143 2.4624 3.7778
v 30.5143 2.5929 5.0
v 31.7429 2.5483 5.0
v 30.5143 2.4624 3.7778
v 31.7429 2.5483 5.0
v 31.7429 2.462 3.7778
v 30.5143 2.5929 5.0
v 30.5143 2.613 6.2222
v 31.7429 2.5307 6.2222
v 30.5143 2.5929 5.0
v 31.7429 2.5307 6.2222
v 31.7429 2.5483 5.0
v 30.5143 2.613 6.2222
v 30.5143 2.5018 7.4444
v 31.7429 2.4034 7.4444
v 30.5143 2.613 6.2222
v 31.7429 2.4034 7.4444
v 31.7429 2.5307 6.2222
v 30.5143 2.5018 7.4444
v 30.5143 2.3086 8.6667
v 31.7429 2.2151 8.6667
v 30.5143 2.5018 7.4444
v 31.7429 2.2151 8.6667
v 31.7429 2.4034 7.4444
v 30.5143 2.3086 8.6667
v 30.5143 2.057 9.8889
v 31.7429 1.9874 9.8889
v 30.5143 2.3086 8.6667
v 31.7429 1.9874 9.8889
v 31.7429 2.2151 8.6667
v 30.5143 2.057 9.8889
v 30.5143 1.7585 11.1111
v 31.7429 1.7228 11.1111
v 30.5143 2.057 9.8889
v 31.7429 1.7228 11.1111
v 31.7429 1.9874 9.8889
v 30.5143 1.7585 11.1111
v 30.5143 1.4091 12.3333
v 31.7429 1.4054 12.3333
v 30.5143 1.7585 11.1111
v 31.7429 1.4054 12.3333
v 31.7429 1.7228 11.1111
v 30.5143 1.4091 12.3333
v 30.5143 0.8395 13.5556
v 31.7429 0.8517 13.5556
v 30.5143 1.4091 12.3333
v 31.7429 0.8517 13.5556
v 31.7429 1.4054 12.3333
v 30.5143 0.8395 13.5556
v 30.5143 0.1648 14.7778
v 31.7429 0.1664 14.7778
v 30.5143 0.8395 13.5556
v 31.7429 0.1664 14.7778
v 31.7429 0.8517 13.5556
v 30.5143 0.1648 14.7778
v 30.5143 0.0 16.0
v 31.7429 0.0 16.0
v 30.5143 0.1648 14.7778
v 31.7429 0.0 16.0
v 31.7429 0.1664 14.7778
v 31.7429 0 -3.5556
v 31.7429 0.6189 -2.3333
v 32.9714 0.5916 -2.3333
v 31.7429 0 -3.5556
v 32.9714 0.5916 -2.3333
v 32.9714 0 -3.5556
v 31.7429 0.6189 -2.3333
v 31.7429 1.2167 -1.1111
v 32.9714 1.221 -1.1111
v 31.7429 0.6189 -2.3333
v 32.9714 1.221 -1.1111
v 32.9714 0.5916 -2.3333
v 31.7429 1.2167 -1.1111
v 31.7429 1.6628 0.1111
v 32.9714 1.6661 0.1111
v 31.7429 1.2167 -1.1111
v 32.9714 1.6661 0.1111
v 32.9714 1.221 -1.1111
v 31.7429 1.6628 0.1111
v 31.7429 2.016 1.3333
v 32.9714 1.9959 1.3333
v 31.7429 1.6628 0.1111
v 32.9714 1.9959 1.3333
v 32.9714 1.6661 0.1111
v 31.7429 2.016 1.3333
v 31.7429 2.2833 2.5556
v 32.9714 2.2255 2.5556
v 31.7429 2.016 1.3333
v 32.9714 2.2255 2.5556
v 32.9714 1.9959 1.3333
v 31.7429 2.2833 2.5556
v 31.7429 2.462 3.7778
v 32.9714 2.363 3.7778
v 31.7429 2.2833 2.5556
v 32.9714 2.363 3.7778
v 32.9714 2.2255 2.5556
v 31.7429 2.462 3.7778
v 31.7429 2.5483 5.0
v 32.9714 2.4154 5.0
v 31.7429 2.462 3.7778
v 32.9714 2.4154 5.0
v 32.9714 2.363 3.7778
v 31.7429 2.5483 5.0
v 31.7429 2.5307 6.2222
v 32.9714 2.3849 6.2222
v 31.7429 2.5483 5.0
v 32.9714 2.3849 6.2222
v 32.9714 2.4154 5.0
v 31.7429 2.5307 6.2222
v 31.7429 2.4034 7.4444
v 32.9714 2.2802 7.4444
v 31.7429 2.5307 6.2222
v 32.9714 2.2802 7.4444
v 32.9714 2.3849 6.2222
v 31.7429 2.4034 7.4444
v 31.7429 2.2151 8.6667
v 32.9714 2.1287 8.6667
v 31.7429 2.4034 7.4444
v 32.9714 2.1287 8.6667
v 32.9714 2.2802 7.4444
v 31.7429 2.2151 8.6667
v 31.7429 1.9874 9.8889
v 32.9714 1.9422 9.8889
v 31.7429 2.2151 8.6667
v 32.9714 1.9422 9.8889
v 32.9714 2.1287 8.6667
v 31.7429 1.9874 9.8889
v 31.7429 1.7228 11.1111
v 32.9714 1.712 11.1111
v 31.7429 1.9874 9.8889
v 32.9714 1.712 11.1111
v 32.9714 1.9422 9.8889
v 31.7429 1.7228 11.1111
v 31.7429 1.4054 12.3333
v 32.9714 1.4117 12.3333
v 31.7429 1.7228 11.1111
v 32.9714 1.4117 12.3333
v 32.9714 1.712 11.1111
v 31.7429 1.4054 12.3333
v 31.7429 0.8517 13.5556
v 32.9714 0.8501 13.5556
v 31.7429 1.4054 12.3333
v 32.9714 0.8501 13.5556
v 32.9714 1.4117 12.3333
v 31.7429 0.8517 13.5556
v 31.7429 0.1664 14.7778
v 32.9714 0.1281 14.7778
v 31.7429 0.8517 13.5556
v 32.9714 0.1281 14.7778
v 32.9714 0.8501 13.5556
v 31.7429 0.1664 14.7778
v 31.7429 0.0 16.0
v 32.9714 0.0 16.0
v 31.7429 0.1664 14.7778
v 32.9714 0.0 16.0
v 32.9714 0.1281 14.7778
v 32.9714 0 -3.5556
v 32.9714 0.5916 -2.3333
v 34.2 0.4976 -2.3333
v 32.9714 0 -3.5556
v 34.2 0.4976 -2.3333
v 34.2 0 -3.5556
v 32.9714 0.5916 -2.3333
v 32.9714 1.221 -1.1111
v 34.2 1.16 -1.1111
v 32.9714 0.5916 -2.3333
v 34.2 1.16 -1.1111
v 34.2 0.4976 -2.3333
v 32.9714 1.221 -1.1111
v 32.9714 1.6661 0.1111
v 34.2 1.5911 0.1111
v 32.9714 1.221 -1.1111
v 34.2 1.5911 0.1111
v 34.2 1.16 -1.1111
v 32.9714 1.6661 0.1111
v 32.9714 1.9959 1.3333
v 34.2 1.8906 1.3333
v 32.9714 1.6661 0.1111
v 34.2 1.8906 1.3333
v 34.2 1.5911 0.1111
v 32.9714 1.9959 1.3333
v 32.9714 2.2255 2.5556
v 34.2 2.0886 2.5556
v 32.9714 1.9959 1.3333
v 34.2 2.0886 2.5556
v 34.2 1.8906 1.3333
v 32.9714 2.2255 2.5556
v 32.9714 2.363 3.7778
v 34.2 2.2047 3.7778
v 32.9714 2.2255 2.5556
v 34.2 2.2047 3.7778
v 34.2 2.0886 2.5556
v 32.9714 2.363 3.7778
v 32.9714 2.4154 5.0
v 34.2 2.254 5.0
v 32.9714 2.363 3.7778
v 34.2 2.254 5.0
v 34.2 2.2047 3.7778
v 32.9714 2.4154 5.0
v 32.9714 2.3849 6.2222
v 34.2 2.2446 6.2222
v 32.9714 2.4154 5.0
v 34.2 2.2446 6.2222
v 34.2 2.254 5.0
v 32.9714 2.3849 6.2222
v 32.9714 2.2802 7.4444
v 34.2 2.1834 7.4444
v 32.9714 2.3849 6.2222
v 34.2 2.1834 7.4444
v 34.2 2.2446 6.2222
v 32.9714 2.2802 7.4444
v 32.9714 2.1287 8.6667
v 34.2 2.0784 8.6667
v 32.9714 2.2802 7.4444
v 34.2 2.0784 8.6667
v 34.2 2.1834 7.4444
v 32.9714 2.1287 8.6667
v 32.9714 1.9422 9.8889
v 34.2 1.9268 9.8889
v 32.9714 2.1287 8.6667
v 34.2 1.9268 9.8889
v 34.2 2.0784 8.6667
v 32.9714 1.9422 9.8889
v 32.9714 1.712 11.1111
v 34.2 1.7114 11.1111
v 32.9714 1.9422 9.8889
v 34.2 1.7114 11.1111
v 34.2 1.9268 9.8889
v 32.9714 1.712 11.1111
v 32.9714 1.4117 12.3333
v 34.2 1.4017 12.3333
v 32.9714 1.712 11.1111
v 34.2 1.4017 12.3333
v 34.2 1.7114 11.1111
v 32.9714 1.4117 12.3333
v 32.9714 0.8501 13.5556
v 34.2 0.8115 13.5556
v 32.9714 1.4117 12.3333
v 34.2 0.8115 13.5556
v 34.2 1.4017 12.3333
v 32.9714 0.8501 13.5556
v 32.9714 0.1281 14.7778
v 34.2 0.0 14.7778
v 32.9714 0.8501 13.5556
v 34.2 0.0 14.7778
v 34.2 0.8115 13.5556
v 32.9714 0.1281 14.7778
v 32.9714 0.0 16.0
v 34.2 0.0 16.0
v 32.9714 0.1281 14.7778
v 34.2 0.0 16.0
v 34.2 0.0 14.7778
v 34.2 0 -3.5556
v 34.2 0.4976 -2.3333
v 35.4286 0.3049 -2.3333
v 34.2 0 -3.5556
v 35.4286 0.3049 -2.3333
v 35.4286 0 -3.5556
v 34.2 0.4976 -2.3333
v 34.2 1.16 -1.1111
v 35.4286 1.0267 -1.1111
v 34.2 0.4976 -2.3333
v 35.4286 1.0267 -1.1111
v 35.4286 0.3049 -2.3333
v 34.2 1.16 -1.1111
v 34.2 1.5911 0.1111
v 35.4286 1.4456 0.1111
v 34.2 1.16 -1.1111
v 35.4286 1.4456 0.1111
v 35.4286 1.0267 -1.1111
v 34.2 1.5911 0.1111
v 34.2 1.8906 1.3333
v 35.4286 1.7271 1.3333
v 34.2 1.5911 0.1111
v 35.4286 1.7271 1.3333
v 35.4286 1.4456 0.1111
v 34.2 1.8906 1.3333
v 34.2 2.0886 2.5556
v 35.4286 1.9168 2.5556
v 34.2 1.8906 1.3333
v 35.4286 1.9168 2.5556
v 35.4286 1.7271 1.3333
v 34.2 2.0886 2.5556
v 34.2 2.2047 3.7778
v 35.4286 2.0415 3.7778
v 34.2 2.0886 2.5556
v 35.4286 2.0415 3.7778
v 35.4286 1.9168 2.5556
v 34.2 2.2047 3.7778
v 34.2 2.254 5.0
v 35.4286 2.1165 5.0
v 34.2 2.2047 3.7778
v 35.4286 2.1165 5.0
v 35.4286 2.0415 3.7778
v 34.2 2.254 5.0
v 34.2 2.2446 6.2222
v 35.4286 2.1462 6.2222
v 34.2 2.254 5.0
v 35.4286 2.1462 6.2222
v 35.4286 2.1165 5.0
v 34.2 2.2446 6.2222
v 34.2 2.1834 7.4444
v 35.4286 2.1275 7.4444
v 34.2 2.2446 6.2222
v 35.4286 2.1275 7.4444
v 35.4286 2.1462 6.2222
v 34.2 2.1834 7.4444
v 34.2 2.0784 8.6667
v 35.4286 2.0535 8.6667
v 34.2 2.1834 7.4444
v 35.4286 2.0535 8.6667
v 35.4286 2.1275 7.4444
v 34.2 2.0784 8.6667
v 34.2 1.9268 9.8889
v 35.4286 1.9116 9.8889
v 34.2 2.0784 8.6667
v 35.4286 1.9116 9.8889
v 35.4286 2.0535 8.6667
v 34.2 1.9268 9.8889
v 34.2 1.7114 11.1111
v 35.4286 1.6825 11.1111
v 34.2 1.9268 9.8889
v 35.4286 1.6825 11.1111
v 35.4286 1.9116 9.8889
v 34.2 1.7114 11.1111
v 34.2 1.4017 12.3333
v 35.4286 1.3396 12.3333
v 34.2 1.7114 11.1111
v 35.4286 1.3396 12.3333
v 35.4286 1.6825 11.1111
v 34.2 1.4017 12.3333
v 34.2 0.8115 13.5556
v 35.4286 0.7137 13.5556
v 34.2 1.4017 12.3333
v 35.4286 0.7137 13.5556
v 35.4286 1.3396 12.3333
v 34.2 0.8115 13.5556
v 34.2 0.0 14.7778
v 35.4286 0.0 14.7778
v 34.2 0.8115 13.5556
v 35.4286 0.0 14.7778
v 35.4286 0.7137 13.5556
v 35.4286 0 -3.5556
v 35.4286 0.3049 -2.3333
v 36.6571 0 -2.3333
v 35.4286 0.3049 -2.3333
v 35.4286 1.0267 -1.1111
v 36.6571 0.8329 -1.1111
v 35.4286 0.3049 -2.3333
v 36.6571 0.8329 -1.1111
v 36.6571 0 -2.3333
v 35.4286 1.0267 -1.1111
v 35.4286 1.4456 0.1111
v 36.6571 1.2588 0.1111
v 35.4286 1.0267 -1.1111
v 36.6571 1.2588 0.1111
v 36.6571 0.8329 -1.1111
v 35.4286 1.4456 0.1111
v 35.4286 1.7271 1.3333
v 36.6571 1.5462 1.3333
v 35.4286 1.4456 0.1111
v 36.6571 1.5462 1.3333
v 36.6571 1.2588 0.1111
v 35.4286 1.7271 1.3333
v 35.4286 1.9168 2.5556
v 36.6571 1.7542 2.5556
v 35.4286 1.7271 1.3333
v 36.6571 1.7542 2.5556
v 36.6571 1.5462 1.3333
v 35.4286 1.9168 2.5556
v 35.4286 2.0415 3.7778
v 36.6571 1.9093 3.7778
v 35.4286 1.9168 2.5556
v 36.6571 1.9093 3.7778
v 36.6571 1.7542 2.5556
v 35.4286 2.0415 3.7778
v 35.4286 2.1165 5.0
v 36.6571 2.0204 5.0
v 35.4286 2.0415 3.7778
v 36.6571 2.0204 5.0
v 36.6571 1.9093 3.7778
v 35.4286 2.1165 5.0
v 35.4286 2.1462 6.2222
v 36.6571 2.0829 6.2222
v 35.4286 2.1165 5.0
v 36.6571 2.0829 6.2222
v 36.6571 2.0204 5.0
v 35.4286 2.1462 6.2222
v 35.4286 2.1275 7.4444
v 36.6571 2.0847 7.4444
v 35.4286 2.1462 6.2222
v 36.6571 2.0847 7.4444
v 36.6571 2.0829 6.2222
v 35.4286 2.1275 7.4444
v 35.4286 2.0535 8.6667
v 36.6571 2.0118 8.6667
v 35.4286 2.1275 7.4444
v 36.6571 2.0118 8.6667
v 36.6571 2.0847 7.4444
v 35.4286 2.0535 8.6667
v 35.4286 1.9116 9.8889
v 36.6571 1.8505 9.8889
v 35.4286 2.0535 8.6667
v 36.6571 1.8505 9.8889
v 36.6571 2.0118 8.6667
v 35.4286 1.9116 9.8889
v 35.4286 1.6825 11.1111
v 36.6571 1.5869 11.1111
v 35.4286 1.9116 9.8889
v 36.6571 1.5869 11.1111
v 36.6571 1.8505 9.8889
v 35.4286 1.6825 11.1111
v 35.4286 1.3396 12.3333
v 36.6571 1.2016 12.3333
v 35.4286 1.6825 11.1111
v 36.6571 1.2016 12.3333
v 36.6571 1.5869 11.1111
v 35.4286 1.3396 12.3333
v 35.4286 0.7137 13.5556
v 36.6571 0.5453 13.5556
v 35.4286 1.3396 12.3333
v 36.6571 0.5453 13.5556
v 36.6571 1.2016 12.3333
v 35.4286 0.7137 13.5556
v 35.4286 0.0 14.7778
v 36.6571 0.0 14.7778
v 35.4286 0.7137 13.5556
v 36.6571 0.0 14.7778
v 36.6571 0.5453 13.5556
v 36.6571 0 -2.3333
v 36.6571 0.8329 -1.1111
v 37.8857 0.5908 -1.1111
v 36.6571 0 -2.3333
v 37.8857 0.5908 -1.1111
v 37.8857 0 -2.3333
v 36.6571 0.8329 -1.1111
v 36.6571 1.2588 0.1111
v 37.8857 1.0581 0.1111
v 36.6571 0.8329 -1.1111
v 37.8857 1.0581 0.1111
v 37.8857 0.5908 -1.1111
v 36.6571 1.2588 0.1111
v 36.6571 1.5462 1.3333
v 37.8857 1.3755 1.3333
v 36.6571 1.2588 0.1111
v 37.8857 1.3755 1.3333
v 37.8857 1.0581 0.1111
v 36.6571 1.5462 1.3333
v 36.6571 1.7542 2.5556
v 37.8857 1.6176 2.5556
v 36.6571 1.5462 1.3333
v 37.8857 1.6176 2.5556
v 37.8857 1.3755 1.3333
v 36.6571 1.7542 2.5556
v 36.6571 1.9093 3.7778
v 37.8857 1.8061 3.7778
v 36.6571 1.7542 2.5556
v 37.8857 1.8061 3.7778
v 37.8857 1.6176 2.5556
v 36.6571 1.9093 3.7778
v 36.6571 2.0204 5.0
v 37.8857 1.9416 5.0
v 36.6571 1.9093 3.7778
v 37.8857 1.9416 5.0
v 37.8857 1.8061 3.7778
v 36.6571 2.0204 5.0
v 36.6571 2.0829 6.2222
v 37.8857 2.0129 6.2222
v 36.6571 2.0204 5.0
v 37.8857 2.0129 6.2222
v 37.8857 1.9416 5.0
v 36.6571 2.0829 6.2222
v 36.6571 2.0847 7.4444
v 37.8857 2.0053 7.4444
v 36.6571 2.0829 6.2222
v 37.8857 2.0053 7.4444
v 37.8857 2.0129 6.2222
v 36.6571 2.0847 7.4444
v 36.6571 2.0118 8.6667
v 37.8857 1.9066 8.6667
v 36.6571 2.0847 7.4444
v 37.8857 1.9066 8.6667
v 37.8857 2.0053 7.4444
v 36.6571 2.0118 8.6667
v 36.6571 1.8505 9.8889
v 37.8857 1.7096 9.8889
v 36.6571 2.0118 8.6667
v 37.8857 1.7096 9.8889
v 37.8857 1.9066 8.6667
v 36.6571 1.8505 9.8889
v 36.6571 1.5869 11.1111
v 37.8857 1.4086 11.1111
v 36.6571 1.8505 9.8889
v 37.8857 1.4086 11.1111
v 37.8857 1.7096 9.8889
v 36.6571 1.5869 11.1111
v 36.6571 1.2016 12.3333
v 37.8857 0.9871 12.3333
v 36.6571 1.5869 11.1111
v 37.8857 0.9871 12.3333
v 37.8857 1.4086 11.1111
v 36.6571 1.2016 12.3333
v 36.6571 0.5453 13.5556
v 37.8857 0.2913 13.5556
v 36.6571 1.2016 12.3333
v 37.8857 0.2913 13.5556
v 37.8857 0.9871 12.3333
v 36.6571 0.5453 13.5556
v 36.6571 0.0 14.7778
v 37.8857 0.0 14.7778
v 36.6571 0.5453 13.5556
v 37.8857 0.0 14.7778
v 37.8857 0.2913 13.5556
v 37.8857 0 -2.3333
v 37.8857 0.5908 -1.1111
v 39.1143 0.6792 -1.1111
v 37.8857 0 -2.3333
v 39.1143 0.6792 -1.1111
v 39.1143 0 -2.3333
v 37.8857 0.5908 -1.1111
v 37.8857 1.0581 0.1111
v 39.1143 1.095 0.1111
v 37.8857 0.5908 -1.1111
v 39.1143 1.095 0.1111
v 39.1143 0.6792 -1.1111
v 37.8857 1.0581 0.1111
v 37.8857 1.3755 1.3333
v 39.1143 1.373 1.3333
v 37.8857 1.0581 0.1111
v 39.1143 1.373 1.3333
v 39.1143 1.095 0.1111
v 37.8857 1.3755 1.3333
v 37.8857 1.6176 2.5556
v 39.1143 1.5607 2.5556
v 37.8857 1.3755 1.3333
v 39.1143 1.5607 2.5556
v 39.1143 1.373 1.3333
v 37.8857 1.6176 2.5556
v 37.8857 1.8061 3.7778
v 39.1143 1.6947 3.7778
v 37.8857 1.6176 2.5556
v 39.1143 1.6947 3.7778
v 39.1143 1.5607 2.5556
v 37.8857 1.8061 3.7778
v 37.8857 1.9416 5.0
v 39.1143 1.8315 5.0
v 37.8857 1.8061 3.7778
v 39.1143 1.8315 5.0
v 39.1143 1.6947 3.7778
v 37.8857 1.9416 5.0
v 37.8857 2.0129 6.2222
v 39.1143 1.8858 6.2222
v 37.8857 1.9416 5.0
v 39.1143 1.8858 6.2222
v 39.1143 1.8315 5.0
v 37.8857 2.0129 6.2222
v 37.8857 2.0053 7.4444
v 39.1143 1.848 7.4444
v 37.8857 2.0129 6.2222
v 39.1143 1.848 7.4444
v 39.1143 1.8858 6.2222
v 37.8857 2.0053 7.4444
v 37.8857 1.9066 8.6667
v 39.1143 1.7142 8.6667
v 37.8857 2.0053 7.4444
v 39.1143 1.7142 8.6667
v 39.1143 1.848 7.4444
v 37.8857 1.9066 8.6667
v 37.8857 1.7096 9.8889
v 39.1143 1.4851 9.8889
v 37.8857 1.9066 8.6667
v 39.1143 1.4851 9.8889
v 39.1143 1.7142 8.6667
v 37.8857 1.7096 9.8889
v 37.8857 1.4086 11.1111
v 39.1143 1.1592 11.1111
v 37.8857 1.7096 9.8889
v 39.1143 1.1592 11.1111
v 39.1143 1.4851 9.8889
v 37.8857 1.4086 11.1111
v 37.8857 0.9871 12.3333
v 39.1143 0.7083 12.3333
v 37.8857 1.4086 11.1111
v 39.1143 0.7083 12.3333
v 39.1143 1.1592 11.1111
v 37.8857 0.9871 12.3333
v 37.8857 0.2913 13.5556
v 39.1143 0.0 13.5556
v 37.8857 0.9871 12.3333
v 39.1143 0.0 13.5556
v 39.1143 0.7083 12.3333
v 37.8857 0.2913 13.5556
v 37.8857 0.0 14.7778
v 39.1143 0.0 14.7778
v 37.8857 0.2913 13.5556
v 39.1143 0.0 14.7778
v 39.1143 0.0 13.5556
v 39.1143 0 -3.5556
v 39.1143 0 -2.3333
v 40.3429 0.5656 -2.3333
v 39.1143 0 -3.5556
v 40.3429 0.5656 -2.3333
v 40.3429 0 -3.5556
v 39.1143 0 -2.3333
v 39.1143 0.6792 -1.1111
v 40.3429 1.1186 -1.1111
v 39.1143 0 -2.3333
v 40.3429 1.1186 -1.1111
v 40.3429 0.5656 -2.3333
v 39.1143 0.6792 -1.1111
v 39.1143 1.095 0.1111
v 40.3429 1.499 0.1111
v 39.1143 0.6792 -1.1111
v 40.3429 1.499 0.1111
v 40.3429 1.1186 -1.1111
v 39.1143 1.095 0.1111
v 39.1143 1.373 1.3333
v 40.3429 1.7823 1.3333
v 39.1143 1.095 0.1111
v 40.3429 1.7823 1.3333
v 40.3429 1.499 0.1111
v 39.1143 1.373 1.3333
v 39.1143 1.5607 2.5556
v 40.3429 1.9781 2.5556
v 39.1143 1.373 1.3333
v 40.3429 1.9781 2.5556
v 40.3429 1.7823 1.3333
v 39.1143 1.5607 2.5556
v 39.1143 1.6947 3.7778
v 40.3429 2.0783 3.7778
v 39.1143 1.5607 2.5556
v 40.3429 2.0783 3.7778
v 40.3429 1.9781 2.5556
v 39.1143 1.6947 3.7778
v 39.1143 1.8315 5.0
v 40.3429 2.0713 5.0
v 39.1143 1.6947 3.7778
v 40.3429 2.0713 5.0
v 40.3429 2.0783 3.7778
v 39.1143 1.8315 5.0
v 39.1143 1.8858 6.2222
v 40.3429 1.9498 6.2222
v 39.1143 1.8315 5.0
v 40.3429 1.9498 6.2222
v 40.3429 2.0713 5.0
v 39.1143 1.8858 6.2222
v 39.1143 1.848 7.4444
v 40.3429 1.7116 7.4444
v 39.1143 1.8858 6.2222
v 40.3429 1.7116 7.4444
v 40.3429 1.9498 6.2222
v 39.1143 1.848 7.4444
v 39.1143 1.7142 8.6667
v 40.3429 1.4438 8.6667
v 39.1143 1.848 7.4444
v 40.3429 1.4438 8.6667
v 40.3429 1.7116 7.4444
v 39.1143 1.7142 8.6667
v 39.1143 1.4851 9.8889
v 40.3429 1.1995 9.8889
v 39.1143 1.7142 8.6667
v 40.3429 1.1995 9.8889
v 40.3429 1.4438 8.6667
v 39.1143 1.4851 9.8889
v 39.1143 1.1592 11.1111
v 40.3429 0.8605 11.1111
v 39.1143 1.4851 9.8889
v 40.3429 0.8605 11.1111
v 40.3429 1.1995 9.8889
v 39.1143 1.1592 11.1111
v 39.1143 0.7083 12.3333
v 40.3429 0.3447 12.3333
v 39.1143 1.1592 11.1111
v 40.3429 0.3447 12.3333
v 40.3429 0.8605 11.1111
v 39.1143 0.7083 12.3333
v 39.1143 0.0 13.5556
v 40.3429 0.0 13.5556
v 39.1143 0.7083 12.3333
v 40.3429 0.0 13.5556
v 40.3429 0.3447 12.3333
v 40.3429 0 -4.7778
v 40.3429 0 -3.5556
v 41.5714 0.1135 -3.5556
v 40.3429 0 -4.7778
v 41.5714 0.1135 -3.5556
v 41.5714 0 -4.7778
v 40.3429 0 -3.5556
v 40.3429 0.5656 -2.3333
v 41.5714 0.9807 -2.3333
v 40.3429 0 -3.5556
v 41.5714 0.9807 -2.3333
v 41.5714 0.1135 -3.5556
v 40.3429 0.5656 -2.3333
v 40.3429 1.1186 -1.1111
v 41.5714 1.4827 -1.1111
v 40.3429 0.5656 -2.3333
v 41.5714 1.4827 -1.1111
v 41.5714 0.9807 -2.3333
v 40.3429 1.1186 -1.1111
v 40.3429 1.499 0.1111
v 41.5714 1.8634 0.1111
v 40.3429 1.1186 -1.1111
v 41.5714 1.8634 0.1111
v 41.5714 1.4827 -1.1111
v 40.3429 1.499 0.1111
v 40.3429 1.7823 1.3333
v 41.5714 2.1468 1.3333
v 40.3429 1.499 0.1111
v 41.5714 2.1468 1.3333
v 41.5714 1.8634 0.1111
v 40.3429 1.7823 1.3333
v 40.3429 1.9781 2.5556
v 41.5714 2.3287 2.5556
v 40.3429 1.7823 1.3333
v 41.5714 2.3287 2.5556
v 41.5714 2.1468 1.3333
v 40.3429 1.9781 2.5556
v 40.3429 2.0783 3.7778
v 41.5714 2.3997 3.7778
v 40.3429 1.9781 2.5556
v 41.5714 2.3997 3.7778
v 41.5714 2.3287 2.5556
v 40.3429 2.0783 3.7778
v 40.3429 2.0713 5.0
v 41.5714 2.3557 5.0
v 40.3429 2.0783 3.7778
v 41.5714 2.3557 5.0
v 41.5714 2.3997 3.7778
v 40.3429 2.0713 5.0
v 40.3429 1.9498 6.2222
v 41.5714 2.2021 6.2222
v 40.3429 2.0713 5.0
v 41.5714 2.2021 6.2222
v 41.5714 2.3557 5.0
v 40.3429 1.9498 6.2222
v 40.3429 1.7116 7.4444
v 41.5714 1.9503 7.4444
v 40.3429 1.9498 6.2222
v 41.5714 1.9503 7.4444
v 41.5714 2.2021 6.2222
v 40.3429 1.7116 7.4444
v 40.3429 1.4438 8.6667
v 41.5714 1.609 8.6667
v 40.3429 1.7116 7.4444
v 41.5714 1.609 8.6667
v 41.5714 1.9503 7.4444
v 40.3429 1.4438 8.6667
v 40.3429 1.1995 9.8889
v 41.5714 1.1669 9.8889
v 40.3429 1.4438 8.6667
v 41.5714 1.1669 9.8889
v 41.5714 1.609 8.6667
v 40.3429 1.1995 9.8889
v 40.3429 0.8605 11.1111
v 41.5714 0.5328 11.1111
v 40.3429 1.1995 9.8889
v 41.5714 0.5328 11.1111
v 41.5714 1.1669 9.8889
v 40.3429 0.8605 11.1111
v 40.3429 0.3447 12.3333
v 41.5714 0 12.3333
v 40.3429 0.8605 11.1111
v 41.5714 0 12.3333
v 41.5714 0.5328 11.1111
v 40.3429 0.3447 12.3333
v 40.3429 0.0 13.5556
v 41.5714 0.0 13.5556
v 40.3429 0.3447 12.3333
v 41.5714 0.0 13.5556
v 41.5714 0 12.3333
v 41.5714 0 -4.7778
v 41.5714 0.1135 -3.5556
v 42.8 0.625 -3.5556
v 41.5714 0 -4.7778
v 42.8 0.625 -3.5556
v 42.8 0 -4.7778
v 41.5714 0.1135 -3.5556
v 41.5714 0.9807 -2.3333
v 42.8 1.3098 -2.3333
v 41.5714 0.1135 -3.5556
v 42.8 1.3098 -2.3333
v 42.8 0.625 -3.5556
v 41.5714 0.9807 -2.3333
v 41.5714 1.4827 -1.1111
v 42.8 1.7992 -1.1111
v 41.5714 0.9807 -2.3333
v 42.8 1.7992 -1.1111
v 42.8 1.3098 -2.3333
v 41.5714 1.4827 -1.1111
v 41.5714 1.8634 0.1111
v 42.8 2.1694 0.1111
v 41.5714 1.4827 -1.1111
v 42.8 2.1694 0.1111
v 42.8 1.7992 -1.1111
v 41.5714 1.8634 0.1111
v 41.5714 2.1468 1.3333
v 42.8 2.4287 1.3333
v 41.5714 1.8634 0.1111
v 42.8 2.4287 1.3333
v 42.8 2.1694 0.1111
v 41.5714 2.1468 1.3333
v 41.5714 2.3287 2.5556
v 42.8 2.5732 2.5556
v 41.5714 2.1468 1.3333
v 42.8 2.5732 2.5556
v 42.8 2.4287 1.3333
v 41.5714 2.3287 2.5556
v 41.5714 2.3997 3.7778
v 42.8 2.6014 3.7778
v 41.5714 2.3287 2.5556
v 42.8 2.6014 3.7778
v 42.8 2.5732 2.5556
v 41.5714 2.3997 3.7778
v 41.5714 2.3557 5.0
v 42.8 2.5205 5.0
v 41.5714 2.3997 3.7778
v 42.8 2.5205 5.0
v 42.8 2.6014 3.7778
v 41.5714 2.3557 5.0
v 41.5714 2.2021 6.2222
v 42.8 2.3473 6.2222
v 41.5714 2.3557 5.0
v 42.8 2.3473 6.2222
v 42.8 2.5205 5.0
v 41.5714 2.2021 6.2222
v 41.5714 1.9503 7.4444
v 42.8 2.1003 7.4444
v 41.5714 2.2021 6.2222
v 42.8 2.1003 7.4444
v 42.8 2.3473 6.2222
v 41.5714 1.9503 7.4444
v 41.5714 1.609 8.6667
v 42.8 1.7888 8.6667
v 41.5714 1.9503 7.4444
v 42.8 1.7888 8.6667
v 42.8 2.1003 7.4444
v 41.5714 1.609 8.6667
v 41.5714 1.1669 9.8889
v 42.8 1.4 9.8889
v 41.5714 1.609 8.6667
v 42.8 1.4 9.8889
v 42.8 1.7888 8.6667
v 41.5714 1.1669 9.8889
v 41.5714 0.5328 11.1111
v 42.8 0.8725 11.1111
v 41.5714 1.1669 9.8889
v 42.8 0.8725 11.1111
v 42.8 1.4 9.8889
v 41.5714 0.5328 11.1111
v 41.5714 0 12.3333
v 42.8 0 12.3333
v 41.5714 0.5328 11.1111
v 42.8 0 12.3333
v 42.8 0.8725 11.1111
v 42.8 0 -4.7778
v 42.8 0.625 -3.5556
v 44.0286 0.9324 -3.5556
v 42.8 0 -4.7778
v 44.0286 0.9324 -3.5556
v 44.0286 0 -4.7778
v 42.8 0.625 -3.5556
v 42.8 1.3098 -2.3333
v 44.0286 1.5733 -2.3333
v 42.8 0.625 -3.5556
v 44.0286 1.5733 -2.3333
v 44.0286 0.9324 -3.5556
v 42.8 1.3098 -2.3333
v 42.8 1.7992 -1.1111
v 44.0286 2.0396 -1.1111
v 42.8 1.3098 -2.3333
v 44.0286 2.0396 -1.1111
v 44.0286 1.5733 -2.3333
v 42.8 1.7992 -1.1111
v 42.8 2.1694 0.1111
v 44.0286 2.3764 0.1111
v 42.8 1.7992 -1.1111
v 44.0286 2.3764 0.1111
v 44.0286 2.0396 -1.1111
v 42.8 2.1694 0.1111
v 42.8 2.4287 1.3333
v 44.0286 2.5937 1.3333
v 42.8 2.1694 0.1111
v 44.0286 2.5937 1.3333
v 44.0286 2.3764 0.1111
v 42.8 2.4287 1.3333
v 42.8 2.5732 2.5556
v 44.0286 2.6972 2.5556
v 42.8 2.4287 1.3333
v 44.0286 2.6972 2.5556
v 44.0286 2.5937 1.3333
v 42.8 2.5732 2.5556
v 42.8 2.6014 3.7778
v 44.0286 2.6952 3.7778
v 42.8 2.5732 2.5556
v 44.0286 2.6952 3.7778
v 44.0286 2.6972 2.5556
v 42.8 2.6014 3.7778
v 42.8 2.5205 5.0
v 44.0286 2.6023 5.0
v 42.8 2.6014 3.7778
v 44.0286 2.6023 5.0
v 44.0286 2.6952 3.7778
v 42.8 2.5205 5.0
v 42.8 2.3473 6.2222
v 44.0286 2.4392 6.2222
v 42.8 2.5205 5.0
v 44.0286 2.4392 6.2222
v 44.0286 2.6023 5.0
v 42.8 2.3473 6.2222
v 42.8 2.1003 7.4444
v 44.0286 2.2224 7.4444
v 42.8 2.3473 6.2222
v 44.0286 2.2224 7.4444
v 44.0286 2.4392 6.2222
v 42.8 2.1003 7.4444
v 42.8 1.7888 8.6667
v 44.0286 1.9525 8.6667
v 42.8 2.1003 7.4444
v 44.0286 1.9525 8.6667
v 44.0286 2.2224 7.4444
v 42.8 1.7888 8.6667
v 42.8 1.4 9.8889
v 44.0286 1.6078 9.8889
v 42.8 1.7888 8.6667
v 44.0286 1.6078 9.8889
v 44.0286 1.9525 8.6667
v 42.8 1.4 9.8889
v 42.8 0.8725 11.1111
v 44.0286 1.1308 11.1111
v 42.8 1.4 9.8889
v 44.0286 1.1308 11.1111
v 44.0286 1.6078 9.8889
v 42.8 0.8725 11.1111
v 42.8 0 12.3333
v 44.0286 0.2953 12.3333
v 42.8 0.8725 11.1111
v 44.0286 0.2953 12.3333
v 44.0286 1.1308 11.1111
v 42.8 0 12.3333
v 44.0286 0.0 13.5556
v 44.0286 0.2953 12.3333
v 44.0286 0 -4.7778
v 44.0286 0.9324 -3.5556
v 45.2571 1.1451 -3.5556
v 44.0286 0.9324 -3.5556
v 44.0286 1.5733 -2.3333
v 45.2571 1.7468 -2.3333
v 44.0286 0.9324 -3.5556
v 45.2571 1.7468 -2.3333
v 45.2571 1.1451 -3.5556
v 44.0286 1.5733 -2.3333
v 44.0286 2.0396 -1.1111
v 45.2571 2.1723 -1.1111
v 44.0286 1.5733 -2.3333
v 45.2571 2.1723 -1.1111
v 45.2571 1.7468 -2.3333
v 44.0286 2.0396 -1.1111
v 44.0286 2.3764 0.1111
v 45.2571 2.4646 0.1111
v 44.0286 2.0396 -1.1111
v 45.2571 2.4646 0.1111
v 45.2571 2.1723 -1.1111
v 44.0286 2.3764 0.1111
v 44.0286 2.5937 1.3333
v 45.2571 2.645 1.3333
v 44.0286 2.3764 0.1111
v 45.2571 2.645 1.3333
v 45.2571 2.4646 0.1111
v 44.0286 2.5937 1.3333
v 44.0286 2.6972 2.5556
v 45.2571 2.7304 2.5556
v 44.0286 2.5937 1.3333
v 45.2571 2.7304 2.5556
v 45.2571 2.645 1.3333
v 44.0286 2.6972 2.5556
v 44.0286 2.6952 3.7778
v 45.2571 2.7333 3.7778
v 44.0286 2.6972 2.5556
v 45.2571 2.7333 3.7778
v 45.2571 2.7304 2.5556
v 44.0286 2.6952 3.7778
v 44.0286 2.6023 5.0
v 45.2571 2.6638 5.0
v 44.0286 2.6952 3.7778
v 45.2571 2.6638 5.0
v 45.2571 2.7333 3.7778
v 44.0286 2.6023 5.0
v 44.0286 2.4392 6.2222
v 45.2571 2.5375 6.2222
v 44.0286 2.6023 5.0
v 45.2571 2.5375 6.2222
v 45.2571 2.6638 5.0
v 44.0286 2.4392 6.2222
v 44.0286 2.2224 7.4444
v 45.2571 2.3627 7.4444
v 44.0286 2.4392 6.2222
v 45.2571 2.3627 7.4444
v 45.2571 2.5375 6.2222
v 44.0286 2.2224 7.4444
v 44.0286 1.9525 8.6667
v 45.2571 2.1285 8.6667
v 44.0286 2.2224 7.4444
v 45.2571 2.1285 8.6667
v 45.2571 2.3627 7.4444
v 44.0286 1.9525 8.6667
v 44.0286 1.6078 9.8889
v 45.2571 1.8056 9.8889
v 44.0286 1.9525 8.6667
v 45.2571 1.8056 9.8889
v 45.2571 2.1285 8.6667
v 44.0286 1.6078 9.8889
v 44.0286 1.1308 11.1111
v 45.2571 1.3411 11.1111
v 44.0286 1.6078 9.8889
v 45.2571 1.3411 11.1111
v 45.2571 1.8056 9.8889
v 44.0286 1.1308 11.1111
v 44.0286 0.2953 12.3333
v 45.2571 0.59 12.3333
v 44.0286 1.1308 11.1111
v 45.2571 0.59 12.3333
v 45.2571 1.3411 11.1111
v 44.0286 0.2953 12.3333
v 44.0286 0.0 13.5556
v 45.2571 0.0 13.5556
v 44.0286 0.2953 12.3333
v 45.2571 0.0 13.5556
v 45.2571 0.59 12.3333
v 45.2571 0 -6.0
v 45.2571 0 -4.7778
v 46.4857 0.3096 -4.7778
v 45.2571 0 -6.0
v 46.4857 0.3096 -4.7778
v 46.4857 0 -6.0
v 45.2571 0 -4.7778
v 46.4857 1.2582 -3.5556
v 46.4857 0.3096 -4.7778
v 45.2571 1.1451 -3.5556
v 45.2571 1.7468 -2.3333
v 46.4857 1.8133 -2.3333
v 45.2571 1.1451 -3.5556
v 46.4857 1.8133 -2.3333
v 46.4857 1.2582 -3.5556
v 45.2571 1.7468 -2.3333
v 45.2571 2.1723 -1.1111
v 46.4857 2.195 -1.1111
v 45.2571 1.7468 -2.3333
v 46.4857 2.195 -1.1111
v 46.4857 1.8133 -2.3333
v 45.2571 2.1723 -1.1111
v 45.2571 2.4646 0.1111
v 46.4857 2.4555 0.1111
v 45.2571 2.1723 -1.1111
v 46.4857 2.4555 0.1111
v 46.4857 2.195 -1.1111
v 45.2571 2.4646 0.1111
v 45.2571 2.645 1.3333
v 46.4857 2.6271 1.3333
v 45.2571 2.4646 0.1111
v 46.4857 2.6271 1.3333
v 46.4857 2.4555 0.1111
v 45.2571 2.645 1.3333
v 45.2571 2.7304 2.5556
v 46.4857 2.7325 2.5556
v 45.2571 2.645 1.3333
v 46.4857 2.7325 2.5556
v 46.4857 2.6271 1.3333
v 45.2571 2.7304 2.5556
v 45.2571 2.7333 3.7778
v 46.4857 2.779 3.7778
v 45.2571 2.7304 2.5556
v 46.4857 2.779 3.7778
v 46.4857 2.7325 2.5556
v 45.2571 2.7333 3.7778
v 45.2571 2.6638 5.0
v 46.4857 2.7556 5.0
v 45.2571 2.7333 3.7778
v 46.4857 2.7556 5.0
v 46.4857 2.779 3.7778
v 45.2571 2.6638 5.0
v 45.2571 2.5375 6.2222
v 46.4857 2.6702 6.2222
v 45.2571 2.6638 5.0
v 46.4857 2.6702 6.2222
v 46.4857 2.7556 5.0
v 45.2571 2.5375 6.2222
v 45.2571 2.3627 7.4444
v 46.4857 2.5244 7.4444
v 45.2571 2.5375 6.2222
v 46.4857 2.5244 7.4444
v 46.4857 2.6702 6.2222
v 45.2571 2.3627 7.4444
v 45.2571 2.1285 8.6667
v 46.4857 2.2997 8.6667
v 45.2571 2.3627 7.4444
v 46.4857 2.2997 8.6667
v 46.4857 2.5244 7.4444
v 45.2571 2.1285 8.6667
v 45.2571 1.8056 9.8889
v 46.4857 1.9671 9.8889
v 45.2571 2.1285 8.6667
v 46.4857 1.9671 9.8889
v 46.4857 2.2997 8.6667
v 45.2571 1.8056 9.8889
v 45.2571 1.3411 11.1111
v 46.4857 1.485 11.1111
v 45.2571 1.8056 9.8889
v 46.4857 1.485 11.1111
v 46.4857 1.9671 9.8889
v 45.2571 1.3411 11.1111
v 45.2571 0.59 12.3333
v 46.4857 0.7484 12.3333
v 45.2571 1.3411 11.1111
v 46.4857 0.7484 12.3333
v 46.4857 1.485 11.1111
v 45.2571 0.59 12.3333
v 45.2571 0.0 13.5556
v 46.4857 0.0 13.5556
v 45.2571 0.59 12.3333
v 46.4857 0.0 13.5556
v 46.4857 0.7484 12.3333
v 46.4857 0 -6.0
v 46.4857 0.3096 -4.7778
v 47.7143 0.3937 -4.7778
v 46.4857 0 -6.0
v 47.7143 0.3937 -4.7778
v 47.7143 0 -6.0
v 46.4857 0.3096 -4.7778
v 46.4857 1.2582 -3.5556
v 47.7143 1.2714 -3.5556
v 46.4857 0.3096 -4.7778
v 47.7143 1.2714 -3.5556
v 47.7143 0.3937 -4.7778
v 46.4857 1.2582 -3.5556
v 46.4857 1.8133 -2.3333
v 47.7143 1.7864 -2.3333
v 46.4857 1.2582 -3.5556
v 47.7143 1.7864 -2.3333
v 47.7143 1.2714 -3.5556
v 46.4857 1.8133 -2.3333
v 46.4857 2.195 -1.1111
v 47.7143 2.1432 -1.1111
v 46.4857 1.8133 -2.3333
v 47.7143 2.1432 -1.1111
v 47.7143 1.7864 -2.3333
v 46.4857 2.195 -1.1111
v 46.4857 2.4555 0.1111
v 47.7143 2.4025 0.1111
v 46.4857 2.195 -1.1111
v 47.7143 2.4025 0.1111
v 47.7143 2.1432 -1.1111
v 46.4857 2.4555 0.1111
v 46.4857 2.6271 1.3333
v 47.7143 2.5997 1.3333
v 46.4857 2.4555 0.1111
v 47.7143 2.5997 1.3333
v 47.7143 2.4025 0.1111
v 46.4857 2.6271 1.3333
v 46.4857 2.7325 2.5556
v 47.7143 2.754 2.5556
v 46.4857 2.6271 1.3333
v 47.7143 2.754 2.5556
v 47.7143 2.5997 1.3333
v 46.4857 2.7325 2.5556
v 46.4857 2.779 3.7778
v 47.7143 2.8634 3.7778
v 46.4857 2.7325 2.5556
v 47.7143 2.8634 3.7778
v 47.7143 2.754 2.5556
v 46.4857 2.779 3.7778
v 46.4857 2.7556 5.0
v 47.7143 2.8793 5.0
v 46.4857 2.779 3.7778
v 47.7143 2.8793 5.0
v 47.7143 2.8634 3.7778
v 46.4857 2.7556 5.0
v 46.4857 2.6702 6.2222
v 47.7143 2.8134 6.2222
v 46.4857 2.7556 5.0
v 47.7143 2.8134 6.2222
v 47.7143 2.8793 5.0
v 46.4857 2.6702 6.2222
v 46.4857 2.5244 7.4444
v 47.7143 2.6649 7.4444
v 46.4857 2.6702 6.2222
v 47.7143 2.6649 7.4444
v 47.7143 2.8134 6.2222
v 46.4857 2.5244 7.4444
v 46.4857 2.2997 8.6667
v 47.7143 2.4165 8.6667
v 46.4857 2.5244 7.4444
v 47.7143 2.4165 8.6667
v 47.7143 2.6649 7.4444
v 46.4857 2.2997 8.6667
v 46.4857 1.9671 9.8889
v 47.7143 2.0489 9.8889
v 46.4857 2.2997 8.6667
v 47.7143 2.0489 9.8889
v 47.7143 2.4165 8.6667
v 46.4857 1.9671 9.8889
v 46.4857 1.485 11.1111
v 47.7143 1.5359 11.1111
v 46.4857 1.9671 9.8889
v 47.7143 1.5359 11.1111
v 47.7143 2.0489 9.8889
v 46.4857 1.485 11.1111
v 46.4857 0.7484 12.3333
v 47.7143 0.7975 12.3333
v 46.4857 1.485 11.1111
v 47.7143 0.7975 12.3333
v 47.7143 1.5359 11.1111
v 46.4857 0.7484 12.3333
v 46.4857 0.0 13.5556
v 47.7143 0.0 13.5556
v 46.4857 0.7484 12.3333
v 47.7143 0.0 13.5556
v 47.7143 0.7975 12.3333
v 47.7143 0 -6.0
v 47.7143 0.3937 -4.7778
v 48.9429 0.3513 -4.7778
v 47.7143 0 -6.0
v 48.9429 0.3513 -4.7778
v 48.9429 0 -6.0
v 47.7143 0.3937 -4.7778
v 47.7143 1.2714 -3.5556
v 48.9429 1.2062 -3.5556
v 47.7143 0.3937 -4.7778
v 48.9429 1.2062 -3.5556
v 48.9429 0.3513 -4.7778
v 47.7143 1.2714 -3.5556
v 47.7143 1.7864 -2.3333
v 48.9429 1.7056 -2.3333
v 47.7143 1.2714 -3.5556
v 48.9429 1.7056 -2.3333
v 48.9429 1.2062 -3.5556
v 47.7143 1.7864 -2.3333
v 47.7143 2.1432 -1.1111
v 48.9429 2.069 -1.1111
v 47.7143 1.7864 -2.3333
v 48.9429 2.069 -1.1111
v 48.9429 1.7056 -2.3333
v 47.7143 2.1432 -1.1111
v 47.7143 2.4025 0.1111
v 48.9429 2.358 0.1111
v 47.7143 2.1432 -1.1111
v 48.9429 2.358 0.1111
v 48.9429 2.069 -1.1111
v 47.7143 2.4025 0.1111
v 47.7143 2.5997 1.3333
v 48.9429 2.6006 1.3333
v 47.7143 2.4025 0.1111
v 48.9429 2.6006 1.3333
v 48.9429 2.358 0.1111
v 47.7143 2.5997 1.3333
v 47.7143 2.754 2.5556
v 48.9429 2.8027 2.5556
v 47.7143 2.5997 1.3333
v 48.9429 2.8027 2.5556
v 48.9429 2.6006 1.3333
v 47.7143 2.754 2.5556
v 47.7143 2.8634 3.7778
v 48.9429 2.9454 3.7778
v 47.7143 2.754 2.5556
v 48.9429 2.9454 3.7778
v 48.9429 2.8027 2.5556
v 47.7143 2.8634 3.7778
v 47.7143 2.8793 5.0
v 48.9429 2.9799 5.0
v 47.7143 2.8634 3.7778
v 48.9429 2.9799 5.0
v 48.9429 2.9454 3.7778
v 47.7143 2.8793 5.0
v 47.7143 2.8134 6.2222
v 48.9429 2.9041 6.2222
v 47.7143 2.8793 5.0
v 48.9429 2.9041 6.2222
v 48.9429 2.9799 5.0
v 47.7143 2.8134 6.2222
v 47.7143 2.6649 7.4444
v 48.9429 2.7224 7.4444
v 47.7143 2.8134 6.2222
v 48.9429 2.7224 7.4444
v 48.9429 2.9041 6.2222
v 47.7143 2.6649 7.4444
v 47.7143 2.4165 8.6667
v 48.9429 2.4303 8.6667
v 47.7143 2.6649 7.4444
v 48.9429 2.4303 8.6667
v 48.9429 2.7224 7.4444
v 47.7143 2.4165 8.6667
v 47.7143 2.0489 9.8889
v 48.9429 2.023 9.8889
v 47.7143 2.4165 8.6667
v 48.9429 2.023 9.8889
v 48.9429 2.4303 8.6667
v 47.7143 2.0489 9.8889
v 47.7143 1.5359 11.1111
v 48.9429 1.4873 11.1111
v 47.7143 2.0489 9.8889
v 48.9429 1.4873 11.1111
v 48.9429 2.023 9.8889
v 47.7143 1.5359 11.1111
v 47.7143 0.7975 12.3333
v 48.9429 0.7506 12.3333
v 47.7143 1.5359 11.1111
v 48.9429 0.7506 12.3333
v 48.9429 1.4873 11.1111
v 47.7143 0.7975 12.3333
v 47.7143 0.0 13.5556
v 48.9429 0.0 13.5556
v 47.7143 0.7975 12.3333
v 48.9429 0.0 13.5556
v 48.9429 0.7506 12.3333
v 48.9429 0 -6.0
v 48.9429 0.3513 -4.7778
v 50.1714 0.1786 -4.7778
v 48.9429 0 -6.0
v 50.1714 0.1786 -4.7778
v 50.1714 0 -6.0
v 48.9429 0.3513 -4.7778
v 48.9429 1.2062 -3.5556
v 50.1714 1.094 -3.5556
v 48.9429 0.3513 -4.7778
v 50.1714 1.094 -3.5556
v 50.1714 0.1786 -4.7778
v 48.9429 1.2062 -3.5556
v 48.9429 1.7056 -2.3333
v 50.1714 1.611 -2.3333
v 48.9429 1.2062 -3.5556
v 50.1714 1.611 -2.3333
v 50.1714 1.094 -3.5556
v 48.9429 1.7056 -2.3333
v 48.9429 2.069 -1.1111
v 50.1714 2.008 -1.1111
v 48.9429 1.7056 -2.3333
v 50.1714 2.008 -1.1111
v 50.1714 1.611 -2.3333
v 48.9429 2.069 -1.1111
v 48.9429 2.358 0.1111
v 50.1714 2.3398 0.1111
v 48.9429 2.069 -1.1111
v 50.1714 2.3398 0.1111
v 50.1714 2.008 -1.1111
v 48.9429 2.358 0.1111
v 48.9429 2.6006 1.3333
v 50.1714 2.6212 1.3333
v 48.9429 2.358 0.1111
v 50.1714 2.6212 1.3333
v 50.1714 2.3398 0.1111
v 48.9429 2.6006 1.3333
v 48.9429 2.8027 2.5556
v 50.1714 2.8433 2.5556
v 48.9429 2.6006 1.3333
v 50.1714 2.8433 2.5556
v 50.1714 2.6212 1.3333
v 48.9429 2.8027 2.5556
v 48.9429 2.9454 3.7778
v 50.1714 2.9786 3.7778
v 48.9429 2.8027 2.5556
v 50.1714 2.9786 3.7778
v 50.1714 2.8433 2.5556
v 48.9429 2.9454 3.7778
v 48.9429 2.9799 5.0
v 50.1714 2.9937 5.0
v 48.9429 2.9454 3.7778
v 50.1714 2.9937 5.0
v 50.1714 2.9786 3.7778
v 48.9429 2.9799 5.0
v 48.9429 2.9041 6.2222
v 50.1714 2.8827 6.2222
v 48.9429 2.9799 5.0
v 50.1714 2.8827 6.2222
v 50.1714 2.9937 5.0
v 48.9429 2.9041 6.2222
v 48.9429 2.7224 7.4444
v 50.1714 2.6566 7.4444
v 48.9429 2.9041 6.2222
v 50.1714 2.6566 7.4444
v 50.1714 2.8827 6.2222
v 48.9429 2.7224 7.4444
v 48.9429 2.4303 8.6667
v 50.1714 2.326 8.6667
v 48.9429 2.7224 7.4444
v 50.1714 2.326 8.6667
v 50.1714 2.6566 7.4444
v 48.9429 2.4303 8.6667
v 48.9429 2.023 9.8889
v 50.1714 1.8974 9.8889
v 48.9429 2.4303 8.6667
v 50.1714 1.8974 9.8889
v 50.1714 2.326 8.6667
v 48.9429 2.023 9.8889
v 48.9429 1.4873 11.1111
v 50.1714 1.3605 11.1111
v 48.9429 2.023 9.8889
v 50.1714 1.3605 11.1111
v 50.1714 1.8974 9.8889
v 48.9429 1.4873 11.1111
v 48.9429 0.7506 12.3333
v 50.1714 0.6258 12.3333
v 48.9429 1.4873 11.1111
v 50.1714 0.6258 12.3333
v 50.1714 1.3605 11.1111
v 48.9429 0.7506 12.3333
v 48.9429 0.0 13.5556
v 50.1714 0.0 13.5556
v 48.9429 0.7506 12.3333
v 50.1714 0.0 13.5556
v 50.1714 0.6258 12.3333
v 50.1714 0 -6.0
v 50.1714 0.1786 -4.7778
v 51.4 0 -4.7778
v 50.1714 0.1786 -4.7778
v 50.1714 1.094 -3.5556
v 51.4 0.9508 -3.5556
v 50.1714 0.1786 -4.7778
v 51.4 0.9508 -3.5556
v 51.4 0 -4.7778
v 50.1714 1.094 -3.5556
v 50.1714 1.611 -2.3333
v 51.4 1.5156 -2.3333
v 50.1714 1.094 -3.5556
v 51.4 1.5156 -2.3333
v 51.4 0.9508 -3.5556
v 50.1714 1.611 -2.3333
v 50.1714 2.008 -1.1111
v 51.4 1.9556 -1.1111
v 50.1714 1.611 -2.3333
v 51.4 1.9556 -1.1111
v 51.4 1.5156 -2.3333
v 50.1714 2.008 -1.1111
v 50.1714 2.3398 0.1111
v 51.4 2.3199 0.1111
v 50.1714 2.008 -1.1111
v 51.4 2.3199 0.1111
v 51.4 1.9556 -1.1111
v 50.1714 2.3398 0.1111
v 50.1714 2.6212 1.3333
v 51.4 2.6121 1.3333
v 50.1714 2.3398 0.1111
v 51.4 2.6121 1.3333
v 51.4 2.3199 0.1111
v 50.1714 2.6212 1.3333
v 50.1714 2.8433 2.5556
v 51.4 2.8173 2.5556
v 50.1714 2.6212 1.3333
v 51.4 2.8173 2.5556
v 51.4 2.6121 1.3333
v 50.1714 2.8433 2.5556
v 50.1714 2.9786 3.7778
v 51.4 2.9129 3.7778
v 50.1714 2.8433 2.5556
v 51.4 2.9129 3.7778
v 51.4 2.8173 2.5556
v 50.1714 2.9786 3.7778
v 50.1714 2.9937 5.0
v 51.4 2.8825 5.0
v 50.1714 2.9786 3.7778
v 51.4 2.8825 5.0
v 51.4 2.9129 3.7778
v 50.1714 2.9937 5.0
v 50.1714 2.8827 6.2222
v 51.4 2.73 6.2222
v 50.1714 2.9937 5.0
v 51.4 2.73 6.2222
v 51.4 2.8825 5.0
v 50.1714 2.8827 6.2222
v 50.1714 2.6566 7.4444
v 51.4 2.4737 7.4444
v 50.1714 2.8827 6.2222
v 51.4 2.4737 7.4444
v 51.4 2.73 6.2222
v 50.1714 2.6566 7.4444
v 50.1714 2.326 8.6667
v 51.4 2.1314 8.6667
v 50.1714 2.6566 7.4444
v 51.4 2.1314 8.6667
v 51.4 2.4737 7.4444
v 50.1714 2.326 8.6667
v 50.1714 1.8974 9.8889
v 51.4 1.71 9.8889
v 50.1714 2.326 8.6667
v 51.4 1.71 9.8889
v 51.4 2.1314 8.6667
v 50.1714 1.8974 9.8889
v 50.1714 1.3605 11.1111
v 51.4 1.188 11.1111
v 50.1714 1.8974 9.8889
v 51.4 1.188 11.1111
v 51.4 1.71 9.8889
v 50.1714 1.3605 11.1111
v 50.1714 0.6258 12.3333
v 51.4 0.4221 12.3333
v 50.1714 1.3605 11.1111
v 51.4 0.4221 12.3333
v 51.4 1.188 11.1111
v 50.1714 0.6258 12.3333
v 50.1714 0.0 13.5556
v 51.4 0.0 13.5556
v 50.1714 0.6258 12.3333
v 51.4 0.0 13.5556
v 51.4 0.4221 12.3333
v 51.4 0 -4.7778
v 51.4 0.9508 -3.5556
v 52.6286 0.755 -3.5556
v 51.4 0 -4.7778
v 52.6286 0.755 -3.5556
v 52.6286 0 -4.7778
v 51.4 0.9508 -3.5556
v 51.4 1.5156 -2.3333
v 52.6286 1.3938 -2.3333
v 51.4 0.9508 -3.5556
v 52.6286 1.3938 -2.3333
v 52.6286 0.755 -3.5556
v 51.4 1.5156 -2.3333
v 51.4 1.9556 -1.1111
v 52.6286 1.8703 -1.1111
v 51.4 1.5156 -2.3333
v 52.6286 1.8703 -1.1111
v 52.6286 1.3938 -2.3333
v 51.4 1.9556 -1.1111
v 51.4 2.3199 0.1111
v 52.6286 2.2428 0.1111
v 51.4 1.9556 -1.1111
v 52.6286 2.2428 0.1111
v 52.6286 1.8703 -1.1111
v 51.4 2.3199 0.1111
v 51.4 2.6121 1.3333
v 52.6286 2.5149 1.3333
v 51.4 2.3199 0.1111
v 52.6286 2.5149 1.3333
v 52.6286 2.2428 0.1111
v 51.4 2.6121 1.3333
v 51.4 2.8173 2.5556
v 52.6286 2.6775 2.5556
v 51.4 2.6121 1.3333
v 52.6286 2.6775 2.5556
v 52.6286 2.5149 1.3333
v 51.4 2.8173 2.5556
v 51.4 2.9129 3.7778
v 52.6286 2.7221 3.7778
v 51.4 2.8173 2.5556
v 52.6286 2.7221 3.7778
v 52.6286 2.6775 2.5556
v 51.4 2.9129 3.7778
v 51.4 2.8825 5.0
v 52.6286 2.6501 5.0
v 51.4 2.9129 3.7778
v 52.6286 2.6501 5.0
v 52.6286 2.7221 3.7778
v 51.4 2.8825 5.0
v 51.4 2.73 6.2222
v 52.6286 2.4761 6.2222
v 51.4 2.8825 5.0
v 52.6286 2.4761 6.2222
v 52.6286 2.6501 5.0
v 51.4 2.73 6.2222
v 51.4 2.4737 7.4444
v 52.6286 2.2203 7.4444
v 51.4 2.73 6.2222
v 52.6286 2.2203 7.4444
v 52.6286 2.4761 6.2222
v 51.4 2.4737 7.4444
v 51.4 2.1314 8.6667
v 52.6286 1.8967 8.6667
v 51.4 2.4737 7.4444
v 52.6286 1.8967 8.6667
v 52.6286 2.2203 7.4444
v 51.4 2.1314 8.6667
v 51.4 1.71 9.8889
v 52.6286 1.5003 9.8889
v 51.4 2.1314 8.6667
v 52.6286 1.5003 9.8889
v 52.6286 1.8967 8.6667
v 51.4 1.71 9.8889
v 51.4 1.188 11.1111
v 52.6286 0.9848 11.1111
v 51.4 1.71 9.8889
v 52.6286 0.9848 11.1111
v 52.6286 1.5003 9.8889
v 51.4 1.188 11.1111
v 51.4 0.4221 12.3333
v 52.6286 0 12.3333
v 51.4 1.188 11.1111
v 52.6286 0 12.3333
v 52.6286 0.9848 11.1111
v 51.4 0.4221 12.3333
v 51.4 0.0 13.5556
v 52.6286 0.0 13.5556
v 51.4 0.4221 12.3333
v 52.6286 0.0 13.5556
v 52.6286 0 12.3333
v 52.6286 0 -4.7778
v 52.6286 0.755 -3.5556
v 53.8571 0.4233 -3.5556
v 52.6286 0 -4.7778
v 53.8571 0.4233 -3.5556
v 53.8571 0 -4.7778
v 52.6286 0.755 -3.5556
v 52.6286 1.3938 -2.3333
v 53.8571 1.1941 -2.3333
v 52.6286 0.755 -3.5556
v 53.8571 1.1941 -2.3333
v 53.8571 0.4233 -3.5556
v 52.6286 1.3938 -2.3333
v 52.6286 1.8703 -1.1111
v 53.8571 1.6987 -1.1111
v 52.6286 1.3938 -2.3333
v 53.8571 1.6987 -1.1111
v 53.8571 1.1941 -2.3333
v 52.6286 1.8703 -1.1111
v 52.6286 2.2428 0.1111
v 53.8571 2.0605 0.1111
v 52.6286 1.8703 -1.1111
v 53.8571 2.0605 0.1111
v 53.8571 1.6987 -1.1111
v 52.6286 2.2428 0.1111
v 52.6286 2.5149 1.3333
v 53.8571 2.2981 1.3333
v 52.6286 2.2428 0.1111
v 53.8571 2.2981 1.3333
v 53.8571 2.0605 0.1111
v 52.6286 2.5149 1.3333
v 52.6286 2.6775 2.5556
v 53.8571 2.4177 2.5556
v 52.6286 2.5149 1.3333
v 53.8571 2.4177 2.5556
v 53.8571 2.2981 1.3333
v 52.6286 2.6775 2.5556
v 52.6286 2.7221 3.7778
v 53.8571 2.4276 3.7778
v 52.6286 2.6775 2.5556
v 53.8571 2.4276 3.7778
v 53.8571 2.4177 2.5556
v 52.6286 2.7221 3.7778
v 52.6286 2.6501 5.0
v 53.8571 2.3418 5.0
v 52.6286 2.7221 3.7778
v 53.8571 2.3418 5.0
v 53.8571 2.4276 3.7778
v 52.6286 2.6501 5.0
v 52.6286 2.4761 6.2222
v 53.8571 2.1783 6.2222
v 52.6286 2.6501 5.0
v 53.8571 2.1783 6.2222
v 53.8571 2.3418 5.0
v 52.6286 2.4761 6.2222
v 52.6286 2.2203 7.4444
v 53.8571 1.9508 7.4444
v 52.6286 2.4761 6.2222
v 53.8571 1.9508 7.4444
v 53.8571 2.1783 6.2222
v 52.6286 2.2203 7.4444
v 52.6286 1.8967 8.6667
v 53.8571 1.6592 8.6667
v 52.6286 2.2203 7.4444
v 53.8571 1.6592 8.6667
v 53.8571 1.9508 7.4444
v 52.6286 1.8967 8.6667
v 52.6286 1.5003 9.8889
v 53.8571 1.2785 9.8889
v 52.6286 1.8967 8.6667
v 53.8571 1.2785 9.8889
v 53.8571 1.6592 8.6667
v 52.6286 1.5003 9.8889
v 52.6286 0.9848 11.1111
v 53.8571 0.7208 11.1111
v 52.6286 1.5003 9.8889
v 53.8571 0.7208 11.1111
v 53.8571 1.2785 9.8889
v 52.6286 0.9848 11.1111
v 52.6286 0 12.3333
v 53.8571 0 12.3333
v 52.6286 0.9848 11.1111
v 53.8571 0 12.3333
v 53.8571 0.7208 11.1111
v 53.8571 0 -4.7778
v 53.8571 0.4233 -3.5556
v 55.0857 0 -3.5556
v 53.8571 0.4233 -3.5556
v 53.8571 1.1941 -2.3333
v 55.0857 0.8572 -2.3333
v 53.8571 0.4233 -3.5556
v 55.0857 0.8572 -2.3333
v 55.0857 0 -3.5556
v 53.8571 1.1941 -2.3333
v 53.8571 1.6987 -1.1111
v 55.0857 1.406 -1.1111
v 53.8571 1.1941 -2.3333
v 55.0857 1.406 -1.1111
v 55.0857 0.8572 -2.3333
v 53.8571 1.6987 -1.1111
v 53.8571 2.0605 0.1111
v 55.0857 1.7593 0.1111
v 53.8571 1.6987 -1.1111
v 55.0857 1.7593 0.1111
v 55.0857 1.406 -1.1111
v 53.8571 2.0605 0.1111
v 53.8571 2.2981 1.3333
v 55.0857 1.9733 1.3333
v 53.8571 2.0605 0.1111
v 55.0857 1.9733 1.3333
v 55.0857 1.7593 0.1111
v 53.8571 2.2981 1.3333
v 53.8571 2.4177 2.5556
v 55.0857 2.0737 2.5556
v 53.8571 2.2981 1.3333
v 55.0857 2.0737 2.5556
v 55.0857 1.9733 1.3333
v 53.8571 2.4177 2.5556
v 53.8571 2.4276 3.7778
v 55.0857 2.0812 3.7778
v 53.8571 2.4177 2.5556
v 55.0857 2.0812 3.7778
v 55.0857 2.0737 2.5556
v 53.8571 2.4276 3.7778
v 53.8571 2.3418 5.0
v 55.0857 2.0137 5.0
v 53.8571 2.4276 3.7778
v 55.0857 2.0137 5.0
v 55.0857 2.0812 3.7778
v 53.8571 2.3418 5.0
v 53.8571 2.1783 6.2222
v 55.0857 1.8831 6.2222
v 53.8571 2.3418 5.0
v 55.0857 1.8831 6.2222
v 55.0857 2.0137 5.0
v 53.8571 2.1783 6.2222
v 53.8571 1.9508 7.4444
v 55.0857 1.6892 7.4444
v 53.8571 2.1783 6.2222
v 55.0857 1.6892 7.4444
v 55.0857 1.8831 6.2222
v 53.8571 1.9508 7.4444
v 53.8571 1.6592 8.6667
v 55.0857 1.4139 8.6667
v 53.8571 1.9508 7.4444
v 55.0857 1.4139 8.6667
v 55.0857 1.6892 7.4444
v 53.8571 1.6592 8.6667
v 53.8571 1.2785 9.8889
v 55.0857 1.0064 9.8889
v 53.8571 1.6592 8.6667
v 55.0857 1.0064 9.8889
v 55.0857 1.4139 8.6667
v 53.8571 1.2785 9.8889
v 53.8571 0.7208 11.1111
v 55.0857 0.2588 11.1111
v 53.8571 1.2785 9.8889
v 55.0857 0.2588 11.1111
v 55.0857 1.0064 9.8889
v 53.8571 0.7208 11.1111
v 53.8571 0 12.3333
v 55.0857 0 12.3333
v 53.8571 0.7208 11.1111
v 55.0857 0 12.3333
v 55.0857 0.2588 11.1111
v 55.0857 0 -3.5556
v 56.3143 0.2559 -2.3333
v 56.3143 0 -3.5556
v 55.0857 0.8572 -2.3333
v 55.0857 1.406 -1.1111
v 56.3143 0.9803 -1.1111
v 55.0857 0.8572 -2.3333
v 56.3143 0.9803 -1.1111
v 56.3143 0.2559 -2.3333
v 55.0857 1.406 -1.1111
v 55.0857 1.7593 0.1111
v 56.3143 1.3583 0.1111
v 55.0857 1.406 -1.1111
v 56.3143 1.3583 0.1111
v 56.3143 0.9803 -1.1111
v 55.0857 1.7593 0.1111
v 55.0857 1.9733 1.3333
v 56.3143 1.5795 1.3333
v 55.0857 1.7593 0.1111
v 56.3143 1.5795 1.3333
v 56.3143 1.3583 0.1111
v 55.0857 1.9733 1.3333
v 55.0857 2.0737 2.5556
v 56.3143 1.6935 2.5556
v 55.0857 1.9733 1.3333
v 56.3143 1.6935 2.5556
v 56.3143 1.5795 1.3333
v 55.0857 2.0737 2.5556
v 55.0857 2.0812 3.7778
v 56.3143 1.7269 3.7778
v 55.0857 2.0737 2.5556
v 56.3143 1.7269 3.7778
v 56.3143 1.6935 2.5556
v 55.0857 2.0812 3.7778
v 55.0857 2.0137 5.0
v 56.3143 1.6932 5.0
v 55.0857 2.0812 3.7778
v 56.3143 1.6932 5.0
v 56.3143 1.7269 3.7778
v 55.0857 2.0137 5.0
v 55.0857 1.8831 6.2222
v 56.3143 1.5923 6.2222
v 55.0857 2.0137 5.0
v 56.3143 1.5923 6.2222
v 56.3143 1.6932 5.0
v 55.0857 1.8831 6.2222
v 55.0857 1.6892 7.4444
v 56.3143 1.4088 7.4444
v 55.0857 1.8831 6.2222
v 56.3143 1.4088 7.4444
v 56.3143 1.5923 6.2222
v 55.0857 1.6892 7.4444
v 55.0857 1.4139 8.6667
v 56.3143 1.1056 8.6667
v 55.0857 1.6892 7.4444
v 56.3143 1.1056 8.6667
v 56.3143 1.4088 7.4444
v 55.0857 1.4139 8.6667
v 55.0857 1.0064 9.8889
v 56.3143 0.584 9.8889
v 55.0857 1.4139 8.6667
v 56.3143 0.584 9.8889
v 56.3143 1.1056 8.6667
v 55.0857 1.0064 9.8889
v 55.0857 0.2588 11.1111
v 56.3143 0 11.1111
v 55.0857 1.0064 9.8889
v 56.3143 0 11.1111
v 56.3143 0.584 9.8889
v 55.0857 0.2588 11.1111
v 55.0857 0 12.3333
v 56.3143 0 12.3333
v 55.0857 0.2588 11.1111
v 56.3143 0 12.3333
v 56.3143 0 11.1111
v 56.3143 0 -3.5556
v 56.3143 0.2559 -2.3333
v 57.5429 0 -2.3333
v 56.3143 0.2559 -2.3333
v 56.3143 0.9803 -1.1111
v 57.5429 0.3582 -1.1111
v 56.3143 0.2559 -2.3333
v 57.5429 0.3582 -1.1111
v 57.5429 0 -2.3333
v 56.3143 0.9803 -1.1111
v 56.3143 1.3583 0.1111
v 57.5429 0.8695 0.1111
v 56.3143 0.9803 -1.1111
v 57.5429 0.8695 0.1111
v 57.5429 0.3582 -1.1111
v 56.3143 1.3583 0.1111
v 56.3143 1.5795 1.3333
v 57.5429 1.1409 1.3333
v 56.3143 1.3583 0.1111
v 57.5429 1.1409 1.3333
v 57.5429 0.8695 0.1111
v 56.3143 1.5795 1.3333
v 56.3143 1.6935 2.5556
v 57.5429 1.2943 2.5556
v 56.3143 1.5795 1.3333
v 57.5429 1.2943 2.5556
v 57.5429 1.1409 1.3333
v 56.3143 1.6935 2.5556
v 56.3143 1.7269 3.7778
v 57.5429 1.3627 3.7778
v 56.3143 1.6935 2.5556
v 57.5429 1.3627 3.7778
v 57.5429 1.2943 2.5556
v 56.3143 1.7269 3.7778
v 56.3143 1.6932 5.0
v 57.5429 1.3527 5.0
v 56.3143 1.7269 3.7778
v 57.5429 1.3527 5.0
v 57.5429 1.3627 3.7778
v 56.3143 1.6932 5.0
v 56.3143 1.5923 6.2222
v 57.5429 1.2527 6.2222
v 56.3143 1.6932 5.0
v 57.5429 1.2527 6.2222
v 57.5429 1.3527 5.0
v 56.3143 1.5923 6.2222
v 56.3143 1.4088 7.4444
v 57.5429 1.0329 7.4444
v 56.3143 1.5923 6.2222
v 57.5429 1.0329 7.4444
v 57.5429 1.2527 6.2222
v 56.3143 1.4088 7.4444
v 56.3143 1.1056 8.6667
v 57.5429 0.6212 8.6667
v 56.3143 1.4088 7.4444
v 57.5429 0.6212 8.6667
v 57.5429 1.0329 7.4444
v 56.3143 1.1056 8.6667
v 56.3143 0.584 9.8889
v 57.5429 0 9.8889
v 56.3143 1.1056 8.6667
v 57.5429 0 9.8889
v 57.5429 0.6212 8.6667
v 56.3143 0.584 9.8889
v 56.3143 0 11.1111
v 57.5429 0 11.1111
v 56.3143 0.584 9.8889
v 57.5429 0 11.1111
v 57.5429 0 9.8889
v 57.5429 0 -2.3333
v 57.5429 0.3582 -1.1111
v 58.7714 0 -1.1111
v 57.5429 0.3582 -1.1111
v 57.5429 0.8695 0.1111
v 58.7714 0.1069 0.1111
v 57.5429 0.3582 -1.1111
v 58.7714 0.1069 0.1111
v 58.7714 0 -1.1111
v 57.5429 0.8695 0.1111
v 57.5429 1.1409 1.3333
v 58.7714 0.5989 1.3333
v 57.5429 0.8695 0.1111
v 58.7714 0.5989 1.3333
v 58.7714 0.1069 0.1111
v 57.5429 1.1409 1.3333
v 57.5429 1.2943 2.5556
v 58.7714 0.8188 2.5556
v 57.5429 1.1409 1.3333
v 58.7714 0.8188 2.5556
v 58.7714 0.5989 1.3333
v 57.5429 1.2943 2.5556
v 57.5429 1.3627 3.7778
v 58.7714 0.9156 3.7778
v 57.5429 1.2943 2.5556
v 58.7714 0.9156 3.7778
v 58.7714 0.8188 2.5556
v 57.5429 1.3627 3.7778
v 57.5429 1.3527 5.0
v 58.7714 0.9002 5.0
v 57.5429 1.3627 3.7778
v 58.7714 0.9002 5.0
v 58.7714 0.9156 3.7778
v 57.5429 1.3527 5.0
v 57.5429 1.2527 6.2222
v 58.7714 0.7511 6.2222
v 57.5429 1.3527 5.0
v 58.7714 0.7511 6.2222
v 58.7714 0.9002 5.0
v 57.5429 1.2527 6.2222
v 57.5429 1.0329 7.4444
v 58.7714 0.3912 7.4444
v 57.5429 1.2527 6.2222
v 58.7714 0.3912 7.4444
v 58.7714 0.7511 6.2222
v 57.5429 1.0329 7.4444
v 57.5429 0.6212 8.6667
v 58.7714 0 8.6667
v 57.5429 1.0329 7.4444
v 58.7714 0 8.6667
v 58.7714 0.3912 7.4444
v 57.5429 0.6212 8.6667
v 57.5429 0 9.8889
v 58.7714 0 9.8889
v 57.5429 0.6212 8.6667
v 58.7714 0 9.8889
v 58.7714 0 8.6667
v 58.7714 0 -1.1111
v 58.7714 0.1069 0.1111
v 60.0 0 0.1111
v 58.7714 0.1069 0.1111
v 58.7714 0.5989 1.3333
v 60.0 0 1.3333
v 58.7714 0.1069 0.1111
v 60.0 0 1.3333
v 60.0 0 0.1111
v 58.7714 0.5989 1.3333
v 58.7714 0.8188 2.5556
v 60.0 0 2.5556
v 58.7714 0.5989 1.3333
v 60.0 0 2.5556
v 60.0 0 1.3333
v 58.7714 0.8188 2.5556
v 58.7714 0.9156 3.7778
v 60.0 0 3.7778
v 58.7714 0.8188 2.5556
v 60.0 0 3.7778
v 60.0 0 2.5556
v 58.7714 0.9156 3.7778
v 58.7714 0.9002 5.0
v 60.0 0 5.0
v 58.7714 0.9156 3.7778
v 60.0 0 5.0
v 60.0 0 3.7778
v 58.7714 0.9002 5.0
v 58.7714 0.7511 6.2222
v 60.0 0 6.2222
v 58.7714 0.9002 5.0
v 60.0 0 6.2222
v 60.0 0 5.0
v 58.7714 0.7511 6.2222
v 58.7714 0.3912 7.4444
v 60.0 0 7.4444
v 58.7714 0.7511 6.2222
v 60.0 0 7.4444
v 60.0 0 6.2222
v 58.7714 0.3912 7.4444
v 58.7714 0 8.6667
v 60.0 0 8.6667
v 58.7714 0.3912 7.4444
v 60.0 0 8.6667
v 60.0 0 7.4444
vn -0.1448 0.98946 0.0
vn 0.0 0.98935 -0.14553
vn -0.39427 0.91899 0.0
vn -0.1394 0.95253 -0.27067
vn -0.49011 0.87166 0.0
vn -0.39132 0.91211 -0.12217
vn -0.51539 0.85696 0.0
vn -0.48982 0.87115 -0.03428
vn -0.47938 0.87761 0.0
vn -0.51481 0.85599 0.04748
vn -0.35131 0.93626 0.0
vn -0.47401 0.86779 0.14916
vn -0.33126 0.88283 0.33299
vn -0.2548 0.96699 0.0
vn 0.0 0.96667 -0.25602
vn -0.40971 0.9025 -0.13276
vn -0.24215 0.919 -0.31112
vn -0.3356 0.90613 -0.25749
vn -0.40667 0.89581 -0.17928
vn -0.32531 0.93724 -0.12553
vn -0.34546 0.93275 -0.1031
vn -0.3176 0.94749 -0.03729
vn -0.32779 0.9444 -0.02589
vn -0.31732 0.94686 0.05253
vn -0.31738 0.94684 0.0526
vn -0.33942 0.92704 0.15935
vn -0.31496 0.93984 0.13225
vn -0.42575 0.84662 0.31933
vn -0.33542 0.91611 0.21962
vn -0.40946 0.81422 0.41157
vn -0.18177 0.98334 0.0
vn 0.0 0.98317 -0.18269
vn -0.34405 0.90766 -0.24039
vn -0.16561 0.89592 -0.41219
vn -0.28278 0.90853 -0.30758
vn -0.34363 0.90655 -0.24512
vn -0.26718 0.94491 -0.18911
vn -0.29328 0.94227 -0.16159
vn -0.24878 0.9627 -0.10641
vn -0.27116 0.95899 -0.08254
vn -0.23092 0.97261 -0.02666
vn -0.2502 0.96817 -0.0061
vn -0.21962 0.97408 0.05412
vn -0.23051 0.97086 0.06561
vn -0.22298 0.96531 0.13584
vn -0.21805 0.96714 0.13071
vn -0.252 0.94106 0.2256
vn -0.2208 0.95587 0.1938
vn -0.39195 0.82105 0.41503
vn -0.24878 0.92903 0.27388
vn -0.39533 0.82813 0.3974
vn -0.34717 0.92202 -0.17132
vn 0.0 0.8709 -0.49146
vn -0.24098 0.88169 -0.40564
vn -0.33428 0.8878 -0.31634
vn -0.22224 0.94119 -0.25449
vn -0.25723 0.94114 -0.21929
vn -0.19777 0.96614 -0.16569
vn -0.2277 0.96434 -0.13492
vn -0.17401 0.98112 -0.08445
vn -0.20022 0.97807 -0.0573
vn -0.15691 0.98759 -0.00622
vn -0.17462 0.98456 0.01208
vn -0.15202 0.98613 0.06665
vn -0.15651 0.9851 0.07125
vn -0.1619 0.97792 0.13217
vn -0.15123 0.98102 0.12135
vn -0.18675 0.96282 0.19521
vn -0.16097 0.97232 0.16937
vn -0.231 0.93325 0.27512
vn -0.1853 0.95534 0.2302
vn -0.30123 0.85969 0.41254
vn -0.22567 0.91174 0.34323
vn -0.3138 0.89556 0.31542
vn -0.29797 0.95458 0.0
vn 0.0 0.95413 -0.29939
vn -0.21125 0.85125 -0.48037
vn -0.26891 0.86148 -0.43074
vn -0.18236 0.92619 -0.33002
vn -0.23097 0.93069 -0.28366
vn -0.15406 0.96228 -0.22422
vn -0.18971 0.9635 -0.18887
vn -0.12901 0.98208 -0.1374
vn -0.15715 0.98154 -0.10898
vn -0.11351 0.99184 -0.0581
vn -0.13014 0.99064 -0.04118
vn -0.11145 0.99369 0.0122
vn -0.11369 0.99341 0.01447
vn -0.12326 0.98979 0.07159
vn -0.11126 0.99201 0.05941
vn -0.1453 0.9819 0.12146
vn -0.12297 0.98747 0.09888
vn -0.17196 0.97049 0.16905
vn -0.1449 0.97923 0.14181
vn -0.2004 0.95245 0.2295
vn -0.17094 0.96472 0.20025
vn -0.24643 0.90702 0.34145
vn -0.19677 0.93519 0.29444
vn 0.0 0.94321 0.3322
vn -0.22448 0.82625 0.51665
vn -0.23849 0.9266 -0.29075
vn 0.0 0.86785 -0.49683
vn -0.14776 0.88461 -0.4423
vn -0.23173 0.90033 -0.3684
vn -0.11791 0.94989 -0.2895
vn -0.15952 0.95504 -0.2499
vn -0.09376 0.977 -0.19152
vn -0.12152 0.97892 -0.16418
vn -0.08288 0.99047 -0.10997
vn -0.09507 0.99066 -0.09775
vn -0.08782 0.99528 -0.04137
vn -0.0833 0.99547 -0.04594
vn -0.10642 0.99422 0.01448
vn -0.0879 0.99612 -0.00432
vn -0.13233 0.98943 0.05926
vn -0.10638 0.99378 0.03285
vn -0.15796 0.98253 0.09839
vn -0.13221 0.98859 0.07214
vn -0.17751 0.97396 0.14105
vn -0.15757 0.9801 0.12077
vn -0.18939 0.96141 0.19957
vn -0.17616 0.96657 0.18632
vn -0.20212 0.93416 0.29411
vn -0.18564 0.94237 0.27835
vn -0.24428 0.8222 0.51412
vn -0.18671 0.86294 0.46956
vn -0.27381 0.92157 0.27522
vn -0.13405 0.86001 -0.49235
vn 0.0 0.808 -0.58918
vn -0.09144 0.92164 -0.37712
vn -0.14545 0.93317 -0.32869
vn -0.06866 0.96515 -0.25254
vn -0.09617 0.96931 -0.22627
vn -0.06273 0.98428 -0.16508
vn -0.07007 0.98497 -0.15786
vn -0.07472 0.99239 -0.09792
vn -0.06322 0.99198 -0.10941
vn -0.10047 0.99388 -0.04586
vn -0.07488 0.99461 -0.07169
vn -0.13096 0.99138 -0.0043
vn -0.10052 0.99431 -0.03531
vn -0.15667 0.98711 0.03263
vn -0.13096 0.99137 0.00625
vn -0.17123 0.98262 0.07171
vn -0.1565 0.98606 0.05655
vn -0.17282 0.97756 0.12046
vn -0.17048 0.97826 0.11806
vn -0.16506 0.96845 0.18669
vn -0.17083 0.96632 0.19244
vn -0.15824 0.94696 0.2797
vn -0.16117 0.94564 0.28248
vn -0.15882 0.86723 0.47189
vn -0.14618 0.8748 0.46191
vn 0.0 0.95818 0.28615
vn -0.16273 0.88856 0.42894
vn -0.26788 0.96345 0.0
vn 0.0 0.9631 -0.26916
vn -0.07215 0.8059 -0.58764
vn -0.23767 0.85481 -0.46132
vn -0.05381 0.94183 -0.33175
vn -0.08497 0.94907 -0.30339
vn -0.05106 0.97255 -0.22702
vn -0.05561 0.97331 -0.22266
vn -0.06752 0.98515 -0.15789
vn -0.05163 0.98348 -0.17348
vn -0.09743 0.98924 -0.10911
vn -0.06771 0.98801 -0.13872
vn -0.13087 0.98883 -0.07128
vn -0.09747 0.98968 -0.10503
vn -0.15619 0.98711 -0.03505
vn -0.13096 0.98952 -0.06088
vn -0.16536 0.98621 0.00621
vn -0.15628 0.98771 -0.00315
vn -0.15768 0.98587 0.05654
vn -0.16502 0.98421 0.06409
vn -0.13806 0.98329 0.11867
vn -0.15644 0.97811 0.13725
vn -0.11514 0.97422 0.19401
vn -0.13581 0.96729 0.21424
vn -0.10102 0.95326 0.28476
vn -0.11214 0.94886 0.29509
vn -0.09622 0.88019 0.46476
vn -0.09343 0.88165 0.46257
vn 0.0 0.90056 0.43473
vn -0.09363 0.8565 0.50758
vn -0.1131 0.95692 -0.26743
vn 0.0 0.92903 -0.37
vn -0.04658 0.87907 -0.47442
vn -0.10619 0.89847 -0.426
vn -0.04477 0.95156 -0.30418
vn -0.0505 0.95294 -0.29893
vn -0.06241 0.97292 -0.22257
vn -0.04564 0.97005 -0.23858
vn -0.09188 0.98063 -0.17297
vn -0.0627 0.97749 -0.20145
vn -0.12327 0.98273 -0.13798
vn -0.09194 0.9813 -0.16909
vn -0.14645 0.98369 -0.10439
vn -0.12344 0.98411 -0.12762
vn -0.15209 0.9865 -0.0607
vn -0.14694 0.98694 -0.06597
vn -0.1362 0.99068 -0.00316
vn -0.15236 0.98823 0.01342
vn -0.10661 0.9922 0.06462
vn -0.1356 0.98629 0.09401
vn -0.07428 0.98756 0.13858
vn -0.10529 0.97993 0.16926
vn -0.04993 0.97512 0.21598
vn -0.07285 0.96855 0.2379
vn -0.0424 0.95403 0.2967
vn -0.04874 0.9519 0.3025
vn -0.04975 0.88442 0.46403
vn -0.03952 0.88913 0.45595
vn -0.02562 0.86 0.50965
vn -0.04777 0.84923 0.52585
vn -0.0573 0.9275 -0.36939
vn 0.0 0.90837 -0.41818
vn -0.0388 0.9029 -0.4281
vn -0.05614 0.90869 -0.41368
vn -0.05521 0.9527 -0.29886
vn -0.04079 0.94919 -0.31205
vn -0.0813 0.96785 -0.23804
vn -0.05583 0.9634 -0.26217
vn -0.10622 0.97388 -0.2007
vn -0.08157 0.97103 -0.22459
vn -0.12165 0.97816 -0.16855
vn -0.10658 0.97724 -0.18342
vn -0.12272 0.9842 -0.12764
vn -0.1224 0.9842 -0.12796
vn -0.10499 0.99226 -0.06633
vn -0.1236 0.9912 -0.04744
vn -0.06845 0.99756 0.01355
vn -0.10509 0.99317 0.05063
vn -0.03045 0.99503 0.09484
vn -0.06785 0.98892 0.13204
vn -0.00353 0.9854 0.1702
vn -0.03 0.98016 0.19592
vn 0.00632 0.97112 0.23853
vn -0.00347 0.96881 0.24779
vn -0.00202 0.95303 0.30286
vn 0.00622 0.95538 0.29532
vn -0.02179 0.88961 0.4562
vn -0.0019 0.89788 0.44024
vn -0.06519 0.84839 0.52534
vn -0.02131 0.86985 0.49286
vn -0.07618 0.99142 0.10626
vn -0.03082 0.90793 -0.41798
vn 0.0 0.8964 -0.44325
vn -0.04004 0.9094 -0.414
vn -0.03076 0.9062 -0.42174
vn -0.06259 0.94812 -0.3117
vn -0.04151 0.9428 -0.33077
vn -0.08071 0.96176 -0.26173
vn -0.06327 0.95847 -0.27808
vn -0.08666 0.97062 -0.22449
vn -0.08139 0.96989 -0.22956
vn -0.07721 0.9799 -0.18392
vn -0.08758 0.98089 -0.17375
vn -0.05512 0.99015 -0.12873
vn -0.0781 0.99131 -0.10585
vn -0.02438 0.99856 -0.0478
vn -0.05558 0.99832 -0.01642
vn 0.01536 0.99859 0.0509
vn -0.02431 0.99559 0.09058
vn 0.03942 0.99043 0.13224
vn 0.01519 0.98762 0.15611
vn 0.04481 0.97962 0.19581
vn 0.03895 0.97872 0.20148
vn 0.03318 0.96828 0.24766
vn 0.04439 0.97049 0.23702
vn 0.01065 0.95534 0.29531
vn 0.03293 0.96096 0.27472
vn -0.01169 0.89782 0.44021
vn 0.01011 0.90637 0.42237
vn -0.02393 0.8698 0.49283
vn -0.0114 0.8754 0.48326
vn 0.0 0.9943 0.10657
vn -0.02725 0.99066 0.13358
vn -0.01058 0.89635 -0.44322
vn 0.0 0.89215 -0.45173
vn -0.03208 0.90616 -0.42172
vn -0.0106 0.89825 -0.43935
vn -0.04665 0.94258 -0.3307
vn -0.03324 0.93886 -0.34268
vn -0.04638 0.95936 -0.27834
vn -0.04749 0.95961 -0.27731
vn -0.02961 0.97269 -0.23022
vn -0.04718 0.97583 -0.2134
vn 0.00032 0.98467 -0.17442
vn -0.03011 0.98903 -0.14461
vn 0.03607 0.9937 -0.1061
vn 0.00032 0.99752 -0.07044
vn 0.06683 0.99763 -0.01641
vn 0.03627 0.99924 0.01439
vn 0.07951 0.99273 0.09032
vn 0.06648 0.99242 0.10337
vn 0.07496 0.98496 0.15569
vn 0.07891 0.98526 0.15178
vn 0.0554 0.97796 0.20132
vn 0.07461 0.98034 0.18264
vn 0.02822 0.97106 0.23716
vn 0.05528 0.97586 0.21127
vn 0.0029 0.96148 0.27487
vn 0.02811 0.96751 0.25126
vn -0.009 0.90638 0.42238
vn 0.00274 0.91089 0.41263
vn -0.00114 0.87546 0.48329
vn -0.00866 0.87221 0.48906
vn 0.0 0.99103 0.13363
vn -0.00129 0.99086 0.1349
vn 0.01982 0.89198 -0.45164
vn 0.0 0.90011 -0.43566
vn -0.00314 0.8983 -0.43937
vn 0.01975 0.88887 -0.45774
vn -0.00252 0.93938 -0.34287
vn -0.00329 0.93962 -0.34219
vn 0.01572 0.96057 -0.27759
vn -0.00259 0.96546 -0.26052
vn 0.04591 0.97588 -0.21341
vn 0.01608 0.98268 -0.18459
vn 0.07949 0.98635 -0.14422
vn 0.0467 0.99265 -0.11167
vn 0.10729 0.99176 -0.07003
vn 0.08025 0.99586 -0.0427
vn 0.11784 0.99293 0.0143
vn 0.10752 0.99389 0.0248
vn 0.09925 0.98971 0.10308
vn 0.11743 0.98946 0.08476
vn 0.06934 0.98596 0.15189
vn 0.09903 0.98753 0.1224
vn 0.03615 0.98244 0.18303
vn 0.06936 0.98618 0.15048
vn 0.00859 0.97732 0.21159
vn 0.03613 0.98208 0.18497
vn -0.00496 0.96788 0.25135
vn 0.00854 0.97108 0.2386
vn 0.00119 0.9109 0.41263
vn -0.00466 0.90867 0.4175
vn 0.02718 0.87192 0.48889
vn 0.00112 0.86099 0.50862
vn 0.0 0.99086 0.1349
vn 0.03099 0.99407 0.10419
vn 0.0687 0.89798 -0.43463
vn 0.0 0.92619 -0.37705
vn 0.0441 0.88817 -0.45739
vn 0.06711 0.8772 -0.47542
vn 0.05727 0.93809 -0.34163
vn 0.04677 0.94202 -0.33227
vn 0.08247 0.96218 -0.25964
vn 0.05919 0.96956 -0.23759
vn 0.10886 0.97697 -0.18352
vn 0.0843 0.98362 -0.15934
vn 0.127 0.98568 -0.11089
vn 0.11025 0.98945 -0.09399
vn 0.13013 0.99059 -0.04247
vn 0.12769 0.99101 -0.03997
vn 0.11342 0.99324 0.02479
vn 0.13025 0.99145 0.00763
vn 0.07826 0.99329 0.08509
vn 0.11332 0.99232 0.04969
vn 0.0406 0.99159 0.1229
vn 0.07826 0.99327 0.08533
vn 0.01239 0.98848 0.15084
vn 0.0406 0.99158 0.12299
vn 0.00048 0.98272 0.18509
vn 0.01234 0.98475 0.17355
vn 0.0079 0.97109 0.2386
vn 0.00047 0.96936 0.24563
vn 0.02854 0.90831 0.41733
vn 0.00733 0.90049 0.43481
vn 0.08941 0.85754 0.50658
vn 0.02616 0.8328 0.55295
vn 0.0 0.99455 0.10424
vn 0.1037 0.99461 0.0
vn 0.14376 0.91657 -0.37314
vn 0.0 0.97027 -0.24203
vn 0.09496 0.87521 -0.47434
vn 0.13384 0.85331 -0.50394
vn 0.11099 0.93723 -0.33058
vn 0.1021 0.94104 -0.32253
vn 0.12819 0.96325 -0.23604
vn 0.11465 0.96806 -0.22297
vn 0.13674 0.97786 -0.1584
vn 0.13038 0.97973 -0.15205
vn 0.1311 0.98693 -0.09375
vn 0.13778 0.98535 -0.10053
vn 0.11113 0.993 -0.04005
vn 0.13143 0.98946 -0.06072
vn 0.07983 0.99678 0.00767
vn 0.11119 0.99351 -0.02414
vn 0.0454 0.99772 0.04996
vn 0.07983 0.99669 0.01525
vn 0.02019 0.99613 0.08557
vn 0.04537 0.99714 0.06037
vn 0.01228 0.99232 0.12309
vn 0.02013 0.99313 0.1153
vn 0.02316 0.98456 0.17352
vn 0.01216 0.98281 0.18423
vn 0.04894 0.9682 0.24534
vn 0.02264 0.96258 0.27006
vn 0.0715 0.89821 0.43371
vn 0.04494 0.88919 0.45533
vn 0.0 0.83309 0.55314
vn 0.06858 0.86152 0.50308
vn 0.23412 0.9433 -0.2353
vn 0.1346 0.85322 -0.50389
vn 0.20091 0.80951 -0.55166
vn 0.14238 0.93634 -0.32092
vn 0.14734 0.934 -0.32547
vn 0.14204 0.96461 -0.22217
vn 0.14642 0.96296 -0.22644
vn 0.12969 0.97982 -0.15207
vn 0.14366 0.9756 -0.16602
vn 0.10645 0.98918 -0.10093
vn 0.13019 0.9836 -0.12482
vn 0.07784 0.99509 -0.06106
vn 0.10656 0.99022 -0.09001
vn 0.05144 0.99838 -0.02426
vn 0.07789 0.99566 -0.05092
vn 0.03481 0.99928 0.01529
vn 0.05146 0.99867 -0.00147
vn 0.03386 0.9976 0.0604
vn 0.03476 0.99762 0.0595
vn 0.04934 0.99212 0.11519
vn 0.03363 0.99084 0.13077
vn 0.07626 0.98002 0.1837
vn 0.04856 0.97637 0.21058
vn 0.10753 0.95724 0.26856
vn 0.07401 0.95111 0.29984
vn 0.12111 0.88354 0.45243
vn 0.09849 0.87675 0.47076
vn 0.0 0.86355 0.50427
vn 0.12421 0.90616 0.40429
vn 0.16072 0.81562 -0.55582
vn 0.0 0.90033 -0.43521
vn 0.15246 0.93327 -0.32522
vn 0.18102 0.91862 -0.35123
vn 0.13403 0.96467 -0.22684
vn 0.15617 0.95602 -0.24827
vn 0.10896 0.97996 -0.16676
vn 0.13504 0.97196 -0.19251
vn 0.08304 0.98862 -0.12546
vn 0.10923 0.9824 -0.15152
vn 0.06374 0.99387 -0.09034
vn 0.0832 0.99046 -0.10981
vn 0.05681 0.99708 -0.05099
vn 0.0639 0.99626 -0.05812
vn 0.06449 0.99792 -0.00147
vn 0.05688 0.99836 0.00621
vn 0.08516 0.9946 0.05932
vn 0.06428 0.99469 0.08032
vn 0.11297 0.98506 0.13
vn 0.08423 0.98375 0.15857
vn 0.14046 0.96783 0.20874
vn 0.11067 0.96502 0.23766
vn 0.16425 0.94078 0.29658
vn 0.13592 0.93659 0.323
vn 0.1792 0.86677 0.4654
vn 0.15001 0.85922 0.48912
vn 0.0 0.91323 0.40745
vn 0.19716 0.95366 0.2273
vn -0.06464 0.89845 -0.4343
vn 0.0 0.8741 -0.48575
vn -0.02804 0.93369 -0.35699
vn -0.06796 0.94452 -0.32133
vn 0.00197 0.96789 -0.25136
vn -0.02927 0.97468 -0.2217
vn 0.04538 0.97993 -0.19409
vn 0.00201 0.98841 -0.15178
vn 0.08926 0.98437 -0.15182
vn 0.04599 0.99299 -0.10887
vn 0.08872 0.98999 -0.10976
vn 0.08975 0.98978 -0.11079
vn 0.10273 0.99302 -0.05793
vn 0.08917 0.99503 -0.04421
vn 0.12699 0.99188 0.00617
vn 0.10285 0.99422 0.03075
vn 0.15423 0.98483 0.07952
vn 0.12625 0.98611 0.10795
vn 0.17753 0.97157 0.1566
vn 0.15213 0.97144 0.1821
vn 0.19339 0.95266 0.23462
vn 0.17387 0.95152 0.25372
vn 0.20975 0.92433 0.31877
vn 0.18709 0.92162 0.34001
vn 0.20181 0.85117 0.48453
vn 0.19266 0.84902 0.49199
vn 0.0 0.97275 0.23185
vn 0.2307 0.97302 0.0
vn -0.41818 0.90837 0.0
vn 0.0 0.90755 -0.41995
vn -0.29837 0.83428 -0.46363
vn -0.38678 0.84017 -0.38015
vn -0.29724 0.90393 -0.30752
vn -0.32316 0.90359 -0.28123
vn -0.30895 0.92739 -0.21094
vn -0.30507 0.92773 -0.21504
vn -0.31833 0.937 -0.14389
vn -0.31248 0.93797 -0.15025
vn -0.29642 0.94937 -0.10409
vn -0.32071 0.94401 -0.07739
vn -0.19042 0.97561 -0.1092
vn -0.29803 0.95454 0.00547
vn -0.05197 0.99766 -0.04432
vn -0.19066 0.97684 0.09711
vn 0.11029 0.99342 0.03072
vn -0.05106 0.98025 0.19105
vn 0.21373 0.97109 0.1063
vn 0.10782 0.97114 0.21277
vn 0.22274 0.95819 0.17961
vn 0.21096 0.95853 0.1916
vn 0.22869 0.94063 0.25082
vn 0.21859 0.94032 0.26081
vn 0.26753 0.90399 0.3335
vn 0.21858 0.89904 0.37942
vn 0.0 0.86523 0.50138
vn 0.27394 0.92564 0.26104
vn -0.092 0.99576 0.0
vn 0.0 0.99572 -0.09247
vn -0.29318 0.86767 -0.4015
vn -0.07514 0.81328 -0.57701
vn -0.26069 0.87958 -0.39798
vn -0.29832 0.88289 -0.36263
vn -0.2725 0.91869 -0.28593
vn -0.27228 0.91868 -0.28616
vn -0.27767 0.93586 -0.21693
vn -0.2776 0.93587 -0.21701
vn -0.27123 0.9504 -0.15224
vn -0.2816 0.94908 -0.14124
vn -0.25231 0.96441 -0.07907
vn -0.274 0.96011 -0.05577
vn -0.22553 0.97422 0.00558
vn -0.25295 0.96685 0.03481
vn -0.20023 0.97494 0.09692
vn -0.22387 0.96701 0.12153
vn -0.18734 0.96416 0.18791
vn -0.1972 0.9602 0.19782
vn -0.13024 0.96851 0.2122
vn -0.18395 0.94672 0.26435
vn 0.02601 0.98027 0.19594
vn -0.12546 0.93294 0.33747
vn 0.24895 0.93328 0.25886
vn 0.02355 0.8874 0.4604
vn 0.25028 0.89199 0.37644
vn 0.23753 0.89045 0.38818
vn 0.0 0.96246 0.27142
vn 0.27015 0.96282 0.0
vn -0.38294 0.91981 -0.08542
vn 0.0 0.89034 -0.4553
vn -0.21343 0.79679 -0.56531
vn -0.34139 0.82 -0.45941
vn -0.2318 0.89982 -0.36959
vn -0.24132 0.9009 -0.36074
vn -0.23134 0.92885 -0.28933
vn -0.23938 0.92923 -0.28146
vn -0.21814 0.9507 -0.22044
vn -0.23672 0.95042 -0.20164
vn -0.19313 0.97048 -0.14443
vn -0.22217 0.96827 -0.11447
vn -0.16174 0.98517 -0.05723
vn -0.19513 0.98052 -0.02262
vn -0.13286 0.99049 0.03566
vn -0.16166 0.98469 0.06518
vn -0.11646 0.98544 0.12385
vn -0.13165 0.98149 0.13909
vn -0.11873 0.9725 0.20036
vn -0.11507 0.97367 0.19677
vn -0.13957 0.95373 0.26631
vn -0.11749 0.96232 0.24524
vn -0.17564 0.92575 0.33487
vn -0.13812 0.94381 0.30024
vn -0.23835 0.86206 0.44725
vn -0.17161 0.90451 0.39039
vn 0.0 0.91668 0.39961
vn -0.21955 0.79403 0.56684
vn -0.21744 0.86904 -0.4444
vn 0.0 0.79506 -0.60654
vn -0.18392 0.85753 -0.48044
vn -0.21634 0.86466 -0.45338
vn -0.17872 0.91339 -0.36575
vn -0.19648 0.9161 -0.34951
vn -0.15919 0.94485 -0.28619
vn -0.18537 0.94736 -0.26106
vn -0.13026 0.96989 -0.20577
vn -0.16365 0.97129 -0.17269
vn -0.09973 0.98813 -0.11682
vn -0.13264 0.98763 -0.08363
vn -0.07611 0.99683 -0.023
vn -0.10042 0.99494 0.00163
vn -0.06629 0.99562 0.0659
vn -0.07591 0.99425 0.07557
vn -0.07386 0.9874 0.13993
vn -0.06585 0.98906 0.13199
vn -0.09695 0.97557 0.19716
vn -0.07345 0.98197 0.17419
vn -0.12805 0.96105 0.24492
vn -0.09659 0.97191 0.21461
vn -0.15912 0.9408 0.29928
vn -0.1272 0.95464 0.26924
vn -0.18953 0.90149 0.38908
vn -0.15564 0.92021 0.35914
vn -0.19198 0.79875 0.57021
vn -0.171 0.81338 0.55603
vn -0.22751 0.94654 0.22868
vn -0.13637 0.78763 -0.60087
vn -0.12411 0.87879 -0.46078
vn -0.1535 0.88655 -0.43642
vn -0.10041 0.92959 -0.35466
vn -0.13221 0.93611 -0.3259
vn -0.06905 0.96176 -0.26503
vn -0.10448 0.96725 -0.23133
vn -0.04108 0.98373 -0.1749
vn -0.07085 0.9868 -0.14565
vn -0.02692 0.99607 -0.08434
vn -0.04162 0.9967 -0.06964
vn -0.031 0.99952 0.00164
vn -0.02701 0.99963 -0.00237
vn -0.04985 0.99588 0.0757
vn -0.03095 0.99791 0.05675
vn -0.07906 0.98811 0.13186
vn -0.04973 0.99347 0.10266
vn -0.11174 0.97846 0.17356
vn -0.07896 0.98684 0.14114
vn -0.13855 0.96706 0.21354
vn -0.11146 0.97601 0.18701
vn -0.15314 0.9511 0.26824
vn -0.1372 0.95768 0.25302
vn -0.15748 0.91994 0.35903
vn -0.14883 0.92436 0.3513
vn -0.19426 0.80981 0.55359
vn -0.14432 0.84306 0.5181
vn 0.0 0.97203 0.23484
vn -0.21116 0.88027 0.4249
vn -0.24436 0.96969 0.0
vn 0.0 0.96938 -0.24556
vn -0.19524 0.77478 -0.60134
vn -0.0485 0.89613 -0.44114
vn -0.08352 0.90732 -0.41205
vn -0.01745 0.94426 -0.32874
vn -0.0516 0.95326 -0.29771
vn 0.0072 0.97255 -0.23259
vn -0.01807 0.97787 -0.20842
vn 0.01441 0.98918 -0.14601
vn 0.00733 0.99026 -0.13904
vn -0.00171 0.99757 -0.0697
vn 0.01451 0.9962 -0.0859
vn -0.03717 0.99931 -0.00237
vn -0.00171 0.99928 -0.03802
vn -0.07439 0.99562 0.05662
vn -0.03716 0.99913 0.01913
vn -0.10682 0.98901 0.1022
vn -0.07433 0.99481 0.06951
vn -0.1292 0.98163 0.14039
vn -0.10664 0.9873 0.11778
vn -0.13559 0.97306 0.18644
vn -0.12837 0.97538 0.17931
vn -0.12608 0.95911 0.25339
vn -0.13326 0.9563 0.26024
vn -0.10883 0.92921 0.35315
vn -0.12138 0.92337 0.36422
vn -0.10919 0.84688 0.52045
vn -0.09981 0.8522 0.51361
vn 0.0 0.90057 0.4347
vn -0.10929 0.84773 0.51905
vn -0.06621 0.96725 -0.24502
vn 0.0 0.95184 -0.30661
vn -0.00849 0.78995 -0.61311
vn -0.05551 0.811 -0.58241
vn 0.01993 0.91032 -0.41342
vn -0.0099 0.9215 -0.38826
vn 0.04021 0.95376 -0.29786
vn 0.02101 0.95972 -0.28017
vn 0.04215 0.97716 -0.20827
vn 0.04121 0.9774 -0.20736
vn 0.02208 0.99005 -0.139
vn 0.04255 0.98634 -0.15914
vn -0.01743 0.99615 -0.0859
vn 0.02212 0.99188 -0.12521
vn -0.06849 0.99693 -0.03793
vn -0.01743 0.99587 -0.08914
vn -0.10016 0.99479 0.01905
vn -0.06853 0.99756 -0.01298
vn -0.11549 0.99089 0.06924
vn -0.10003 0.99354 0.05357
vn -0.11283 0.98662 0.1177
vn -0.11494 0.98612 0.11982
vn -0.09309 0.97925 0.18002
vn -0.11137 0.97387 0.19791
vn -0.06411 0.96292 0.26204
vn -0.09066 0.95368 0.28684
vn -0.03851 0.92956 0.36667
vn -0.06128 0.92034 0.3863
vn -0.03421 0.85598 0.51588
vn -0.03544 0.85538 0.51678
vn 0.0 0.85283 0.52218
vn -0.03345 0.83703 0.54613
vn 0.03283 0.95132 -0.30644
vn 0.0 0.96109 -0.27625
vn 0.04307 0.8115 -0.58276
vn 0.02827 0.81911 -0.57295
vn 0.0605 0.91985 -0.38757
vn 0.04907 0.9246 -0.37777
vn 0.05788 0.95832 -0.27977
vn 0.06291 0.95663 -0.28444
vn 0.03541 0.97761 -0.20741
vn 0.05867 0.97149 -0.22972
vn -0.00072 0.98723 -0.15929
vn 0.0355 0.98025 -0.19457
vn -0.0393 0.99136 -0.12515
vn -0.00072 0.9866 -0.16313
vn -0.06633 0.99382 -0.08896
vn -0.03934 0.99248 -0.11588
vn -0.0816 0.99658 -0.01296
vn -0.06657 0.99738 -0.02815
vn -0.07352 0.99585 0.0537
vn -0.08145 0.99477 0.06169
vn -0.04641 0.99163 0.12049
vn -0.07283 0.9865 0.14666
vn -0.01101 0.97991 0.19914
vn -0.04547 0.97161 0.23219
vn 0.02018 0.95743 0.28796
vn -0.01066 0.94865 0.31614
vn 0.03645 0.92146 0.38677
vn 0.0193 0.91571 0.40137
vn 0.03266 0.85546 0.51683
vn 0.03386 0.85596 0.51594
vn 0.0 0.8375 0.54643
vn 0.03251 0.8517 0.52302
vn 0.13389 0.95243 -0.27376
vn 0.0 0.98949 -0.14459
vn 0.07463 0.81715 -0.57158
vn 0.11181 0.79537 -0.59572
vn 0.0711 0.92337 -0.37727
vn 0.08382 0.91776 -0.38819
vn 0.04754 0.95744 -0.28468
vn 0.07304 0.94854 -0.30811
vn 0.01442 0.97306 -0.23009
vn 0.04786 0.96396 -0.26169
vn -0.01645 0.98073 -0.19467
vn 0.01444 0.9744 -0.22435
vn -0.03259 0.98608 -0.16304
vn -0.0165 0.98376 -0.17875
vn -0.02683 0.9929 -0.11593
vn -0.03283 0.99339 -0.10997
vn -0.01123 0.99954 -0.02821
vn -0.02701 0.99956 -0.01235
vn 0.01738 0.99793 0.06189
vn -0.01119 0.99584 0.09044
vn 0.0529 0.98774 0.14684
vn 0.01713 0.98317 0.18188
vn 0.0823 0.96931 0.23164
vn 0.05163 0.96403 0.26074
vn 0.09654 0.94428 0.31468
vn 0.07986 0.94064 0.32986
vn 0.09411 0.91182 0.39966
vn 0.0932 0.91157 0.40044
vn 0.08668 0.85322 0.51429
vn 0.08812 0.85373 0.5132
vn 0.0 0.85215 0.5233
vn 0.09006 0.8865 0.45388
vn 0.14238 0.97941 -0.14312
vn 0.09289 0.79693 -0.59688
vn 0.11399 0.78414 -0.61002
vn 0.07133 0.91866 -0.38857
vn 0.10522 0.90273 -0.41713
vn 0.04053 0.9503 -0.30868
vn 0.07286 0.93838 -0.33782
vn 0.01563 0.96495 -0.26196
vn 0.04084 0.95753 -0.28541
vn 0.00722 0.97448 -0.22436
vn 0.01575 0.97247 -0.2325
vn 0.02082 0.98368 -0.17874
vn 0.0073 0.98617 -0.16556
vn 0.05308 0.99253 -0.10987
vn 0.02109 0.99673 -0.07796
vn 0.09013 0.99585 -0.0123
vn 0.05338 0.99827 0.02483
vn 0.12284 0.98836 0.08976
vn 0.08945 0.98833 0.12332
vn 0.14484 0.97295 0.17999
vn 0.12075 0.97155 0.20374
vn 0.15114 0.95422 0.25809
vn 0.1419 0.95321 0.26694
vn 0.14247 0.93403 0.32755
vn 0.14809 0.93496 0.32236
vn 0.1275 0.90808 0.39891
vn 0.13891 0.91072 0.38897
vn 0.14069 0.84854 0.51008
vn 0.11814 0.84143 0.52729
vn 0.0 0.89012 0.45573
vn 0.15483 0.93383 0.32248
vn 0.1248 0.78312 -0.60922
vn 0.0 0.85076 -0.52555
vn 0.08963 0.90412 -0.41777
vn 0.13985 0.87755 -0.45863
vn 0.06519 0.93888 -0.338
vn 0.09197 0.92775 -0.3617
vn 0.06003 0.95661 -0.28513
vn 0.06627 0.95446 -0.2909
vn 0.07672 0.96972 -0.23184
vn 0.06114 0.97428 -0.2169
vn 0.11152 0.98005 -0.16453
vn 0.07818 0.98823 -0.13146
vn 0.153 0.98522 -0.07706
vn 0.11298 0.99294 -0.03623
vn 0.18581 0.98228 0.02443
vn 0.1532 0.98648 0.05811
vn 0.20089 0.97208 0.12129
vn 0.18407 0.9731 0.13854
vn 0.19787 0.95936 0.20118
vn 0.19826 0.95936 0.20079
vn 0.18092 0.94706 0.26522
vn 0.19553 0.94804 0.25099
vn 0.1593 0.93331 0.32179
vn 0.17878 0.93589 0.30354
vn 0.15037 0.90918 0.38831
vn 0.15536 0.91021 0.38391
vn 0.27952 0.81359 0.50984
vn 0.12773 0.7723 0.62229
vn 0.0 0.94523 0.32642
vn 0.32492 0.94574 0.0
vn 0.22388 0.82917 -0.51221
vn 0.0 0.94493 -0.32727
vn 0.1426 0.87721 -0.45845
vn 0.22265 0.82462 -0.52002
vn 0.12905 0.9239 -0.3602
vn 0.14859 0.91406 -0.37738
vn 0.14054 0.94707 -0.28865
vn 0.13275 0.95038 -0.28134
vn 0.16976 0.96194 -0.21416
vn 0.14414 0.97137 -0.18884
vn 0.20517 0.97018 -0.12906
vn 0.17299 0.98024 -0.09592
vn 0.23297 0.97184 -0.03546
vn 0.20689 0.97833 -0.00792
vn 0.24301 0.96834 0.05705
vn 0.23258 0.97019 0.06811
vn 0.23336 0.96268 0.13705
vn 0.24139 0.96186 0.12867
vn 0.20994 0.95698 0.20029
vn 0.23182 0.95633 0.17801
vn 0.18371 0.95024 0.25157
vn 0.20869 0.95129 0.22695
vn 0.16926 0.9375 0.30406
vn 0.18151 0.9389 0.29245
vn 0.19423 0.90385 0.38123
vn 0.16208 0.89773 0.40964
vn 0.0 0.77868 0.62743
vn 0.18201 0.84697 0.49951
vn 0.30957 0.89851 -0.31119
vn 0.22595 0.82398 -0.51962
vn 0.27149 0.78798 -0.55261
vn 0.21506 0.90269 -0.37269
vn 0.24268 0.88498 -0.39738
vn 0.22884 0.93343 -0.27632
vn 0.2231 0.93646 -0.2707
vn 0.25119 0.95015 -0.18471
vn 0.23474 0.95749 -0.16765
vn 0.26844 0.95872 -0.09381
vn 0.25478 0.96375 -0.07916
vn 0.27136 0.96245 -0.0078
vn 0.26962 0.96295 -0.00591
vn 0.25742 0.96393 0.06767
vn 0.27098 0.96112 0.05308
vn 0.23167 0.9642 0.12899
vn 0.25665 0.96103 0.10269
vn 0.20489 0.96226 0.17911
vn 0.23089 0.96096 0.15245
vn 0.19065 0.95486 0.2278
vn 0.20338 0.95517 0.21513
vn 0.20688 0.9341 0.29096
vn 0.1861 0.93209 0.31077
vn 0.32369 0.86078 0.39278
vn 0.18565 0.83824 0.51274
vn 0.0 0.86136 0.50799
vn 0.34526 0.91815 0.19442
vn 0.0 0.97878 -0.20492
vn 0.30139 0.86983 -0.39058
vn 0.38803 0.79285 -0.46992
vn 0.29919 0.91666 -0.26498
vn 0.31425 0.90695 -0.2805
vn 0.30107 0.93931 -0.16447
vn 0.30579 0.93688 -0.16956
vn 0.29472 0.95238 -0.07823
vn 0.30403 0.94854 -0.08847
vn 0.27708 0.96083 -0.0059
vn 0.29553 0.95498 -0.0261
vn 0.25206 0.96624 0.05336
vn 0.27699 0.96051 0.02648
vn 0.22909 0.96789 0.10343
vn 0.25162 0.96455 0.07963
vn 0.21989 0.96347 0.15285
vn 0.22791 0.96289 0.14457
vn 0.23778 0.94758 0.21342
vn 0.21627 0.94761 0.23506
vn 0.31008 0.9019 0.30071
vn 0.22488 0.89618 0.38247
vn 0.17686 0.83962 0.51358
vn 0.29628 0.86177 0.41178
vn 0.0 0.97831 0.20716
vn 0.20612 0.97853 0.0
vn 0.19976 0.95905 -0.20079
vn 0.39935 0.78868 -0.46745
vn 0.196 0.94102 -0.27579
vn 0.35529 0.89302 -0.27619
vn 0.42322 0.83583 -0.34967
vn 0.33143 0.9284 -0.16803
vn 0.36204 0.91 -0.20207
vn 0.30781 0.94734 -0.08836
vn 0.33389 0.93528 -0.11738
vn 0.28411 0.95843 -0.02619
vn 0.30858 0.94971 -0.05315
vn 0.26698 0.96334 0.02656
vn 0.2842 0.95873 0.00784
vn 0.26558 0.96082 0.07932
vn 0.26625 0.96069 0.0786
vn 0.2896 0.94654 0.14211
vn 0.26251 0.94969 0.17079
vn 0.3574 0.90648 0.22486
vn 0.27848 0.9102 0.30658
vn 0.40058 0.84273 0.35965
vn 0.33159 0.84103 0.42746
vn 0.0 0.90229 0.43114
vn 0.42931 0.90316 0.0
vn 0.26946 0.92414 -0.27085
vn 0.49695 0.80055 -0.33491
vn 0.27894 0.95666 -0.08367
vn 0.39557 0.8966 -0.1991
vn 0.49902 0.8039 -0.32361
vn 0.35851 0.92626 -0.11625
vn 0.39829 0.90277 -0.16241
vn 0.34152 0.93841 -0.05252
vn 0.35998 0.93005 -0.07366
vn 0.34562 0.93834 0.00768
vn 0.34197 0.93964 0.01184
vn 0.37693 0.92316 0.07553
vn 0.34339 0.93228 0.11373
vn 0.45722 0.87531 0.15742
vn 0.3647 0.8932 0.26302
vn 0.43215 0.85463 0.28786
vn 0.44541 0.85272 0.27291
vn 0.0 0.89146 0.4531
vn 0.45125 0.8924 0.0
vn 0.08635 0.99248 -0.08681
vn 0.41203 0.84525 -0.34026
vn 0.08668 0.99624 0.0
vn 0.54846 0.82296 -0.14806
vn 0.43818 0.89889 0.0
vn 0.59635 0.80022 -0.06338
vn 0.55458 0.83213 0.0
vn 0.591 0.80661 0.01016
vn 0.59755 0.80183 0.0
vn 0.51879 0.84861 0.10352
vn 0.59103 0.80665 0.0
vn 0.29212 0.91743 0.27016
vn 0.5216 0.85319 0.0
vn 0.0 0.95241 0.30482
vn 0.3034 0.95286 0.0
f 1//1 2//1 3//1
f 4//2 5//2 6//2
f 7//3 8//3 9//3
f 10//4 11//4 12//4
f 13//5 14//5 15//5
f 16//6 17//6 18//6
f 19//7 20//7 21//7
f 22//8 23//8 24//8
f 25//9 26//9 27//9
f 28//10 29//10 30//10
f 31//11 32//11 33//11
f 34//12 35//12 36//12
f 37//13 38//13 39//13
f 40//14 41//14 42//14
f 43//15 44//15 45//15
f 46//16 47//16 48//16
f 49//17 50//17 51//17
f 52//18 53//18 54//18
f 55//19 56//19 57//19
f 58//20 59//20 60//20
f 61//21 62//21 63//21
f 64//22 65//22 66//22
f 67//23 68//23 69//23
f 70//24 71//24 72//24
f 73//25 74//25 75//25
f 76//26 77//26 78//26
f 79//27 80//27 81//27
f 82//28 83//28 84//28
f 85//29 86//29 87//29
f 88//30 89//30 90//30
f 91//31 92//31 93//31
f 94//32 95//32 96//32
f 97//33 98//33 99//33
f 100//34 101//34 102//34
f 103//35 104//35 105//35
f 106//36 107//36 108//36
f 109//37 110//37 111//37
f 112//38 113//38 114//38
f 115//39 116//39 117//39
f 118//40 119//40 120//40
f 121//41 122//41 123//41
f 124//42 125//42 126//42
f 127//43 128//43 129//43
f 130//44 131//44 132//44
f 133//45 134//45 135//45
f 136//46 137//46 138//46
f 139//47 140//47 141//47
f 142//48 143//48 144//48
f 145//49 146//49 147//49
f 148//50 149//50 150//50
f 151//51 152//51 153//51
f 154//52 155//52 156//52
f 157//53 158//53 159//53
f 160//54 161//54 162//54
f 163//55 164//55 165//55
f 166//56 167//56 168//56
f 169//57 170//57 171//57
f 172//58 173//58 174//58
f 175//59 176//59 177//59
f 178//60 179//60 180//60
f 181//61 182//61 183//61
f 184//62 185//62 186//62
f 187//63 188//63 189//63
f 190//64 191//64 192//64
f 193//65 194//65 195//65
f 196//66 197//66 198//66
f 199//67 200//67 201//67
f 202//68 203//68 204//68
f 205//69 206//69 207//69
f 208//70 209//70 210//70
f 211//71 212//71 213//71
f 214//72 215//72 216//72
f 217//73 218//73 219//73
f 220//74 221//74 222//74
f 223//75 224//75 225//75
f 226//76 227//76 228//76
f 229//77 230//77 231//77
f 232//78 233//78 234//78
f 235//79 236//79 237//79
f 238//80 239//80 240//80
f 241//81 242//81 243//81
f 244//82 245//82 246//82
f 247//83 248//83 249//83
f 250//84 251//84 252//84
f 253//85 254//85 255//85
f 256//86 257//86 258//86
f 259//87 260//87 261//87
f 262//88 263//88 264//88
f 265//89 266//89 267//89
f 268//90 269//90 270//90
f 271//91 272//91 273//91
f 274//92 275//92 276//92
f 277//93 278//93 279//93
f 280//94 281//94 282//94
f 283//95 284//95 285//95
f 286//96 287//96 288//96
f 289//97 290//97 291//97
f 292//98 293//98 294//98
f 295//99 296//99 297//99
f 298//100 299//100 300//100
f 301//101 302//101 303//101
f 304//102 305//102 306//102
f 307//103 308//103 309//103
f 310//104 311//104 312//104
f 313//105 314//105 315//105
f 316//106 317//106 318//106
f 319//107 320//107 321//107
f 322//108 323//108 324//108
f 325//109 326//109 327//109
f 328//110 329//110 330//110
f 331//111 332//111 333//111
f 334//112 335//112 336//112
f 337//113 338//113 339//113
f 340//114 341//114 342//114
f 343//115 344//115 345//115
f 346//116 347//116 348//116
f 349//117 350//117 351//117
f 352//118 353//118 354//118
f 355//119 356//119 357//119
f 358//120 359//120 360//120
f 361//121 362//121 363//121
f 364//122 365//122 366//122
f 367//123 368//123 369//123
f 370//124 371//124 372//124
f 373//125 374//125 375//125
f 376//126 377//126 378//126
f 379//127 380//127 381//127
f 382//128 383//128 384//128
f 385//129 386//129 387//129
f 388//130 389//130 390//130
f 391//131 392//131 393//131
f 394//132 395//132 396//132
f 397//133 398//133 399//133
f 400//134 401//134 402//134
f 403//135 404//135 405//135
f 406//136 407//136 408//136
f 409//137 410//137 411//137
f 412//138 413//138 414//138
f 415//139 416//139 417//139
f 418//140 419//140 420//140
f 421//141 422//141 423//141
f 424//142 425//142 426//142
f 427//143 428//143 429//143
f 430//144 431//144 432//144
f 433//145 434//145 435//145
f 436//146 437//146 438//146
f 439//147 440//147 441//147
f 442//148 443//148 444//148
f 445//149 446//149 447//149
f 448//150 449//150 450//150
f 451//151 452//151 453//151
f 454//152 455//152 456//152
f 457//153 458//153 459//153
f 460//154 461//154 462//154
f 463//155 464//155 465//155
f 466//156 467//156 468//156
f 469//157 470//157 471//157
f 472//158 473//158 474//158
f 475//159 476//159 477//159
f 478//160 479//160 480//160
f 481//161 482//161 483//161
f 484//162 485//162 486//162
f 487//163 488//163 489//163
f 490//164 491//164 492//164
f 493//165 494//165 495//165
f 496//166 497//166 498//166
f 499//167 500//167 501//167
f 502//168 503//168 504//168
f 505//169 506//169 507//169
f 508//170 509//170 510//170
f 511//171 512//171 513//171
f 514//172 515//172 516//172
f 517//173 518//173 519//173
f 520//174 521//174 522//174
f 523//175 524//175 525//175
f 526//176 527//176 528//176
f 529//177 530//177 531//177
f 532//178 533//178 534//178
f 535//179 536//179 537//179
f 538//180 539//180 540//180
f 541//181 542//181 543//181
f 544//182 545//182 546//182
f 547//183 548//183 549//183
f 550//184 551//184 552//184
f 553//185 554//185 555//185
f 556//186 557//186 558//186
f 559//187 560//187 561//187
f 562//188 563//188 564//188
f 565//189 566//189 567//189
f 568//190 569//190 570//190
f 571//191 572//191 573//191
f 574//192 575//192 576//192
f 577//193 578//193 579//193
f 580//194 581//194 582//194
f 583//195 584//195 585//195
f 586//196 587//196 588//196
f 589//197 590//197 591//197
f 592//198 593//198 594//198
f 595//199 596//199 597//199
f 598//200 599//200 600//200
f 601//201 602//201 603//201
f 604//202 605//202 606//202
f 607//203 608//203 609//203
f 610//204 611//204 612//204
f 613//205 614//205 615//205
f 616//206 617//206 618//206
f 619//207 620//207 621//207
f 622//208 623//208 624//208
f 625//209 626//209 627//209
f 628//210 629//210 630//210
f 631//211 632//211 633//211
f 634//212 635//212 636//212
f 637//213 638//213 639//213
f 640//214 641//214 642//214
f 643//215 644//215 645//215
f 646//216 647//216 648//216
f 649//217 650//217 651//217
f 652//218 653//218 654//218
f 655//219 656//219 657//219
f 658//220 659//220 660//220
f 661//221 662//221 663//221
f 664//222 665//222 666//222
f 667//223 668//223 669//223
f 670//224 671//224 672//224
f 673//225 674//225 675//225
f 676//226 677//226 678//226
f 679//227 680//227 681//227
f 682//228 683//228 684//228
f 685//229 686//229 687//229
f 688//230 689//230 690//230
f 691//231 692//231 693//231
f 694//232 695//232 696//232
f 697//233 698//233 699//233
f 700//234 701//234 702//234
f 703//235 704//235 705//235
f 706//236 707//236 708//236
f 709//237 710//237 711//237
f 712//238 713//238 714//238
f 715//239 716//239 717//239
f 718//240 719//240 720//240
f 721//241 722//241 723//241
f 724//242 725//242 726//242
f 727//243 728//243 729//243
f 730//244 731//244 732//244
f 733//245 734//245 735//245
f 736//246 737//246 738//246
f 739//247 740//247 741//247
f 742//248 743//248 744//248
f 745//249 746//249 747//249
f 748//250 749//250 750//250
f 751//251 752//251 753//251
f 754//252 755//252 756//252
f 757//253 758//253 759//253
f 760//254 761//254 762//254
f 763//255 764//255 765//255
f 766//256 767//256 768//256
f 769//257 770//257 771//257
f 772//258 773//258 774//258
f 775//259 776//259 777//259
f 778//260 779//260 780//260
f 781//261 782//261 783//261
f 784//262 785//262 786//262
f 787//263 788//263 789//263
f 790//264 791//264 792//264
f 793//265 794//265 795//265
f 796//266 797//266 798//266
f 799//267 800//267 801//267
f 802//268 803//268 804//268
f 805//269 806//269 807//269
f 808//270 809//270 810//270
f 811//271 812//271 813//271
f 814//272 815//272 816//272
f 817//273 818//273 819//273
f 820//274 821//274 822//274
f 823//275 824//275 825//275
f 826//276 827//276 828//276
f 829//277 830//277 831//277
f 832//278 833//278 834//278
f 835//279 836//279 837//279
f 838//280 839//280 840//280
f 841//281 842//281 843//281
f 844//282 845//282 846//282
f 847//283 848//283 849//283
f 850//284 851//284 852//284
f 853//285 854//285 855//285
f 856//286 857//286 858//286
f 859//287 860//287 861//287
f 862//288 863//288 864//288
f 865//289 866//289 867//289
f 868//290 869//290 870//290
f 871//291 872//291 873//291
f 874//292 875//292 876//292
f 877//293 878//293 879//293
f 880//294 881//294 882//294
f 883//295 884//295 885//295
f 886//296 887//296 888//296
f 889//297 890//297 891//297
f 892//298 893//298 894//298
f 895//299 896//299 897//299
f 898//300 899//300 900//300
f 901//301 902//301 903//301
f 904//302 905//302 906//302
f 907//303 908//303 909//303
f 910//304 911//304 912//304
f 913//305 914//305 915//305
f 916//306 917//306 918//306
f 919//307 920//307 921//307
f 922//308 923//308 924//308
f 925//309 926//309 927//309
f 928//310 929//310 930//310
f 931//311 932//311 933//311
f 934//312 935//312 936//312
f 937//313 938//313 939//313
f 940//314 941//314 942//314
f 943//315 944//315 945//315
f 946//316 947//316 948//316
f 949//317 950//317 951//317
f 952//318 953//318 954//318
f 955//319 956//319 957//319
f 958//320 959//320 960//320
f 961//321 962//321 963//321
f 964//322 965//322 966//322
f 967//323 968//323 969//323
f 970//324 971//324 972//324
f 973//325 974//325 975//325
f 976//326 977//326 978//326
f 979//327 980//327 981//327
f 982//328 983//328 984//328
f 985//329 986//329 987//329
f 988//330 989//330 990//330
f 991//331 992//331 993//331
f 994//332 995//332 996//332
f 997//333 998//333 999//333
f 1000//334 1001//334 1002//334
f 1003//335 1004//335 1005//335
f 1006//336 1007//336 1008//336
f 1009//337 1010//337 1011//337
f 1012//338 1013//338 1014//338
f 1015//339 1016//339 1017//339
f 1018//340 1019//340 1020//340
f 1021//341 1022//341 1023//341
f 1024//342 1025//342 1026//342
f 1027//343 1028//343 1029//343
f 1030//344 1031//344 1032//344
f 1033//345 1034//345 1035//345
f 1036//346 1037//346 1038//346
f 1039//347 1040//347 1041//347
f 1042//348 1043//348 1044//348
f 1045//349 1046//349 1047//349
f 1048//350 1049//350 1050//350
f 1051//351 1052//351 1053//351
f 1054//352 1055//352 1056//352
f 1057//353 1058//353 1059//353
f 1060//354 1061//354 1062//354
f 1063//355 1064//355 1065//355
f 1066//356 1067//356 1068//356
f 1069//357 1070//357 1071//357
f 1072//358 1073//358 1074//358
f 1075//359 1076//359 1077//359
f 1078//360 1079//360 1080//360
f 1081//361 1082//361 1083//361
f 1084//362 1085//362 1086//362
f 1087//363 1088//363 1089//363
f 1090//364 1091//364 1092//364
f 1093//365 1094//365 1095//365
f 1096//366 1097//366 1098//366
f 1099//367 1100//367 1101//367
f 1102//368 1103//368 1104//368
f 1105//369 1106//369 1107//369
f 1108//370 1109//370 1110//370
f 1111//371 1112//371 1113//371
f 1114//372 1115//372 1116//372
f 1117//373 1118//373 1119//373
f 1120//374 1121//374 1122//374
f 1123//375 1124//375 1125//375
f 1126//376 1127//376 1128//376
f 1129//377 1130//377 1131//377
f 1132//378 1133//378 1134//378
f 1135//379 1136//379 1137//379
f 1138//380 1139//380 1140//380
f 1141//381 1142//381 1143//381
f 1144//382 1145//382 1146//382
f 1147//383 1148//383 1149//383
f 1150//384 1151//384 1152//384
f 1153//385 1154//385 1155//385
f 1156//386 1157//386 1158//386
f 1159//387 1160//387 1161//387
f 1162//388 1163//388 1164//388
f 1165//389 1166//389 1167//389
f 1168//390 1169//390 1170//390
f 1171//391 1172//391 1173//391
f 1174//392 1175//392 1176//392
f 1177//393 1178//393 1179//393
f 1180//394 1181//394 1182//394
f 1183//395 1184//395 1185//395
f 1186//396 1187//396 1188//396
f 1189//397 1190//397 1191//397
f 1192//398 1193//398 1194//398
f 1195//399 1196//399 1197//399
f 1198//400 1199//400 1200//400
f 1201//401 1202//401 1203//401
f 1204//402 1205//402 1206//402
f 1207//403 1208//403 1209//403
f 1210//404 1211//404 1212//404
f 1213//405 1214//405 1215//405
f 1216//406 1217//406 1218//406
f 1219//407 1220//407 1221//407
f 1222//408 1223//408 1224//408
f 1225//409 1226//409 1227//409
f 1228//410 1229//410 1230//410
f 1231//411 1232//411 1233//411
f 1234//412 1235//412 1236//412
f 1237//413 1238//413 1239//413
f 1240//414 1241//414 1242//414
f 1243//415 1244//415 1245//415
f 1246//416 1247//416 1248//416
f 1249//417 1250//417 1251//417
f 1252//418 1253//418 1254//418
f 1255//419 1256//419 1257//419
f 1258//420 1259//420 1260//420
f 1261//421 1262//421 1263//421
f 1264//422 1265//422 1266//422
f 1267//423 1268//423 1269//423
f 1270//424 1271//424 1272//424
f 1273//425 1274//425 1275//425
f 1276//426 1277//426 1278//426
f 1279//427 1280//427 1281//427
f 1282//428 1283//428 1284//428
f 1285//429 1286//429 1287//429
f 1288//430 1289//430 1290//430
f 1291//431 1292//431 1293//431
f 1294//432 1295//432 1296//432
f 1297//433 1298//433 1299//433
f 1300//434 1301//434 1302//434
f 1303//435 1304//435 1305//435
f 1306//436 1307//436 1308//436
f 1309//437 1310//437 1311//437
f 1312//438 1313//438 1314//438
f 1315//439 1316//439 1317//439
f 1318//440 1319//440 1320//440
f 1321//441 1322//441 1323//441
f 1324//442 1325//442 1326//442
f 1327//443 1328//443 1329//443
f 1330//444 1331//444 1332//444
f 1333//445 1334//445 1335//445
f 1336//446 1337//446 1338//446
f 1339//447 1340//447 1341//447
f 1342//448 1343//448 1344//448
f 1345//449 1346//449 1347//449
f 1348//450 1349//450 1350//450
f 1351//451 1352//451 1353//451
f 1354//452 1355//452 1356//452
f 1357//453 1358//453 1359//453
f 1360//454 1361//454 1362//454
f 1363//455 1364//455 1365//455
f 1366//456 1367//456 1368//456
f 1369//457 1370//457 1371//457
f 1372//458 1373//458 1374//458
f 1375//459 1376//459 1377//459
f 1378//460 1379//460 1380//460
f 1381//461 1382//461 1383//461
f 1384//462 1385//462 1386//462
f 1387//463 1388//463 1389//463
f 1390//464 1391//464 1392//464
f 1393//465 1394//465 1395//465
f 1396//466 1397//466 1398//466
f 1399//467 1400//467 1401//467
f 1402//468 1403//468 1404//468
f 1405//469 1406//469 1407//469
f 1408//470 1409//470 1410//470
f 1411//471 1412//471 1413//471
f 1414//472 1415//472 1416//472
f 1417//473 1418//473 1419//473
f 1420//474 1421//474 1422//474
f 1423//475 1424//475 1425//475
f 1426//476 1427//476 1428//476
f 1429//477 1430//477 1431//477
f 1432//478 1433//478 1434//478
f 1435//479 1436//479 1437//479
f 1438//480 1439//480 1440//480
f 1441//481 1442//481 1443//481
f 1444//482 1445//482 1446//482
f 1447//483 1448//483 1449//483
f 1450//484 1451//484 1452//484
f 1453//485 1454//485 1455//485
f 1456//486 1457//486 1458//486
f 1459//487 1460//487 1461//487
f 1462//488 1463//488 1464//488
f 1465//489 1466//489 1467//489
f 1468//490 1469//490 1470//490
f 1471//491 1472//491 1473//491
f 1474//492 1475//492 1476//492
f 1477//493 1478//493 1479//493
f 1480//494 1481//494 1482//494
f 1483//495 1484//495 1485//495
f 1486//496 1487//496 1488//496
f 1489//497 1490//497 1491//497
f 1492//498 1493//498 1494//498
f 1495//499 1496//499 1497//499
f 1498//500 1499//500 1500//500
f 1501//501 1502//501 1503//501
f 1504//502 1505//502 1506//502
f 1507//503 1508//503 1509//503
f 1510//504 1511//504 1512//504
f 1513//505 1514//505 1515//505
f 1516//506 1517//506 1518//506
f 1519//507 1520//507 1521//507
f 1522//508 1523//508 1524//508
f 1525//509 1526//509 1527//509
f 1528//510 1529//510 1530//510
f 1531//511 1532//511 1533//511
f 1534//512 1535//512 1536//512
f 1537//513 1538//513 1539//513
f 1540//514 1541//514 1542//514
f 1543//515 1544//515 1545//515
f 1546//516 1547//516 1548//516
f 1549//517 1550//517 1551//517
f 1552//518 1553//518 1554//518
f 1555//519 1556//519 1557//519
f 1558//520 1559//520 1560//520
f 1561//521 1562//521 1563//521
f 1564//522 1565//522 1566//522
f 1567//523 1568//523 1569//523
f 1570//524 1571//524 1572//524
f 1573//525 1574//525 1575//525
f 1576//526 1577//526 1578//526
f 1579//527 1580//527 1581//527
f 1582//528 1583//528 1584//528
f 1585//529 1586//529 1587//529
f 1588//530 1589//530 1590//530
f 1591//531 1592//531 1593//531
f 1594//532 1595//532 1596//532
f 1597//533 1598//533 1599//533
f 1600//534 1601//534 1602//534
f 1603//535 1604//535 1605//535
f 1606//536 1607//536 1608//536
f 1609//537 1610//537 1611//537
f 1612//538 1613//538 1614//538
f 1615//539 1616//539 1617//539
f 1618//540 1619//540 1620//540
f 1621//541 1622//541 1623//541
f 1624//542 1625//542 1626//542
f 1627//543 1628//543 1629//543
f 1630//544 1631//544 1632//544
f 1633//545 1634//545 1635//545
f 1636//546 1637//546 1638//546
f 1639//547 1640//547 1641//547
f 1642//548 1643//548 1644//548
f 1645//549 1646//549 1647//549
f 1648//550 1649//550 1650//550
f 1651//551 1652//551 1653//551
f 1654//552 1655//552 1656//552
f 1657//553 1658//553 1659//553
f 1660//554 1661//554 1662//554
f 1663//555 1664//555 1665//555
f 1666//556 1667//556 1668//556
f 1669//557 1670//557 1671//557
f 1672//558 1673//558 1674//558
f 1675//559 1676//559 1677//559
f 1678//560 1679//560 1680//560
f 1681//561 1682//561 1683//561
f 1684//562 1685//562 1686//562
f 1687//563 1688//563 1689//563
f 1690//564 1691//564 1692//564
f 1693//565 1694//565 1695//565
f 1696//566 1697//566 1698//566
f 1699//567 1700//567 1701//567
f 1702//568 1703//568 1704//568
f 1705//569 1706//569 1707//569
f 1708//570 1709//570 1710//570
f 1711//571 1712//571 1713//571
f 1714//572 1715//572 1716//572
f 1717//573 1718//573 1719//573
f 1720//574 1721//574 1722//574
f 1723//575 1724//575 1725//575
f 1726//576 1727//576 1728//576
f 1729//577 1730//577 1731//577
f 1732//578 1733//578 1734//578
f 1735//579 1736//579 1737//579
f 1738//580 1739//580 1740//580
f 1741//581 1742//581 1743//581
f 1744//582 1745//582 1746//582
f 1747//583 1748//583 1749//583
f 1750//584 1751//584 1752//584
f 1753//585 1754//585 1755//585
f 1756//586 1757//586 1758//586
f 1759//587 1760//587 1761//587
f 1762//588 1763//588 1764//588
f 1765//589 1766//589 1767//589
f 1768//590 1769//590 1770//590
f 1771//591 1772//591 1773//591
f 1774//592 1775//592 1776//592
f 1777//593 1778//593 1779//593
f 1780//594 1781//594 1782//594
f 1783//595 1784//595 1785//595
f 1786//596 1787//596 1788//596
f 1789//597 1790//597 1791//597
f 1792//598 1793//598 1794//598
f 1795//599 1796//599 1797//599
f 1798//600 1799//600 1800//600
f 1801//601 1802//601 1803//601
f 1804//602 1805//602 1806//602
f 1807//603 1808//603 1809//603
f 1810//604 1811//604 1812//604
f 1813//605 1814//605 1815//605
f 1816//606 1817//606 1818//606
f 1819//607 1820//607 1821//607
f 1822//608 1823//608 1824//608
f 1825//609 1826//609 1827//609
f 1828//610 1829//610 1830//610
f 1831//611 1832//611 1833//611
f 1834//612 1835//612 1836//612
f 1837//613 1838//613 1839//613
f 1840//614 1841//614 1842//614
f 1843//615 1844//615 1845//615
f 1846//616 1847//616 1848//616
f 1849//617 1850//617 1851//617
f 1852//618 1853//618 1854//618
f 1855//619 1856//619 1857//619
f 1858//620 1859//620 1860//620
f 1861//621 1862//621 1863//621
f 1864//622 1865//622 1866//622
f 1867//623 1868//623 1869//623
f 1870//624 1871//624 1872//624
f 1873//625 1874//625 1875//625
f 1876//626 1877//626 1878//626
f 1879//627 1880//627 1881//627
f 1882//628 1883//628 1884//628
f 1885//629 1886//629 1887//629
f 1888//630 1889//630 1890//630
f 1891//631 1892//631 1893//631
f 1894//632 1895//632 1896//632
f 1897//633 1898//633 1899//633
f 1900//634 1901//634 1902//634
f 1903//635 1904//635 1905//635
f 1906//636 1907//636 1908//636
f 1909//637 1910//637 1911//637
f 1912//638 1913//638 1914//638
f 1915//639 1916//639 1917//639
f 1918//640 1919//640 1920//640
f 1921//641 1922//641 1923//641
f 1924//642 1925//642 1926//642
f 1927//643 1928//643 1929//643
f 1930//644 1931//644 1932//644
f 1933//645 1934//645 1935//645
f 1936//646 1937//646 1938//646
f 1939//647 1940//647 1941//647
f 1942//648 1943//648 1944//648
f 1945//649 1946//649 1947//649
f 1948//650 1949//650 1950//650
f 1951//651 1952//651 1953//651
f 1954//652 1955//652 1956//652
f 1957//653 1958//653 1959//653
f 1960//654 1961//654 1962//654
f 1963//655 1964//655 1965//655
f 1966//656 1967//656 1968//656
f 1969//657 1970//657 1971//657
f 1972//658 1973//658 1974//658
f 1975//659 1976//659 1977//659
f 1978//660 1979//660 1980//660
f 1981//661 1982//661 1983//661
f 1984//662 1985//662 1986//662
f 1987//663 1988//663 1989//663
f 1990//664 1991//664 1992//664
f 1993//665 1994//665 1995//665
f 1996//666 1997//666 1998//666
f 1999//667 2000//667 2001//667
f 2002//668 2003//668 2004//668
f 2005//669 2006//669 2007//669
f 2008//670 2009//670 2010//670
f 2011//671 2012//671 2013//671
f 2014//672 2015//672 2016//672
f 2017//673 2018//673 2019//673
f 2020//674 2021//674 2022//674
f 2023//675 2024//675 2025//675
f 2026//676 2027//676 2028//676
f 2029//677 2030//677 2031//677
f 2032//678 2033//678 2034//678
f 2035//679 2036//679 2037//679
f 2038//680 2039//680 2040//680
f 2041//681 2042//681 2043//681
f 2044//682 2045//682 2046//682
f 2047//683 2048//683 2049//683
f 2050//684 2051//684 2052//684
f 2053//685 2054//685 2055//685
f 2056//686 2057//686 2058//686
f 2059//687 2060//687 2061//687
f 2062//688 2063//688 2064//688
f 2065//689 2066//689 2067//689
f 2068//690 2069//690 2070//690
f 2071//691 2072//691 2073//691
f 2074//692 2075//692 2076//692
f 2077//693 2078//693 2079//693
f 2080//694 2081//694 2082//694
f 2083//695 2084//695 2085//695
f 2086//696 2087//696 2088//696
f 2089//697 2090//697 2091//697
f 2092//698 2093//698 2094//698
f 2095//699 2096//699 2097//699
f 2098//700 2099//700 2100//700
f 2101//701 2102//701 2103//701
f 2104//702 2105//702 2106//702
f 2107//703 2108//703 2109//703
f 2110//704 2111//704 2112//704
f 2113//705 2114//705 2115//705
f 2116//706 2117//706 2118//706
f 2119//707 2120//707 2121//707
f 2122//708 2123//708 2124//708
f 2125//709 2126//709 2127//709
f 2128//710 2129//710 2130//710
f 2131//711 2132//711 2133//711
f 2134//712 2135//712 2136//712
f 2137//713 2138//713 2139//713
f 2140//714 2141//714 2142//714
f 2143//715 2144//715 2145//715
f 2146//716 2147//716 2148//716
f 2149//717 2150//717 2151//717
f 2152//718 2153//718 2154//718
f 2155//719 2156//719 2157//719
f 2158//720 2159//720 2160//720
f 2161//721 2162//721 2163//721
f 2164//722 2165//722 2166//722
f 2167//723 2168//723 2169//723
f 2170//724 2171//724 2172//724
f 2173//725 2174//725 2175//725
f 2176//726 2177//726 2178//726
f 2179//727 2180//727 2181//727
f 2182//728 2183//728 2184//728
f 2185//729 2186//729 2187//729
f 2188//730 2189//730 2190//730
f 2191//731 2192//731 2193//731
f 2194//732 2195//732 2196//732
f 2197//733 2198//733 2199//733
f 2200//734 2201//734 2202//734
f 2203//735 2204//735 2205//735
f 2206//736 2207//736 2208//736
f 2209//737 2210//737 2211//737
f 2212//738 2213//738 2214//738
f 2215//739 2216//739 2217//739
f 2218//740 2219//740 2220//740
f 2221//741 2222//741 2223//741
f 2224//742 2225//742 2226//742
f 2227//743 2228//743 2229//743
f 2230//744 2231//744 2232//744
f 2233//745 2234//745 2235//745
f 2236//746 2237//746 2238//746
f 2239//747 2240//747 2241//747
f 2242//748 2243//748 2244//748
f 2245//749 2246//749 2247//749
f 2248//750 2249//750 2250//750
f 2251//751 2252//751 2253//751
f 2254//752 2255//752 2256//752
f 2257//753 2258//753 2259//753
f 2260//754 2261//754 2262//754
f 2263//755 2264//755 2265//755
f 2266//756 2267//756 2268//756
f 2269//757 2270//757 2271//757
f 2272//758 2273//758 2274//758
f 2275//759 2276//759 2277//759
f 2278//760 2279//760 2280//760
f 2281//761 2282//761 2283//761
f 2284//762 2285//762 2286//762
f 2287//763 2288//763 2289//763
f 2290//764 2291//764 2292//764
f 2293//765 2294//765 2295//765
f 2296//766 2297//766 2298//766
f 2299//767 2300//767 2301//767
f 2302//768 2303//768 2304//768
f 2305//769 2306//769 2307//769
f 2308//770 2309//770 2310//770
f 2311//771 2312//771 2313//771
f 2314//772 2315//772 2316//772
f 2317//773 2318//773 2319//773
f 2320//774 2321//774 2322//774
f 2323//775 2324//775 2325//775
f 2326//776 2327//776 2328//776
f 2329//777 2330//777 2331//777
f 2332//778 2333//778 2334//778
f 2335//779 2336//779 2337//779
f 2338//780 2339//780 2340//780
f 2341//781 2342//781 2343//781
f 2344//782 2345//782 2346//782
f 2347//783 2348//783 2349//783
f 2350//784 2351//784 2352//784
f 2353//785 2354//785 2355//785
f 2356//786 2357//786 2358//786
f 2359//787 2360//787 2361//787
f 2362//788 2363//788 2364//788
f 2365//789 2366//789 2367//789
f 2368//790 2369//790 2370//790
f 2371//791 2372//791 2373//791
f 2374//792 2375//792 2376//792
f 2377//793 2378//793 2379//793
f 2380//794 2381//794 2382//794
f 2383//795 2384//795 2385//795
f 2386//796 2387//796 2388//796
f 2389//797 2390//797 2391//797
f 2392//798 2393//798 2394//798
f 2395//799 2396//799 2397//799
f 2398//800 2399//800 2400//800
f 2401//801 2402//801 2403//801
f 2404//802 2405//802 2406//802
f 2407//803 2408//803 2409//803
f 2410//804 2411//804 2412//804
f 2413//805 2414//805 2415//805
f 2416//806 2417//806 2418//806
f 2419//807 2420//807 2421//807
f 2422//808 2423//808 2424//808
f 2425//809 2426//809 2427//809
f 2428//810 2429//810 2430//810
f 2431//811 2432//811 2433//811
f 2434//812 2435//812 2436//812
f 2437//813 2438//813 2439//813
f 2440//814 2441//814 2442//814
f 2443//815 2444//815 2445//815
f 2446//816 2447//816 2448//816
f 2449//817 2450//817 2451//817
f 2452//818 2453//818 2454//818
f 2455//819 2456//819 2457//819
f 2458//820 2459//820 2460//820
f 2461//821 2462//821 2463//821
f 2464//822 2465//822 2466//822
f 2467//823 2468//823 2469//823
f 2470//824 2471//824 2472//824
f 2473//825 2474//825 2475//825
f 2476//826 2477//826 2478//826
f 2479//827 2480//827 2481//827
f 2482//828 2483//828 2484//828
f 2485//829 2486//829 2487//829
f 2488//830 2489//830 2490//830
f 2491//831 2492//831 2493//831
f 2494//832 2495//832 2496//832
f 2497//833 2498//833 2499//833
f 2500//834 2501//834 2502//834
f 2503//835 2504//835 2505//835
f 2506//836 2507//836 2508//836
f 2509//837 2510//837 2511//837
f 2512//838 2513//838 2514//838
f 2515//839 2516//839 2517//839
f 2518//840 2519//840 2520//840
f 2521//841 2522//841 2523//841
f 2524//842 2525//842 2526//842
f 2527//843 2528//843 2529//843
f 2530//844 2531//844 2532//844
f 2533//845 2534//845 2535//845
f 2536//846 2537//846 2538//846
f 2539//847 2540//847 2541//847
f 2542//848 2543//848 2544//848
f 2545//849 2546//849 2547//849
f 2548//850 2549//850 2550//850
f 2551//851 2552//851 2553//851
f 2554//852 2555//852 2556//852
f 2557//853 2558//853 2559//853
f 2560//854 2561//854 2562//854
f 2563//855 2564//855 2565//855
f 2566//856 2567//856 2568//856
f 2569//857 2570//857 2571//857
f 2572//858 2573//858 2574//858
f 2575//859 2576//859 2577//859
f 2578//860 2579//860 2580//860
f 2581//861 2582//861 2583//861
f 2584//862 2585//862 2586//862
f 2587//863 2588//863 2589//863
f 2590//864 2591//864 2592//864
f 2593//865 2594//865 2595//865
f 2596//866 2597//866 2598//866
f 2599//867 2600//867 2601//867
f 2602//868 2603//868 2604//868
f 2605//869 2606//869 2607//869
f 2608//870 2609//870 2610//870
f 2611//871 2612//871 2613//871
f 2614//872 2615//872 2616//872
f 2617//873 2618//873 2619//873
f 2620//874 2621//874 2622//874
f 2623//875 2624//875 2625//875
f 2626//876 2627//876 2628//876
f 2629//877 2630//877 2631//877
f 2632//878 2633//878 2634//878
f 2635//879 2636//879 2637//879
f 2638//880 2639//880 2640//880
f 2641//881 2642//881 2643//881
f 2644//882 2645//882 2646//882
f 2647//883 2648//883 2649//883
f 2650//884 2651//884 2652//884
f 2653//885 2654//885 2655//885
f 2656//886 2657//886 2658//886
f 2659//887 2660//887 2661//887
f 2662//888 2663//888 2664//888
f 2665//889 2666//889 2667//889
f 2668//890 2669//890 2670//890
f 2671//891 2672//891 2673//891
f 2674//892 2675//892 2676//892
f 2677//893 2678//893 2679//893
f 2680//894 2681//894 2682//894
f 2683//895 2684//895 2685//895
f 2686//896 2687//896 2688//896
f 2689//897 2690//897 2691//897
f 2692//898 2693//898 2694//898
f 2695//899 2696//899 2697//899
f 2698//900 2699//900 2700//900
f 2701//901 2702//901 2703//901
f 2704//902 2705//902 2706//902
f 2707//903 2708//903 2709//903
f 2710//904 2711//904 2712//904
f 2713//905 2714//905 2715//905
f 2716//906 2717//906 2718//906
f 2719//907 2720//907 2721//907
f 2722//908 2723//908 2724//908
f 2725//909 2726//909 2727//909
f 2728//910 2729//910 2730//910
f 2731//911 2732//911 2733//911
f 2734//912 2735//912 2736//912
f 2737//913 2738//913 2739//913
f 2740//914 2741//914 2742//914
f 2743//915 2744//915 2745//915
f 2746//916 2747//916 2748//916
f 2749//917 2750//917 2751//917
f 2752//918 2753//918 2754//918
f 2755//919 2756//919 2757//919
f 2758//920 2759//920 2760//920
f 2761//921 2762//921 2763//921
f 2764//922 2765//922 2766//922
f 2767//923 2768//923 2769//923
f 2770//924 2771//924 2772//924
f 2773//925 2774//925 2775//925
f 2776//926 2777//926 2778//926
f 2779//927 2780//927 2781//927
f 2782//928 2783//928 2784//928
f 2785//929 2786//929 2787//929
f 2788//930 2789//930 2790//930
f 2791//931 2792//931 2793//931
f 2794//932 2795//932 2796//932
f 2797//933 2798//933 2799//933
f 2800//934 2801//934 2802//934
f 2803//935 2804//935 2805//935
f 2806//936 2807//936 2808//936
f 2809//937 2810//937 2811//937
f 2812//938 2813//938 2814//938
f 2815//939 2816//939 2817//939
f 2818//940 2819//940 2820//940
f 2821//941 2822//941 2823//941
f 2824//942 2825//942 2826//942
f 2827//943 2828//943 2829//943
f 2830//944 2831//944 2832//944
f 2833//945 2834//945 2835//945
f 2836//946 2837//946 2838//946
f 2839//947 2840//947 2841//947
f 2842//948 2843//948 2844//948
f 2845//949 2846//949 2847//949
f 2848//950 2849//950 2850//950
f 2851//951 2852//951 2853//951
f 2854//952 2855//952 2856//952
f 2857//953 2858//953 2859//953
f 2860//954 2861//954 2862//954
f 2863//955 2864//955 2865//955
f 2866//956 2867//956 2868//956
f 2869//957 2870//957 2871//957
f 2872//958 2873//958 2874//958
