v -157.5 0 -17.5
v -157.5 0 -15.0
v -155.0 3.0188 -15.0
v -157.5 0 -17.5
v -155.0 3.0188 -15.0
v -155.0 0 -17.5
v -157.5 0 -15.0
v -157.5 0 -12.5
v -155.0 4.2596 -12.5
v -157.5 0 -15.0
v -155.0 4.2596 -12.5
v -155.0 3.0188 -15.0
v -157.5 0 -12.5
v -157.5 0 -10.0
v -155.0 4.5481 -10.0
v -157.5 0 -12.5
v -155.0 4.5481 -10.0
v -155.0 4.2596 -12.5
v -157.5 0 -10.0
v -157.5 0 -7.5
v -155.0 3.9956 -7.5
v -157.5 0 -10.0
v -155.0 3.9956 -7.5
v -155.0 4.5481 -10.0
v -157.5 0 -7.5
v -157.5 0 -5.0
v -155.0 2.7429 -5.0
v -157.5 0 -7.5
v -155.0 2.7429 -5.0
v -155.0 3.9956 -7.5
v -157.5 0 -5.0
v -155.0 0 -2.5
v -155.0 2.7429 -5.0
v -155.0 0 -20.0
v -155.0 0 -17.5
v -152.5 4.0163 -17.5
v -155.0 0 -20.0
v -152.5 4.0163 -17.5
v -152.5 0.4582 -20.0
v -155.0 0 -17.5
v -155.0 3.0188 -15.0
v -152.5 5.7304 -15.0
v -155.0 0 -17.5
v -152.5 5.7304 -15.0
v -152.5 4.0163 -17.5
v -155.0 3.0188 -15.0
v -155.0 4.2596 -12.5
v -152.5 6.425 -12.5
v -155.0 3.0188 -15.0
v -152.5 6.425 -12.5
v -152.5 5.7304 -15.0
v -155.0 4.2596 -12.5
v -152.5 6.3887 -10.0
v -152.5 6.425 -12.5
v -155.0 3.9956 -7.5
v -155.0 2.7429 -5.0
v -152.5 5.2204 -5.0
v -155.0 3.9956 -7.5
v -152.5 5.2204 -5.0
v -152.5 5.9607 -7.5
v -155.0 2.7429 -5.0
v -155.0 0 -2.5
v -152.5 3.7949 -2.5
v -155.0 2.7429 -5.0
v -152.5 3.7949 -2.5
v -152.5 5.2204 -5.0
v -155.0 0 -2.5
v -152.5 0 0.0
v -152.5 3.7949 -2.5
v -152.5 0 -22.5
v -152.5 0.4582 -20.0
v -150.0 3.4105 -20.0
v -152.5 0 -22.5
v -150.0 3.4105 -20.0
v -150.0 0 -22.5
v -152.5 0.4582 -20.0
v -152.5 4.0163 -17.5
v -150.0 5.7316 -17.5
v -152.5 0.4582 -20.0
v -150.0 5.7316 -17.5
v -150.0 3.4105 -20.0
v -152.5 5.9607 -7.5
v -152.5 5.2204 -5.0
v -150.0 7.2646 -5.0
v -152.5 5.2204 -5.0
v -152.5 3.7949 -2.5
v -150.0 5.7678 -2.5
v -152.5 5.2204 -5.0
v -150.0 5.7678 -2.5
v -150.0 7.2646 -5.0
v -152.5 3.7949 -2.5
v -152.5 0 0.0
v -150.0 3.152 0.0
v -152.5 3.7949 -2.5
v -150.0 3.152 0.0
v -150.0 5.7678 -2.5
v -152.5 0 0.0
v -150.0 0 2.5
v -150.0 3.152 0.0
v -150.0 0 -22.5
v -150.0 3.4105 -20.0
v -147.5 4.4053 -20.0
v -150.0 0 -22.5
v -147.5 4.4053 -20.0
v -147.5 0 -22.5
v -150.0 3.4105 -20.0
v -150.0 5.7316 -17.5
v -147.5 6.255 -17.5
v -150.0 3.4105 -20.0
v -147.5 6.255 -17.5
v -147.5 4.4053 -20.0
v -150.0 5.7678 -2.5
v -150.0 3.152 0.0
v -147.5 4.0693 0.0
v -150.0 5.7678 -2.5
v -147.5 4.0693 0.0
v -147.5 6.3904 -2.5
v -150.0 3.152 0.0
v -150.0 0 2.5
v -147.5 0 2.5
v -150.0 3.152 0.0
v -147.5 0 2.5
v -147.5 4.0693 0.0
v -147.5 0 -30.0
v -147.5 0 -27.5
v -145.0 2.3588 -27.5
v -147.5 0 -27.5
v -147.5 0 -25.0
v -145.0 2.2437 -25.0
v -147.5 0 -27.5
v -145.0 2.2437 -25.0
v -145.0 2.3588 -27.5
v -147.5 0 -25.0
v -145.0 1.5607 -22.5
v -145.0 2.2437 -25.0
v -147.5 0 -22.5
v -147.5 4.4053 -20.0
v -145.0 4.5713 -20.0
v -147.5 0 -22.5
v -145.0 4.5713 -20.0
v -145.0 1.5607 -22.5
v -147.5 4.4053 -20.0
v -145.0 6.6867 -17.5
v -145.0 4.5713 -20.0
v -147.5 6.3904 -2.5
v -147.5 4.0693 0.0
v -145.0 4.5947 0.0
v -147.5 4.0693 0.0
v -147.5 0 2.5
v -145.0 0 2.5
v -147.5 4.0693 0.0
v -145.0 0 2.5
v -145.0 4.5947 0.0
v -145.0 0 -57.5
v -145.0 0 -55.0
v -142.5 2.551 -55.0
v -145.0 0 -55.0
v -145.0 0 -52.5
v -142.5 2.6112 -52.5
v -145.0 0 -55.0
v -142.5 2.6112 -52.5
v -142.5 2.551 -55.0
v -145.0 0 -52.5
v -142.5 1.6675 -50.0
v -142.5 2.6112 -52.5
v -145.0 0 -47.5
v -145.0 0 -45.0
v -142.5 2.6548 -45.0
v -145.0 0 -45.0
v -145.0 0 -42.5
v -142.5 3.1885 -42.5
v -145.0 0 -45.0
v -142.5 3.1885 -42.5
v -142.5 2.6548 -45.0
v -145.0 0 -42.5
v -145.0 0 -40.0
v -142.5 3.0951 -40.0
v -145.0 0 -42.5
v -142.5 3.0951 -40.0
v -142.5 3.1885 -42.5
v -145.0 0 -40.0
v -145.0 0 -37.5
v -142.5 2.3487 -37.5
v -145.0 0 -40.0
v -142.5 2.3487 -37.5
v -142.5 3.0951 -40.0
v -145.0 0 -37.5
v -142.5 1.3927 -35.0
v -142.5 2.3487 -37.5
v -145.0 0 -35.0
v -145.0 0.1075 -32.5
v -142.5 3.0639 -32.5
v -145.0 0 -35.0
v -142.5 3.0639 -32.5
v -142.5 1.3927 -35.0
v -145.0 0.1075 -32.5
v -145.0 1.8144 -30.0
v -142.5 3.858 -30.0
v -145.0 0.1075 -32.5
v -142.5 3.858 -30.0
v -142.5 3.0639 -32.5
v -145.0 1.5607 -22.5
v -145.0 4.5713 -20.0
v -142.5 4.5956 -20.0
v -145.0 1.5607 -22.5
v -142.5 4.5956 -20.0
v -142.5 3.481 -22.5
v -145.0 4.5713 -20.0
v -145.0 6.6867 -17.5
v -142.5 7.0046 -17.5
v -145.0 4.5713 -20.0
v -142.5 7.0046 -17.5
v -142.5 4.5956 -20.0
v -145.0 4.5947 0.0
v -145.0 0 2.5
v -142.5 0 2.5
v -145.0 4.5947 0.0
v -142.5 0 2.5
v -142.5 4.7042 0.0
v -145.0 0 67.5
v -145.0 0 70.0
v -142.5 2.5255 70.0
v -145.0 0 67.5
v -142.5 2.5255 70.0
v -142.5 0 67.5
v -145.0 0 70.0
v -145.0 0 72.5
v -142.5 3.0976 72.5
v -145.0 0 70.0
v -142.5 3.0976 72.5
v -142.5 2.5255 70.0
v -145.0 0 72.5
v -145.0 0 75.0
v -142.5 2.7307 75.0
v -145.0 0 72.5
v -142.5 2.7307 75.0
v -142.5 3.0976 72.5
v -145.0 0 75.0
v -142.5 1.4944 77.5
v -142.5 2.7307 75.0
v -145.0 0 77.5
v -142.5 0 80.0
v -142.5 1.4944 77.5
v -142.5 0 -62.5
v -142.5 0 -60.0
v -140.0 3.1367 -60.0
v -142.5 0 -62.5
v -140.0 3.1367 -60.0
v -140.0 0.3958 -62.5
v -142.5 0 -60.0
v -142.5 1.7285 -57.5
v -140.0 4.5672 -57.5
v -142.5 0 -60.0
v -140.0 4.5672 -57.5
v -140.0 3.1367 -60.0
v -142.5 1.7285 -57.5
v -142.5 2.551 -55.0
v -140.0 5.337 -55.0
v -142.5 1.7285 -57.5
v -140.0 5.337 -55.0
v -140.0 4.5672 -57.5
v -142.5 2.551 -55.0
v -142.5 2.6112 -52.5
v -140.0 5.2954 -52.5
v -142.5 2.551 -55.0
v -140.0 5.2954 -52.5
v -140.0 5.337 -55.0
v -142.5 2.6112 -52.5
v -142.5 1.6675 -50.0
v -140.0 4.43 -50.0
v -142.5 2.6112 -52.5
v -140.0 4.43 -50.0
v -140.0 5.2954 -52.5
v -142.5 1.6675 -50.0
v -142.5 0.7415 -47.5
v -140.0 4.0546 -47.5
v -142.5 1.6675 -50.0
v -140.0 4.0546 -47.5
v -140.0 4.43 -50.0
v -142.5 0.7415 -47.5
v -142.5 2.6548 -45.0
v -140.0 5.078 -45.0
v -142.5 0.7415 -47.5
v -140.0 5.078 -45.0
v -140.0 4.0546 -47.5
v -142.5 2.6548 -45.0
v -142.5 3.1885 -42.5
v -140.0 5.7093 -42.5
v -142.5 2.6548 -45.0
v -140.0 5.7093 -42.5
v -140.0 5.078 -45.0
v -142.5 3.1885 -42.5
v -142.5 3.0951 -40.0
v -140.0 5.9287 -40.0
v -142.5 3.1885 -42.5
v -140.0 5.9287 -40.0
v -140.0 5.7093 -42.5
v -142.5 3.0951 -40.0
v -142.5 2.3487 -37.5
v -140.0 5.4382 -37.5
v -142.5 3.0951 -40.0
v -140.0 5.4382 -37.5
v -140.0 5.9287 -40.0
v -142.5 2.3487 -37.5
v -142.5 1.3927 -35.0
v -140.0 3.9933 -35.0
v -142.5 2.3487 -37.5
v -140.0 3.9933 -35.0
v -140.0 5.4382 -37.5
v -142.5 1.3927 -35.0
v -140.0 4.268 -32.5
v -140.0 3.9933 -35.0
v -142.5 4.5956 -20.0
v -142.5 7.0046 -17.5
v -140.0 6.1667 -17.5
v -142.5 6.687 -2.5
v -142.5 4.7042 0.0
v -140.0 3.6673 0.0
v -142.5 6.687 -2.5
v -140.0 3.6673 0.0
v -140.0 6.1763 -2.5
v -142.5 4.7042 0.0
v -142.5 0 2.5
v -140.0 0 2.5
v -142.5 4.7042 0.0
v -140.0 0 2.5
v -140.0 3.6673 0.0
v -142.5 0 65.0
v -142.5 0 67.5
v -140.0 4.2374 67.5
v -142.5 0 65.0
v -140.0 4.2374 67.5
v -140.0 0 65.0
v -142.5 0 67.5
v -142.5 2.5255 70.0
v -140.0 5.2054 70.0
v -142.5 0 67.5
v -140.0 5.2054 70.0
v -140.0 4.2374 67.5
v -142.5 2.5255 70.0
v -142.5 3.0976 72.5
v -140.0 5.4442 72.5
v -142.5 2.5255 70.0
v -140.0 5.4442 72.5
v -140.0 5.2054 70.0
v -142.5 3.0976 72.5
v -142.5 2.7307 75.0
v -140.0 5.2846 75.0
v -142.5 3.0976 72.5
v -140.0 5.2846 75.0
v -140.0 5.4442 72.5
v -142.5 2.7307 75.0
v -142.5 1.4944 77.5
v -140.0 4.6831 77.5
v -142.5 2.7307 75.0
v -140.0 4.6831 77.5
v -140.0 5.2846 75.0
v -142.5 1.4944 77.5
v -142.5 0 80.0
v -140.0 3.181 80.0
v -142.5 1.4944 77.5
v -140.0 3.181 80.0
v -140.0 4.6831 77.5
v -142.5 0 80.0
v -140.0 0 82.5
v -140.0 3.181 80.0
v -140.0 0 -65.0
v -140.0 0.3958 -62.5
v -137.5 3.0748 -62.5
v -140.0 0 -65.0
v -137.5 3.0748 -62.5
v -137.5 0 -65.0
v -140.0 0.3958 -62.5
v -140.0 3.1367 -60.0
v -137.5 5.197 -60.0
v -140.0 0.3958 -62.5
v -137.5 5.197 -60.0
v -137.5 3.0748 -62.5
v -140.0 3.1367 -60.0
v -140.0 4.5672 -57.5
v -137.5 6.4724 -57.5
v -140.0 3.1367 -60.0
v -137.5 6.4724 -57.5
v -137.5 5.197 -60.0
v -140.0 4.0546 -47.5
v -140.0 5.078 -45.0
v -137.5 7.0952 -45.0
v -140.0 4.0546 -47.5
v -137.5 7.0952 -45.0
v -137.5 5.7698 -47.5
v -140.0 5.078 -45.0
v -140.0 5.7093 -42.5
v -137.5 7.9184 -42.5
v -140.0 5.078 -45.0
v -137.5 7.9184 -42.5
v -137.5 7.0952 -45.0
v -140.0 5.7093 -42.5
v -137.5 7.9172 -40.0
v -137.5 7.9184 -42.5
v -140.0 5.9287 -40.0
v -137.5 7.036 -37.5
v -137.5 7.9172 -40.0
v -140.0 5.4382 -37.5
v -140.0 3.9933 -35.0
v -137.5 5.5357 -35.0
v -140.0 5.4382 -37.5
v -137.5 5.5357 -35.0
v -137.5 7.036 -37.5
v -140.0 7.5886 -5.0
v -140.0 6.1763 -2.5
v -137.5 4.3774 -2.5
v -140.0 7.5886 -5.0
v -137.5 4.3774 -2.5
v -137.5 6.2199 -5.0
v -140.0 6.1763 -2.5
v -140.0 3.6673 0.0
v -137.5 1.4564 0.0
v -140.0 6.1763 -2.5
v -137.5 1.4564 0.0
v -137.5 4.3774 -2.5
v -140.0 3.6673 0.0
v -140.0 0 2.5
v -137.5 0 2.5
v -140.0 3.6673 0.0
v -137.5 0 2.5
v -137.5 1.4564 0.0
v -140.0 0 65.0
v -140.0 4.2374 67.5
v -137.5 5.7349 67.5
v -140.0 0 65.0
v -137.5 5.7349 67.5
v -137.5 0 65.0
v -140.0 5.4442 72.5
v -140.0 5.2846 75.0
v -137.5 7.4733 75.0
v -140.0 5.2846 75.0
v -140.0 4.6831 77.5
v -137.5 6.8894 77.5
v -140.0 5.2846 75.0
v -137.5 6.8894 77.5
v -137.5 7.4733 75.0
v -140.0 4.6831 77.5
v -140.0 3.181 80.0
v -137.5 5.3279 80.0
v -140.0 4.6831 77.5
v -137.5 5.3279 80.0
v -137.5 6.8894 77.5
v -140.0 3.181 80.0
v -140.0 0 82.5
v -137.5 2.7047 82.5
v -140.0 3.181 80.0
v -137.5 2.7047 82.5
v -137.5 5.3279 80.0
v -140.0 0 82.5
v -137.5 0 85.0
v -137.5 2.7047 82.5
v -137.5 0 -65.0
v -137.5 3.0748 -62.5
v -135.0 4.486 -62.5
v -137.5 0 -65.0
v -135.0 4.486 -62.5
v -135.0 1.1619 -65.0
v -137.5 3.0748 -62.5
v -137.5 5.197 -60.0
v -135.0 6.2647 -60.0
v -137.5 3.0748 -62.5
v -135.0 6.2647 -60.0
v -135.0 4.486 -62.5
v -137.5 4.3774 -2.5
v -137.5 1.4564 0.0
v -135.0 1.3097 0.0
v -137.5 4.3774 -2.5
v -135.0 1.3097 0.0
v -135.0 4.1476 -2.5
v -137.5 0 65.0
v -137.5 5.7349 67.5
v -135.0 6.8112 67.5
v -137.5 0 65.0
v -135.0 6.8112 67.5
v -135.0 0 65.0
v -137.5 5.3279 80.0
v -137.5 2.7047 82.5
v -135.0 3.9197 82.5
v -137.5 5.3279 80.0
v -135.0 3.9197 82.5
v -135.0 6.0701 80.0
v -137.5 2.7047 82.5
v -137.5 0 85.0
v -135.0 0 85.0
v -137.5 2.7047 82.5
v -135.0 0 85.0
v -135.0 3.9197 82.5
v -135.0 0 -72.5
v -135.0 0 -70.0
v -132.5 2.3275 -70.0
v -135.0 0 -70.0
v -135.0 0 -67.5
v -132.5 2.672 -67.5
v -135.0 0 -70.0
v -132.5 2.672 -67.5
v -132.5 2.3275 -70.0
v -135.0 0 -67.5
v -132.5 2.3847 -65.0
v -132.5 2.672 -67.5
v -135.0 1.1619 -65.0
v -135.0 4.486 -62.5
v -132.5 4.7661 -62.5
v -135.0 1.1619 -65.0
v -132.5 4.7661 -62.5
v -132.5 2.3847 -65.0
v -135.0 4.1476 -2.5
v -135.0 1.3097 0.0
v -132.5 1.3614 0.0
v -135.0 4.1476 -2.5
v -132.5 1.3614 0.0
v -132.5 4.3448 -2.5
v -135.0 0 65.0
v -135.0 6.8112 67.5
v -132.5 5.305 67.5
v -135.0 0 65.0
v -132.5 5.305 67.5
v -132.5 0 65.0
v -135.0 6.8112 67.5
v -132.5 9.1801 70.0
v -132.5 5.305 67.5
v -135.0 6.0701 80.0
v -135.0 3.9197 82.5
v -132.5 4.7249 82.5
v -135.0 3.9197 82.5
v -135.0 0 85.0
v -132.5 1.109 85.0
v -135.0 3.9197 82.5
v -132.5 1.109 85.0
v -132.5 4.7249 82.5
v -132.5 0 -77.5
v -132.5 0 -75.0
v -130.0 2.6074 -75.0
v -132.5 0 -77.5
v -130.0 2.6074 -75.0
v -130.0 0.1506 -77.5
v -132.5 0 -75.0
v -132.5 1.3963 -72.5
v -130.0 3.898 -72.5
v -132.5 0 -75.0
v -130.0 3.898 -72.5
v -130.0 2.6074 -75.0
v -132.5 1.3963 -72.5
v -132.5 2.3275 -70.0
v -130.0 4.6088 -70.0
v -132.5 1.3963 -72.5
v -130.0 4.6088 -70.0
v -130.0 3.898 -72.5
v -132.5 2.3275 -70.0
v -130.0 4.6928 -67.5
v -130.0 4.6088 -70.0
v -132.5 2.3847 -65.0
v -132.5 4.7661 -62.5
v -130.0 4.2736 -62.5
v -132.5 4.3448 -2.5
v -132.5 1.3614 0.0
v -130.0 0 0.0
v -132.5 4.3448 -2.5
v -130.0 0 0.0
v -130.0 3.9141 -2.5
v -132.5 0 65.0
v -132.5 5.305 67.5
v -130.0 2.8521 67.5
v -132.5 0 65.0
v -130.0 2.8521 67.5
v -130.0 0 65.0
v -132.5 5.305 67.5
v -132.5 9.1801 70.0
v -130.0 8.5979 70.0
v -132.5 5.305 67.5
v -130.0 8.5979 70.0
v -130.0 2.8521 67.5
v -132.5 4.7249 82.5
v -132.5 1.109 85.0
v -130.0 2.2622 85.0
v -132.5 4.7249 82.5
v -130.0 2.2622 85.0
v -130.0 4.8851 82.5
v -132.5 1.109 85.0
v -132.5 0 87.5
v -130.0 1.973 87.5
v -132.5 0 87.5
v -130.0 0.6391 90.0
v -130.0 1.973 87.5
v -130.0 0 -80.0
v -130.0 0.1506 -77.5
v -127.5 2.737 -77.5
v -130.0 0 -80.0
v -127.5 2.737 -77.5
v -127.5 0 -80.0
v -130.0 0.1506 -77.5
v -130.0 2.6074 -75.0
v -127.5 4.4421 -75.0
v -130.0 0.1506 -77.5
v -127.5 4.4421 -75.0
v -127.5 2.737 -77.5
v -130.0 2.6074 -75.0
v -127.5 5.4148 -72.5
v -127.5 4.4421 -75.0
v -130.0 7.7987 -35.0
v -130.0 5.7397 -32.5
v -127.5 4.8203 -32.5
v -130.0 7.7987 -35.0
v -127.5 4.8203 -32.5
v -127.5 6.7423 -35.0
v -130.0 5.716 -5.0
v -130.0 3.9141 -2.5
v -127.5 2.2741 -2.5
v -130.0 5.716 -5.0
v -127.5 2.2741 -2.5
v -127.5 4.5936 -5.0
v -130.0 3.9141 -2.5
v -130.0 0 0.0
v -127.5 0 0.0
v -130.0 3.9141 -2.5
v -127.5 0 0.0
v -127.5 2.2741 -2.5
v -130.0 0 65.0
v -130.0 2.8521 67.5
v -127.5 2.2028 67.5
v -130.0 0 65.0
v -127.5 2.2028 67.5
v -127.5 0 65.0
v -130.0 2.8521 67.5
v -130.0 8.5979 70.0
v -127.5 7.4412 70.0
v -130.0 2.8521 67.5
v -127.5 7.4412 70.0
v -127.5 2.2028 67.5
v -130.0 4.8851 82.5
v -130.0 2.2622 85.0
v -127.5 4.9681 85.0
v -130.0 2.2622 85.0
v -130.0 1.973 87.5
v -127.5 4.7737 87.5
v -130.0 2.2622 85.0
v -127.5 4.7737 87.5
v -127.5 4.9681 85.0
v -130.0 1.973 87.5
v -130.0 0.6391 90.0
v -127.5 4.2294 90.0
v -130.0 1.973 87.5
v -127.5 4.2294 90.0
v -127.5 4.7737 87.5
v -130.0 0.6391 90.0
v -130.0 0 92.5
v -127.5 2.9682 92.5
v -130.0 0.6391 90.0
v -127.5 2.9682 92.5
v -127.5 4.2294 90.0
v -130.0 0 92.5
v -127.5 0 95.0
v -127.5 2.9682 92.5
v -127.5 0 -80.0
v -127.5 2.737 -77.5
v -125.0 4.0403 -77.5
v -127.5 0 -80.0
v -125.0 4.0403 -77.5
v -125.0 1.6987 -80.0
v -127.5 6.7423 -35.0
v -127.5 4.8203 -32.5
v -125.0 3.7611 -32.5
v -127.5 6.7423 -35.0
v -125.0 3.7611 -32.5
v -125.0 5.4627 -35.0
v -127.5 5.8835 -7.5
v -127.5 4.5936 -5.0
v -125.0 2.2629 -5.0
v -127.5 5.8835 -7.5
v -125.0 2.2629 -5.0
v -125.0 3.9087 -7.5
v -127.5 4.5936 -5.0
v -127.5 2.2741 -2.5
v -125.0 0 -2.5
v -127.5 4.5936 -5.0
v -125.0 0 -2.5
v -125.0 2.2629 -5.0
v -127.5 2.2741 -2.5
v -127.5 0 0.0
v -125.0 0 0.0
v -127.5 2.2741 -2.5
v -125.0 0 0.0
v -125.0 0 -2.5
v -127.5 0 65.0
v -127.5 2.2028 67.5
v -125.0 1.7447 67.5
v -127.5 2.2028 67.5
v -127.5 7.4412 70.0
v -125.0 6.5362 70.0
v -127.5 2.2028 67.5
v -125.0 6.5362 70.0
v -125.0 1.7447 67.5
v -127.5 6.2859 80.0
v -127.5 4.7646 82.5
v -125.0 6.3121 82.5
v -127.5 4.9681 85.0
v -127.5 4.7737 87.5
v -125.0 7.0005 87.5
v -127.5 4.7737 87.5
v -127.5 4.2294 90.0
v -125.0 6.6282 90.0
v -127.5 4.7737 87.5
v -125.0 6.6282 90.0
v -125.0 7.0005 87.5
v -127.5 4.2294 90.0
v -127.5 2.9682 92.5
v -125.0 5.3976 92.5
v -127.5 4.2294 90.0
v -125.0 5.3976 92.5
v -125.0 6.6282 90.0
v -127.5 2.9682 92.5
v -127.5 0 95.0
v -125.0 3.2124 95.0
v -127.5 2.9682 92.5
v -125.0 3.2124 95.0
v -125.0 5.3976 92.5
v -127.5 0 95.0
v -125.0 0 97.5
v -125.0 3.2124 95.0
v -125.0 0 -82.5
v -122.5 2.5803 -80.0
v -122.5 0 -82.5
v -125.0 1.6987 -80.0
v -125.0 4.0403 -77.5
v -122.5 4.4067 -77.5
v -125.0 6.2286 -47.5
v -125.0 7.5321 -45.0
v -122.5 5.5363 -45.0
v -125.0 7.5321 -45.0
v -125.0 7.9605 -42.5
v -122.5 5.7713 -42.5
v -125.0 7.9605 -42.5
v -122.5 5.5811 -40.0
v -122.5 5.7713 -42.5
v -125.0 4.0181 -15.0
v -125.0 4.7565 -12.5
v -122.5 1.8086 -12.5
v -125.0 4.7565 -12.5
v -125.0 4.7457 -10.0
v -122.5 1.6123 -10.0
v -125.0 4.7565 -12.5
v -122.5 1.6123 -10.0
v -122.5 1.8086 -12.5
v -125.0 4.7457 -10.0
v -125.0 3.9087 -7.5
v -122.5 0 -7.5
v -125.0 4.7457 -10.0
v -122.5 0 -7.5
v -122.5 1.6123 -10.0
v -125.0 3.9087 -7.5
v -125.0 2.2629 -5.0
v -122.5 0 -5.0
v -125.0 3.9087 -7.5
v -122.5 0 -5.0
v -122.5 0 -7.5
v -125.0 2.2629 -5.0
v -125.0 0 -2.5
v -122.5 0 -2.5
v -125.0 2.2629 -5.0
v -122.5 0 -2.5
v -122.5 0 -5.0
v -125.0 1.7447 67.5
v -125.0 6.5362 70.0
v -122.5 4.8023 70.0
v -125.0 1.7447 67.5
v -122.5 4.8023 70.0
v -122.5 1.152 67.5
v -125.0 6.5362 70.0
v -125.0 7.2982 72.5
v -122.5 5.2383 72.5
v -125.0 7.2982 72.5
v -125.0 7.2178 75.0
v -122.5 4.8267 75.0
v -125.0 7.2982 72.5
v -122.5 4.8267 75.0
v -122.5 5.2383 72.5
v -125.0 7.2178 75.0
v -122.5 5.3725 77.5
v -122.5 4.8267 75.0
v -125.0 5.3976 92.5
v -125.0 3.2124 95.0
v -122.5 4.5339 95.0
v -125.0 5.3976 92.5
v -122.5 4.5339 95.0
v -122.5 6.406 92.5
v -125.0 3.2124 95.0
v -125.0 0 97.5
v -122.5 1.8336 97.5
v -125.0 3.2124 95.0
v -122.5 1.8336 97.5
v -122.5 4.5339 95.0
v -125.0 0 97.5
v -122.5 0 100.0
v -122.5 1.8336 97.5
v -122.5 0 -82.5
v -122.5 2.5803 -80.0
v -120.0 2.6515 -80.0
v -122.5 0 -82.5
v -120.0 2.6515 -80.0
v -120.0 0.2134 -82.5
v -122.5 5.5363 -45.0
v -122.5 5.7713 -42.5
v -120.0 3.3191 -42.5
v -122.5 5.7713 -42.5
v -122.5 5.5811 -40.0
v -120.0 3.3871 -40.0
v -122.5 5.7713 -42.5
v -120.0 3.3871 -40.0
v -120.0 3.3191 -42.5
v -122.5 5.5811 -40.0
v -122.5 5.0811 -37.5
v -120.0 2.6446 -37.5
v -122.5 5.5811 -40.0
v -120.0 2.6446 -37.5
v -120.0 3.3871 -40.0
v -122.5 5.0811 -37.5
v -120.0 3.8451 -35.0
v -120.0 2.6446 -37.5
v -122.5 1.152 67.5
v -122.5 4.8023 70.0
v -120.0 0.8507 70.0
v -122.5 4.8023 70.0
v -122.5 5.2383 72.5
v -120.0 1.7026 72.5
v -122.5 4.8023 70.0
v -120.0 1.7026 72.5
v -120.0 0.8507 70.0
v -122.5 5.2383 72.5
v -120.0 4.1782 75.0
v -120.0 1.7026 72.5
v -122.5 4.8267 75.0
v -120.0 6.3054 77.5
v -120.0 4.1782 75.0
v -122.5 6.406 92.5
v -122.5 4.5339 95.0
v -120.0 5.5646 95.0
v -122.5 4.5339 95.0
v -122.5 1.8336 97.5
v -120.0 3.2474 97.5
v -122.5 4.5339 95.0
v -120.0 3.2474 97.5
v -120.0 5.5646 95.0
v -122.5 1.8336 97.5
v -120.0 0 100.0
v -120.0 3.2474 97.5
v -120.0 0 -87.5
v -120.0 0 -85.0
v -117.5 3.3589 -85.0
v -120.0 0 -87.5
v -117.5 3.3589 -85.0
v -117.5 2.0371 -87.5
v -120.0 0 -85.0
v -120.0 0.2134 -82.5
v -117.5 3.9182 -82.5
v -120.0 0 -85.0
v -117.5 3.9182 -82.5
v -117.5 3.3589 -85.0
v -120.0 0.2134 -82.5
v -120.0 2.6515 -80.0
v -117.5 4.1104 -80.0
v -120.0 0.2134 -82.5
v -117.5 4.1104 -80.0
v -117.5 3.9182 -82.5
v -120.0 3.3191 -42.5
v -120.0 3.3871 -40.0
v -117.5 0 -40.0
v -120.0 3.3191 -42.5
v -117.5 0 -40.0
v -117.5 1.884 -42.5
v -120.0 3.3871 -40.0
v -117.5 2.3267 -37.5
v -117.5 0 -40.0
v -120.0 3.2049 -15.0
v -120.0 1.2582 -12.5
v -117.5 0.3011 -12.5
v -120.0 3.2049 -15.0
v -117.5 0.3011 -12.5
v -117.5 2.2851 -15.0
v -120.0 1.7026 72.5
v -120.0 4.1782 75.0
v -117.5 4.7848 75.0
v -120.0 1.7026 72.5
v -117.5 4.7848 75.0
v -117.5 1.3016 72.5
v -120.0 4.1782 75.0
v -120.0 6.3054 77.5
v -117.5 7.1103 77.5
v -120.0 4.1782 75.0
v -117.5 7.1103 77.5
v -117.5 4.7848 75.0
v -120.0 5.5646 95.0
v -120.0 3.2474 97.5
v -117.5 3.7247 97.5
v -120.0 5.5646 95.0
v -117.5 3.7247 97.5
v -117.5 6.296 95.0
v -120.0 3.2474 97.5
v -120.0 0 100.0
v -117.5 0 100.0
v -120.0 3.2474 97.5
v -117.5 0 100.0
v -117.5 3.7247 97.5
v -117.5 0 -92.5
v -117.5 0 -90.0
v -115.0 2.5989 -90.0
v -117.5 0 -92.5
v -115.0 2.5989 -90.0
v -115.0 0 -92.5
v -117.5 0 -90.0
v -117.5 2.0371 -87.5
v -115.0 4.2685 -87.5
v -117.5 0 -90.0
v -115.0 4.2685 -87.5
v -115.0 2.5989 -90.0
v -117.5 2.0371 -87.5
v -117.5 3.3589 -85.0
v -115.0 5.3302 -85.0
v -117.5 2.0371 -87.5
v -115.0 5.3302 -85.0
v -115.0 4.2685 -87.5
v -117.5 3.3589 -85.0
v -117.5 3.9182 -82.5
v -115.0 6.1313 -82.5
v -117.5 3.3589 -85.0
v -115.0 6.1313 -82.5
v -115.0 5.3302 -85.0
v -117.5 3.9182 -82.5
v -117.5 4.1104 -80.0
v -115.0 6.5317 -80.0
v -117.5 3.9182 -82.5
v -115.0 6.5317 -80.0
v -115.0 6.1313 -82.5
v -117.5 4.1104 -80.0
v -115.0 6.2549 -77.5
v -115.0 6.5317 -80.0
v -117.5 3.798 -45.0
v -117.5 1.884 -42.5
v -115.0 0.9585 -42.5
v -117.5 3.798 -45.0
v -115.0 0.9585 -42.5
v -115.0 3.4609 -45.0
v -117.5 0 -40.0
v -117.5 2.3267 -37.5
v -115.0 1.8676 -37.5
v -117.5 4.3196 -17.5
v -117.5 2.2851 -15.0
v -115.0 0.7552 -15.0
v -117.5 4.3196 -17.5
v -115.0 0.7552 -15.0
v -115.0 3.762 -17.5
v -117.5 1.3016 72.5
v -117.5 4.7848 75.0
v -115.0 4.7876 75.0
v -117.5 1.3016 72.5
v -115.0 4.7876 75.0
v -115.0 0.9198 72.5
v -117.5 4.7848 75.0
v -117.5 7.1103 77.5
v -115.0 6.8084 77.5
v -117.5 6.296 95.0
v -117.5 3.7247 97.5
v -115.0 3.2063 97.5
v -117.5 6.296 95.0
v -115.0 3.2063 97.5
v -115.0 5.9155 95.0
v -117.5 3.7247 97.5
v -117.5 0 100.0
v -115.0 0 100.0
v -117.5 3.7247 97.5
v -115.0 0 100.0
v -115.0 3.2063 97.5
v -115.0 0 -92.5
v -115.0 2.5989 -90.0
v -112.5 4.1995 -90.0
v -115.0 0 -92.5
v -112.5 4.1995 -90.0
v -112.5 1.7607 -92.5
v -115.0 2.5989 -90.0
v -115.0 4.2685 -87.5
v -112.5 5.8732 -87.5
v -115.0 2.5989 -90.0
v -112.5 5.8732 -87.5
v -112.5 4.1995 -90.0
v -115.0 4.2685 -87.5
v -115.0 5.3302 -85.0
v -112.5 7.2186 -85.0
v -115.0 4.2685 -87.5
v -112.5 7.2186 -85.0
v -112.5 5.8732 -87.5
v -115.0 3.4609 -45.0
v -115.0 0.9585 -42.5
v -112.5 0 -42.5
v -115.0 3.4609 -45.0
v -112.5 0 -42.5
v -112.5 2.2149 -45.0
v -115.0 4.7706 -20.0
v -115.0 3.762 -17.5
v -112.5 1.793 -17.5
v -115.0 4.7706 -20.0
v -112.5 1.793 -17.5
v -112.5 4.3237 -20.0
v -115.0 3.762 -17.5
v -115.0 0.7552 -15.0
v -112.5 0.0 -15.0
v -115.0 3.762 -17.5
v -112.5 0.0 -15.0
v -112.5 1.793 -17.5
v -115.0 0.9198 72.5
v -115.0 4.7876 75.0
v -112.5 3.6891 75.0
v -115.0 0.9198 72.5
v -112.5 3.6891 75.0
v -112.5 0 72.5
v -115.0 4.7876 75.0
v -115.0 6.8084 77.5
v -112.5 5.6097 77.5
v -115.0 4.7876 75.0
v -112.5 5.6097 77.5
v -112.5 3.6891 75.0
v -115.0 7.8491 92.5
v -115.0 5.9155 95.0
v -112.5 4.7691 95.0
v -115.0 7.8491 92.5
v -112.5 4.7691 95.0
v -112.5 6.6748 92.5
v -115.0 5.9155 95.0
v -115.0 3.2063 97.5
v -112.5 2.147 97.5
v -115.0 5.9155 95.0
v -112.5 2.147 97.5
v -112.5 4.7691 95.0
v -115.0 3.2063 97.5
v -115.0 0 100.0
v -112.5 0 100.0
v -115.0 3.2063 97.5
v -112.5 0 100.0
v -112.5 2.147 97.5
v -112.5 0 -95.0
v -112.5 1.7607 -92.5
v -110.0 3.1457 -92.5
v -112.5 0 -95.0
v -110.0 3.1457 -92.5
v -110.0 0 -95.0
v -112.5 1.7607 -92.5
v -112.5 4.1995 -90.0
v -110.0 5.5402 -90.0
v -112.5 1.7607 -92.5
v -110.0 5.5402 -90.0
v -110.0 3.1457 -92.5
v -112.5 4.1995 -90.0
v -112.5 5.8732 -87.5
v -110.0 7.3358 -87.5
v -112.5 4.1995 -90.0
v -110.0 7.3358 -87.5
v -110.0 5.5402 -90.0
v -112.5 3.9058 -47.5
v -112.5 2.2149 -45.0
v -110.0 0 -45.0
v -112.5 3.9058 -47.5
v -110.0 0 -45.0
v -110.0 2.122 -47.5
v -112.5 2.2149 -45.0
v -112.5 0 -42.5
v -110.0 0 -42.5
v -112.5 2.2149 -45.0
v -110.0 0 -42.5
v -110.0 0 -45.0
v -112.5 1.0801 -37.5
v -112.5 2.9231 -35.0
v -110.0 1.9687 -35.0
v -112.5 1.0801 -37.5
v -110.0 1.9687 -35.0
v -110.0 0 -37.5
v -112.5 4.3237 -20.0
v -112.5 1.793 -17.5
v -110.0 0.0187 -17.5
v -112.5 4.3237 -20.0
v -110.0 0.0187 -17.5
v -110.0 2.5361 -20.0
v -112.5 0 72.5
v -112.5 3.6891 75.0
v -110.0 1.8109 75.0
v -112.5 3.6891 75.0
v -112.5 5.6097 77.5
v -110.0 4.3605 77.5
v -112.5 3.6891 75.0
v -110.0 4.3605 77.5
v -110.0 1.8109 75.0
v -112.5 5.6097 77.5
v -110.0 6.1269 80.0
v -110.0 4.3605 77.5
v -112.5 8.1672 90.0
v -112.5 6.6748 92.5
v -110.0 5.1686 92.5
v -112.5 8.1672 90.0
v -110.0 5.1686 92.5
v -110.0 6.3902 90.0
v -112.5 6.6748 92.5
v -112.5 4.7691 95.0
v -110.0 3.4705 95.0
v -112.5 6.6748 92.5
v -110.0 3.4705 95.0
v -110.0 5.1686 92.5
v -112.5 4.7691 95.0
v -112.5 2.147 97.5
v -110.0 0 97.5
v -112.5 4.7691 95.0
v -110.0 0 97.5
v -110.0 3.4705 95.0
v -112.5 2.147 97.5
v -112.5 0 100.0
v -110.0 0 100.0
v -112.5 2.147 97.5
v -110.0 0 100.0
v -110.0 0 97.5
v -110.0 0 -95.0
v -110.0 3.1457 -92.5
v -107.5 4.0633 -92.5
v -110.0 0 -95.0
v -107.5 4.0633 -92.5
v -107.5 0 -95.0
v -110.0 3.1457 -92.5
v -110.0 5.5402 -90.0
v -107.5 6.3656 -90.0
v -110.0 3.1457 -92.5
v -107.5 6.3656 -90.0
v -107.5 4.0633 -92.5
v -110.0 3.7565 -60.0
v -107.5 3.4801 -57.5
v -107.5 5.2368 -60.0
v -110.0 3.5808 -57.5
v -110.0 4.0545 -55.0
v -107.5 2.0021 -55.0
v -110.0 4.0545 -55.0
v -110.0 4.0264 -52.5
v -107.5 1.7432 -52.5
v -110.0 4.0264 -52.5
v -110.0 3.381 -50.0
v -107.5 0.7715 -50.0
v -110.0 4.0264 -52.5
v -107.5 0.7715 -50.0
v -107.5 1.7432 -52.5
v -110.0 3.381 -50.0
v -110.0 2.122 -47.5
v -107.5 0 -47.5
v -110.0 3.381 -50.0
v -107.5 0 -47.5
v -107.5 0.7715 -50.0
v -110.0 2.122 -47.5
v -110.0 0 -45.0
v -107.5 0 -45.0
v -110.0 2.122 -47.5
v -107.5 0 -45.0
v -107.5 0 -47.5
v -110.0 0 -37.5
v -110.0 1.9687 -35.0
v -107.5 0 -35.0
v -110.0 1.9687 -35.0
v -107.5 1.6028 -32.5
v -107.5 0 -35.0
v -110.0 4.1359 -22.5
v -110.0 2.5361 -20.0
v -107.5 0.4138 -20.0
v -110.0 4.1359 -22.5
v -107.5 0.4138 -20.0
v -107.5 2.5759 -22.5
v -110.0 2.5361 -20.0
v -110.0 0.0187 -17.5
v -107.5 0.0 -17.5
v -110.0 2.5361 -20.0
v -107.5 0.0 -17.5
v -107.5 0.4138 -20.0
v -110.0 0 72.5
v -110.0 1.8109 75.0
v -107.5 0 75.0
v -110.0 1.8109 75.0
v -110.0 4.3605 77.5
v -107.5 2.3262 77.5
v -110.0 1.8109 75.0
v -107.5 2.3262 77.5
v -107.5 0 75.0
v -110.0 4.3605 77.5
v -110.0 6.1269 80.0
v -107.5 4.3807 80.0
v -110.0 4.3605 77.5
v -107.5 4.3807 80.0
v -107.5 2.3262 77.5
v -110.0 6.1269 80.0
v -110.0 7.3288 82.5
v -107.5 5.32 82.5
v -110.0 7.3288 82.5
v -110.0 7.7397 85.0
v -107.5 5.482 85.0
v -110.0 7.7397 85.0
v -110.0 7.3332 87.5
v -107.5 5.196 87.5
v -110.0 7.7397 85.0
v -107.5 5.196 87.5
v -107.5 5.482 85.0
v -110.0 7.3332 87.5
v -107.5 4.6102 90.0
v -107.5 5.196 87.5
v -110.0 6.3902 90.0
v -110.0 5.1686 92.5
v -107.5 3.4661 92.5
v -110.0 6.3902 90.0
v -107.5 3.4661 92.5
v -107.5 4.6102 90.0
v -110.0 5.1686 92.5
v -110.0 3.4705 95.0
v -107.5 0.636 95.0
v -110.0 5.1686 92.5
v -107.5 0.636 95.0
v -107.5 3.4661 92.5
v -110.0 3.4705 95.0
v -110.0 0 97.5
v -107.5 0 97.5
v -110.0 3.4705 95.0
v -107.5 0 97.5
v -107.5 0.636 95.0
v -107.5 0 -95.0
v -107.5 4.0633 -92.5
v -105.0 4.1602 -92.5
v -107.5 0 -95.0
v -105.0 4.1602 -92.5
v -105.0 0 -95.0
v -107.5 4.0633 -92.5
v -107.5 6.3656 -90.0
v -105.0 6.0821 -90.0
v -107.5 5.2368 -60.0
v -105.0 4.2105 -57.5
v -105.0 6.1818 -60.0
v -107.5 3.4801 -57.5
v -105.0 1.0644 -55.0
v -105.0 4.2105 -57.5
v -107.5 0 -35.0
v -107.5 1.6028 -32.5
v -105.0 0 -32.5
v -107.5 1.6028 -32.5
v -107.5 2.4612 -30.0
v -105.0 0.1211 -30.0
v -107.5 2.4612 -30.0
v -105.0 1.1875 -27.5
v -105.0 0.1211 -30.0
v -107.5 3.2587 -25.0
v -107.5 2.5759 -22.5
v -105.0 0.2732 -22.5
v -107.5 3.2587 -25.0
v -105.0 0.2732 -22.5
v -105.0 1.266 -25.0
v -107.5 2.5759 -22.5
v -107.5 0.4138 -20.0
v -105.0 0 -20.0
v -107.5 2.5759 -22.5
v -105.0 0 -20.0
v -105.0 0.2732 -22.5
v -107.5 0 75.0
v -107.5 2.3262 77.5
v -105.0 0 77.5
v -107.5 2.3262 77.5
v -107.5 4.3807 80.0
v -105.0 0.485 80.0
v -107.5 2.3262 77.5
v -105.0 0.485 80.0
v -105.0 0 77.5
v -107.5 4.3807 80.0
v -107.5 5.32 82.5
v -105.0 2.253 82.5
v -107.5 4.3807 80.0
v -105.0 2.253 82.5
v -105.0 0.485 80.0
v -107.5 5.32 82.5
v -107.5 5.482 85.0
v -105.0 2.7993 85.0
v -107.5 5.32 82.5
v -105.0 2.7993 85.0
v -105.0 2.253 82.5
v -107.5 5.482 85.0
v -107.5 5.196 87.5
v -105.0 2.75 87.5
v -107.5 5.482 85.0
v -105.0 2.75 87.5
v -105.0 2.7993 85.0
v -107.5 5.196 87.5
v -107.5 4.6102 90.0
v -105.0 1.8608 90.0
v -107.5 5.196 87.5
v -105.0 1.8608 90.0
v -105.0 2.75 87.5
v -107.5 4.6102 90.0
v -107.5 3.4661 92.5
v -105.0 0 92.5
v -107.5 4.6102 90.0
v -105.0 0 92.5
v -105.0 1.8608 90.0
v -107.5 3.4661 92.5
v -107.5 0.636 95.0
v -105.0 0 95.0
v -107.5 3.4661 92.5
v -105.0 0 95.0
v -105.0 0 92.5
v -105.0 0 -95.0
v -105.0 4.1602 -92.5
v -102.5 3.3874 -92.5
v -105.0 0 -95.0
v -102.5 3.3874 -92.5
v -102.5 0 -95.0
v -105.0 4.1602 -92.5
v -102.5 5.3736 -90.0
v -102.5 3.3874 -92.5
v -105.0 4.2105 -57.5
v -105.0 1.0644 -55.0
v -102.5 1.4325 -55.0
v -105.0 4.2105 -57.5
v -102.5 1.4325 -55.0
v -102.5 4.1356 -57.5
v -105.0 0.485 80.0
v -105.0 2.253 82.5
v -102.5 0 82.5
v -105.0 2.253 82.5
v -105.0 2.7993 85.0
v -102.5 0 85.0
v -105.0 2.253 82.5
v -102.5 0 85.0
v -102.5 0 82.5
v -105.0 2.7993 85.0
v -105.0 2.75 87.5
v -102.5 0 87.5
v -105.0 2.7993 85.0
v -102.5 0 87.5
v -102.5 0 85.0
v -105.0 2.75 87.5
v -102.5 0 90.0
v -102.5 0 87.5
v -102.5 0 -95.0
v -102.5 3.3874 -92.5
v -100.0 2.2133 -92.5
v -102.5 0 -95.0
v -100.0 2.2133 -92.5
v -100.0 0 -95.0
v -102.5 3.3874 -92.5
v -102.5 5.3736 -90.0
v -100.0 4.7584 -90.0
v -102.5 3.3874 -92.5
v -100.0 4.7584 -90.0
v -100.0 2.2133 -92.5
v -102.5 4.1356 -57.5
v -102.5 1.4325 -55.0
v -100.0 1.0448 -55.0
v -102.5 4.1356 -57.5
v -100.0 1.0448 -55.0
v -100.0 3.9446 -57.5
v -100.0 0 -95.0
v -100.0 2.2133 -92.5
v -97.5 0 -92.5
v -100.0 2.2133 -92.5
v -100.0 4.7584 -90.0
v -97.5 3.6888 -90.0
v -100.0 2.2133 -92.5
v -97.5 3.6888 -90.0
v -97.5 0 -92.5
v -100.0 4.7584 -90.0
v -100.0 6.5901 -87.5
v -97.5 5.4816 -87.5
v -100.0 4.7584 -90.0
v -97.5 5.4816 -87.5
v -97.5 3.6888 -90.0
v -100.0 3.9446 -57.5
v -100.0 1.0448 -55.0
v -97.5 0 -55.0
v -100.0 3.9446 -57.5
v -97.5 0 -55.0
v -97.5 3.3888 -57.5
v -97.5 0 -95.0
v -97.5 0 -92.5
v -95.0 2.2912 -92.5
v -97.5 0 -95.0
v -95.0 2.2912 -92.5
v -95.0 0 -95.0
v -97.5 0 -92.5
v -97.5 3.6888 -90.0
v -95.0 4.7918 -90.0
v -97.5 0 -92.5
v -95.0 4.7918 -90.0
v -95.0 2.2912 -92.5
v -97.5 5.1257 -60.0
v -97.5 3.3888 -57.5
v -95.0 1.6344 -57.5
v -97.5 5.1257 -60.0
v -95.0 1.6344 -57.5
v -95.0 4.0834 -60.0
v -97.5 3.3888 -57.5
v -97.5 0 -55.0
v -95.0 0 -55.0
v -97.5 3.3888 -57.5
v -95.0 0 -55.0
v -95.0 1.6344 -57.5
v -95.0 0 -95.0
v -95.0 2.2912 -92.5
v -92.5 3.0103 -92.5
v -95.0 0 -95.0
v -92.5 3.0103 -92.5
v -92.5 0 -95.0
v -95.0 2.2912 -92.5
v -95.0 4.7918 -90.0
v -92.5 5.1311 -90.0
v -95.0 2.2912 -92.5
v -92.5 5.1311 -90.0
v -92.5 3.0103 -92.5
v -95.0 5.3564 -62.5
v -95.0 4.0834 -60.0
v -92.5 1.7049 -60.0
v -95.0 5.3564 -62.5
v -92.5 1.7049 -60.0
v -92.5 3.5702 -62.5
v -95.0 4.0834 -60.0
v -95.0 1.6344 -57.5
v -92.5 0 -57.5
v -95.0 4.0834 -60.0
v -92.5 0 -57.5
v -92.5 1.7049 -60.0
v -92.5 0 -95.0
v -92.5 3.0103 -92.5
v -90.0 3.1445 -92.5
v -92.5 0 -95.0
v -90.0 3.1445 -92.5
v -90.0 0 -95.0
v -92.5 3.0103 -92.5
v -92.5 5.1311 -90.0
v -90.0 5.5326 -90.0
v -92.5 3.0103 -92.5
v -90.0 5.5326 -90.0
v -90.0 3.1445 -92.5
v -92.5 5.1463 -70.0
v -90.0 3.3221 -67.5
v -90.0 5.737 -70.0
v -92.5 4.7024 -67.5
v -92.5 4.5158 -65.0
v -90.0 1.593 -65.0
v -92.5 4.7024 -67.5
v -90.0 1.593 -65.0
v -90.0 3.3221 -67.5
v -92.5 4.5158 -65.0
v -92.5 3.5702 -62.5
v -90.0 0 -62.5
v -92.5 4.5158 -65.0
v -90.0 0 -62.5
v -90.0 1.593 -65.0
v -92.5 3.5702 -62.5
v -92.5 1.7049 -60.0
v -90.0 0 -60.0
v -92.5 3.5702 -62.5
v -90.0 0 -60.0
v -90.0 0 -62.5
v -90.0 0 -100.0
v -90.0 0 -97.5
v -87.5 2.588 -97.5
v -90.0 0 -97.5
v -90.0 0 -95.0
v -87.5 3.0614 -95.0
v -90.0 0 -97.5
v -87.5 3.0614 -95.0
v -87.5 2.588 -97.5
v -90.0 0 -95.0
v -90.0 3.1445 -92.5
v -87.5 3.0006 -92.5
v -90.0 0 -95.0
v -87.5 3.0006 -92.5
v -87.5 3.0614 -95.0
v -90.0 3.1445 -92.5
v -90.0 5.5326 -90.0
v -87.5 5.5938 -90.0
v -90.0 3.1445 -92.5
v -87.5 5.5938 -90.0
v -87.5 3.0006 -92.5
v -90.0 5.737 -70.0
v -90.0 3.3221 -67.5
v -87.5 2.7464 -67.5
v -90.0 5.737 -70.0
v -87.5 2.7464 -67.5
v -87.5 5.4024 -70.0
v -90.0 3.3221 -67.5
v -90.0 1.593 -65.0
v -87.5 0 -65.0
v -90.0 3.3221 -67.5
v -87.5 0 -65.0
v -87.5 2.7464 -67.5
v -87.5 0 -105.0
v -87.5 0 -102.5
v -85.0 2.2868 -102.5
v -87.5 0 -105.0
v -85.0 2.2868 -102.5
v -85.0 0 -105.0
v -87.5 0 -102.5
v -87.5 1.4164 -100.0
v -85.0 3.9012 -100.0
v -87.5 0 -102.5
v -85.0 3.9012 -100.0
v -85.0 2.2868 -102.5
v -87.5 1.4164 -100.0
v -87.5 2.588 -97.5
v -85.0 4.9793 -97.5
v -87.5 1.4164 -100.0
v -85.0 4.9793 -97.5
v -85.0 3.9012 -100.0
v -87.5 2.588 -97.5
v -87.5 3.0614 -95.0
v -85.0 5.5405 -95.0
v -87.5 2.588 -97.5
v -85.0 5.5405 -95.0
v -85.0 4.9793 -97.5
v -87.5 3.0614 -95.0
v -87.5 3.0006 -92.5
v -85.0 5.3765 -92.5
v -87.5 3.0614 -95.0
v -85.0 5.3765 -92.5
v -85.0 5.5405 -95.0
v -87.5 3.0006 -92.5
v -87.5 5.5938 -90.0
v -85.0 4.5996 -90.0
v -87.5 3.0006 -92.5
v -85.0 4.5996 -90.0
v -85.0 5.3765 -92.5
v -87.5 7.2086 -72.5
v -87.5 5.4024 -70.0
v -85.0 4.238 -70.0
v -87.5 7.2086 -72.5
v -85.0 4.238 -70.0
v -85.0 6.1484 -72.5
v -87.5 5.4024 -70.0
v -87.5 2.7464 -67.5
v -85.0 1.5337 -67.5
v -87.5 5.4024 -70.0
v -85.0 1.5337 -67.5
v -85.0 4.238 -70.0
v -87.5 2.7464 -67.5
v -87.5 0 -65.0
v -85.0 0 -65.0
v -85.0 0 -105.0
v -85.0 2.2868 -102.5
v -82.5 4.1079 -102.5
v -85.0 0 -105.0
v -82.5 4.1079 -102.5
v -82.5 1.6837 -105.0
v -85.0 2.2868 -102.5
v -85.0 3.9012 -100.0
v -82.5 5.7624 -100.0
v -85.0 2.2868 -102.5
v -82.5 5.7624 -100.0
v -82.5 4.1079 -102.5
v -85.0 3.9012 -100.0
v -85.0 4.9793 -97.5
v -82.5 6.7624 -97.5
v -85.0 3.9012 -100.0
v -82.5 6.7624 -97.5
v -82.5 5.7624 -100.0
v -85.0 7.5888 -75.0
v -85.0 6.1484 -72.5
v -82.5 4.6034 -72.5
v -85.0 7.5888 -75.0
v -82.5 4.6034 -72.5
v -82.5 5.9125 -75.0
v -85.0 6.1484 -72.5
v -85.0 4.238 -70.0
v -82.5 2.8381 -70.0
v -85.0 6.1484 -72.5
v -82.5 2.8381 -70.0
v -82.5 4.6034 -72.5
v -85.0 4.238 -70.0
v -85.0 1.5337 -67.5
v -82.5 0 -67.5
v -85.0 4.238 -70.0
v -82.5 0 -67.5
v -82.5 2.8381 -70.0
v -82.5 0 -107.5
v -82.5 1.6837 -105.0
v -80.0 3.1324 -105.0
v -82.5 0 -107.5
v -80.0 3.1324 -105.0
v -80.0 0 -107.5
v -82.5 1.6837 -105.0
v -82.5 4.1079 -102.5
v -80.0 5.4184 -102.5
v -82.5 1.6837 -105.0
v -80.0 5.4184 -102.5
v -80.0 3.1324 -105.0
v -82.5 4.6034 -72.5
v -80.0 2.1135 -70.0
v -80.0 4.6934 -72.5
v -82.5 2.8381 -70.0
v -82.5 0 -67.5
v -80.0 0 -67.5
v -82.5 2.8381 -70.0
v -80.0 0 -67.5
v -80.0 2.1135 -70.0
v -80.0 0 -107.5
v -80.0 3.1324 -105.0
v -77.5 3.7699 -105.0
v -80.0 0 -107.5
v -77.5 3.7699 -105.0
v -77.5 0 -107.5
v -80.0 3.1324 -105.0
v -80.0 5.4184 -102.5
v -77.5 5.6815 -102.5
v -80.0 4.6934 -72.5
v -80.0 2.1135 -70.0
v -77.5 2.768 -70.0
v -80.0 4.6934 -72.5
v -77.5 2.768 -70.0
v -77.5 5.4631 -72.5
v -80.0 2.1135 -70.0
v -80.0 0 -67.5
v -77.5 0 -67.5
v -80.0 2.1135 -70.0
v -77.5 0 -67.5
v -77.5 2.768 -70.0
v -80.0 0.3451 -12.5
v -77.5 2.1638 -10.0
v -77.5 0.0 -12.5
v -77.5 0 -107.5
v -77.5 3.7699 -105.0
v -75.0 3.421 -105.0
v -77.5 0 -107.5
v -75.0 3.421 -105.0
v -75.0 0 -107.5
v -77.5 5.4631 -72.5
v -77.5 2.768 -70.0
v -75.0 2.4344 -70.0
v -77.5 5.4631 -72.5
v -75.0 2.4344 -70.0
v -75.0 5.1729 -72.5
v -77.5 2.768 -70.0
v -77.5 0 -67.5
v -75.0 0 -67.5
v -77.5 2.768 -70.0
v -75.0 0 -67.5
v -75.0 2.4344 -70.0
v -77.5 0.0 -12.5
v -77.5 2.1638 -10.0
v -75.0 2.114 -10.0
v -77.5 0.0 -12.5
v -75.0 2.114 -10.0
v -75.0 0.0 -12.5
v -75.0 0 -107.5
v -75.0 3.421 -105.0
v -72.5 2.5501 -105.0
v -75.0 0 -107.5
v -72.5 2.5501 -105.0
v -72.5 0 -107.5
v -75.0 3.421 -105.0
v -72.5 4.7236 -102.5
v -72.5 2.5501 -105.0
v -75.0 7.103 -75.0
v -75.0 5.1729 -72.5
v -72.5 4.2029 -72.5
v -75.0 7.103 -75.0
v -72.5 4.2029 -72.5
v -72.5 6.0551 -75.0
v -75.0 5.1729 -72.5
v -75.0 2.4344 -70.0
v -72.5 1.4678 -70.0
v -75.0 5.1729 -72.5
v -72.5 1.4678 -70.0
v -72.5 4.2029 -72.5
v -75.0 2.4344 -70.0
v -75.0 0 -67.5
v -72.5 0 -67.5
v -75.0 0.0 -12.5
v -75.0 2.114 -10.0
v -72.5 2.0788 -10.0
v -75.0 0.0 -12.5
v -72.5 2.0788 -10.0
v -72.5 0.0 -12.5
v -72.5 0 -107.5
v -72.5 2.5501 -105.0
v -70.0 2.9594 -105.0
v -72.5 0 -107.5
v -70.0 2.9594 -105.0
v -70.0 0 -107.5
v -72.5 2.5501 -105.0
v -72.5 4.7236 -102.5
v -70.0 4.7957 -102.5
v -72.5 6.0551 -75.0
v -72.5 4.2029 -72.5
v -70.0 3.0353 -72.5
v -72.5 6.0551 -75.0
v -70.0 3.0353 -72.5
v -70.0 4.7382 -75.0
v -72.5 4.2029 -72.5
v -72.5 1.4678 -70.0
v -70.0 0 -70.0
v -72.5 4.2029 -72.5
v -70.0 0 -70.0
v -70.0 3.0353 -72.5
v -72.5 0.0 -12.5
v -72.5 2.0788 -10.0
v -70.0 1.7711 -10.0
v -70.0 0 -110.0
v -70.0 0 -107.5
v -67.5 2.2625 -107.5
v -70.0 0 -110.0
v -67.5 2.2625 -107.5
v -67.5 0 -110.0
v -70.0 0 -107.5
v -70.0 2.9594 -105.0
v -67.5 4.7835 -105.0
v -70.0 0 -107.5
v -67.5 4.7835 -105.0
v -67.5 2.2625 -107.5
v -70.0 2.9594 -105.0
v -70.0 4.7957 -102.5
v -67.5 6.1504 -102.5
v -70.0 2.9594 -105.0
v -67.5 6.1504 -102.5
v -67.5 4.7835 -105.0
v -70.0 5.7315 -87.5
v -70.0 6.873 -85.0
v -67.5 4.9711 -85.0
v -70.0 6.873 -85.0
v -70.0 7.2293 -82.5
v -67.5 5.1298 -82.5
v -70.0 7.2293 -82.5
v -67.5 4.8747 -80.0
v -67.5 5.1298 -82.5
v -70.0 4.7382 -75.0
v -70.0 3.0353 -72.5
v -67.5 0 -72.5
v -70.0 4.7382 -75.0
v -67.5 0 -72.5
v -67.5 3.1654 -75.0
v -70.0 3.0353 -72.5
v -70.0 0 -70.0
v -67.5 0 -70.0
v -70.0 3.0353 -72.5
v -67.5 0 -70.0
v -67.5 0 -72.5
v -67.5 0 -110.0
v -67.5 2.2625 -107.5
v -65.0 3.4808 -107.5
v -67.5 0 -110.0
v -65.0 3.4808 -107.5
v -65.0 0 -110.0
v -67.5 2.2625 -107.5
v -67.5 4.7835 -105.0
v -65.0 5.4199 -105.0
v -67.5 2.2625 -107.5
v -65.0 5.4199 -105.0
v -65.0 3.4808 -107.5
v -67.5 5.6635 -90.0
v -65.0 4.5747 -87.5
v -65.0 6.5039 -90.0
v -67.5 4.0791 -87.5
v -67.5 4.9711 -85.0
v -65.0 2.1402 -85.0
v -67.5 4.0791 -87.5
v -65.0 2.1402 -85.0
v -65.0 4.5747 -87.5
v -67.5 4.9711 -85.0
v -67.5 5.1298 -82.5
v -65.0 2.6745 -82.5
v -67.5 4.9711 -85.0
v -65.0 2.6745 -82.5
v -65.0 2.1402 -85.0
v -67.5 5.1298 -82.5
v -67.5 4.8747 -80.0
v -65.0 2.6229 -80.0
v -67.5 5.1298 -82.5
v -65.0 2.6229 -80.0
v -65.0 2.6745 -82.5
v -67.5 4.8747 -80.0
v -67.5 4.3157 -77.5
v -65.0 1.7279 -77.5
v -67.5 4.8747 -80.0
v -65.0 1.7279 -77.5
v -65.0 2.6229 -80.0
v -67.5 4.3157 -77.5
v -67.5 3.1654 -75.0
v -65.0 0 -75.0
v -67.5 4.3157 -77.5
v -65.0 0 -75.0
v -65.0 1.7279 -77.5
v -67.5 3.1654 -75.0
v -67.5 0 -72.5
v -65.0 0 -72.5
v -67.5 3.1654 -75.0
v -65.0 0 -72.5
v -65.0 0 -75.0
v -67.5 1.0364 -12.5
v -65.0 2.5067 -10.0
v -65.0 0.0 -12.5
v -65.0 0 -110.0
v -65.0 3.4808 -107.5
v -62.5 3.6396 -107.5
v -65.0 0 -110.0
v -62.5 3.6396 -107.5
v -62.5 0 -110.0
v -65.0 4.5747 -87.5
v -65.0 2.1402 -85.0
v -62.5 2.4516 -85.0
v -65.0 4.5747 -87.5
v -62.5 2.4516 -85.0
v -62.5 4.7374 -87.5
v -65.0 2.1402 -85.0
v -65.0 2.6745 -82.5
v -62.5 0 -82.5
v -65.0 2.1402 -85.0
v -62.5 0 -82.5
v -62.5 2.4516 -85.0
v -65.0 2.6745 -82.5
v -65.0 2.6229 -80.0
v -62.5 0 -80.0
v -65.0 2.6745 -82.5
v -62.5 0 -80.0
v -62.5 0 -82.5
v -65.0 2.6229 -80.0
v -62.5 0 -77.5
v -62.5 0 -80.0
v -65.0 0.0 -12.5
v -65.0 2.5067 -10.0
v -62.5 2.8715 -10.0
v -65.0 0.0 -12.5
v -62.5 2.8715 -10.0
v -62.5 0.0 -12.5
v -62.5 0 -110.0
v -62.5 3.6396 -107.5
v -60.0 3.4253 -107.5
v -62.5 0 -110.0
v -60.0 3.4253 -107.5
v -60.0 0 -110.0
v -62.5 3.6396 -107.5
v -60.0 5.6251 -105.0
v -60.0 3.4253 -107.5
v -62.5 4.7374 -87.5
v -62.5 2.4516 -85.0
v -60.0 2.4108 -85.0
v -62.5 4.7374 -87.5
v -60.0 2.4108 -85.0
v -60.0 4.8902 -87.5
v -62.5 2.4516 -85.0
v -62.5 0 -82.5
v -60.0 0 -82.5
v -62.5 2.4516 -85.0
v -60.0 0 -82.5
v -60.0 2.4108 -85.0
v -62.5 0.0 -12.5
v -62.5 2.8715 -10.0
v -60.0 2.7389 -10.0
v -62.5 0.0 -12.5
v -60.0 2.7389 -10.0
v -60.0 0.0 -12.5
v -60.0 0 -110.0
v -60.0 3.4253 -107.5
v -57.5 2.8488 -107.5
v -60.0 0 -110.0
v -57.5 2.8488 -107.5
v -57.5 0 -110.0
v -60.0 3.4253 -107.5
v -60.0 5.6251 -105.0
v -57.5 5.2466 -105.0
v -60.0 3.4253 -107.5
v -57.5 5.2466 -105.0
v -57.5 2.8488 -107.5
v -60.0 4.8902 -87.5
v -60.0 2.4108 -85.0
v -57.5 1.2292 -85.0
v -60.0 4.8902 -87.5
v -57.5 1.2292 -85.0
v -57.5 4.3745 -87.5
v -60.0 2.4108 -85.0
v -60.0 0 -82.5
v -57.5 0 -82.5
v -60.0 0.0 -12.5
v -60.0 2.7389 -10.0
v -57.5 2.5079 -10.0
v -60.0 0.0 -12.5
v -57.5 2.5079 -10.0
v -57.5 0.0 -12.5
v -57.5 0 -110.0
v -57.5 2.8488 -107.5
v -55.0 0.854 -107.5
v -57.5 2.8488 -107.5
v -57.5 5.2466 -105.0
v -55.0 3.7331 -105.0
v -57.5 2.8488 -107.5
v -55.0 3.7331 -105.0
v -55.0 0.854 -107.5
v -57.5 5.2466 -105.0
v -57.5 6.6228 -102.5
v -55.0 5.0261 -102.5
v -57.5 4.3745 -87.5
v -57.5 1.2292 -85.0
v -55.0 1.1136 -85.0
v -57.5 4.3745 -87.5
v -55.0 1.1136 -85.0
v -55.0 3.1884 -87.5
v -57.5 0.0 -12.5
v -57.5 2.5079 -10.0
v -55.0 2.2671 -10.0
v -57.5 0.0 -12.5
v -55.0 2.2671 -10.0
v -55.0 0.0 -12.5
v -55.0 0.854 -107.5
v -55.0 3.7331 -105.0
v -52.5 3.0043 -105.0
v -55.0 0.854 -107.5
v -52.5 3.0043 -105.0
v -52.5 0.6366 -107.5
v -55.0 4.8518 -90.0
v -55.0 3.1884 -87.5
v -52.5 0 -87.5
v -55.0 4.8518 -90.0
v -52.5 0 -87.5
v -52.5 4.9621 -90.0
v -55.0 3.1884 -87.5
v -55.0 1.1136 -85.0
v -52.5 0 -85.0
v -55.0 3.1884 -87.5
v -52.5 0 -85.0
v -52.5 0 -87.5
v -55.0 0.0 -12.5
v -55.0 2.2671 -10.0
v -52.5 1.5947 -10.0
v -52.5 0.6366 -107.5
v -52.5 3.0043 -105.0
v -50.0 3.5406 -105.0
v -52.5 0.6366 -107.5
v -50.0 3.5406 -105.0
v -50.0 1.3188 -107.5
v -52.5 4.9621 -90.0
v -52.5 0 -87.5
v -50.0 0 -87.5
v -52.5 4.9621 -90.0
v -50.0 0 -87.5
v -50.0 5.2539 -90.0
v -52.5 0.0 -12.5
v -52.5 1.5947 -10.0
v -50.0 0.0489 -10.0
v -50.0 1.3188 -107.5
v -50.0 3.5406 -105.0
v -47.5 3.7419 -105.0
v -50.0 1.3188 -107.5
v -47.5 3.7419 -105.0
v -47.5 1.3642 -107.5
v -50.0 5.2539 -90.0
v -50.0 0 -87.5
v -47.5 0 -87.5
v -50.0 5.2539 -90.0
v -47.5 0 -87.5
v -47.5 5.6323 -90.0
v -47.5 0 -115.0
v -47.5 0 -112.5
v -45.0 3.0286 -112.5
v -47.5 0 -115.0
v -45.0 3.0286 -112.5
v -45.0 1.3148 -115.0
v -47.5 0 -112.5
v -47.5 0 -110.0
v -45.0 3.9309 -110.0
v -47.5 0 -112.5
v -45.0 3.9309 -110.0
v -45.0 3.0286 -112.5
v -47.5 0 -110.0
v -47.5 1.3642 -107.5
v -45.0 4.1086 -107.5
v -47.5 0 -110.0
v -45.0 4.1086 -107.5
v -45.0 3.9309 -110.0
v -47.5 1.3642 -107.5
v -47.5 3.7419 -105.0
v -45.0 3.5488 -105.0
v -47.5 1.3642 -107.5
v -45.0 3.5488 -105.0
v -45.0 4.1086 -107.5
v -47.5 5.6323 -90.0
v -47.5 0 -87.5
v -45.0 0 -87.5
v -47.5 5.6323 -90.0
v -45.0 0 -87.5
v -45.0 5.285 -90.0
v -45.0 0 -117.5
v -45.0 1.3148 -115.0
v -42.5 4.2373 -115.0
v -45.0 0 -117.5
v -42.5 4.2373 -115.0
v -42.5 2.0638 -117.5
v -45.0 1.3148 -115.0
v -45.0 3.0286 -112.5
v -42.5 5.5455 -112.5
v -45.0 1.3148 -115.0
v -42.5 5.5455 -112.5
v -42.5 4.2373 -115.0
v -45.0 3.0286 -112.5
v -45.0 3.9309 -110.0
v -42.5 6.0563 -110.0
v -45.0 3.0286 -112.5
v -42.5 6.0563 -110.0
v -42.5 5.5455 -112.5
v -45.0 3.9309 -110.0
v -42.5 5.8942 -107.5
v -42.5 6.0563 -110.0
v -45.0 5.285 -90.0
v -45.0 0 -87.5
v -42.5 0 -87.5
v -45.0 5.285 -90.0
v -42.5 0 -87.5
v -42.5 4.1013 -90.0
v -42.5 0 -120.0
v -42.5 2.0638 -117.5
v -40.0 4.2493 -117.5
v -42.5 0 -120.0
v -40.0 4.2493 -117.5
v -40.0 1.1663 -120.0
v -42.5 2.0638 -117.5
v -42.5 4.2373 -115.0
v -40.0 5.941 -115.0
v -42.5 2.0638 -117.5
v -40.0 5.941 -115.0
v -40.0 4.2493 -117.5
v -42.5 4.5548 -102.5
v -40.0 5.2513 -100.0
v -40.0 6.46 -102.5
v -42.5 4.1013 -90.0
v -42.5 0 -87.5
v -40.0 0 -87.5
v -42.5 4.1013 -90.0
v -40.0 0 -87.5
v -40.0 3.9463 -90.0
v -40.0 0 -122.5
v -40.0 1.1663 -120.0
v -37.5 2.9487 -120.0
v -40.0 0 -122.5
v -37.5 2.9487 -120.0
v -37.5 0 -122.5
v -40.0 1.1663 -120.0
v -40.0 4.2493 -117.5
v -37.5 5.2453 -117.5
v -40.0 1.1663 -120.0
v -37.5 5.2453 -117.5
v -37.5 2.9487 -120.0
v -40.0 3.9463 -90.0
v -40.0 0 -87.5
v -37.5 0 -87.5
v -40.0 3.9463 -90.0
v -37.5 0 -87.5
v -37.5 5.0507 -90.0
v -37.5 0 -122.5
v -37.5 2.9487 -120.0
v -35.0 3.4516 -120.0
v -37.5 0 -122.5
v -35.0 3.4516 -120.0
v -35.0 0 -122.5
v -37.5 2.9487 -120.0
v -37.5 5.2453 -117.5
v -35.0 5.4083 -117.5
v -37.5 5.0507 -90.0
v -37.5 0 -87.5
v -35.0 0 -87.5
v -37.5 5.0507 -90.0
v -35.0 0 -87.5
v -35.0 5.5973 -90.0
v -35.0 0 -122.5
v -35.0 3.4516 -120.0
v -32.5 3.3824 -120.0
v -35.0 0 -122.5
v -32.5 3.3824 -120.0
v -32.5 0 -122.5
v -35.0 3.4516 -120.0
v -32.5 5.6186 -117.5
v -32.5 3.3824 -120.0
v -35.0 5.5973 -90.0
v -35.0 0 -87.5
v -32.5 0 -87.5
v -35.0 5.5973 -90.0
v -32.5 0 -87.5
v -32.5 5.1943 -90.0
v -32.5 0 -122.5
v -32.5 3.3824 -120.0
v -30.0 3.0903 -120.0
v -32.5 0 -122.5
v -30.0 3.0903 -120.0
v -30.0 0 -122.5
v -32.5 3.3824 -120.0
v -32.5 5.6186 -117.5
v -30.0 5.6062 -117.5
v -32.5 3.3824 -120.0
v -30.0 5.6062 -117.5
v -30.0 3.0903 -120.0
v -32.5 5.1943 -90.0
v -32.5 0 -87.5
v -30.0 0 -87.5
v -32.5 5.1943 -90.0
v -30.0 0 -87.5
v -30.0 4.5577 -90.0
v -30.0 0 -122.5
v -30.0 3.0903 -120.0
v -27.5 2.1612 -120.0
v -30.0 0 -122.5
v -27.5 2.1612 -120.0
v -27.5 0 -122.5
v -30.0 3.0903 -120.0
v -30.0 5.6062 -117.5
v -27.5 4.5461 -117.5
v -30.0 3.0903 -120.0
v -27.5 4.5461 -117.5
v -27.5 2.1612 -120.0
v -30.0 5.6062 -117.5
v -30.0 7.2251 -115.0
v -27.5 5.9 -115.0
v -30.0 4.5577 -90.0
v -30.0 0 -87.5
v -27.5 0 -87.5
v -30.0 4.5577 -90.0
v -27.5 0 -87.5
v -27.5 5.8578 -90.0
v -27.5 0 -122.5
v -27.5 2.1612 -120.0
v -25.0 3.2662 -120.0
v -27.5 0 -122.5
v -25.0 3.2662 -120.0
v -25.0 0.8289 -122.5
v -27.5 2.1612 -120.0
v -27.5 4.5461 -117.5
v -25.0 4.436 -117.5
v -27.5 6.4929 -92.5
v -25.0 7.5814 -90.0
v -25.0 8.4256 -92.5
v -27.5 5.8578 -90.0
v -27.5 0 -87.5
v -25.0 0 -87.5
v -27.5 5.8578 -90.0
v -25.0 0 -87.5
v -25.0 7.5814 -90.0
v -25.0 0.8289 -122.5
v -25.0 3.2662 -120.0
v -22.5 3.6723 -120.0
v -25.0 0.8289 -122.5
v -22.5 3.6723 -120.0
v -22.5 1.7337 -122.5
v -25.0 7.5814 -90.0
v -25.0 0 -87.5
v -22.5 0 -87.5
v -25.0 7.5814 -90.0
v -22.5 0 -87.5
v -22.5 7.9742 -90.0
v -22.5 1.7337 -122.5
v -20.0 4.0175 -120.0
v -20.0 1.8996 -122.5
v -22.5 5.2028 -105.0
v -20.0 7.5883 -102.5
v -20.0 5.5103 -105.0
v -22.5 7.9742 -90.0
v -22.5 0 -87.5
v -20.0 0 -87.5
v -22.5 7.9742 -90.0
v -20.0 0 -87.5
v -20.0 7.8549 -90.0
v -22.5 0 95.0
v -22.5 0 97.5
v -20.0 2.2833 97.5
v -22.5 0 97.5
v -22.5 0 100.0
v -20.0 3.1046 100.0
v -22.5 0 97.5
v -20.0 3.1046 100.0
v -20.0 2.2833 97.5
v -22.5 0 100.0
v -22.5 0 102.5
v -20.0 3.3963 102.5
v -22.5 0 100.0
v -20.0 3.3963 102.5
v -20.0 3.1046 100.0
v -22.5 0 102.5
v -22.5 0 105.0
v -20.0 3.0089 105.0
v -22.5 0 102.5
v -20.0 3.0089 105.0
v -20.0 3.3963 102.5
v -22.5 0 105.0
v -20.0 1.7164 107.5
v -20.0 3.0089 105.0
v -22.5 0 107.5
v -20.0 0 110.0
v -20.0 1.7164 107.5
v -20.0 1.8996 -122.5
v -20.0 4.0175 -120.0
v -17.5 3.9256 -120.0
v -20.0 1.8996 -122.5
v -17.5 3.9256 -120.0
v -17.5 1.599 -122.5
v -20.0 5.5103 -105.0
v -20.0 7.5883 -102.5
v -17.5 7.6834 -102.5
v -20.0 7.8549 -90.0
v -20.0 0 -87.5
v -17.5 0 -87.5
v -20.0 7.8549 -90.0
v -17.5 0 -87.5
v -17.5 8.0661 -90.0
v -20.0 0 92.5
v -20.0 0.4409 95.0
v -17.5 3.5779 95.0
v -20.0 0 92.5
v -17.5 3.5779 95.0
v -17.5 1.5948 92.5
v -20.0 0.4409 95.0
v -20.0 2.2833 97.5
v -17.5 4.8928 97.5
v -20.0 0.4409 95.0
v -17.5 4.8928 97.5
v -17.5 3.5779 95.0
v -20.0 2.2833 97.5
v -20.0 3.1046 100.0
v -17.5 5.6754 100.0
v -20.0 2.2833 97.5
v -17.5 5.6754 100.0
v -17.5 4.8928 97.5
v -20.0 3.1046 100.0
v -20.0 3.3963 102.5
v -17.5 5.766 102.5
v -20.0 3.1046 100.0
v -17.5 5.766 102.5
v -17.5 5.6754 100.0
v -20.0 3.3963 102.5
v -20.0 3.0089 105.0
v -17.5 5.1841 105.0
v -20.0 3.3963 102.5
v -17.5 5.1841 105.0
v -17.5 5.766 102.5
v -20.0 3.0089 105.0
v -20.0 1.7164 107.5
v -17.5 4.1349 107.5
v -20.0 3.0089 105.0
v -17.5 4.1349 107.5
v -17.5 5.1841 105.0
v -20.0 1.7164 107.5
v -20.0 0 110.0
v -17.5 2.6563 110.0
v -20.0 1.7164 107.5
v -17.5 2.6563 110.0
v -17.5 4.1349 107.5
v -20.0 0 110.0
v -17.5 0 112.5
v -17.5 2.6563 110.0
v -17.5 0 -125.0
v -17.5 1.599 -122.5
v -15.0 0 -122.5
v -17.5 1.599 -122.5
v -17.5 3.9256 -120.0
v -15.0 2.9403 -120.0
v -17.5 1.599 -122.5
v -15.0 2.9403 -120.0
v -15.0 0 -122.5
v -17.5 5.6746 -105.0
v -17.5 7.6834 -102.5
v -15.0 6.4787 -102.5
v -17.5 8.0661 -90.0
v -17.5 0 -87.5
v -15.0 0 -87.5
v -17.5 8.0661 -90.0
v -15.0 0 -87.5
v -15.0 7.6799 -90.0
v -17.5 0 77.5
v -17.5 0 80.0
v -15.0 2.5385 80.0
v -17.5 0 80.0
v -17.5 1.1794 82.5
v -15.0 3.3562 82.5
v -17.5 0 80.0
v -15.0 3.3562 82.5
v -15.0 2.5385 80.0
v -17.5 1.1794 82.5
v -15.0 3.6006 85.0
v -15.0 3.3562 82.5
v -17.5 1.2822 90.0
v -17.5 1.5948 92.5
v -15.0 3.8057 92.5
v -17.5 1.5948 92.5
v -17.5 3.5779 95.0
v -15.0 5.6175 95.0
v -17.5 1.5948 92.5
v -15.0 5.6175 95.0
v -15.0 3.8057 92.5
v -17.5 3.5779 95.0
v -17.5 4.8928 97.5
v -15.0 6.7339 97.5
v -17.5 3.5779 95.0
v -15.0 6.7339 97.5
v -15.0 5.6175 95.0
v -17.5 4.1349 107.5
v -17.5 2.6563 110.0
v -15.0 4.682 110.0
v -17.5 2.6563 110.0
v -17.5 0 112.5
v -15.0 2.7435 112.5
v -17.5 2.6563 110.0
v -15.0 2.7435 112.5
v -15.0 4.682 110.0
v -17.5 0 112.5
v -15.0 0 115.0
v -15.0 2.7435 112.5
v -15.0 0 -122.5
v -15.0 2.9403 -120.0
v -12.5 1.2648 -120.0
v -15.0 2.9403 -120.0
v -12.5 2.9774 -117.5
v -12.5 1.2648 -120.0
v -15.0 4.8005 -105.0
v -15.0 6.4787 -102.5
v -12.5 4.8257 -102.5
v -15.0 6.4787 -102.5
v -12.5 6.1929 -100.0
v -12.5 4.8257 -102.5
v -15.0 7.6799 -90.0
v -15.0 0 -87.5
v -12.5 0 -87.5
v -15.0 7.6799 -90.0
v -12.5 0 -87.5
v -12.5 5.9659 -90.0
v -15.0 0 75.0
v -15.0 0.7487 77.5
v -12.5 2.7486 77.5
v -15.0 0 75.0
v -12.5 2.7486 77.5
v -12.5 0.2789 75.0
v -15.0 0.7487 77.5
v -15.0 2.5385 80.0
v -12.5 3.817 80.0
v -15.0 0.7487 77.5
v -12.5 3.817 80.0
v -12.5 2.7486 77.5
v -15.0 3.8057 92.5
v -15.0 5.6175 95.0
v -12.5 6.7298 95.0
v -15.0 4.682 110.0
v -15.0 2.7435 112.5
v -12.5 4.1126 112.5
v -15.0 4.682 110.0
v -12.5 4.1126 112.5
v -12.5 6.1033 110.0
v -15.0 2.7435 112.5
v -15.0 0 115.0
v -12.5 0.7804 115.0
v -15.0 2.7435 112.5
v -12.5 0.7804 115.0
v -12.5 4.1126 112.5
v -12.5 1.2648 -120.0
v -12.5 2.9774 -117.5
v -10.0 0.8482 -117.5
v -12.5 2.9774 -117.5
v -10.0 4.212 -115.0
v -10.0 0.8482 -117.5
v -12.5 4.3812 -107.5
v -12.5 3.4606 -105.0
v -10.0 5.5028 -105.0
v -12.5 3.4606 -105.0
v -10.0 4.3422 -102.5
v -10.0 5.5028 -105.0
v -12.5 4.8257 -102.5
v -12.5 6.1929 -100.0
v -10.0 4.5836 -100.0
v -12.5 7.2125 -97.5
v -12.5 7.6326 -95.0
v -10.0 5.4643 -95.0
v -12.5 7.6326 -95.0
v -12.5 7.1973 -92.5
v -10.0 4.7954 -92.5
v -12.5 7.6326 -95.0
v -10.0 4.7954 -92.5
v -10.0 5.4643 -95.0
v -12.5 7.1973 -92.5
v -12.5 5.9659 -90.0
v -10.0 3.6446 -90.0
v -12.5 7.1973 -92.5
v -10.0 3.6446 -90.0
v -10.0 4.7954 -92.5
v -12.5 5.9659 -90.0
v -12.5 0 -87.5
v -10.0 0 -87.5
v -12.5 5.9659 -90.0
v -10.0 0 -87.5
v -10.0 3.6446 -90.0
v -12.5 0.2789 75.0
v -12.5 2.7486 77.5
v -10.0 3.536 77.5
v -12.5 0.2789 75.0
v -10.0 3.536 77.5
v -10.0 2.0223 75.0
v -12.5 4.1126 112.5
v -12.5 0.7804 115.0
v -10.0 1.9439 115.0
v -12.5 4.1126 112.5
v -10.0 1.9439 115.0
v -10.0 4.5043 112.5
v -12.5 0.7804 115.0
v -10.0 0 117.5
v -10.0 1.9439 115.0
v -10.0 0 -120.0
v -10.0 0.8482 -117.5
v -7.5 3.0689 -117.5
v -10.0 0 -120.0
v -7.5 3.0689 -117.5
v -7.5 0 -120.0
v -10.0 0.8482 -117.5
v -10.0 4.212 -115.0
v -7.5 5.4065 -115.0
v -10.0 0.8482 -117.5
v -7.5 5.4065 -115.0
v -7.5 3.0689 -117.5
v -10.0 5.5028 -105.0
v -7.5 6.0461 -102.5
v -7.5 7.2802 -105.0
v -10.0 4.3422 -102.5
v -7.5 3.6327 -100.0
v -7.5 6.0461 -102.5
v -10.0 4.5836 -100.0
v -10.0 5.455 -97.5
v -7.5 2.0762 -97.5
v -10.0 5.455 -97.5
v -10.0 5.4643 -95.0
v -7.5 2.2337 -95.0
v -10.0 5.455 -97.5
v -7.5 2.2337 -95.0
v -7.5 2.0762 -97.5
v -10.0 5.4643 -95.0
v -10.0 4.7954 -92.5
v -7.5 1.619 -92.5
v -10.0 5.4643 -95.0
v -7.5 1.619 -92.5
v -7.5 2.2337 -95.0
v -10.0 4.7954 -92.5
v -10.0 3.6446 -90.0
v -7.5 0 -90.0
v -10.0 4.7954 -92.5
v -7.5 0 -90.0
v -7.5 1.619 -92.5
v -10.0 3.6446 -90.0
v -10.0 0 -87.5
v -7.5 0 -87.5
v -10.0 3.6446 -90.0
v -7.5 0 -87.5
v -7.5 0 -90.0
v -10.0 0 72.5
v -10.0 2.0223 75.0
v -7.5 2.5665 75.0
v -10.0 0 72.5
v -7.5 2.5665 75.0
v -7.5 0 72.5
v -10.0 4.5043 112.5
v -10.0 1.9439 115.0
v -7.5 2.3966 115.0
v -10.0 4.5043 112.5
v -7.5 2.3966 115.0
v -7.5 4.7704 112.5
v -10.0 1.9439 115.0
v -7.5 0 117.5
v -7.5 2.3966 115.0
v -7.5 0 -120.0
v -7.5 3.0689 -117.5
v -5.0 3.5814 -117.5
v -7.5 0 -120.0
v -5.0 3.5814 -117.5
v -5.0 0 -120.0
v -7.5 3.0689 -117.5
v -7.5 5.4065 -115.0
v -5.0 5.6917 -115.0
v -7.5 3.0689 -117.5
v -5.0 5.6917 -115.0
v -5.0 3.5814 -117.5
v -7.5 6.0461 -102.5
v -7.5 3.6327 -100.0
v -5.0 4.0464 -100.0
v -7.5 6.0461 -102.5
v -5.0 4.0464 -100.0
v -5.0 6.3887 -102.5
v -7.5 3.6327 -100.0
v -7.5 2.0762 -97.5
v -5.0 0 -97.5
v -7.5 3.6327 -100.0
v -5.0 0 -97.5
v -5.0 4.0464 -100.0
v -7.5 2.0762 -97.5
v -7.5 2.2337 -95.0
v -5.0 0 -95.0
v -7.5 2.0762 -97.5
v -5.0 0 -95.0
v -5.0 0 -97.5
v -7.5 2.2337 -95.0
v -5.0 0 -92.5
v -5.0 0 -95.0
v -7.5 0 72.5
v -7.5 2.5665 75.0
v -5.0 2.8935 75.0
v -7.5 0 72.5
v -5.0 2.8935 75.0
v -5.0 0 72.5
v -7.5 4.7704 112.5
v -7.5 2.3966 115.0
v -5.0 2.0926 115.0
v -7.5 4.7704 112.5
v -5.0 2.0926 115.0
v -5.0 4.8718 112.5
v -7.5 2.3966 115.0
v -7.5 0 117.5
v -5.0 0 117.5
v -7.5 2.3966 115.0
v -5.0 0 117.5
v -5.0 2.0926 115.0
v -5.0 0 -120.0
v -5.0 3.5814 -117.5
v -2.5 3.4146 -117.5
v -5.0 0 -120.0
v -2.5 3.4146 -117.5
v -2.5 0 -120.0
v -5.0 3.5814 -117.5
v -5.0 5.6917 -115.0
v -2.5 5.8966 -115.0
v -5.0 3.5814 -117.5
v -2.5 5.8966 -115.0
v -2.5 3.4146 -117.5
v -5.0 6.3887 -102.5
v -5.0 4.0464 -100.0
v -2.5 3.9376 -100.0
v -5.0 4.0464 -100.0
v -5.0 0 -97.5
v -2.5 2.2444 -97.5
v -5.0 0 -97.5
v -5.0 0 -95.0
v -2.5 2.5913 -95.0
v -5.0 0 -97.5
v -2.5 2.5913 -95.0
v -2.5 2.2444 -97.5
v -5.0 0 -95.0
v -5.0 0 -92.5
v -2.5 2.2171 -92.5
v -5.0 0 -95.0
v -2.5 2.2171 -92.5
v -2.5 2.5913 -95.0
v -5.0 0 -92.5
v -2.5 0.9064 -90.0
v -2.5 2.2171 -92.5
v -5.0 0.0 -15.0
v -5.0 0.0 -12.5
v -2.5 2.6916 -12.5
v -5.0 0.0 -15.0
v -2.5 2.6916 -12.5
v -2.5 2.0034 -15.0
v -5.0 0.0 -12.5
v -5.0 0.0 -10.0
v -2.5 2.7057 -10.0
v -5.0 0.0 -12.5
v -2.5 2.7057 -10.0
v -2.5 2.6916 -12.5
v -5.0 0.0 -10.0
v -2.5 1.9412 -7.5
v -2.5 2.7057 -10.0
v -5.0 0 -7.5
v -2.5 0.7115 -5.0
v -2.5 1.9412 -7.5
v -5.0 0 72.5
v -5.0 2.8935 75.0
v -2.5 2.9578 75.0
v -5.0 0 72.5
v -2.5 2.9578 75.0
v -2.5 0 72.5
v -5.0 4.8718 112.5
v -5.0 2.0926 115.0
v -2.5 0.5617 115.0
v -5.0 4.8718 112.5
v -2.5 0.5617 115.0
v -2.5 4.0476 112.5
v -5.0 2.0926 115.0
v -5.0 0 117.5
v -2.5 0 117.5
v -2.5 0 -122.5
v -2.5 0 -120.0
v 0.0 2.3467 -120.0
v -2.5 0 -122.5
v 0.0 2.3467 -120.0
v 0.0 0 -122.5
v -2.5 0 -120.0
v -2.5 3.4146 -117.5
v 0.0 3.8892 -117.5
v -2.5 0 -120.0
v 0.0 3.8892 -117.5
v 0.0 2.3467 -120.0
v -2.5 3.4146 -117.5
v -2.5 5.8966 -115.0
v 0.0 5.388 -115.0
v -2.5 3.9376 -100.0
v -2.5 2.2444 -97.5
v 0.0 4.4698 -97.5
v -2.5 2.2444 -97.5
v 0.0 4.5618 -95.0
v 0.0 4.4698 -97.5
v -2.5 2.2171 -92.5
v -2.5 0.9064 -90.0
v 0.0 3.1801 -90.0
v -2.5 0.9064 -90.0
v 0.0 0 -87.5
v 0.0 3.1801 -90.0
v -2.5 0 -17.5
v -2.5 2.0034 -15.0
v 0.0 5.517 -15.0
v -2.5 0 -17.5
v 0.0 5.517 -15.0
v 0.0 0 -17.5
v -2.5 2.0034 -15.0
v -2.5 2.6916 -12.5
v 0.0 5.9083 -12.5
v -2.5 2.0034 -15.0
v 0.0 5.9083 -12.5
v 0.0 5.517 -15.0
v -2.5 2.6916 -12.5
v -2.5 2.7057 -10.0
v 0.0 5.5959 -10.0
v -2.5 2.6916 -12.5
v 0.0 5.5959 -10.0
v 0.0 5.9083 -12.5
v -2.5 2.7057 -10.0
v -2.5 1.9412 -7.5
v 0.0 4.7261 -7.5
v -2.5 2.7057 -10.0
v 0.0 4.7261 -7.5
v 0.0 5.5959 -10.0
v -2.5 1.9412 -7.5
v -2.5 0.7115 -5.0
v 0.0 3.4964 -5.0
v -2.5 1.9412 -7.5
v 0.0 3.4964 -5.0
v 0.0 4.7261 -7.5
v -2.5 0.7115 -5.0
v 0.0 1.6173 -2.5
v 0.0 3.4964 -5.0
v -2.5 0 72.5
v -2.5 2.9578 75.0
v 0.0 2.31 75.0
v -2.5 0 72.5
v 0.0 2.31 75.0
v 0.0 0 72.5
v -2.5 6.0172 110.0
v -2.5 4.0476 112.5
v 0.0 2.3499 112.5
v -2.5 6.0172 110.0
v 0.0 2.3499 112.5
v 0.0 4.5507 110.0
v -2.5 4.0476 112.5
v -2.5 0.5617 115.0
v 0.0 0 115.0
v -2.5 4.0476 112.5
v 0.0 0 115.0
v 0.0 2.3499 112.5
v 0.0 0 -122.5
v 0.0 2.3467 -120.0
v 2.5 3.765 -120.0
v 0.0 0 -122.5
v 2.5 3.765 -120.0
v 2.5 1.5992 -122.5
v 0.0 5.3734 -102.5
v 0.0 3.6808 -100.0
v 2.5 5.0999 -100.0
v 0.0 3.1801 -90.0
v 0.0 0 -87.5
v 2.5 0 -87.5
v 0.0 3.1801 -90.0
v 2.5 0 -87.5
v 2.5 4.6162 -90.0
v 0.0 0 -17.5
v 0.0 5.517 -15.0
v 2.5 6.6941 -15.0
v 0.0 0 -17.5
v 2.5 6.6941 -15.0
v 2.5 0 -17.5
v 0.0 3.4964 -5.0
v 0.0 1.6173 -2.5
v 2.5 3.3344 -2.5
v 0.0 0.3118 5.0
v 2.5 1.5561 7.5
v 2.5 2.3253 5.0
v 0.0 0 72.5
v 0.0 2.31 75.0
v 2.5 0.9612 75.0
v 0.0 2.31 75.0
v 2.5 2.8234 77.5
v 2.5 0.9612 75.0
v 0.0 6.0824 107.5
v 2.5 3.1892 110.0
v 2.5 5.317 107.5
v 0.0 4.5507 110.0
v 0.0 2.3499 112.5
v 2.5 0 112.5
v 0.0 4.5507 110.0
v 2.5 0 112.5
v 2.5 3.1892 110.0
v 0.0 2.3499 112.5
v 0.0 0 115.0
v 2.5 0 115.0
v 0.0 2.3499 112.5
v 2.5 0 115.0
v 2.5 0 112.5
v 2.5 0 -125.0
v 5.0 2.5969 -122.5
v 5.0 0 -125.0
v 2.5 1.5992 -122.5
v 2.5 3.765 -120.0
v 5.0 4.3575 -120.0
v 2.5 4.6162 -90.0
v 2.5 0 -87.5
v 5.0 0 -87.5
v 2.5 4.6162 -90.0
v 5.0 0 -87.5
v 5.0 5.8051 -90.0
v 2.5 0 -17.5
v 2.5 6.6941 -15.0
v 5.0 6.8673 -15.0
v 2.5 0 -17.5
v 5.0 6.8673 -15.0
v 5.0 0 -17.5
v 2.5 1.5561 7.5
v 2.5 1.2815 10.0
v 5.0 3.5288 10.0
v 2.5 1.2815 10.0
v 2.5 0.6426 12.5
v 5.0 3.9584 12.5
v 2.5 1.2815 10.0
v 5.0 3.9584 12.5
v 5.0 3.5288 10.0
v 2.5 0.6426 12.5
v 2.5 0.0 15.0
v 5.0 2.9096 15.0
v 2.5 0.6426 12.5
v 5.0 2.9096 15.0
v 5.0 3.9584 12.5
v 2.5 0.0 15.0
v 5.0 1.6547 17.5
v 5.0 2.9096 15.0
v 2.5 0.9612 75.0
v 2.5 2.8234 77.5
v 5.0 1.4856 77.5
v 2.5 4.0834 92.5
v 5.0 6.4864 95.0
v 5.0 4.067 92.5
v 2.5 4.6806 95.0
v 2.5 6.3121 97.5
v 5.0 8.1039 97.5
v 2.5 4.6806 95.0
v 5.0 8.1039 97.5
v 5.0 6.4864 95.0
v 2.5 5.317 107.5
v 2.5 3.1892 110.0
v 5.0 4.8912 110.0
v 2.5 3.1892 110.0
v 2.5 0 112.5
v 5.0 1.8022 112.5
v 2.5 3.1892 110.0
v 5.0 1.8022 112.5
v 5.0 4.8912 110.0
v 2.5 0 112.5
v 5.0 0 115.0
v 5.0 1.8022 112.5
v 5.0 0 -125.0
v 5.0 2.5969 -122.5
v 7.5 2.7408 -122.5
v 5.0 0 -125.0
v 7.5 2.7408 -122.5
v 7.5 0 -125.0
v 5.0 5.8051 -90.0
v 5.0 0 -87.5
v 7.5 0 -87.5
v 5.0 5.8051 -90.0
v 7.5 0 -87.5
v 7.5 6.0316 -90.0
v 5.0 0 -17.5
v 5.0 6.8673 -15.0
v 7.5 7.0055 -15.0
v 5.0 0 -17.5
v 7.5 7.0055 -15.0
v 7.5 0 -17.5
v 5.0 2.9096 15.0
v 5.0 1.6547 17.5
v 7.5 3.7696 17.5
v 5.0 1.6547 17.5
v 5.0 0.5501 20.0
v 7.5 3.2908 20.0
v 5.0 1.6547 17.5
v 7.5 3.2908 20.0
v 7.5 3.7696 17.5
v 5.0 0.5501 20.0
v 7.5 1.9661 22.5
v 7.5 3.2908 20.0
v 5.0 0.0 22.5
v 7.5 0.7491 25.0
v 7.5 1.9661 22.5
v 5.0 0 75.0
v 5.0 1.4856 77.5
v 7.5 0 77.5
v 5.0 1.4856 77.5
v 5.0 3.0286 80.0
v 7.5 0.652 80.0
v 5.0 3.0286 80.0
v 5.0 3.8425 82.5
v 7.5 1.8501 82.5
v 5.0 3.0286 80.0
v 7.5 1.8501 82.5
v 7.5 0.652 80.0
v 5.0 3.5884 90.0
v 7.5 5.2056 92.5
v 7.5 2.0795 90.0
v 5.0 4.067 92.5
v 5.0 6.4864 95.0
v 7.5 7.3759 95.0
v 5.0 4.067 92.5
v 7.5 7.3759 95.0
v 7.5 5.2056 92.5
v 5.0 4.8912 110.0
v 5.0 1.8022 112.5
v 7.5 2.9746 112.5
v 5.0 4.8912 110.0
v 7.5 2.9746 112.5
v 7.5 6.0103 110.0
v 5.0 1.8022 112.5
v 7.5 0 115.0
v 7.5 2.9746 112.5
v 7.5 0 -125.0
v 7.5 2.7408 -122.5
v 10.0 2.4226 -122.5
v 7.5 0 -125.0
v 10.0 2.4226 -122.5
v 10.0 0 -125.0
v 7.5 6.0316 -90.0
v 7.5 0 -87.5
v 10.0 0 -87.5
v 7.5 6.0316 -90.0
v 10.0 0 -87.5
v 10.0 5.5204 -90.0
v 7.5 0 -17.5
v 7.5 7.0055 -15.0
v 10.0 7.2887 -15.0
v 7.5 0 -17.5
v 10.0 7.2887 -15.0
v 10.0 0 -17.5
v 7.5 0.652 80.0
v 7.5 1.8501 82.5
v 10.0 0 82.5
v 7.5 1.8501 82.5
v 7.5 2.277 85.0
v 10.0 0 85.0
v 7.5 2.277 85.0
v 7.5 2.3638 87.5
v 10.0 0 87.5
v 7.5 2.277 85.0
v 10.0 0 87.5
v 10.0 0 85.0
v 7.5 2.3638 87.5
v 10.0 1.6019 90.0
v 10.0 0 87.5
v 7.5 2.0795 90.0
v 7.5 5.2056 92.5
v 10.0 5.1788 92.5
v 7.5 2.0795 90.0
v 10.0 5.1788 92.5
v 10.0 1.6019 90.0
v 7.5 5.2056 92.5
v 7.5 7.3759 95.0
v 10.0 6.946 95.0
v 7.5 7.674 107.5
v 10.0 5.8857 110.0
v 10.0 7.9944 107.5
v 7.5 6.0103 110.0
v 7.5 2.9746 112.5
v 10.0 2.8595 112.5
v 7.5 6.0103 110.0
v 10.0 2.8595 112.5
v 10.0 5.8857 110.0
v 7.5 2.9746 112.5
v 7.5 0 115.0
v 10.0 0 115.0
v 7.5 2.9746 112.5
v 10.0 0 115.0
v 10.0 2.8595 112.5
v 10.0 0 -125.0
v 10.0 2.4226 -122.5
v 12.5 1.827 -122.5
v 10.0 2.4226 -122.5
v 12.5 3.9246 -120.0
v 12.5 1.827 -122.5
v 10.0 5.5204 -90.0
v 10.0 0 -87.5
v 12.5 0 -87.5
v 10.0 5.5204 -90.0
v 12.5 0 -87.5
v 12.5 5.1103 -90.0
v 10.0 0 -17.5
v 10.0 7.2887 -15.0
v 12.5 6.6993 -15.0
v 10.0 0 -17.5
v 12.5 6.6993 -15.0
v 12.5 0 -17.5
v 10.0 7.8038 -12.5
v 10.0 7.4794 -10.0
v 12.5 5.2129 -10.0
v 10.0 7.4794 -10.0
v 10.0 6.5082 -7.5
v 12.5 4.1846 -7.5
v 10.0 7.4794 -10.0
v 12.5 4.1846 -7.5
v 12.5 5.2129 -10.0
v 10.0 6.5082 -7.5
v 10.0 5.2519 -5.0
v 12.5 3.5348 -5.0
v 10.0 6.5082 -7.5
v 12.5 3.5348 -5.0
v 12.5 4.1846 -7.5
v 10.0 1.6019 90.0
v 10.0 5.1788 92.5
v 12.5 4.2105 92.5
v 10.0 1.6019 90.0
v 12.5 4.2105 92.5
v 12.5 0.7672 90.0
v 10.0 5.1788 92.5
v 12.5 6.2047 95.0
v 12.5 4.2105 92.5
v 10.0 7.9944 107.5
v 10.0 5.8857 110.0
v 12.5 4.9259 110.0
v 10.0 7.9944 107.5
v 12.5 4.9259 110.0
v 12.5 6.935 107.5
v 10.0 5.8857 110.0
v 10.0 2.8595 112.5
v 12.5 2.017 112.5
v 10.0 5.8857 110.0
v 12.5 2.017 112.5
v 12.5 4.9259 110.0
v 10.0 2.8595 112.5
v 10.0 0 115.0
v 12.5 0 115.0
v 10.0 2.8595 112.5
v 12.5 0 115.0
v 12.5 2.017 112.5
v 12.5 0 -125.0
v 12.5 1.827 -122.5
v 15.0 0 -122.5
v 12.5 1.827 -122.5
v 12.5 3.9246 -120.0
v 15.0 2.7954 -120.0
v 12.5 1.827 -122.5
v 15.0 2.7954 -120.0
v 15.0 0 -122.5
v 12.5 5.1103 -90.0
v 12.5 0 -87.5
v 15.0 0 -87.5
v 12.5 5.1103 -90.0
v 15.0 0 -87.5
v 15.0 4.4448 -90.0
v 12.5 0 -17.5
v 12.5 6.6993 -15.0
v 15.0 5.6399 -15.0
v 12.5 0 -17.5
v 15.0 5.6399 -15.0
v 15.0 0 -17.5
v 12.5 5.2129 -10.0
v 15.0 2.5216 -7.5
v 15.0 5.0605 -10.0
v 12.5 0 87.5
v 12.5 0.7672 90.0
v 15.0 2.7203 90.0
v 12.5 0 87.5
v 15.0 2.7203 90.0
v 15.0 0 87.5
v 12.5 0.7672 90.0
v 12.5 4.2105 92.5
v 15.0 4.1256 92.5
v 12.5 0.7672 90.0
v 15.0 4.1256 92.5
v 15.0 2.7203 90.0
v 12.5 4.2105 92.5
v 12.5 6.2047 95.0
v 15.0 5.3986 95.0
v 12.5 8.4799 105.0
v 12.5 6.935 107.5
v 15.0 5.5202 107.5
v 12.5 8.4799 105.0
v 15.0 5.5202 107.5
v 15.0 6.7175 105.0
v 12.5 6.935 107.5
v 12.5 4.9259 110.0
v 15.0 3.7456 110.0
v 12.5 6.935 107.5
v 15.0 3.7456 110.0
v 15.0 5.5202 107.5
v 12.5 4.9259 110.0
v 12.5 2.017 112.5
v 15.0 0 112.5
v 12.5 4.9259 110.0
v 15.0 0 112.5
v 15.0 3.7456 110.0
v 15.0 0 -122.5
v 15.0 2.7954 -120.0
v 17.5 3.3914 -120.0
v 15.0 0 -122.5
v 17.5 3.3914 -120.0
v 17.5 0.1847 -122.5
v 15.0 4.3337 -100.0
v 15.0 4.805 -97.5
v 17.5 6.904 -97.5
v 15.0 4.805 -97.5
v 15.0 5.0388 -95.0
v 17.5 7.1519 -95.0
v 15.0 4.805 -97.5
v 17.5 7.1519 -95.0
v 17.5 6.904 -97.5
v 15.0 5.0388 -95.0
v 17.5 6.4372 -92.5
v 17.5 7.1519 -95.0
v 15.0 5.0044 -92.5
v 17.5 4.612 -90.0
v 17.5 6.4372 -92.5
v 15.0 4.4448 -90.0
v 15.0 0 -87.5
v 17.5 0 -87.5
v 15.0 4.4448 -90.0
v 17.5 0 -87.5
v 17.5 4.612 -90.0
v 15.0 0 -17.5
v 15.0 5.6399 -15.0
v 17.5 6.0497 -15.0
v 15.0 0 -17.5
v 17.5 6.0497 -15.0
v 17.5 0 -17.5
v 15.0 5.0605 -10.0
v 15.0 2.5216 -7.5
v 17.5 2.9111 -7.5
v 15.0 5.0605 -10.0
v 17.5 2.9111 -7.5
v 17.5 6.0059 -10.0
v 15.0 2.5216 -7.5
v 17.5 0.0 -5.0
v 17.5 2.9111 -7.5
v 15.0 0 87.5
v 15.0 2.7203 90.0
v 17.5 3.968 90.0
v 15.0 0 87.5
v 17.5 3.968 90.0
v 17.5 1.901 87.5
v 15.0 3.7456 110.0
v 15.0 0 112.5
v 17.5 0 112.5
v 15.0 3.7456 110.0
v 17.5 0 112.5
v 17.5 2.6793 110.0
v 17.5 0.1847 -122.5
v 17.5 3.3914 -120.0
v 20.0 4.0374 -120.0
v 17.5 0.1847 -122.5
v 20.0 4.0374 -120.0
v 20.0 1.5149 -122.5
v 17.5 6.1426 -115.0
v 17.5 7.1022 -112.5
v 20.0 0.0 -112.5
v 17.5 6.1426 -115.0
v 20.0 0.0 -112.5
v 20.0 7.2205 -115.0
v 17.5 7.1022 -112.5
v 17.5 7.4947 -110.0
v 20.0 0.0 -110.0
v 17.5 7.1022 -112.5
v 20.0 0.0 -110.0
v 20.0 0.0 -112.5
v 17.5 7.4947 -110.0
v 17.5 7.0935 -107.5
v 20.0 0.0 -107.5
v 17.5 7.4947 -110.0
v 20.0 0.0 -107.5
v 20.0 0.0 -110.0
v 17.5 7.0935 -107.5
v 17.5 6.042 -105.0
v 20.0 0.0 -105.0
v 17.5 7.0935 -107.5
v 20.0 0.0 -105.0
v 20.0 0.0 -107.5
v 17.5 6.042 -105.0
v 17.5 4.7118 -102.5
v 20.0 0.0 -102.5
v 17.5 6.042 -105.0
v 20.0 0.0 -102.5
v 20.0 0.0 -105.0
v 17.5 4.7118 -102.5
v 17.5 6.039 -100.0
v 20.0 0.0 -100.0
v 17.5 4.7118 -102.5
v 20.0 0.0 -100.0
v 20.0 0.0 -102.5
v 17.5 6.039 -100.0
v 17.5 6.904 -97.5
v 20.0 0.0 -97.5
v 17.5 6.039 -100.0
v 20.0 0.0 -97.5
v 20.0 0.0 -100.0
v 17.5 6.904 -97.5
v 17.5 7.1519 -95.0
v 20.0 0.0 -95.0
v 17.5 6.904 -97.5
v 20.0 0.0 -95.0
v 20.0 0.0 -97.5
v 17.5 7.1519 -95.0
v 17.5 6.4372 -92.5
v 20.0 0.0 -92.5
v 17.5 7.1519 -95.0
v 20.0 0.0 -92.5
v 20.0 0.0 -95.0
v 17.5 6.4372 -92.5
v 17.5 4.612 -90.0
v 20.0 0.0 -90.0
v 17.5 6.4372 -92.5
v 20.0 0.0 -90.0
v 20.0 0.0 -92.5
v 17.5 4.612 -90.0
v 17.5 0 -87.5
v 20.0 0.0 -87.5
v 17.5 4.612 -90.0
v 20.0 0.0 -87.5
v 20.0 0.0 -90.0
v 17.5 0 -17.5
v 17.5 6.0497 -15.0
v 20.0 0.0 -15.0
v 17.5 6.0497 -15.0
v 17.5 6.7823 -12.5
v 20.0 0.0 -12.5
v 17.5 6.0497 -15.0
v 20.0 0.0 -12.5
v 20.0 0.0 -15.0
v 17.5 6.7823 -12.5
v 20.0 6.288 -10.0
v 20.0 0.0 -12.5
v 17.5 6.0059 -10.0
v 17.5 2.9111 -7.5
v 20.0 2.8507 -7.5
v 17.5 6.0059 -10.0
v 20.0 2.8507 -7.5
v 20.0 6.288 -10.0
v 17.5 2.9111 -7.5
v 17.5 0.0 -5.0
v 20.0 0.0 -5.0
v 17.5 2.9111 -7.5
v 20.0 0.0 -5.0
v 20.0 2.8507 -7.5
v 17.5 0.0 85.0
v 17.5 1.901 87.5
v 20.0 2.8308 87.5
v 17.5 0.0 85.0
v 20.0 2.8308 87.5
v 20.0 0.0 85.0
v 17.5 1.901 87.5
v 17.5 3.968 90.0
v 20.0 4.8081 90.0
v 17.5 1.901 87.5
v 20.0 4.8081 90.0
v 20.0 2.8308 87.5
v 17.5 2.6793 110.0
v 17.5 0 112.5
v 20.0 0 112.5
v 17.5 2.6793 110.0
v 20.0 0 112.5
v 20.0 3.3288 110.0
v 20.0 1.5149 -122.5
v 20.0 4.0374 -120.0
v 22.5 4.5051 -120.0
v 20.0 1.5149 -122.5
v 22.5 4.5051 -120.0
v 22.5 1.8032 -122.5
v 20.0 7.2205 -115.0
v 20.0 0.0 -112.5
v 22.5 0.0 -112.5
v 20.0 7.2205 -115.0
v 22.5 0.0 -112.5
v 22.5 7.2267 -115.0
v 20.0 0.0 -12.5
v 20.0 6.288 -10.0
v 22.5 5.6362 -10.0
v 20.0 0.0 -12.5
v 22.5 5.6362 -10.0
v 22.5 0.0 -12.5
v 20.0 6.288 -10.0
v 20.0 2.8507 -7.5
v 22.5 2.6141 -7.5
v 20.0 6.288 -10.0
v 22.5 2.6141 -7.5
v 22.5 5.6362 -10.0
v 20.0 2.8507 -7.5
v 20.0 0.0 -5.0
v 22.5 0.0 -5.0
v 20.0 2.8507 -7.5
v 22.5 0.0 -5.0
v 22.5 2.6141 -7.5
v 20.0 0.0 85.0
v 20.0 2.8308 87.5
v 22.5 3.0913 87.5
v 20.0 0.0 85.0
v 22.5 3.0913 87.5
v 22.5 0.0 85.0
v 20.0 3.3288 110.0
v 20.0 0 112.5
v 22.5 0.4634 112.5
v 20.0 3.3288 110.0
v 22.5 0.4634 112.5
v 22.5 3.2736 110.0
v 22.5 1.8032 -122.5
v 22.5 4.5051 -120.0
v 25.0 4.1559 -120.0
v 22.5 1.8032 -122.5
v 25.0 4.1559 -120.0
v 25.0 1.3168 -122.5
v 22.5 7.2267 -115.0
v 22.5 0.0 -112.5
v 25.0 0.0 -112.5
v 22.5 7.2267 -115.0
v 25.0 0.0 -112.5
v 25.0 6.3884 -115.0
v 22.5 0.0 -12.5
v 22.5 5.6362 -10.0
v 25.0 5.0525 -10.0
v 22.5 0.0 -12.5
v 25.0 5.0525 -10.0
v 25.0 0.0 -12.5
v 22.5 5.6362 -10.0
v 22.5 2.6141 -7.5
v 25.0 2.5085 -7.5
v 22.5 5.6362 -10.0
v 25.0 2.5085 -7.5
v 25.0 5.0525 -10.0
v 22.5 2.6141 -7.5
v 22.5 0.0 -5.0
v 25.0 0.0 -5.0
v 22.5 2.6141 -7.5
v 25.0 0.0 -5.0
v 25.0 2.5085 -7.5
v 22.5 0.0 85.0
v 22.5 3.0913 87.5
v 25.0 2.5992 87.5
v 22.5 0.0 85.0
v 25.0 2.5992 87.5
v 25.0 0.0 85.0
v 22.5 3.2736 110.0
v 22.5 0.4634 112.5
v 25.0 0 112.5
v 22.5 3.2736 110.0
v 25.0 0 112.5
v 25.0 3.0728 110.0
v 25.0 1.3168 -122.5
v 25.0 4.1559 -120.0
v 27.5 2.9668 -120.0
v 25.0 1.3168 -122.5
v 27.5 2.9668 -120.0
v 27.5 0 -122.5
v 25.0 6.3884 -115.0
v 25.0 0.0 -112.5
v 27.5 0.0 -112.5
v 25.0 6.3884 -115.0
v 27.5 0.0 -112.5
v 27.5 5.7164 -115.0
v 25.0 0.0 -12.5
v 25.0 5.0525 -10.0
v 27.5 4.6223 -10.0
v 25.0 0.0 -12.5
v 27.5 4.6223 -10.0
v 27.5 0.0 -12.5
v 25.0 5.0525 -10.0
v 25.0 2.5085 -7.5
v 27.5 2.2398 -7.5
v 25.0 5.0525 -10.0
v 27.5 2.2398 -7.5
v 27.5 4.6223 -10.0
v 25.0 2.5085 -7.5
v 25.0 0.0 -5.0
v 27.5 0.0 -5.0
v 25.0 2.5085 -7.5
v 27.5 0.0 -5.0
v 27.5 2.2398 -7.5
v 25.0 0.0 85.0
v 25.0 2.5992 87.5
v 27.5 1.7172 87.5
v 25.0 2.5992 87.5
v 27.5 3.7984 90.0
v 27.5 1.7172 87.5
v 25.0 3.0728 110.0
v 25.0 0 112.5
v 27.5 0 112.5
v 25.0 3.0728 110.0
v 27.5 0 112.5
v 27.5 2.4986 110.0
v 27.5 0 -122.5
v 27.5 2.9668 -120.0
v 30.0 2.5827 -120.0
v 27.5 0 -122.5
v 30.0 2.5827 -120.0
v 30.0 0 -122.5
v 27.5 5.7164 -115.0
v 27.5 0.0 -112.5
v 30.0 0.0 -112.5
v 27.5 5.7164 -115.0
v 30.0 0.0 -112.5
v 30.0 5.794 -115.0
v 27.5 0.0 -12.5
v 27.5 4.6223 -10.0
v 30.0 3.5243 -10.0
v 27.5 0.0 -12.5
v 30.0 3.5243 -10.0
v 30.0 0.0 -12.5
v 27.5 4.6223 -10.0
v 27.5 2.2398 -7.5
v 30.0 1.557 -7.5
v 27.5 4.6223 -10.0
v 30.0 1.557 -7.5
v 30.0 3.5243 -10.0
v 27.5 2.2398 -7.5
v 27.5 0.0 -5.0
v 30.0 0.0 -5.0
v 27.5 0.0 85.0
v 27.5 1.7172 87.5
v 30.0 0 87.5
v 27.5 1.7172 87.5
v 27.5 3.7984 90.0
v 30.0 2.7922 90.0
v 27.5 1.7172 87.5
v 30.0 2.7922 90.0
v 30.0 0 87.5
v 27.5 4.1803 107.5
v 27.5 2.4986 110.0
v 30.0 3.7918 110.0
v 27.5 2.4986 110.0
v 27.5 0 112.5
v 30.0 1.5495 112.5
v 27.5 2.4986 110.0
v 30.0 1.5495 112.5
v 30.0 3.7918 110.0
v 27.5 0 112.5
v 30.0 0 115.0
v 30.0 1.5495 112.5
v 30.0 0 -122.5
v 30.0 2.5827 -120.0
v 32.5 3.5619 -120.0
v 30.0 0 -122.5
v 32.5 3.5619 -120.0
v 32.5 0.4666 -122.5
v 30.0 5.794 -115.0
v 30.0 0.0 -112.5
v 32.5 0.0 -112.5
v 30.0 5.794 -115.0
v 32.5 0.0 -112.5
v 32.5 6.4072 -115.0
v 30.0 0.0 -12.5
v 30.0 3.5243 -10.0
v 32.5 1.5673 -10.0
v 30.0 0 87.5
v 30.0 2.7922 90.0
v 32.5 1.5383 90.0
v 30.0 2.7922 90.0
v 32.5 3.7196 92.5
v 32.5 1.5383 90.0
v 30.0 3.7918 110.0
v 30.0 1.5495 112.5
v 32.5 2.6379 112.5
v 30.0 1.5495 112.5
v 32.5 0 115.0
v 32.5 2.6379 112.5
v 32.5 0.4666 -122.5
v 32.5 3.5619 -120.0
v 35.0 3.8823 -120.0
v 32.5 0.4666 -122.5
v 35.0 3.8823 -120.0
v 35.0 1.0631 -122.5
v 32.5 6.4072 -115.0
v 32.5 0.0 -112.5
v 35.0 0.0 -112.5
v 32.5 6.4072 -115.0
v 35.0 0.0 -112.5
v 35.0 6.1454 -115.0
v 32.5 1.6593 -7.5
v 35.0 0.0 -5.0
v 35.0 2.0388 -7.5
v 32.5 1.5383 90.0
v 32.5 3.7196 92.5
v 35.0 4.1146 92.5
v 32.5 1.5383 90.0
v 35.0 4.1146 92.5
v 35.0 2.0676 90.0
v 32.5 2.6379 112.5
v 32.5 0 115.0
v 35.0 0 115.0
v 32.5 2.6379 112.5
v 35.0 0 115.0
v 35.0 3.3377 112.5
v 35.0 1.0631 -122.5
v 35.0 3.8823 -120.0
v 37.5 3.3978 -120.0
v 35.0 1.0631 -122.5
v 37.5 3.3978 -120.0
v 37.5 0.5495 -122.5
v 35.0 6.1454 -115.0
v 35.0 0.0 -112.5
v 37.5 0.0 -112.5
v 35.0 6.1454 -115.0
v 37.5 0.0 -112.5
v 37.5 5.9488 -115.0
v 35.0 0.0 -12.5
v 37.5 2.3227 -10.0
v 37.5 0.0 -12.5
v 35.0 2.0388 -7.5
v 37.5 0.0 -5.0
v 37.5 2.2876 -7.5
v 35.0 0 87.5
v 37.5 2.1492 90.0
v 37.5 0 87.5
v 35.0 2.0676 90.0
v 35.0 4.1146 92.5
v 37.5 4.444 92.5
v 35.0 2.0676 90.0
v 37.5 4.444 92.5
v 37.5 2.1492 90.0
v 35.0 3.3377 112.5
v 35.0 0 115.0
v 37.5 0 115.0
v 35.0 3.3377 112.5
v 37.5 0 115.0
v 37.5 3.5034 112.5
v 37.5 0.5495 -122.5
v 37.5 3.3978 -120.0
v 40.0 2.6175 -120.0
v 37.5 0.5495 -122.5
v 40.0 2.6175 -120.0
v 40.0 0 -122.5
v 37.5 5.9488 -115.0
v 37.5 0.0 -112.5
v 40.0 0.0 -112.5
v 37.5 5.9488 -115.0
v 40.0 0.0 -112.5
v 40.0 5.7955 -115.0
v 37.5 0.0 -12.5
v 37.5 2.3227 -10.0
v 40.0 2.1325 -10.0
v 37.5 0.0 -12.5
v 40.0 2.1325 -10.0
v 40.0 0.0 -12.5
v 37.5 2.2876 -7.5
v 37.5 0.0 -5.0
v 40.0 0.0 -5.0
v 37.5 2.2876 -7.5
v 40.0 0.0 -5.0
v 40.0 2.1201 -7.5
v 37.5 0 87.5
v 37.5 2.1492 90.0
v 40.0 1.6363 90.0
v 37.5 2.1492 90.0
v 37.5 4.444 92.5
v 40.0 4.0607 92.5
v 37.5 2.1492 90.0
v 40.0 4.0607 92.5
v 40.0 1.6363 90.0
v 37.5 3.5034 112.5
v 37.5 0 115.0
v 40.0 0 115.0
v 37.5 3.5034 112.5
v 40.0 0 115.0
v 40.0 2.8125 112.5
v 40.0 0 -122.5
v 40.0 2.6175 -120.0
v 42.5 1.2595 -120.0
v 40.0 2.6175 -120.0
v 42.5 3.5427 -117.5
v 42.5 1.2595 -120.0
v 40.0 5.7955 -115.0
v 40.0 0.0 -112.5
v 42.5 0.0 -112.5
v 40.0 5.7955 -115.0
v 42.5 0.0 -112.5
v 42.5 4.7712 -115.0
v 40.0 0.0 -12.5
v 40.0 2.1325 -10.0
v 42.5 1.0677 -10.0
v 40.0 2.1201 -7.5
v 40.0 0.0 -5.0
v 42.5 0.0 -5.0
v 40.0 0 87.5
v 40.0 1.6363 90.0
v 42.5 0 90.0
v 40.0 1.6363 90.0
v 40.0 4.0607 92.5
v 42.5 2.8322 92.5
v 40.0 1.6363 90.0
v 42.5 2.8322 92.5
v 42.5 0 90.0
v 40.0 4.8009 110.0
v 40.0 2.8125 112.5
v 42.5 1.5494 112.5
v 40.0 4.8009 110.0
v 42.5 1.5494 112.5
v 42.5 3.587 110.0
v 40.0 2.8125 112.5
v 40.0 0 115.0
v 42.5 0 115.0
v 42.5 1.2595 -120.0
v 42.5 3.5427 -117.5
v 45.0 1.4268 -117.5
v 42.5 3.5427 -117.5
v 42.5 4.7712 -115.0
v 45.0 2.8908 -115.0
v 42.5 3.5427 -117.5
v 45.0 2.8908 -115.0
v 45.0 1.4268 -117.5
v 42.5 4.7712 -115.0
v 42.5 0.0 -112.5
v 45.0 0.0 -112.5
v 42.5 4.7712 -115.0
v 45.0 0.0 -112.5
v 45.0 2.8908 -115.0
v 42.5 0 90.0
v 42.5 2.8322 92.5
v 45.0 3.4137 92.5
v 42.5 0 90.0
v 45.0 3.4137 92.5
v 45.0 1.4555 90.0
v 42.5 5.0208 107.5
v 42.5 3.587 110.0
v 45.0 2.05 110.0
v 42.5 5.0208 107.5
v 45.0 2.05 110.0
v 45.0 3.4213 107.5
v 42.5 3.587 110.0
v 42.5 1.5494 112.5
v 45.0 0 112.5
v 42.5 3.587 110.0
v 45.0 0 112.5
v 45.0 2.05 110.0
v 45.0 1.4268 -117.5
v 45.0 2.8908 -115.0
v 47.5 0 -115.0
v 45.0 2.8908 -115.0
v 45.0 0.0 -112.5
v 47.5 0.0 -112.5
v 45.0 2.8908 -115.0
v 47.5 0.0 -112.5
v 47.5 0 -115.0
v 45.0 0 87.5
v 47.5 2.4692 90.0
v 47.5 0 87.5
v 45.0 1.4555 90.0
v 45.0 3.4137 92.5
v 47.5 4.4405 92.5
v 45.0 1.4555 90.0
v 47.5 4.4405 92.5
v 47.5 2.4692 90.0
v 47.5 0 87.5
v 47.5 2.4692 90.0
v 50.0 2.9679 90.0
v 47.5 0 87.5
v 50.0 2.9679 90.0
v 50.0 0 87.5
v 47.5 3.9281 107.5
v 50.0 2.3854 110.0
v 50.0 4.4719 107.5
v 47.5 2.0014 110.0
v 50.0 0 112.5
v 50.0 2.3854 110.0
v 50.0 0 87.5
v 50.0 2.9679 90.0
v 52.5 2.6295 90.0
v 50.0 0 87.5
v 52.5 2.6295 90.0
v 52.5 0 87.5
v 50.0 4.4719 107.5
v 50.0 2.3854 110.0
v 52.5 1.8983 110.0
v 50.0 4.4719 107.5
v 52.5 1.8983 110.0
v 52.5 4.1055 107.5
v 50.0 2.3854 110.0
v 50.0 0 112.5
v 52.5 0 112.5
v 52.5 0 87.5
v 52.5 2.6295 90.0
v 55.0 1.4686 90.0
v 52.5 2.6295 90.0
v 55.0 3.4051 92.5
v 55.0 1.4686 90.0
v 52.5 4.1055 107.5
v 52.5 1.8983 110.0
v 55.0 0.6382 110.0
v 52.5 4.1055 107.5
v 55.0 0.6382 110.0
v 55.0 3.0695 107.5
v 55.0 0 87.5
v 55.0 1.4686 90.0
v 57.5 0 90.0
v 55.0 1.4686 90.0
v 55.0 3.4051 92.5
v 57.5 2.1813 92.5
v 55.0 1.4686 90.0
v 57.5 2.1813 92.5
v 57.5 0 90.0
v 55.0 3.0695 107.5
v 55.0 0.6382 110.0
v 57.5 0 110.0
v 55.0 3.0695 107.5
v 57.5 0 110.0
v 57.5 1.627 107.5
v 57.5 0 90.0
v 57.5 2.1813 92.5
v 60.0 0 92.5
v 57.5 2.1813 92.5
v 57.5 3.7117 95.0
v 60.0 1.3855 95.0
v 57.5 2.1813 92.5
v 60.0 1.3855 95.0
v 60.0 0 92.5
v 57.5 3.7117 95.0
v 57.5 4.4509 97.5
v 60.0 2.2799 97.5
v 57.5 3.7117 95.0
v 60.0 2.2799 97.5
v 60.0 1.3855 95.0
v 57.5 4.4509 97.5
v 60.0 2.4308 100.0
v 60.0 2.2799 97.5
v 57.5 4.4753 100.0
v 60.0 2.0909 102.5
v 60.0 2.4308 100.0
v 57.5 3.9729 102.5
v 57.5 3.109 105.0
v 60.0 0.931 105.0
v 57.5 3.9729 102.5
v 60.0 0.931 105.0
v 60.0 2.0909 102.5
v 57.5 3.109 105.0
v 57.5 1.627 107.5
v 60.0 0 107.5
v 57.5 3.109 105.0
v 60.0 0 107.5
v 60.0 0.931 105.0
v 60.0 1.3855 95.0
v 60.0 2.2799 97.5
v 62.5 0 97.5
v 60.0 2.2799 97.5
v 60.0 2.4308 100.0
v 62.5 0 100.0
v 60.0 2.2799 97.5
v 62.5 0 100.0
v 62.5 0 97.5
v 60.0 2.4308 100.0
v 60.0 2.0909 102.5
v 62.5 0 102.5
v 60.0 2.4308 100.0
v 62.5 0 102.5
v 62.5 0 100.0
v 60.0 2.0909 102.5
v 62.5 0 105.0
v 62.5 0 102.5
v 70.0 0 2.5
v 70.0 1.7298 5.0
v 72.5 0.4242 5.0
v 72.5 0.4242 5.0
v 72.5 1.6739 7.5
v 75.0 0 7.5
v 122.5 0 37.5
v 122.5 0 40.0
v 125.0 3.006 40.0
v 122.5 0 37.5
v 125.0 3.006 40.0
v 125.0 0.5012 37.5
v 122.5 0 40.0
v 122.5 0 42.5
v 125.0 3.8535 42.5
v 122.5 0 40.0
v 125.0 3.8535 42.5
v 125.0 3.006 40.0
v 122.5 0 42.5
v 122.5 0 45.0
v 125.0 4.0861 45.0
v 122.5 0 42.5
v 125.0 4.0861 45.0
v 125.0 3.8535 42.5
v 122.5 0 45.0
v 122.5 0 47.5
v 125.0 3.869 47.5
v 122.5 0 45.0
v 125.0 3.869 47.5
v 125.0 4.0861 45.0
v 122.5 0 47.5
v 122.5 0 50.0
v 125.0 2.9241 50.0
v 122.5 0 47.5
v 125.0 2.9241 50.0
v 125.0 3.869 47.5
v 122.5 0 50.0
v 122.5 0 52.5
v 125.0 2.2347 52.5
v 122.5 0 50.0
v 125.0 2.2347 52.5
v 125.0 2.9241 50.0
v 122.5 0 52.5
v 122.5 0 55.0
v 125.0 3.453 55.0
v 122.5 0 52.5
v 125.0 3.453 55.0
v 125.0 2.2347 52.5
v 122.5 0 55.0
v 122.5 0 57.5
v 125.0 3.6851 57.5
v 122.5 0 55.0
v 125.0 3.6851 57.5
v 125.0 3.453 55.0
v 122.5 0 57.5
v 122.5 0 60.0
v 125.0 3.263 60.0
v 122.5 0 57.5
v 125.0 3.263 60.0
v 125.0 3.6851 57.5
v 122.5 0 60.0
v 122.5 0 62.5
v 125.0 2.2533 62.5
v 122.5 0 60.0
v 125.0 2.2533 62.5
v 125.0 3.263 60.0
v 122.5 0 62.5
v 125.0 0 65.0
v 125.0 2.2533 62.5
v 125.0 0 35.0
v 125.0 0.5012 37.5
v 127.5 3.6759 37.5
v 125.0 0 35.0
v 127.5 3.6759 37.5
v 127.5 0.6674 35.0
v 125.0 0.5012 37.5
v 125.0 3.006 40.0
v 127.5 5.0406 40.0
v 125.0 0.5012 37.5
v 127.5 5.0406 40.0
v 127.5 3.6759 37.5
v 125.0 3.006 40.0
v 125.0 3.8535 42.5
v 127.5 5.9451 42.5
v 125.0 3.006 40.0
v 127.5 5.9451 42.5
v 127.5 5.0406 40.0
v 125.0 3.8535 42.5
v 125.0 4.0861 45.0
v 127.5 6.4951 45.0
v 125.0 3.8535 42.5
v 127.5 6.4951 45.0
v 127.5 5.9451 42.5
v 125.0 4.0861 45.0
v 125.0 3.869 47.5
v 127.5 6.4215 47.5
v 125.0 4.0861 45.0
v 127.5 6.4215 47.5
v 127.5 6.4951 45.0
v 125.0 3.869 47.5
v 125.0 2.9241 50.0
v 127.5 5.4751 50.0
v 125.0 3.869 47.5
v 127.5 5.4751 50.0
v 127.5 6.4215 47.5
v 125.0 2.9241 50.0
v 125.0 2.2347 52.5
v 127.5 4.5772 52.5
v 125.0 2.9241 50.0
v 127.5 4.5772 52.5
v 127.5 5.4751 50.0
v 125.0 2.2347 52.5
v 125.0 3.453 55.0
v 127.5 5.2593 55.0
v 125.0 2.2347 52.5
v 127.5 5.2593 55.0
v 127.5 4.5772 52.5
v 125.0 3.6851 57.5
v 125.0 3.263 60.0
v 127.5 5.3867 60.0
v 125.0 3.263 60.0
v 125.0 2.2533 62.5
v 127.5 4.8071 62.5
v 125.0 3.263 60.0
v 127.5 4.8071 62.5
v 127.5 5.3867 60.0
v 125.0 2.2533 62.5
v 125.0 0 65.0
v 127.5 3.3106 65.0
v 125.0 2.2533 62.5
v 127.5 3.3106 65.0
v 127.5 4.8071 62.5
v 125.0 0 65.0
v 127.5 0 67.5
v 127.5 3.3106 65.0
v 127.5 0 32.5
v 127.5 0.6674 35.0
v 130.0 2.9848 35.0
v 127.5 0 32.5
v 130.0 2.9848 35.0
v 130.0 0 32.5
v 127.5 0.6674 35.0
v 127.5 3.6759 37.5
v 130.0 5.1293 37.5
v 127.5 0.6674 35.0
v 130.0 5.1293 37.5
v 130.0 2.9848 35.0
v 127.5 3.6759 37.5
v 127.5 5.0406 40.0
v 130.0 6.741 40.0
v 127.5 3.6759 37.5
v 130.0 6.741 40.0
v 130.0 5.1293 37.5
v 127.5 5.0406 40.0
v 127.5 5.9451 42.5
v 130.0 7.9053 42.5
v 127.5 4.8071 62.5
v 127.5 3.3106 65.0
v 130.0 4.8069 65.0
v 127.5 4.8071 62.5
v 130.0 4.8069 65.0
v 130.0 6.4448 62.5
v 127.5 3.3106 65.0
v 127.5 0 67.5
v 130.0 2.3274 67.5
v 127.5 3.3106 65.0
v 130.0 2.3274 67.5
v 130.0 4.8069 65.0
v 127.5 0 67.5
v 130.0 0 70.0
v 130.0 2.3274 67.5
v 130.0 0 32.5
v 130.0 2.9848 35.0
v 132.5 4.1076 35.0
v 130.0 0 32.5
v 132.5 4.1076 35.0
v 132.5 0 32.5
v 130.0 2.9848 35.0
v 130.0 5.1293 37.5
v 132.5 6.4373 37.5
v 130.0 2.9848 35.0
v 132.5 6.4373 37.5
v 132.5 4.1076 35.0
v 130.0 5.1293 37.5
v 130.0 6.741 40.0
v 132.5 8.0803 40.0
v 130.0 5.1293 37.5
v 132.5 8.0803 40.0
v 132.5 6.4373 37.5
v 130.0 4.8069 65.0
v 130.0 2.3274 67.5
v 132.5 3.303 67.5
v 130.0 2.3274 67.5
v 130.0 0 70.0
v 132.5 0 70.0
v 130.0 2.3274 67.5
v 132.5 0 70.0
v 132.5 3.303 67.5
v 132.5 0.0 -52.5
v 132.5 0.0 -50.0
v 135.0 2.6419 -50.0
v 132.5 0.0 -52.5
v 135.0 2.6419 -50.0
v 135.0 0 -52.5
v 132.5 0.0 -50.0
v 132.5 0.0 -47.5
v 135.0 5.1623 -47.5
v 132.5 0.0 -50.0
v 135.0 5.1623 -47.5
v 135.0 2.6419 -50.0
v 132.5 0.0 -47.5
v 132.5 0.0 -45.0
v 135.0 6.4947 -45.0
v 132.5 0.0 -47.5
v 135.0 6.4947 -45.0
v 135.0 5.1623 -47.5
v 132.5 0.0 -45.0
v 132.5 0.0 -42.5
v 135.0 7.0763 -42.5
v 132.5 0.0 -45.0
v 135.0 7.0763 -42.5
v 135.0 6.4947 -45.0
v 132.5 0.0 -42.5
v 132.5 0.0 -40.0
v 135.0 7.2418 -40.0
v 132.5 0.0 -42.5
v 135.0 7.2418 -40.0
v 135.0 7.0763 -42.5
v 132.5 0.0 -40.0
v 132.5 0.0 -37.5
v 135.0 6.9938 -37.5
v 132.5 0.0 -40.0
v 135.0 6.9938 -37.5
v 135.0 7.2418 -40.0
v 132.5 0.0 -37.5
v 132.5 0.0 -35.0
v 135.0 6.3389 -35.0
v 132.5 0.0 -37.5
v 135.0 6.3389 -35.0
v 135.0 6.9938 -37.5
v 132.5 0.0 -35.0
v 132.5 0.0 -32.5
v 135.0 6.8572 -32.5
v 132.5 0.0 -35.0
v 135.0 6.8572 -32.5
v 135.0 6.3389 -35.0
v 132.5 0.0 -32.5
v 132.5 0.0 -30.0
v 135.0 8.0198 -30.0
v 132.5 0.0 -32.5
v 135.0 8.0198 -30.0
v 135.0 6.8572 -32.5
v 132.5 0.0 -30.0
v 132.5 0.0 -27.5
v 135.0 8.4502 -27.5
v 132.5 0.0 -30.0
v 135.0 8.4502 -27.5
v 135.0 8.0198 -30.0
v 132.5 0.0 -27.5
v 132.5 0.0 -25.0
v 135.0 8.3802 -25.0
v 132.5 0.0 -27.5
v 135.0 8.3802 -25.0
v 135.0 8.4502 -27.5
v 132.5 0.0 -25.0
v 132.5 0.0 -22.5
v 135.0 8.0027 -22.5
v 132.5 0.0 -25.0
v 135.0 8.0027 -22.5
v 135.0 8.3802 -25.0
v 132.5 0.0 -22.5
v 132.5 0.0 -20.0
v 135.0 7.5587 -20.0
v 132.5 0.0 -22.5
v 135.0 7.5587 -20.0
v 135.0 8.0027 -22.5
v 132.5 0.0 -20.0
v 132.5 0.0 -17.5
v 135.0 6.8044 -17.5
v 132.5 0.0 -20.0
v 135.0 6.8044 -17.5
v 135.0 7.5587 -20.0
v 132.5 0.0 -17.5
v 132.5 0.0 -15.0
v 135.0 5.3382 -15.0
v 132.5 0.0 -17.5
v 135.0 5.3382 -15.0
v 135.0 6.8044 -17.5
v 132.5 0.0 -15.0
v 132.5 0.0 -12.5
v 135.0 2.8218 -12.5
v 132.5 0.0 -15.0
v 135.0 2.8218 -12.5
v 135.0 5.3382 -15.0
v 132.5 0.0 -12.5
v 135.0 0 -10.0
v 135.0 2.8218 -12.5
v 132.5 0 32.5
v 132.5 4.1076 35.0
v 135.0 4.7822 35.0
v 132.5 0 32.5
v 135.0 4.7822 35.0
v 135.0 0.9524 32.5
v 132.5 4.1076 35.0
v 132.5 6.4373 37.5
v 135.0 6.9299 37.5
v 132.5 4.1076 35.0
v 135.0 6.9299 37.5
v 135.0 4.7822 35.0
v 132.5 3.303 67.5
v 132.5 0 70.0
v 135.0 0 70.0
v 132.5 3.303 67.5
v 135.0 0 70.0
v 135.0 3.8618 67.5
v 135.0 0 -52.5
v 135.0 2.6419 -50.0
v 137.5 1.9245 -50.0
v 135.0 2.6419 -50.0
v 135.0 5.1623 -47.5
v 137.5 4.3578 -47.5
v 135.0 2.6419 -50.0
v 137.5 4.3578 -47.5
v 137.5 1.9245 -50.0
v 135.0 5.3382 -15.0
v 135.0 2.8218 -12.5
v 137.5 2.4562 -12.5
v 135.0 5.3382 -15.0
v 137.5 2.4562 -12.5
v 137.5 4.9963 -15.0
v 135.0 2.8218 -12.5
v 135.0 0 -10.0
v 137.5 1.5702 -10.0
v 135.0 0 -10.0
v 137.5 0 -7.5
v 137.5 1.5702 -10.0
v 135.0 0 12.5
v 135.0 0 15.0
v 137.5 2.228 15.0
v 135.0 0 15.0
v 135.0 0 17.5
v 137.5 2.172 17.5
v 135.0 0 15.0
v 137.5 2.172 17.5
v 137.5 2.228 15.0
v 135.0 0 17.5
v 137.5 1.6222 20.0
v 137.5 2.172 17.5
v 135.0 0 22.5
v 135.0 0 25.0
v 137.5 2.5232 25.0
v 135.0 0 22.5
v 137.5 2.5232 25.0
v 137.5 0.4149 22.5
v 135.0 0 25.0
v 135.0 0 27.5
v 137.5 3.4212 27.5
v 135.0 0 25.0
v 137.5 3.4212 27.5
v 137.5 2.5232 25.0
v 135.0 0 27.5
v 135.0 0 30.0
v 137.5 3.652 30.0
v 135.0 0 27.5
v 137.5 3.652 30.0
v 137.5 3.4212 27.5
v 135.0 0 30.0
v 135.0 0.9524 32.5
v 137.5 3.0291 32.5
v 135.0 0 30.0
v 137.5 3.0291 32.5
v 137.5 3.652 30.0
v 135.0 0.9524 32.5
v 135.0 4.7822 35.0
v 137.5 4.4021 35.0
v 135.0 0.9524 32.5
v 137.5 4.4021 35.0
v 137.5 3.0291 32.5
v 135.0 4.7822 35.0
v 135.0 6.9299 37.5
v 137.5 6.2184 37.5
v 135.0 5.6918 65.0
v 137.5 3.5526 67.5
v 137.5 5.7739 65.0
v 135.0 3.8618 67.5
v 135.0 0 70.0
v 137.5 0 70.0
v 135.0 3.8618 67.5
v 137.5 0 70.0
v 137.5 3.5526 67.5
v 137.5 0 -52.5
v 137.5 1.9245 -50.0
v 140.0 0 -50.0
v 137.5 1.9245 -50.0
v 137.5 4.3578 -47.5
v 140.0 3.074 -47.5
v 137.5 1.9245 -50.0
v 140.0 3.074 -47.5
v 140.0 0 -50.0
v 137.5 4.3578 -47.5
v 140.0 4.776 -45.0
v 140.0 3.074 -47.5
v 137.5 4.9963 -15.0
v 137.5 2.4562 -12.5
v 140.0 4.1287 -12.5
v 137.5 2.4562 -12.5
v 137.5 1.5702 -10.0
v 140.0 3.9896 -10.0
v 137.5 1.5702 -10.0
v 137.5 0 -7.5
v 140.0 3.1759 -7.5
v 137.5 1.5702 -10.0
v 140.0 3.1759 -7.5
v 140.0 3.9896 -10.0
v 137.5 0 -7.5
v 140.0 2.1144 -5.0
v 140.0 3.1759 -7.5
v 137.5 1.6222 20.0
v 137.5 0.4149 22.5
v 140.0 3.8888 22.5
v 137.5 0.4149 22.5
v 137.5 2.5232 25.0
v 140.0 5.3893 25.0
v 137.5 0.4149 22.5
v 140.0 5.3893 25.0
v 140.0 3.8888 22.5
v 137.5 2.5232 25.0
v 137.5 3.4212 27.5
v 140.0 6.2127 27.5
v 137.5 2.5232 25.0
v 140.0 6.2127 27.5
v 140.0 5.3893 25.0
v 137.5 3.4212 27.5
v 137.5 3.652 30.0
v 140.0 6.2045 30.0
v 137.5 3.4212 27.5
v 140.0 6.2045 30.0
v 140.0 6.2127 27.5
v 137.5 3.652 30.0
v 137.5 3.0291 32.5
v 140.0 5.4273 32.5
v 137.5 3.652 30.0
v 140.0 5.4273 32.5
v 140.0 6.2045 30.0
v 137.5 3.0291 32.5
v 140.0 4.104 35.0
v 140.0 5.4273 32.5
v 137.5 4.4021 35.0
v 137.5 6.2184 37.5
v 140.0 5.2168 37.5
v 137.5 5.7739 65.0
v 137.5 3.5526 67.5
v 140.0 2.1628 67.5
v 137.5 5.7739 65.0
v 140.0 2.1628 67.5
v 140.0 4.7078 65.0
v 137.5 3.5526 67.5
v 137.5 0 70.0
v 140.0 0 70.0
v 137.5 3.5526 67.5
v 140.0 0 70.0
v 140.0 2.1628 67.5
v 140.0 0 -50.0
v 140.0 3.074 -47.5
v 142.5 0.6102 -47.5
v 140.0 3.074 -47.5
v 140.0 4.776 -45.0
v 142.5 3.1652 -45.0
v 140.0 3.074 -47.5
v 142.5 3.1652 -45.0
v 142.5 0.6102 -47.5
v 140.0 6.3477 -40.0
v 140.0 5.8839 -37.5
v 142.5 3.785 -37.5
v 140.0 6.3477 -40.0
v 142.5 3.785 -37.5
v 142.5 4.3435 -40.0
v 140.0 5.8839 -37.5
v 142.5 4.0914 -35.0
v 142.5 3.785 -37.5
v 140.0 5.8296 -17.5
v 140.0 4.092 -15.0
v 142.5 5.3675 -15.0
v 140.0 3.1759 -7.5
v 142.5 2.96 -5.0
v 142.5 4.6611 -7.5
v 140.0 2.6704 20.0
v 140.0 3.8888 22.5
v 142.5 6.0581 22.5
v 140.0 2.6704 20.0
v 142.5 6.0581 22.5
v 142.5 3.9508 20.0
v 140.0 3.8888 22.5
v 140.0 5.3893 25.0
v 142.5 7.2979 25.0
v 140.0 3.8888 22.5
v 142.5 7.2979 25.0
v 142.5 6.0581 22.5
v 140.0 5.4273 32.5
v 140.0 4.104 35.0
v 142.5 5.8486 35.0
v 140.0 7.9383 47.5
v 142.5 5.0997 50.0
v 142.5 6.0328 47.5
v 140.0 6.3223 62.5
v 140.0 4.7078 65.0
v 142.5 2.7585 65.0
v 140.0 6.3223 62.5
v 142.5 2.7585 65.0
v 142.5 4.4812 62.5
v 140.0 4.7078 65.0
v 140.0 2.1628 67.5
v 142.5 0 67.5
v 140.0 4.7078 65.0
v 142.5 0 67.5
v 142.5 2.7585 65.0
v 140.0 2.1628 67.5
v 140.0 0 70.0
v 142.5 0 70.0
v 140.0 2.1628 67.5
v 142.5 0 70.0
v 142.5 0 67.5
v 142.5 0.6102 -47.5
v 142.5 3.1652 -45.0
v 145.0 0 -45.0
v 142.5 3.1652 -45.0
v 142.5 4.2184 -42.5
v 145.0 0.7766 -42.5
v 142.5 3.1652 -45.0
v 145.0 0.7766 -42.5
v 145.0 0 -45.0
v 142.5 4.2184 -42.5
v 142.5 4.3435 -40.0
v 145.0 1.2758 -40.0
v 142.5 4.2184 -42.5
v 145.0 1.2758 -40.0
v 145.0 0.7766 -42.5
v 142.5 4.3435 -40.0
v 145.0 3.1544 -37.5
v 145.0 1.2758 -40.0
v 142.5 3.9508 20.0
v 142.5 6.0581 22.5
v 145.0 7.1048 22.5
v 142.5 3.9508 20.0
v 145.0 7.1048 22.5
v 145.0 5.4439 20.0
v 142.5 5.0997 50.0
v 145.0 2.5608 52.5
v 145.0 4.6906 50.0
v 142.5 4.2117 52.5
v 142.5 5.3902 55.0
v 145.0 3.1475 55.0
v 142.5 5.3902 55.0
v 142.5 5.8956 57.5
v 145.0 3.446 57.5
v 142.5 5.3902 55.0
v 145.0 3.446 57.5
v 145.0 3.1475 55.0
v 142.5 5.8956 57.5
v 142.5 5.5665 60.0
v 145.0 2.9966 60.0
v 142.5 5.8956 57.5
v 145.0 2.9966 60.0
v 145.0 3.446 57.5
v 142.5 5.5665 60.0
v 142.5 4.4812 62.5
v 145.0 1.8729 62.5
v 142.5 5.5665 60.0
v 145.0 1.8729 62.5
v 145.0 2.9966 60.0
v 142.5 4.4812 62.5
v 142.5 2.7585 65.0
v 145.0 0 65.0
v 142.5 4.4812 62.5
v 145.0 0 65.0
v 145.0 1.8729 62.5
v 142.5 2.7585 65.0
v 142.5 0 67.5
v 145.0 0 67.5
v 142.5 2.7585 65.0
v 145.0 0 67.5
v 145.0 0 65.0
v 145.0 1.2758 -40.0
v 147.5 3.4639 -37.5
v 147.5 0.6123 -40.0
v 145.0 4.6906 50.0
v 145.0 2.5608 52.5
v 147.5 3.4173 52.5
v 145.0 4.6906 50.0
v 147.5 3.4173 52.5
v 147.5 5.6508 50.0
v 145.0 2.5608 52.5
v 145.0 3.1475 55.0
v 147.5 0 55.0
v 145.0 2.5608 52.5
v 147.5 0 55.0
v 147.5 3.4173 52.5
v 145.0 3.1475 55.0
v 145.0 3.446 57.5
v 147.5 0 57.5
v 145.0 3.1475 55.0
v 147.5 0 57.5
v 147.5 0 55.0
v 145.0 3.446 57.5
v 145.0 2.9966 60.0
v 147.5 0 60.0
v 145.0 3.446 57.5
v 147.5 0 60.0
v 147.5 0 57.5
v 145.0 2.9966 60.0
v 145.0 1.8729 62.5
v 147.5 0 62.5
v 145.0 2.9966 60.0
v 147.5 0 62.5
v 147.5 0 60.0
v 147.5 0.6123 -40.0
v 147.5 3.4639 -37.5
v 150.0 3.05 -37.5
v 147.5 0.6123 -40.0
v 150.0 3.05 -37.5
v 150.0 0 -40.0
v 147.5 5.6508 50.0
v 147.5 3.4173 52.5
v 150.0 3.3423 52.5
v 147.5 5.6508 50.0
v 150.0 3.3423 52.5
v 150.0 5.4962 50.0
v 147.5 3.4173 52.5
v 147.5 0 55.0
v 150.0 0 55.0
v 147.5 3.4173 52.5
v 150.0 0 55.0
v 150.0 3.3423 52.5
v 150.0 0 -40.0
v 150.0 3.05 -37.5
v 152.5 1.8432 -37.5
v 150.0 5.4962 50.0
v 150.0 3.3423 52.5
v 152.5 2.9402 52.5
v 150.0 3.3423 52.5
v 150.0 0 55.0
v 152.5 0 55.0
v 150.0 3.3423 52.5
v 152.5 0 55.0
v 152.5 2.9402 52.5
v 152.5 0 -40.0
v 152.5 1.8432 -37.5
v 155.0 0 -37.5
v 152.5 1.8432 -37.5
v 155.0 2.2255 -35.0
v 155.0 0 -37.5
v 152.5 5.3469 20.0
v 155.0 6.2034 22.5
v 155.0 7.3259 20.0
v 152.5 4.844 50.0
v 152.5 2.9402 52.5
v 155.0 1.8339 52.5
v 152.5 4.844 50.0
v 155.0 1.8339 52.5
v 155.0 4.1564 50.0
v 152.5 2.9402 52.5
v 152.5 0 55.0
v 155.0 0 55.0
v 152.5 2.9402 52.5
v 155.0 0 55.0
v 155.0 1.8339 52.5
v 155.0 0 -37.5
v 155.0 2.2255 -35.0
v 157.5 0 -35.0
v 155.0 2.2255 -35.0
v 155.0 3.61 -32.5
v 157.5 1.387 -32.5
v 155.0 2.2255 -35.0
v 157.5 1.387 -32.5
v 157.5 0 -35.0
v 155.0 3.61 -32.5
v 155.0 4.3369 -30.0
v 157.5 2.2258 -30.0
v 155.0 3.61 -32.5
v 157.5 2.2258 -30.0
v 157.5 1.387 -32.5
v 155.0 4.3369 -30.0
v 157.5 2.3681 -27.5
v 157.5 2.2258 -30.0
v 155.0 3.9655 -25.0
v 157.5 3.1785 -22.5
v 157.5 2.0749 -25.0
v 155.0 2.3033 -5.0
v 155.0 3.9892 -2.5
v 157.5 5.2322 -2.5
v 155.0 2.3033 -5.0
v 157.5 5.2322 -2.5
v 157.5 3.4857 -5.0
v 155.0 4.1564 50.0
v 155.0 1.8339 52.5
v 157.5 0 52.5
v 155.0 4.1564 50.0
v 157.5 0 52.5
v 157.5 2.5492 50.0
v 157.5 1.387 -32.5
v 157.5 2.2258 -30.0
v 160.0 0 -30.0
v 157.5 2.2258 -30.0
v 157.5 2.3681 -27.5
v 160.0 0 -27.5
v 157.5 2.2258 -30.0
v 160.0 0 -27.5
v 160.0 0 -30.0
v 157.5 2.3681 -27.5
v 160.0 1.9205 -25.0
v 160.0 0 -27.5
v 157.5 2.0749 -25.0
v 160.0 4.036 -22.5
v 160.0 1.9205 -25.0
v 157.5 4.8348 45.0
v 157.5 4.1814 47.5
v 160.0 1.5057 47.5
v 157.5 4.8348 45.0
v 160.0 1.5057 47.5
v 160.0 2.813 45.0
v 157.5 4.1814 47.5
v 157.5 2.5492 50.0
v 160.0 0 50.0
v 157.5 4.1814 47.5
v 160.0 0 50.0
v 160.0 1.5057 47.5
v 157.5 2.5492 50.0
v 157.5 0 52.5
v 160.0 0 52.5
v 157.5 2.5492 50.0
v 160.0 0 52.5
v 160.0 0 50.0
v 160.0 0 -27.5
v 162.5 2.2222 -25.0
v 162.5 0 -27.5
v 160.0 1.9205 -25.0
v 160.0 4.036 -22.5
v 162.5 4.0715 -22.5
v 160.0 5.4336 40.0
v 162.5 3.6737 42.5
v 162.5 5.7679 40.0
v 160.0 3.6353 42.5
v 160.0 2.813 45.0
v 162.5 0 45.0
v 160.0 3.6353 42.5
v 162.5 0 45.0
v 162.5 3.6737 42.5
v 160.0 2.813 45.0
v 162.5 0 47.5
v 162.5 0 45.0
v 162.5 0 -27.5
v 162.5 2.2222 -25.0
v 165.0 1.7486 -25.0
v 162.5 5.7679 40.0
v 162.5 3.6737 42.5
v 165.0 2.7337 42.5
v 162.5 5.7679 40.0
v 165.0 2.7337 42.5
v 165.0 5.1444 40.0
v 162.5 3.6737 42.5
v 162.5 0 45.0
v 165.0 0 45.0
v 162.5 3.6737 42.5
v 165.0 0 45.0
v 165.0 2.7337 42.5
v 165.0 0 -27.5
v 165.0 1.7486 -25.0
v 167.5 0.5696 -25.0
v 165.0 1.7486 -25.0
v 167.5 2.988 -22.5
v 167.5 0.5696 -25.0
v 165.0 7.767 22.5
v 165.0 6.0942 25.0
v 167.5 4.8495 25.0
v 165.0 6.7162 37.5
v 165.0 5.1444 40.0
v 167.5 3.6436 40.0
v 165.0 6.7162 37.5
v 167.5 3.6436 40.0
v 167.5 5.3581 37.5
v 165.0 5.1444 40.0
v 165.0 2.7337 42.5
v 167.5 0.9494 42.5
v 165.0 5.1444 40.0
v 167.5 0.9494 42.5
v 167.5 3.6436 40.0
v 165.0 2.7337 42.5
v 165.0 0 45.0
v 167.5 0 45.0
v 167.5 0.5696 -25.0
v 167.5 2.988 -22.5
v 170.0 1.7928 -22.5
v 167.5 3.8709 -2.5
v 167.5 5.0244 0.0
v 170.0 3.1581 0.0
v 167.5 3.8709 -2.5
v 170.0 3.1581 0.0
v 170.0 1.9676 -2.5
v 167.5 5.0879 7.5
v 170.0 5.6392 10.0
v 170.0 3.8611 7.5
v 167.5 6.5307 35.0
v 167.5 5.3581 37.5
v 170.0 3.4169 37.5
v 167.5 6.5307 35.0
v 170.0 3.4169 37.5
v 170.0 4.5368 35.0
v 167.5 5.3581 37.5
v 167.5 3.6436 40.0
v 170.0 1.5957 40.0
v 167.5 5.3581 37.5
v 170.0 1.5957 40.0
v 170.0 3.4169 37.5
v 167.5 3.6436 40.0
v 167.5 0.9494 42.5
v 170.0 0 42.5
v 167.5 3.6436 40.0
v 170.0 0 42.5
v 170.0 1.5957 40.0
v 170.0 0 -25.0
v 170.0 1.7928 -22.5
v 172.5 0 -22.5
v 170.0 1.7928 -22.5
v 170.0 3.4287 -20.0
v 172.5 1.3397 -20.0
v 170.0 1.7928 -22.5
v 172.5 1.3397 -20.0
v 172.5 0 -22.5
v 170.0 3.4287 -20.0
v 172.5 2.4114 -17.5
v 172.5 1.3397 -20.0
v 170.0 3.4833 -7.5
v 170.0 2.0742 -5.0
v 172.5 0 -5.0
v 170.0 3.4833 -7.5
v 172.5 0 -5.0
v 172.5 1.6616 -7.5
v 170.0 2.0742 -5.0
v 172.5 0 -2.5
v 172.5 0 -5.0
v 170.0 1.9676 -2.5
v 170.0 3.1581 0.0
v 172.5 0 0.0
v 170.0 3.1581 0.0
v 170.0 3.5701 2.5
v 172.5 1.0559 2.5
v 170.0 3.1581 0.0
v 172.5 1.0559 2.5
v 172.5 0 0.0
v 170.0 3.5701 2.5
v 170.0 3.5798 5.0
v 172.5 1.181 5.0
v 170.0 3.5701 2.5
v 172.5 1.181 5.0
v 172.5 1.0559 2.5
v 170.0 3.5798 5.0
v 170.0 3.8611 7.5
v 172.5 1.4276 7.5
v 170.0 3.5798 5.0
v 172.5 1.4276 7.5
v 172.5 1.181 5.0
v 170.0 3.8611 7.5
v 170.0 5.6392 10.0
v 172.5 3.6353 10.0
v 170.0 3.8611 7.5
v 172.5 3.6353 10.0
v 172.5 1.4276 7.5
v 170.0 5.6392 10.0
v 170.0 6.7581 12.5
v 172.5 4.5814 12.5
v 170.0 5.6392 10.0
v 172.5 4.5814 12.5
v 172.5 3.6353 10.0
v 170.0 6.7581 12.5
v 170.0 7.0893 15.0
v 172.5 4.8368 15.0
v 170.0 6.7581 12.5
v 172.5 4.8368 15.0
v 172.5 4.5814 12.5
v 170.0 7.0893 15.0
v 172.5 4.7333 17.5
v 172.5 4.8368 15.0
v 170.0 5.0464 22.5
v 170.0 3.6288 25.0
v 172.5 0.8903 25.0
v 170.0 5.0464 22.5
v 172.5 0.8903 25.0
v 172.5 3.3427 22.5
v 170.0 3.6288 25.0
v 170.0 4.618 27.5
v 172.5 1.9149 27.5
v 170.0 3.6288 25.0
v 172.5 1.9149 27.5
v 172.5 0.8903 25.0
v 170.0 4.618 27.5
v 170.0 5.3025 30.0
v 172.5 2.6417 30.0
v 170.0 4.618 27.5
v 172.5 2.6417 30.0
v 172.5 1.9149 27.5
v 170.0 5.3025 30.0
v 170.0 5.2277 32.5
v 172.5 2.6075 32.5
v 170.0 5.3025 30.0
v 172.5 2.6075 32.5
v 172.5 2.6417 30.0
v 170.0 5.2277 32.5
v 170.0 4.5368 35.0
v 172.5 2.0127 35.0
v 170.0 5.2277 32.5
v 172.5 2.0127 35.0
v 172.5 2.6075 32.5
v 170.0 4.5368 35.0
v 170.0 3.4169 37.5
v 172.5 0 37.5
v 170.0 4.5368 35.0
v 172.5 0 37.5
v 172.5 2.0127 35.0
v 170.0 3.4169 37.5
v 170.0 1.5957 40.0
v 172.5 0 40.0
v 170.0 3.4169 37.5
v 172.5 0 40.0
v 172.5 0 37.5
v 172.5 1.3397 -20.0
v 172.5 2.4114 -17.5
v 175.0 0 -17.5
v 172.5 2.4114 -17.5
v 172.5 2.9319 -15.0
v 175.0 0 -15.0
v 172.5 2.4114 -17.5
v 175.0 0 -15.0
v 175.0 0 -17.5
v 172.5 2.9319 -15.0
v 172.5 3.1001 -12.5
v 175.0 0 -12.5
v 172.5 2.9319 -15.0
v 175.0 0 -12.5
v 175.0 0 -15.0
v 172.5 3.1001 -12.5
v 172.5 2.7653 -10.0
v 175.0 0 -10.0
v 172.5 3.1001 -12.5
v 175.0 0 -10.0
v 175.0 0 -12.5
v 172.5 2.7653 -10.0
v 175.0 0 -7.5
v 175.0 0 -10.0
v 172.5 1.4276 7.5
v 172.5 3.6353 10.0
v 175.0 0 10.0
v 172.5 3.6353 10.0
v 172.5 4.5814 12.5
v 175.0 1.406 12.5
v 172.5 3.6353 10.0
v 175.0 1.406 12.5
v 175.0 0 10.0
v 172.5 4.5814 12.5
v 172.5 4.8368 15.0
v 175.0 2.1575 15.0
v 172.5 4.5814 12.5
v 175.0 2.1575 15.0
v 175.0 1.406 12.5
v 172.5 4.8368 15.0
v 172.5 4.7333 17.5
v 175.0 2.2104 17.5
v 172.5 4.8368 15.0
v 175.0 2.2104 17.5
v 175.0 2.1575 15.0
v 172.5 4.7333 17.5
v 172.5 4.3343 20.0
v 175.0 1.3542 20.0
v 172.5 4.7333 17.5
v 175.0 1.3542 20.0
v 175.0 2.2104 17.5
v 172.5 4.3343 20.0
v 172.5 3.3427 22.5
v 175.0 0 22.5
v 172.5 4.3343 20.0
v 175.0 0 22.5
v 175.0 1.3542 20.0
v 172.5 3.3427 22.5
v 172.5 0.8903 25.0
v 175.0 0 25.0
v 172.5 3.3427 22.5
v 175.0 0 25.0
v 175.0 0 22.5
v 172.5 0.8903 25.0
v 172.5 1.9149 27.5
v 175.0 0 27.5
v 172.5 1.9149 27.5
v 172.5 2.6417 30.0
v 175.0 0 30.0
v 172.5 2.6417 30.0
v 172.5 2.6075 32.5
v 175.0 0 32.5
v 172.5 2.6417 30.0
v 175.0 0 32.5
v 175.0 0 30.0
v 172.5 2.6075 32.5
v 172.5 2.0127 35.0
v 175.0 0 35.0
v 172.5 2.6075 32.5
v 175.0 0 35.0
v 175.0 0 32.5
vn -0.77018 0.63782 0.0
vn 0.0 0.63782 -0.77018
vn -0.86243 0.50617 0.0
vn -0.73427 0.60808 -0.3018
vn -0.87633 0.4817 0.0
vn -0.86097 0.50531 -0.05831
vn -0.84774 0.53042 0.0
vn -0.87141 0.479 0.10586
vn -0.73907 0.67362 0.0
vn -0.81929 0.51262 0.25686
vn -0.59436 0.54173 0.59436
vn -0.84896 0.52845 0.0
vn -0.10479 0.57174 -0.81372
vn -0.56893 0.52454 -0.63339
vn -0.79819 0.49684 -0.34065
vn -0.61299 0.70771 -0.35125
vn -0.72251 0.66613 -0.18508
vn -0.65467 0.75583 0.01097
vn -0.66315 0.66918 0.33531
vn -0.60188 0.76572 0.22674
vn -0.71494 0.47099 0.51675
vn -0.65242 0.65835 0.37539
vn -0.64097 0.42226 0.64097
vn -0.75785 0.64174 -0.11762
vn 0.0 0.5912 -0.80652
vn -0.36694 0.5348 -0.76115
vn -0.6544 0.55414 -0.51449
vn -0.617 0.75457 0.22344
vn -0.56543 0.7165 0.40855
vn -0.57431 0.70237 0.42052
vn -0.56993 0.45204 0.68618
vn -0.47871 0.60661 0.63471
vn -0.61673 0.48916 0.61673
vn -0.229 0.57549 -0.78509
vn 0.0 0.49356 -0.86971
vn -0.15165 0.72437 -0.67253
vn -0.30467 0.76567 -0.5665
vn -0.24574 0.66974 0.70076
vn -0.17954 0.72093 0.66934
vn 0.0 0.62142 0.78348
vn -0.18862 0.51407 0.83675
vn -0.68627 0.72735 0.0
vn -0.66793 0.74423 0.0
vn -0.68588 0.72694 0.03347
vn -0.65454 0.7293 0.19925
vn -0.03275 0.4933 -0.86925
vn -0.37045 0.5934 -0.7146
vn -0.05062 0.76241 -0.64512
vn -0.15222 0.7243 0.67247
vn 0.0 0.52346 0.85205
vn -0.09994 0.47555 0.874
vn -0.71421 0.69993 0.0
vn -0.72232 0.69156 0.0
vn -0.71411 0.69983 -0.01685
vn -0.6989 0.66914 0.25259
vn -0.72801 0.68556 0.0
vn -0.78695 0.61702 0.0
vn -0.72034 0.67834 -0.14481
vn -0.77793 0.62835 0.0
vn -0.78674 0.61686 0.02305
vn -0.68471 0.72882 0.0
vn -0.76459 0.61758 0.18438
vn -0.65957 0.70206 0.26847
vn -0.76329 0.64546 -0.02775
vn -0.42025 0.75438 -0.50429
vn -0.55953 0.68449 -0.46734
vn -0.74801 0.63254 -0.20092
vn -0.00621 0.63884 -0.76932
vn -0.57432 0.74769 -0.33335
vn -0.09662 0.75981 -0.64292
vn -0.007 0.72007 -0.69386
vn 0.0 0.47794 0.87839
vn -0.02055 0.46919 0.88286
vn -0.71069 0.70351 0.0
vn 0.0 0.70351 -0.71069
vn -0.77818 0.62805 0.0
vn -0.70165 0.69457 -0.15894
vn -0.73758 0.67526 0.0
vn -0.77489 0.6254 0.09178
vn -0.6996 0.6405 0.31674
vn -0.4565 0.76369 0.4565
vn -0.78201 0.62327 0.0
vn -0.10609 0.67009 -0.73466
vn -0.68257 0.60113 -0.41562
vn -0.73657 0.58705 -0.33591
vn -0.72693 0.65231 -0.21461
vn -0.73538 0.64764 -0.19942
vn -0.73167 0.68146 -0.01641
vn -0.74423 0.66783 0.01111
vn -0.71876 0.65046 0.24554
vn -0.71222 0.66334 0.22962
vn -0.77909 0.58788 0.21775
vn -0.73772 0.66762 0.10025
vn -0.60996 0.62929 -0.48161
vn -0.77503 0.58482 -0.2394
vn -0.70214 0.69635 -0.14866
vn -0.68482 0.70653 -0.17841
vn -0.74964 0.66138 0.02471
vn -0.70868 0.70283 -0.06168
vn -0.76401 0.61823 0.18458
vn -0.74363 0.65608 0.12872
vn -0.69686 0.6699 0.25617
vn -0.73059 0.59118 0.34168
vn -0.71883 0.69102 -0.07593
vn 0.23461 0.69999 -0.67451
vn 0.30905 0.74514 0.59098
vn 0.14271 0.69861 0.70113
vn 0.0 0.46929 0.88305
vn 0.2275 0.5485 0.80461
vn -0.86128 0.50814 0.0
vn 0.0 0.50814 -0.86128
vn -0.60211 0.56169 -0.56742
vn -0.84507 0.49858 -0.19305
vn -0.67505 0.71918 -0.16458
vn -0.72968 0.68069 -0.06502
vn -0.71087 0.69587 0.10213
vn -0.68364 0.72833 0.0465
vn -0.75271 0.59014 0.29183
vn -0.7047 0.68982 0.16597
vn -0.73754 0.57964 0.34649
vn -0.73789 0.57852 0.3476
vn -0.61808 0.48576 0.61808
vn -0.72688 0.67831 -0.10739
vn 0.0 0.63085 -0.7759
vn -0.48552 0.58914 -0.6459
vn -0.63266 0.59039 -0.50117
vn -0.55168 0.72392 -0.41423
vn -0.59177 0.71806 -0.36633
vn -0.59832 0.74153 -0.30355
vn -0.51836 0.75555 -0.40056
vn -0.65062 0.73629 -0.18593
vn -0.6083 0.75389 -0.24824
vn -0.66216 0.74936 0.00036
vn -0.60008 0.75444 0.26593
vn -0.47116 0.76368 0.44137
vn -0.48058 0.75194 0.45125
vn 0.53091 0.73783 0.41682
vn 0.40329 0.73663 0.5429
vn 0.52952 0.59876 0.60091
vn 0.42379 0.58896 0.68814
vn 0.0 0.56327 0.82627
vn 0.60717 0.68657 0.39997
vn -0.29119 0.48612 -0.82395
vn 0.0 0.39961 -0.91669
vn -0.65795 0.75153 0.04798
vn -0.65118 0.73787 0.17753
vn -0.64877 0.74104 0.17308
vn -0.59282 0.69032 0.41477
vn -0.59924 0.67901 0.42411
vn -0.55576 0.5137 0.65363
vn -0.50972 0.59355 0.6228
vn -0.5919 0.5471 0.5919
vn -0.33547 0.5943 -0.73094
vn -0.26905 0.5789 -0.76973
vn -0.30959 0.72491 -0.61536
vn -0.41786 0.74027 -0.52668
vn 0.03813 0.64976 0.75918
vn 0.06065 0.65981 0.74898
vn -0.16955 0.39382 -0.90341
vn 0.0 0.34457 -0.93876
vn -0.3179 0.65411 0.68635
vn -0.21958 0.73962 0.63619
vn 0.0 0.67877 0.73435
vn -0.25285 0.52027 0.81571
vn -0.68141 0.73191 0.0
vn -0.73022 0.68321 0.0
vn -0.67797 0.72821 -0.10035
vn -0.72798 0.68112 0.07827
vn -0.06719 0.59971 -0.79739
vn -0.33384 0.68253 -0.65015
vn -0.01367 0.66096 0.7503
vn -0.0506 0.64146 0.76549
vn 0.20326 0.33737 -0.91917
vn 0.0 0.42629 -0.90459
vn 0.31047 0.51533 -0.79878
vn -0.23721 0.73649 0.6335
vn -0.23203 0.52306 0.8201
vn -0.18017 0.55939 0.80908
vn -0.72182 0.69208 0.0
vn -0.04293 0.71258 -0.70027
vn -0.65793 0.65748 -0.36722
vn -0.67973 0.65174 -0.33645
vn -0.64991 0.71221 -0.26528
vn -0.69348 0.69301 -0.19704
vn -0.67385 0.73845 -0.02481
vn 0.14121 0.71682 -0.68281
vn 0.33015 0.60627 0.72349
vn 0.09234 0.53599 0.83916
vn 0.38587 0.39328 -0.83453
vn 0.0 0.65916 -0.752
vn 0.12525 0.53785 -0.83369
vn 0.36452 0.37152 -0.85387
vn -0.25374 0.55009 0.79562
vn -0.04417 0.68927 0.72316
vn -0.58506 0.74133 0.32885
vn -0.57142 0.72404 0.38632
vn -0.71838 0.69439 -0.04183
vn 0.0 0.67442 -0.73835
vn -0.46375 0.63191 -0.62099
vn -0.64972 0.62801 -0.42833
vn -0.56453 0.76924 -0.2993
vn 0.27309 0.74256 0.61158
vn 0.31765 0.75173 0.57793
vn 0.46979 0.71615 0.51617
vn 0.31262 0.69633 0.64606
vn 0.0 0.53829 0.84276
vn 0.43658 0.66552 0.60538
vn 0.16874 0.64971 -0.74122
vn 0.0 0.7503 -0.6611
vn 0.18153 0.39234 -0.90173
vn 0.11117 0.42804 -0.8969
vn -0.59834 0.55281 0.57999
vn -0.74382 0.66396 0.07681
vn -0.73348 0.67767 0.0527
vn -0.78497 0.54659 0.29164
vn -0.7383 0.65903 0.14348
vn -0.75469 0.63564 0.1625
vn -0.78854 0.54907 0.277
vn -0.60752 0.51169 0.60752
vn -0.33168 0.63624 -0.69655
vn -0.44429 0.65386 -0.61243
vn 0.31841 0.75153 0.57777
vn 0.38968 0.76133 0.51819
vn 0.63799 0.68433 0.35309
vn 0.55072 0.69718 0.45897
vn 0.5548 0.60991 0.56587
vn 0.56858 0.60989 0.55204
vn 0.0 0.73974 0.6729
vn 0.6729 0.73974 0.0
vn 0.1362 0.7433 -0.65494
vn 0.15406 0.42557 -0.89172
vn 0.08446 0.46093 -0.88341
vn -0.46746 0.75518 0.45954
vn -0.66401 0.74547 0.05797
vn -0.68396 0.71282 0.15519
vn -0.66105 0.74216 0.11052
vn -0.65534 0.67438 0.34021
vn -0.65242 0.67995 0.3347
vn -0.63766 0.49625 0.58918
vn -0.59048 0.60764 0.53113
vn -0.6195 0.48212 0.6195
vn 0.0 0.69584 -0.71819
vn -0.10636 0.72571 -0.67973
vn 0.57777 0.72373 -0.37735
vn 0.65339 0.74615 -0.12786
vn 0.65772 0.75109 0.05714
vn 0.74912 0.6353 -0.18764
vn 0.78168 0.62367 0.00269
vn 0.76169 0.64596 0.05072
vn 0.82904 0.53026 0.17753
vn 0.72522 0.57862 0.37316
vn 0.60308 0.66627 0.43862
vn 0.84242 0.53881 0.0
vn 0.0 0.74139 0.67108
vn 0.67108 0.74139 0.0
vn 0.30549 0.44047 -0.8442
vn 0.13278 0.56005 -0.81775
vn 0.61901 0.75126 -0.22898
vn 0.69101 0.72248 0.02323
vn 0.63083 0.76561 0.12605
vn 0.68275 0.71384 -0.15585
vn -0.36978 0.69955 0.61146
vn -0.30725 0.76173 0.57041
vn -0.41071 0.55998 0.71955
vn -0.33798 0.63939 0.69062
vn -0.50905 0.69406 0.50905
vn -0.01981 0.69571 -0.71805
vn -0.061 0.71458 -0.69689
vn 0.69868 0.7123 -0.06696
vn 0.65853 0.75038 0.05709
vn 0.70012 0.71376 -0.01941
vn 0.6909 0.70891 0.14178
vn 0.64377 0.73355 0.21787
vn 0.66002 0.67722 -0.3252
vn 0.66614 0.42144 -0.61535
vn 0.8124 0.57443 -0.10018
vn 0.83139 0.52599 -0.17923
vn 0.70885 0.50121 -0.49631
vn 0.19382 0.74717 -0.63575
vn -0.31338 0.76012 0.56921
vn -0.35864 0.63417 0.68498
vn -0.28943 0.70202 0.65069
vn -0.32612 0.57667 0.74907
vn -0.80219 0.59707 0.0
vn -0.58449 0.71731 -0.37926
vn -0.82798 0.55872 -0.04769
vn -0.79513 0.59181 -0.1324
vn -0.38549 0.66058 -0.64423
vn -0.82816 0.55884 -0.04296
vn 0.80447 0.59377 -0.01615
vn 0.41673 0.72597 0.54709
vn 0.70418 0.51975 -0.48372
vn 0.28916 0.7553 0.58814
vn 0.27692 0.75267 0.59732
vn -0.1699 0.70023 -0.6934
vn 0.09312 0.58056 -0.80888
vn -0.23815 0.7397 -0.62939
vn -0.17492 0.72091 -0.67059
vn -0.13867 0.72633 0.67322
vn -0.19983 0.68304 0.70252
vn 0.0 0.61002 0.79239
vn -0.1058 0.55417 0.82565
vn -0.72069 0.69326 0.0
vn 0.0 0.69326 -0.72069
vn -0.569 0.6375 -0.51946
vn -0.65399 0.62911 -0.42014
vn -0.57186 0.72523 -0.38344
vn -0.63479 0.71121 -0.30203
vn -0.65373 0.73848 -0.16521
vn -0.60047 0.76151 -0.24402
vn -0.69465 0.71723 -0.05514
vn -0.65812 0.74344 -0.11907
vn -0.69352 0.71606 0.07928
vn 0.28201 0.76179 0.58322
vn 0.09487 0.70358 0.70426
vn 0.13323 0.7255 -0.67521
vn 0.4288 0.7007 0.57023
vn 0.14117 0.63293 0.76123
vn -0.00065 0.58309 -0.81241
vn 0.08262 0.54098 -0.83697
vn 0.08808 0.72935 -0.67844
vn 0.14306 0.68993 0.7096
vn 0.10267 0.67458 0.73103
vn 0.0 0.5573 0.83031
vn 0.12648 0.60995 0.78228
vn -0.40569 0.63365 -0.65872
vn -0.45016 0.63918 -0.62354
vn -0.4709 0.73363 -0.48994
vn -0.46969 0.73361 -0.49114
vn -0.57085 0.75573 -0.32094
vn -0.49206 0.7666 -0.41255
vn 0.26154 0.68217 0.68282
vn 0.34952 0.70129 0.62131
vn 0.58982 0.74888 0.30213
vn 0.12465 0.6973 0.70586
vn 0.18962 0.62773 0.75498
vn 0.53906 0.68444 0.49088
vn 0.23201 0.52803 -0.81692
vn 0.20214 0.54941 -0.81073
vn 0.34939 0.72869 -0.58901
vn 0.32904 0.74885 -0.57529
vn 0.34099 0.74361 0.57513
vn 0.34994 0.745 0.5679
vn 0.27618 0.65179 0.70633
vn 0.30169 0.6579 0.69003
vn 0.0 0.61489 0.78861
vn 0.30603 0.72224 0.62026
vn -0.41259 0.74475 -0.52451
vn 0.0 0.62218 -0.78288
vn -0.35838 0.66827 -0.65191
vn -0.37146 0.67051 -0.64221
vn -0.43722 0.74734 -0.50033
vn -0.39934 0.74464 -0.53483
vn 0.59164 0.6678 0.45167
vn 0.47785 0.66971 0.56845
vn 0.0 0.7485 0.66314
vn 0.66314 0.7485 0.0
vn 0.29373 0.76941 -0.56721
vn 0.32142 0.74396 -0.58585
vn 0.44634 0.62889 0.63661
vn 0.44996 0.62929 0.63367
vn 0.38838 0.51695 -0.76284
vn 0.36838 0.73724 -0.56637
vn 0.46552 0.61964 -0.63193
vn 0.37784 0.75617 -0.53428
vn 0.45947 0.76264 0.45526
vn 0.53824 0.75723 0.37001
vn 0.38181 0.73504 0.5603
vn 0.44606 0.74037 0.50289
vn 0.50982 0.59364 0.62263
vn 0.29052 0.55929 0.7764
vn 0.0 0.75864 0.65152
vn 0.65152 0.75864 0.0
vn -0.22263 0.60656 -0.76323
vn 0.0 0.52402 -0.8517
vn -0.23193 0.70249 -0.67284
vn -0.26066 0.71016 -0.65401
vn -0.436 0.73634 0.51741
vn 0.62783 0.76475 -0.1449
vn 0.67434 0.73837 0.0083
vn 0.71085 0.68102 0.17581
vn 0.6482 0.70975 0.27586
vn 0.60412 0.71173 0.35843
vn 0.70618 0.67655 0.20878
vn 0.0 0.76239 0.64712
vn 0.64712 0.76239 0.0
vn 0.52613 0.66812 -0.52613
vn 0.55254 0.70166 -0.44985
vn 0.58165 0.68516 0.43845
vn 0.42682 0.68401 0.59156
vn 0.00527 0.70464 0.70954
vn 0.64208 0.75635 0.12519
vn 0.50599 0.69853 -0.50599
vn 0.49501 0.60833 -0.6204
vn 0.4685 0.64678 -0.60182
vn 0.4955 0.7094 -0.50123
vn 0.53223 0.65407 -0.53752
vn 0.58653 0.72995 -0.35093
vn 0.6653 0.7367 -0.12108
vn 0.64489 0.75437 0.12266
vn 0.66782 0.7395 0.0846
vn 0.63973 0.74833 0.17535
vn 0.52191 0.76639 0.37449
vn 0.54347 0.7633 0.34932
vn 0.6841 0.60337 0.40983
vn 0.41101 0.60354 0.68323
vn 0.0 0.5845 0.8114
vn 0.73957 0.6523 0.16594
vn -0.02031 0.52391 -0.85153
vn 0.0 0.51508 -0.85714
vn 0.08313 0.73305 -0.67508
vn -0.28455 0.75279 0.59359
vn -0.17883 0.6121 0.77029
vn 0.47496 0.74083 -0.47496
vn 0.66286 0.70816 -0.24315
vn 0.65247 0.69705 -0.29733
vn 0.66422 0.72113 0.19695
vn 0.59526 0.7468 0.29657
vn 0.12423 0.75051 0.64907
vn 0.67531 0.73317 0.08012
vn 0.56299 0.60505 -0.56299
vn 0.76924 0.49365 -0.40568
vn 0.67443 0.72482 -0.14062
vn 0.75416 0.61474 -0.23097
vn 0.78621 0.50454 -0.35681
vn 0.73087 0.68109 -0.04413
vn 0.76783 0.62588 -0.13677
vn 0.69702 0.71241 0.0815
vn 0.73151 0.68169 0.01344
vn 0.73084 0.66455 0.15572
vn 0.67778 0.69275 0.2464
vn 0.78346 0.56508 0.25861
vn 0.66156 0.60155 0.44775
vn 0.16609 0.65285 0.73905
vn 0.81104 0.58498 0.0
vn 0.15724 0.50868 -0.84648
vn 0.0 0.59382 -0.8046
vn 0.23524 0.761 -0.6046
vn -0.09122 0.61954 0.77965
vn 0.02034 0.67885 0.734
vn 0.59265 0.65763 -0.46507
vn 0.73808 0.65916 -0.14404
vn 0.66946 0.74285 0.0
vn 0.73987 0.67261 0.01326
vn 0.74585 0.66611 0.0
vn 0.73994 0.67267 0.0
vn 0.26863 0.57199 -0.77503
vn 0.0 0.74873 -0.66287
vn 0.18919 0.76883 -0.61082
vn 0.31261 0.66564 -0.67764
vn 0.10472 0.67526 0.73011
vn 0.04982 0.65215 0.75645
vn 0.55251 0.62408 -0.55251
vn 0.28718 0.67124 -0.68335
vn 0.44484 0.50246 -0.74139
vn 0.33678 0.75953 -0.5565
vn 0.3284 0.76757 -0.55044
vn 0.26326 0.62993 0.73067
vn 0.13085 0.58856 0.7978
vn -0.67565 0.73722 0.0
vn 0.0 0.73722 -0.67565
vn -0.24027 0.54459 -0.80355
vn -0.54379 0.59335 -0.59349
vn 0.49933 0.71154 0.49435
vn 0.28544 0.68464 0.67067
vn 0.0 0.59366 0.80472
vn 0.50647 0.72171 0.47183
vn -0.20744 0.72119 -0.66095
vn 0.0 0.63889 -0.7693
vn -0.09552 0.70379 -0.70396
vn -0.21425 0.74486 -0.63188
vn 0.64668 0.67971 0.34611
vn 0.49694 0.69552 0.51894
vn 0.42315 0.64725 0.63405
vn 0.61797 0.64954 0.44296
vn -0.03428 0.63851 -0.76885
vn 0.0 0.62232 -0.78276
vn -0.12156 0.75692 -0.64211
vn -0.03879 0.72256 -0.69022
vn -0.16754 0.70908 0.68494
vn 0.75904 0.64924 0.04846
vn 0.41346 0.74886 0.51794
vn 0.80052 0.56055 0.21202
vn 0.70209 0.60053 0.38266
vn 0.47962 0.70329 0.52474
vn 0.81914 0.57359 0.0
vn -0.71923 0.69477 0.0
vn -0.77455 0.63251 0.0
vn -0.71308 0.68884 -0.13044
vn 0.0358 0.62193 -0.78226
vn -0.77446 0.63244 0.01538
vn -0.0177 0.72299 -0.69063
vn 0.03992 0.6935 -0.71935
vn 0.1634 0.70958 0.68542
vn 0.09135 0.68253 0.72512
vn 0.46418 0.72847 0.50384
vn 0.15318 0.66521 0.73077
vn -0.67494 0.73787 0.0
vn 0.0 0.73787 -0.67494
vn -0.65411 0.65811 -0.37286
vn -0.60931 0.66612 -0.43015
vn -0.6547 0.68446 -0.32076
vn -0.67412 0.67824 -0.29249
vn -0.69785 0.70374 -0.13326
vn -0.6823 0.71332 -0.16013
vn -0.68878 0.72476 0.01763
vn -0.70337 0.7093 0.04653
vn 0.26606 0.66903 -0.69398
vn -0.67205 0.70715 0.21975
vn 0.3532 0.75834 0.54788
vn 0.31932 0.75297 0.57539
vn 0.31549 0.65039 0.69098
vn 0.30146 0.64725 0.70014
vn 0.0 0.67316 0.7395
vn -0.47344 0.64993 -0.59451
vn -0.43529 0.64633 -0.62673
vn -0.53025 0.71224 -0.45994
vn -0.51918 0.71272 -0.47168
vn -0.54789 0.76817 -0.33126
vn -0.56861 0.76377 -0.30551
vn 0.47206 0.76385 0.4401
vn 0.5107 0.76165 0.39883
vn 0.40651 0.72595 0.55475
vn 0.45066 0.72922 0.51492
vn 0.38444 0.62666 0.67787
vn 0.34712 0.6199 0.70373
vn -0.4332 0.74757 -0.50347
vn 0.0 0.62379 -0.78159
vn -0.35221 0.6719 -0.65153
vn -0.3932 0.67854 -0.62046
vn -0.02504 0.69568 0.71791
vn 0.0 0.661 0.75039
vn 0.21611 0.74562 0.63035
vn -0.15709 0.61605 -0.77188
vn 0.0 0.55267 -0.8334
vn -0.07743 0.73577 -0.67279
vn -0.17924 0.68463 0.70651
vn -0.20494 0.66564 0.71758
vn 0.0 0.76367 0.64561
vn -0.17284 0.66018 0.73095
vn 0.10381 0.75203 -0.6509
vn 0.0769 0.55103 -0.83093
vn 0.0 0.59002 -0.80739
vn 0.09038 0.67729 0.73014
vn 0.07802 0.67216 0.73628
vn 0.0 0.67027 0.74212
vn 0.09517 0.71319 0.69448
vn 0.01506 0.75603 -0.65436
vn 0.0 0.76359 -0.6457
vn 0.20133 0.57794 -0.79085
vn 0.0 0.70006 -0.71409
vn 0.25426 0.72987 -0.63455
vn 0.29359 0.75667 0.58418
vn 0.31918 0.76148 0.56416
vn 0.25225 0.65241 0.71465
vn 0.25324 0.65268 0.71406
vn 0.0 0.71644 0.69764
vn 0.01075 0.76355 -0.64566
vn 0.0 0.76891 -0.63936
vn -0.11387 0.6955 -0.70944
vn 0.0 0.64532 -0.76391
vn -0.02176 0.75449 -0.65595
vn 0.35134 0.75228 0.55735
vn 0.39917 0.75778 0.51617
vn 0.36827 0.62725 0.68624
vn 0.28464 0.60946 0.73996
vn 0.09422 0.76549 -0.63652
vn -0.67101 0.74145 0.0
vn 0.0 0.74145 -0.67101
vn -0.42599 0.58384 -0.69113
vn -0.53741 0.59382 -0.59881
vn -0.40022 0.73859 -0.54251
vn -0.53917 0.73895 -0.40403
vn 0.56906 0.74801 -0.34154
vn 0.63931 0.76126 -0.10849
vn 0.64115 0.76345 0.0779
vn 0.70832 0.5834 0.39739
vn 0.36329 0.57745 0.73115
vn 0.0 0.63576 0.77189
vn 0.77189 0.63576 0.0
vn -0.33982 0.69732 -0.63108
vn 0.0 0.58336 -0.81222
vn -0.17643 0.6931 -0.69892
vn -0.35935 0.73739 -0.57195
vn -0.25718 0.76506 0.59038
vn 0.72949 0.64422 -0.22986
vn -0.14061 0.70931 0.69073
vn 0.69998 0.71273 -0.04524
vn 0.74217 0.65542 -0.14008
vn 0.66734 0.7409 0.0756
vn 0.70062 0.71338 0.01472
vn 0.71068 0.68656 0.15352
vn 0.64677 0.71806 0.25706
vn 0.75467 0.59603 0.27425
vn 0.64832 0.62633 0.43289
vn 0.0 0.6198 0.78476
vn 0.78476 0.6198 0.0
vn 0.28095 0.67772 -0.67953
vn -0.03703 0.58296 -0.81166
vn 0.0 0.56619 -0.82428
vn -0.08889 0.71359 0.6949
vn -0.04797 0.73717 0.67401
vn 0.72288 0.67571 -0.14441
vn -0.08858 0.71118 0.69741
vn 0.72379 0.68987 0.01424
vn 0.73054 0.68287 0.0
vn 0.72386 0.68994 0.0
vn -0.1025 0.70244 -0.70432
vn 0.0 0.65663 -0.75421
vn 0.04848 0.56552 -0.82331
vn 0.0 0.58954 -0.80774
vn 0.06422 0.74919 -0.65923
vn 0.01204 0.73796 0.67473
vn -0.04336 0.70936 0.70351
vn 0.0 0.71398 0.70016
vn 0.01175 0.71978 0.6941
vn 0.03481 0.65624 -0.75375
vn 0.0 0.67416 -0.73858
vn 0.13471 0.58417 -0.80038
vn 0.0 0.65959 -0.75162
vn 0.11294 0.74594 -0.65637
vn 0.16417 0.71191 -0.68281
vn 0.31815 0.67313 0.66759
vn 0.12731 0.61716 0.77647
vn 0.0 0.71983 0.69415
vn 0.06217 0.67286 -0.73716
vn 0.0 0.70599 -0.70822
vn 0.46574 0.58369 -0.66513
vn 0.40037 0.66134 -0.6343
vn 0.46355 0.58095 -0.66904
vn 0.48828 0.76451 -0.42085
vn 0.02876 0.62197 0.78251
vn 0.34295 0.72284 0.5999
vn 0.06784 0.70436 -0.70659
vn 0.0 0.74077 -0.67176
vn 0.18774 0.64399 -0.74164
vn 0.06301 0.72461 -0.68627
vn 0.72798 0.5708 0.37979
vn -0.01985 0.44985 0.89288
vn 0.32425 0.72794 0.60413
vn 0.78694 0.61703 0.0
vn 0.1954 0.72649 -0.65881
vn -0.1539 0.71741 -0.67944
vn -0.19986 0.73239 -0.65089
vn 0.0 0.44994 0.89306
vn -0.05009 0.42913 0.90185
vn 0.46226 0.7476 -0.47688
vn -0.06008 0.74612 -0.66309
vn -0.01316 0.72455 -0.6891
vn 0.0 0.42967 0.90298
vn -0.06129 0.40494 0.91229
vn -0.7712 0.6366 0.0
vn -0.39795 0.75668 -0.51872
vn -0.84381 0.53665 0.0
vn -0.75161 0.62043 -0.22393
vn -0.69389 0.6321 -0.34492
vn -0.84319 0.53626 -0.03812
vn 0.05588 0.72348 -0.68808
vn -0.73099 0.6659 0.14911
vn 0.0 0.4057 0.91401
vn 0.0593 0.42686 0.90237
vn -0.71904 0.61509 -0.32349
vn -0.52877 0.64053 -0.55688
vn -0.63884 0.63455 -0.435
vn -0.71942 0.61541 -0.32203
vn -0.62454 0.73461 -0.26514
vn -0.70224 0.69753 -0.14252
vn -0.64693 0.76095 0.04934
vn 0.0 0.42761 0.90396
vn 0.23928 0.50537 0.82906
vn -0.559 0.63944 -0.52787
vn -0.28192 0.6043 -0.74522
vn -0.45735 0.67112 -0.58347
vn -0.58644 0.67084 -0.45394
vn -0.56574 0.74237 0.35892
vn 0.0 0.52049 0.85387
vn 0.03316 0.53486 0.84429
vn -0.54269 0.76118 -0.3551
vn 0.0 0.64669 -0.76276
vn -0.24338 0.6109 -0.75337
vn -0.46487 0.65202 -0.59897
vn 0.0 0.53516 0.84475
vn -0.19231 0.43533 0.87949
vn -0.129 0.64128 -0.75638
vn 0.0 0.5866 -0.80988
vn -0.04796 0.73558 -0.67574
vn 0.0 0.44361 0.89622
vn -0.08881 0.4062 0.90946
vn 0.01623 0.58652 -0.80977
vn 0.0 0.59439 -0.80418
vn 0.02063 0.74518 -0.66655
vn 0.0 0.40781 0.91306
vn 0.06974 0.43262 0.89887
vn 0.06928 0.59296 -0.80225
vn 0.0 0.62894 -0.77745
vn 0.0037 0.74533 -0.66668
vn 0.08208 0.70248 -0.70695
vn 0.0 0.43368 0.90107
vn 0.12155 0.47736 0.87026
vn 0.22761 0.61244 -0.75704
vn 0.0 0.75651 -0.65399
vn 0.28637 0.67534 -0.67964
vn 0.25968 0.69874 -0.66657
vn 0.40649 0.7669 -0.49662
vn 0.0 0.48092 0.87676
vn -0.20001 0.3846 0.90116
vn -0.31712 0.71746 -0.62023
vn -0.23099 0.69667 -0.67919
vn 0.03185 0.7232 -0.6899
vn -0.5909 0.76434 0.2581
vn 0.0 0.39253 0.91974
vn -0.21105 0.30611 0.92831
vn -0.11553 0.71123 -0.6934
vn -0.27498 0.75978 -0.58917
vn 0.0 0.31317 0.9497
vn -0.04695 0.29882 0.95315
vn -0.05057 0.76203 -0.64556
vn -0.09417 0.76561 -0.63638
vn 0.0 0.29915 0.9542
vn 0.01447 0.30325 0.9528
vn -0.67438 0.73838 0.0
vn -0.77887 0.62719 0.0
vn -0.65537 0.71757 -0.23574
vn -0.80534 0.59281 0.0
vn -0.77679 0.62552 -0.07299
vn -0.76915 0.63906 0.0
vn -0.80197 0.59032 0.09148
vn -0.73032 0.6068 0.31372
vn -0.49257 0.71745 0.49257
vn 0.02804 0.76271 -0.64614
vn 0.08768 0.72922 -0.67864
vn -0.02924 0.7687 -0.63894
vn 0.0 0.30328 0.9529
vn -0.025 0.29595 0.95488
vn -0.77735 0.6195 -0.10926
vn -0.44705 0.7008 -0.5559
vn -0.64331 0.61632 -0.4542
vn -0.74313 0.59223 -0.31149
vn -0.69882 0.67957 -0.22325
vn -0.70574 0.67612 -0.21165
vn -0.68549 0.72318 -0.08438
vn -0.71668 0.69694 -0.02526
vn -0.65196 0.74931 0.11611
vn -0.67833 0.71563 0.16657
vn -0.65175 0.67372 0.34831
vn -0.62578 0.71923 0.30184
vn -0.65891 0.62014 0.42576
vn -0.63988 0.66145 0.39121
vn -0.58867 0.55403 0.58867
vn 0.47434 0.74162 -0.47434
vn 0.2772 0.70335 -0.65457
vn 0.38276 0.59843 -0.70383
vn 0.35165 0.72974 -0.58636
vn 0.0 0.29605 0.95517
vn 0.04776 0.30918 0.9498
vn -0.71249 0.70168 0.0
vn -0.61868 0.71054 -0.33521
vn -0.69443 0.6839 -0.22369
vn -0.6549 0.75213 -0.07353
vn -0.65958 0.74583 -0.09326
vn -0.53856 0.66012 -0.52364
vn -0.58221 0.65833 -0.47711
vn -0.54604 0.74146 -0.38998
vn -0.5974 0.73225 -0.32699
vn -0.57205 0.70599 0.41755
vn -0.60108 0.54773 0.58197
vn -0.53925 0.66551 0.51604
vn -0.5944 0.54164 0.5944
vn 0.39822 0.59418 -0.69883
vn 0.48387 0.72198 -0.49458
vn 0.48123 0.72782 -0.48857
vn 0.50179 0.75891 -0.41503
vn 0.0 0.30954 0.95089
vn 0.25614 0.37359 0.89153
vn -0.60826 0.76037 -0.22772
vn -0.07912 0.70917 -0.70058
vn -0.38395 0.75078 -0.5375
vn -0.59255 0.74073 -0.31656
vn -0.33894 0.76179 -0.55208
vn -0.39718 0.72526 0.56236
vn -0.40637 0.71478 0.56917
vn -0.20575 0.65913 0.72333
vn -0.31223 0.57013 0.75991
vn 0.5749 0.67502 -0.46242
vn 0.45293 0.53181 -0.71556
vn -0.60838 0.74476 0.27425
vn -0.59533 0.72878 0.33833
vn 0.49177 0.76395 -0.41779
vn 0.65 0.74943 -0.12593
vn 0.68742 0.7155 0.12458
vn 0.64222 0.74047 0.19812
vn 0.64001 0.68928 0.33951
vn 0.65754 0.68439 0.31504
vn 0.0 0.38649 0.9223
vn 0.46499 0.50079 0.73007
vn -0.21864 0.69419 -0.68578
vn -0.51231 0.73464 -0.44481
vn -0.26901 0.57801 0.77042
vn -0.10881 0.69447 0.71125
vn -0.34486 0.74101 0.57618
vn -0.64372 0.72468 -0.24587
vn 0.0 0.63158 -0.77531
vn -0.27409 0.57366 -0.77187
vn -0.5443 0.61275 -0.57295
vn -0.53757 0.75611 0.37325
vn -0.44027 0.64598 0.6236
vn 0.78714 0.58241 -0.203
vn 0.79085 0.612 -0.00228
vn 0.80331 0.59438 -0.03745
vn 0.77526 0.61017 0.16326
vn 0.78205 0.60519 0.1488
vn 0.79803 0.54741 0.25198
vn 0.72947 0.57413 0.37181
vn 0.0 0.56566 0.82464
vn 0.82464 0.56566 0.0
vn -0.16687 0.76657 -0.6201
vn 0.0 0.69777 -0.71633
vn -0.12551 0.69309 0.70984
vn -0.07696 0.72302 0.68652
vn -0.12961 0.71579 0.68618
vn -0.1284 0.62636 -0.76889
vn 0.0 0.57239 -0.81998
vn -0.08304 0.72791 -0.68063
vn -0.15476 0.75495 -0.63726
vn -0.11822 0.71441 0.68967
vn -0.09951 0.72613 0.68032
vn 0.5762 0.69382 0.43197
vn -0.08665 0.52363 0.84753
vn 0.66554 0.74489 -0.04693
vn 0.63889 0.7693 0.0
vn 0.66627 0.74571 0.0
vn -0.09089 0.69488 -0.71336
vn 0.0 0.65378 -0.75668
vn 0.08784 0.72237 0.6859
vn -0.02712 0.66853 0.74319
vn 0.0 0.72188 0.69202
vn 0.09284 0.76351 0.63909
vn 0.03816 0.57197 -0.81938
vn 0.0 0.59074 -0.80686
vn -0.06251 0.76266 -0.64377
vn 0.0473 0.70886 -0.70376
vn 0.03174 0.72938 0.68337
vn -0.42675 0.47534 0.76937
vn -0.71967 0.69431 0.0
vn -0.66451 0.74019 -0.10271
vn -0.66351 0.74817 0.0
vn -0.71582 0.6906 0.10337
vn -0.61769 0.6965 0.36516
vn -0.7327 0.68055 0.0
vn -0.61139 0.76295 -0.21002
vn -0.73447 0.67864 0.0
vn -0.7327 0.68054 -0.00384
vn -0.71915 0.66448 0.2032
vn -0.57167 0.73624 0.36214
vn -0.01681 0.65369 -0.75658
vn 0.0 0.64553 -0.76374
vn 0.37898 0.61889 0.688
vn 0.18868 0.57232 0.79803
vn 0.0 0.76682 0.64186
vn -0.6844 0.72911 0.0
vn 0.0 0.72911 -0.6844
vn -0.11145 0.58706 -0.80183
vn -0.62415 0.66492 -0.41026
vn 0.14289 0.70237 -0.69732
vn -0.5933 0.6665 0.45141
vn -0.66464 0.74666 -0.02748
vn -0.6273 0.68973 0.36161
vn -0.48999 0.53875 0.68532
vn -0.73894 0.52577 -0.42133
vn 0.0 0.41275 -0.91085
vn -0.77855 0.60508 -0.16657
vn -0.81146 0.57737 -0.09037
vn -0.75631 0.6542 -0.00369
vn -0.78726 0.61186 0.07646
vn -0.72909 0.6545 0.20015
vn -0.73745 0.63789 0.22194
vn -0.70696 0.63464 0.31216
vn -0.70696 0.63464 0.31216
vn -0.66502 0.59699 0.44872
vn 0.16498 0.63668 -0.75327
vn 0.0 0.73447 -0.67865
vn 0.47065 0.69307 0.54603
vn 0.40297 0.68695 0.60474
vn 0.12983 0.57786 0.80574
vn 0.44349 0.65307 0.61386
vn -0.38223 0.67374 -0.63243
vn -0.43528 0.68046 -0.5895
vn -0.42539 0.74941 0.50738
vn 0.0 0.61803 0.78616
vn -0.26386 0.45934 0.84816
vn -0.19077 0.40517 -0.89412
vn 0.0 0.34986 -0.9368
vn -0.48127 0.7007 0.52668
vn -0.60999 0.75737 0.23303
vn 0.36839 0.68281 -0.63092
vn 0.3971 0.73603 -0.54825
vn 0.22706 0.74163 0.63121
vn 0.57649 0.61331 0.53991
vn 0.31849 0.58481 0.74603
vn 0.0 0.72864 0.68489
vn 0.68489 0.72864 0.0
vn 0.0 0.69354 -0.72042
vn -0.17632 0.74398 -0.64452
vn 0.0 0.47622 0.87933
vn -0.18486 0.38872 0.90262
vn -0.02423 0.34976 -0.93653
vn 0.0 0.34208 -0.93967
vn -0.6663 0.74122 0.08142
vn -0.78919 0.59502 0.15206
vn -0.66313 0.73769 -0.12677
vn -0.74805 0.64275 0.16521
vn -0.77417 0.5837 0.24487
vn -0.72088 0.6194 0.31091
vn 0.39437 0.73697 -0.54895
vn 0.00471 0.71859 -0.69542
vn -0.51463 0.71804 -0.46859
vn -0.51855 0.71789 -0.46448
vn -0.46026 0.67606 0.57541
vn -0.40636 0.5637 0.7191
vn -0.3937 0.5783 0.71454
vn -0.5048 0.70025 0.5048
vn -0.03989 0.69299 -0.71985
vn 0.0 0.67391 -0.73882
vn 0.0 0.39554 0.91845
vn -0.03467 0.38267 0.92324
vn -0.01891 0.34202 -0.9395
vn 0.0 0.3361 -0.94183
vn -0.60309 0.7129 0.35785
vn -0.70808 0.64589 0.28538
vn -0.63906 0.75543 0.14468
vn -0.69577 0.63467 0.3363
vn -0.57735 0.73413 0.35738
vn 0.45493 0.76556 -0.45493
vn 0.62894 0.66159 -0.40833
vn 0.60398 0.75785 -0.24673
vn 0.65085 0.68464 -0.32811
vn 0.35273 0.58442 -0.73078
vn -0.24771 0.6962 -0.67375
vn -0.32523 0.71409 -0.61992
vn -0.28297 0.60339 0.74555
vn -0.2737 0.61143 0.74245
vn -0.28886 0.61597 0.7329
vn 0.08546 0.67144 -0.73611
vn 0.0 0.71814 -0.6959
vn 0.0 0.3829 0.92379
vn 0.08406 0.41107 0.90772
vn -0.03805 0.33586 -0.94114
vn 0.0 0.32444 -0.94591
vn 0.5551 0.75009 -0.35948
vn 0.66806 0.73349 -0.12525
vn 0.68682 0.72639 -0.02522
vn 0.67336 0.73931 0.0
vn 0.62284 0.65872 -0.42208
vn 0.0067 0.62455 -0.78096
vn 0.10879 0.56947 -0.81478
vn 0.12877 0.74886 -0.6501
vn -0.0975 0.76075 0.64168
vn 0.02926 0.63544 0.7716
vn 0.03173 0.63658 0.77056
vn 0.0 0.64339 0.76554
vn 0.03029 0.6579 0.7525
vn 0.16864 0.70785 -0.68594
vn 0.17954 0.75362 -0.63232
vn 0.0 0.41253 0.91094
vn 0.0719 0.4383 0.89595
vn 0.07627 0.3235 -0.94315
vn 0.0 0.34962 -0.93689
vn 0.66858 0.73746 0.09569
vn 0.6548 0.70451 0.27369
vn 0.64249 0.70868 0.2915
vn 0.52306 0.76155 0.38269
vn 0.66878 0.71955 0.18703
vn 0.21662 0.55927 -0.80018
vn 0.19249 0.57654 -0.79407
vn 0.2898 0.74821 -0.59683
vn 0.28159 0.73346 0.61866
vn 0.31365 0.74015 0.59481
vn 0.20985 0.62271 0.75378
vn 0.24275 0.6323 0.73571
vn 0.0 0.6582 0.75285
vn 0.2537 0.75282 0.60737
vn 0.50817 0.69536 -0.50817
vn 0.327 0.72395 -0.60743
vn 0.43796 0.59929 -0.6701
vn 0.0 0.43944 0.89827
vn 0.1294 0.48611 0.86426
vn 0.14656 0.34585 -0.92677
vn 0.0 0.40524 -0.91421
vn 0.04273 0.70099 0.71189
vn -0.59839 0.76595 -0.23505
vn 0.0 0.67666 -0.73629
vn 0.01995 0.58741 -0.80905
vn -0.56289 0.7205 -0.40501
vn 0.24442 0.75804 -0.60467
vn 0.43377 0.76648 0.47366
vn 0.53654 0.76109 0.3645
vn 0.34537 0.73152 0.58788
vn 0.41901 0.74041 0.52557
vn 0.46543 0.57689 0.67125
vn 0.25353 0.53701 0.80457
vn -0.15695 0.65836 -0.73615
vn -0.04538 0.61421 -0.78784
vn -0.63641 0.758 -0.1429
vn -0.6439 0.76179 -0.07124
vn -0.64117 0.76366 -0.07572
vn -0.63068 0.74615 0.21331
vn -0.42006 0.73294 0.53511
vn 0.0 0.49023 0.87159
vn -0.03186 0.47631 0.8787
vn -0.06628 0.40435 -0.9122
vn 0.0 0.38192 -0.9242
vn -0.10867 0.69747 0.70832
vn -0.23119 0.61137 0.75682
vn -0.10099 0.64818 0.75476
vn -0.31996 0.64109 -0.69759
vn -0.50561 0.66492 -0.54976
vn 0.0 0.55515 0.83175
vn 0.27939 0.65505 0.70203
vn -0.15691 0.60723 -0.77888
vn -0.35075 0.65921 -0.66514
vn 0.9357 0.32937 -0.12643
vn -0.13968 0.32397 0.9357
vn 0.94745 0.31604 -0.04962
vn 0.94327 0.33203 0.0
vn 0.9418 0.33192 0.05327
vn 0.94862 0.31643 0.0
vn 0.9123 0.37748 0.15877
vn 0.94314 0.3324 0.0
vn 0.85711 0.45477 0.24197
vn 0.92402 0.38233 0.0
vn 0.90548 0.37485 -0.199
vn 0.88336 0.4687 0.0
vn 0.9338 0.33814 -0.117
vn 0.92396 0.3825 0.0
vn 0.94348 0.3298 -0.0327
vn 0.94025 0.34047 0.0
vn 0.92722 0.3601 0.10295
vn 0.94399 0.32998 0.0
vn 0.83033 0.45009 0.3286
vn 0.93217 0.36202 0.0
vn 0.0 0.47655 0.87915
vn 0.87915 0.47655 0.0
vn 0.67872 0.28048 -0.67872
vn 0.9335 0.3441 -0.10083
vn 0.9242 0.38192 0.0
vn 0.70792 0.26094 -0.65632
vn 0.01518 0.62832 0.77781
vn -0.06623 0.5869 0.80694
vn 0.0 0.65151 0.75864
vn 0.01593 0.65926 0.75174
vn -0.28387 0.76326 -0.58038
vn 0.0 0.66195 -0.74954
vn -0.25071 0.74608 -0.61686
vn -0.28004 0.75295 -0.59552
vn 0.0 0.68222 0.73115
vn -0.15415 0.59334 0.79005
vn -0.13056 0.69791 -0.70419
vn -0.07808 0.67708 -0.73176
vn 0.0 0.32718 0.94496
vn -0.00081 0.32693 0.94505
vn 0.09588 0.36775 -0.92497
vn 0.0 0.40546 -0.91411
vn 0.05558 0.58728 0.80747
vn 0.16394 0.62879 0.7601
vn 0.0 0.65935 0.75184
vn 0.06527 0.68968 0.72116
vn -0.06881 0.66039 -0.74777
vn 0.0 0.62882 -0.77755
vn -0.11063 0.59684 0.7947
vn 0.01467 0.6646 0.74706
vn 0.09444 0.67612 -0.73072
vn 0.12753 0.65547 -0.74438
vn 0.0 0.32693 0.94505
vn 0.1213 0.36173 0.92436
vn 0.09425 0.40366 -0.91004
vn 0.0 0.44348 -0.89628
vn 0.02691 0.63718 0.77025
vn 0.1615 0.69171 0.70388
vn 0.0 0.69116 0.7227
vn 0.0298 0.70559 0.70799
vn 0.12284 0.62406 -0.77166
vn 0.0 0.69322 -0.72073
vn 0.12228 0.65968 0.74153
vn 0.05063 0.63029 0.77471
vn 0.29987 0.63045 -0.71597
vn 0.3214 0.61019 -0.72413
vn 0.0 0.36442 0.93123
vn 0.10709 0.39839 0.91094
vn 0.07609 0.4422 -0.89368
vn 0.0 0.47573 -0.87959
vn 0.07512 0.69893 0.71123
vn 0.12362 0.71836 0.6846
vn 0.0 0.70591 0.70831
vn 0.0798 0.74243 0.66516
vn 0.23757 0.67337 -0.70009
vn 0.26169 0.74176 -0.6175
vn 0.0 0.6311 0.7757
vn 0.16035 0.69815 0.69776
vn 0.09852 0.64125 -0.76098
vn 0.0 0.69551 -0.71852
vn 0.0 0.40069 0.91621
vn -0.0123 0.39614 0.91811
vn 0.20452 0.46568 -0.861
vn 0.0 0.57858 -0.81563
vn 0.19396 0.71017 0.67679
vn 0.32626 0.74286 0.58457
vn 0.0 0.7448 0.66728
vn 0.49269 0.71729 -0.49269
vn 0.29551 0.73422 -0.61122
vn 0.41654 0.60643 -0.6773
vn -0.39441 0.76248 0.5129
vn -0.4015 0.64779 0.64743
vn -0.35936 0.69471 0.62309
vn -0.46609 0.75201 0.46609
vn -0.26284 0.67106 -0.69325
vn -0.11647 0.62405 -0.77265
vn 0.0 0.39617 0.91818
vn -0.08881 0.36206 0.92792
vn 0.41257 0.52704 -0.74298
vn 0.31728 0.63258 -0.70652
vn 0.35352 0.70485 -0.61499
vn -0.30831 0.70817 0.63517
vn -0.28689 0.65897 0.69531
vn -0.08027 0.6263 -0.77544
vn -0.15636 0.65532 -0.73899
vn 0.0 0.3635 0.9316
vn 0.03943 0.37653 0.92557
vn -0.11683 0.76966 0.62767
vn -0.11822 0.74822 -0.65284
vn -0.16166 0.76355 -0.62519
vn 0.0 0.68788 0.72582
vn -0.1655 0.59123 0.78934
vn 0.12753 0.65806 -0.74208
vn 0.13429 0.65368 -0.74476
vn 0.0 0.37682 0.92629
vn 0.03045 0.38725 0.92147
vn 0.0 0.73261 -0.68065
vn -0.07322 0.73577 0.67326
vn 0.0 0.75831 -0.6519
vn -0.10142 0.76973 -0.63026
vn -0.02404 0.73648 -0.67603
vn 0.0 0.5995 0.80038
vn -0.03847 0.58043 0.8134
vn 0.20166 0.64611 -0.73612
vn 0.15009 0.68286 -0.71496
vn 0.0 0.38743 0.9219
vn 0.02428 0.39597 0.91794
vn 0.05565 0.73147 -0.6796
vn 0.0 0.76081 -0.64897
vn 0.0 0.73775 0.67507
vn 0.05103 0.76168 0.64594
vn 0.15372 0.74929 -0.64415
vn 0.11224 0.73204 -0.67195
vn 0.14571 0.71022 -0.68874
vn 0.0 0.58086 0.814
vn 0.18059 0.65344 0.73512
vn 0.35127 0.64667 -0.67707
vn 0.37227 0.68533 -0.62589
vn 0.0 0.39609 0.91821
vn 0.18681 0.45595 0.87018
vn 0.30826 0.72376 -0.61737
vn 0.0 0.76268 0.64678
vn 0.48033 0.73387 -0.48033
vn 0.33267 0.67699 -0.65652
vn 0.39746 0.60725 -0.68795
vn 0.36772 0.7278 0.57887
vn 0.35226 0.72547 0.59128
vn 0.0 0.66436 0.74741
vn 0.52997 0.62617 -0.57187
vn 0.55951 0.74387 -0.36554
vn 0.58979 0.69686 -0.40808
vn 0.0 0.46412 0.88577
vn 0.44147 0.58693 0.67868
vn -0.15214 0.65407 -0.74098
vn -0.41666 0.71566 -0.56056
vn 0.47058 0.76541 0.43898
vn 0.48924 0.76467 0.41944
vn 0.43303 0.6987 0.56947
vn 0.42936 0.69837 0.57266
vn 0.70633 0.61085 -0.35771
vn 0.0 0.65413 0.75638
vn 0.75638 0.65413 0.0
vn 0.0 0.71148 -0.70271
vn -0.30766 0.74907 -0.58673
vn -0.30339 0.74823 -0.59
vn -0.14052 0.70442 -0.69574
vn 0.0 0.64424 -0.76482
vn -0.16472 0.75726 0.63201
vn -0.11045 0.71907 0.68611
vn 0.08688 0.64181 -0.76193
vn 0.0 0.68904 -0.72473
vn 0.14794 0.75929 0.63371
vn 0.10921 0.74516 0.65789
vn 0.0 0.72349 0.69033
vn 0.30474 0.65626 -0.69026
vn 0.34462 0.74214 -0.57486
vn 0.35346 0.70125 0.61912
vn 0.28478 0.6872 0.66832
vn 0.45185 0.76919 -0.45185
vn 0.36091 0.73728 -0.5711
vn 0.40476 0.68902 -0.60118
vn 0.18002 0.70518 0.6858
vn 0.43537 0.75454 0.49105
vn 0.54935 0.62962 -0.54935
vn 0.62163 0.66807 -0.40897
vn 0.60667 0.69531 -0.38534
vn 0.63992 0.7369 -0.21789
vn 0.65897 0.70821 -0.25337
vn 0.655 0.75426 -0.04553
vn 0.62958 0.76985 0.10467
vn 0.63566 0.72964 0.25213
vn 0.56394 0.74912 0.34756
vn 0.48849 0.7506 0.44495
vn 0.63242 0.72592 0.27033
vn 0.65146 0.71435 -0.25556
vn 0.69646 0.71629 -0.04324
vn 0.67383 0.73888 0.0
vn 0.63809 0.76294 0.10373
vn 0.69711 0.71696 0.0
vn 0.64155 0.76708 0.0
vn 0.39461 0.75561 -0.52282
vn 0.5138 0.76737 -0.38359
vn -0.76885 0.63943 0.0
vn -0.14023 0.69945 -0.70079
vn -0.83892 0.54426 0.0
vn -0.7514 0.62492 -0.21185
vn -0.85301 0.5219 0.0
vn -0.83784 0.54356 -0.05057
vn -0.83991 0.54272 0.0
vn -0.85213 0.52136 0.04528
vn -0.76007 0.64984 0.0
vn -0.82278 0.53165 0.20094
vn -0.66644 0.74556 0.0
vn -0.74816 0.63965 0.17639
vn -0.80999 0.58644 0.0
vn -0.62638 0.70074 -0.34149
vn -0.82754 0.56141 0.0
vn -0.80879 0.58557 -0.05436
vn -0.7938 0.60818 0.0
vn -0.82385 0.5589 0.09437
vn -0.66951 0.74281 0.0
vn -0.77088 0.59062 0.23854
vn -0.55633 0.61724 0.55633
vn -0.77967 0.61397 -0.12309
vn -0.16819 0.63001 -0.75816
vn -0.49842 0.61243 -0.6136
vn -0.74434 0.58615 -0.31997
vn -0.62103 0.74229 -0.25164
vn -0.60774 0.74676 -0.27018
vn -0.69233 0.71848 -0.06685
vn -0.63274 0.75628 -0.16638
vn -0.7131 0.69843 0.06065
vn -0.69372 0.71993 0.02119
vn -0.69046 0.67665 0.25575
vn -0.6906 0.67639 0.25606
vn -0.67031 0.71538 0.19727
vn -0.69266 0.67881 0.2438
vn -0.54469 0.75388 -0.36738
vn -0.67059 0.71567 -0.19526
vn -0.64212 0.7559 0.12763
vn -0.68767 0.67319 0.27189
vn -0.63754 0.75051 0.174
vn -0.70126 0.52955 0.4773
vn -0.65914 0.64525 0.38625
vn -0.62375 0.47103 0.62375
vn -0.66715 0.71972 -0.19214
vn 0.0 0.6421 -0.76662
vn -0.34829 0.5991 -0.72095
vn -0.57542 0.62076 -0.53249
vn -0.5126 0.75365 -0.4114
vn -0.43902 0.75515 -0.48683
vn -0.59344 0.75686 -0.27383
vn -0.45683 0.76326 0.45689
vn -0.48054 0.73356 0.4806
vn -0.48928 0.52557 0.69598
vn -0.39111 0.65346 0.6481
vn -0.56309 0.60485 0.56309
vn -0.27709 0.61696 -0.7366
vn 0.0 0.5199 -0.85422
vn -0.36908 0.70542 -0.60511
vn -0.31215 0.69503 -0.64768
vn -0.41056 0.76638 -0.49407
vn -0.40061 0.76569 -0.50321
vn -0.26702 0.68423 0.67862
vn 0.0 0.73192 0.68139
vn -0.22924 0.58744 0.77612
vn -0.72634 0.68733 0.0
vn 0.0 0.68733 -0.72634
vn -0.90001 0.43586 0.0
vn -0.59702 0.56495 -0.56956
vn -0.93325 0.35923 0.0
vn -0.87667 0.42456 -0.22627
vn -0.94289 0.33311 0.0
vn -0.93001 0.35799 -0.08328
vn -0.94526 0.32632 0.0
vn -0.94266 0.33303 -0.02205
vn -0.94165 0.3366 0.0
vn -0.94476 0.32615 0.03235
vn -0.93027 0.36689 0.0
vn -0.93801 0.3353 0.08784
vn -0.93951 0.34253 0.0
vn -0.92759 0.36583 -0.07584
vn -0.95469 0.2976 0.0
vn -0.92781 0.33826 -0.15731
vn -0.95891 0.2837 0.0
vn -0.95344 0.29721 -0.05117
vn -0.95827 0.28587 0.0
vn -0.95888 0.28369 0.00794
vn -0.95451 0.29818 0.0
vn -0.95738 0.28561 0.04313
vn -0.94942 0.31401 0.0
vn -0.95317 0.29777 0.05288
vn -0.93865 0.34487 0.0
vn -0.94519 0.31262 0.09432
vn -0.90561 0.42412 0.0
vn -0.92002 0.33802 0.19824
vn -0.7485 0.66314 0.0
vn -0.83289 0.39006 0.39262
vn -0.59923 0.53089 0.59923
vn -0.13893 0.51486 -0.84594
vn -0.20387 0.53514 -0.81979
vn -0.14268 0.7241 -0.67478
vn -0.20052 0.74312 -0.6384
vn 0.0 0.60351 0.79736
vn -0.12058 0.53947 0.83333
vn 0.19351 0.67434 -0.71262
vn 0.22102 0.68681 -0.69242
vn 0.20142 0.70191 -0.68319
vn 0.10253 0.70108 0.70568
vn 0.09549 0.69825 0.70945
vn -0.38449 0.61216 0.69096
vn -0.46958 0.74765 0.46958
vn -0.66533 0.74655 0.0
vn -0.65585 0.75489 0.0
vn -0.66523 0.74645 0.01672
vn -0.64699 0.7447 0.16377
vn -0.71037 0.70383 0.0
vn -0.12586 0.75837 -0.63955
vn -0.8074 0.59 0.0
vn -0.6887 0.68236 -0.24511
vn -0.82517 0.56488 0.0
vn -0.80621 0.58913 -0.05439
vn -0.61319 0.73818 -0.28122
vn -0.81712 0.55937 0.13937
vn 0.08282 0.54474 -0.8345
vn -0.58861 0.70859 -0.38916
vn 0.21102 0.74145 -0.63696
vn -0.02454 0.74732 0.66401
vn 0.0 0.54343 0.83945
vn 0.071 0.57404 0.81574
vn 0.52076 0.67648 -0.52076
vn 0.34535 0.67251 -0.65457
vn 0.4369 0.56755 -0.69786
vn 0.39074 0.7609 -0.51802
vn -0.42482 0.63501 0.6452
vn -0.67392 0.69637 0.24679
vn -0.73243 0.57655 0.36212
vn -0.67715 0.69971 0.22774
vn -0.75999 0.59824 0.25401
vn -0.78118 0.56218 0.27149
vn -0.6591 0.57491 -0.48483
vn -0.76596 0.55122 -0.33084
vn -0.72442 0.64877 -0.23304
vn -0.73653 0.64245 -0.2116
vn -0.71293 0.69827 -0.06446
vn -0.74493 0.66714 0.00219
vn -0.68134 0.71026 0.17697
vn -0.69809 0.68373 0.21256
vn -0.64669 0.67414 0.35684
vn 0.30834 0.76961 -0.55914
vn 0.38376 0.69031 0.61335
vn 0.28633 0.67143 0.68352
vn 0.0 0.5755 0.8178
vn 0.38756 0.69716 0.60313
vn 0.52805 0.53581 -0.65884
vn 0.47009 0.72959 -0.4967
vn 0.5675 0.57584 -0.58851
vn 0.6366 0.75826 0.14067
vn 0.6162 0.76864 0.17171
vn 0.64018 0.76252 -0.09345
vn -0.38641 0.75736 0.5264
vn -0.44085 0.74208 0.50494
vn -0.61504 0.7088 -0.34544
vn -0.36464 0.71196 -0.60013
vn -0.54768 0.71739 -0.43058
vn -0.61374 0.70731 -0.35077
vn -0.52495 0.75225 0.39818
vn 0.58113 0.76244 0.28457
vn 0.54793 0.70272 0.45382
vn 0.51852 0.70409 0.48517
vn 0.51842 0.59925 0.61003
vn 0.46387 0.59492 0.65643
vn 0.0 0.75627 0.65426
vn 0.65426 0.75627 0.0
vn 0.66293 0.52361 -0.53513
vn 0.78537 0.57047 -0.24033
vn 0.77059 0.60864 -0.18907
vn 0.7748 0.63142 -0.0316
vn 0.80357 0.58369 -0.11655
vn 0.70029 0.57069 -0.42884
vn -0.30488 0.7282 -0.61382
vn -0.4454 0.74576 -0.49545
vn 0.12361 0.75538 0.64352
vn 0.6301 0.70239 -0.33111
vn 0.69269 0.70694 -0.14291
vn 0.66514 0.74145 -0.08853
vn 0.71379 0.69437 0.09141
vn 0.69417 0.70845 0.12735
vn 0.69141 0.66271 0.28769
vn 0.68398 0.66538 0.29907
vn 0.67246 0.60945 0.41996
vn 0.64094 0.61432 0.46023
vn 0.0 0.67154 0.74097
vn 0.74097 0.67154 0.0
vn 0.17234 0.64936 -0.74069
vn -0.25235 0.73658 0.62751
vn -0.27535 0.71691 0.64049
vn 0.77484 0.61544 -0.14443
vn -0.19827 0.57872 0.79106
vn 0.80744 0.58578 -0.06994
vn 0.78305 0.62196 0.0
vn 0.76282 0.63641 0.1144
vn 0.80943 0.58722 0.0
vn 0.56418 0.75308 0.33849
vn 0.76786 0.64061 0.0
vn 0.1085 0.65534 -0.7475
vn 0.15342 0.62642 -0.76424
vn 0.02237 0.74555 0.66607
vn 0.0468 0.75677 0.652
vn 0.0 0.59044 0.80708
vn 0.01797 0.59887 0.80064
vn 0.29262 0.60618 -0.73954
vn 0.12096 0.75204 0.64793
vn 0.0 0.59897 0.80077
vn 0.10363 0.64429 0.75773
vn 0.51033 0.69218 -0.51033
vn 0.48238 0.65427 -0.58244
vn -0.58545 0.73958 0.33207
vn 0.33208 0.75043 0.57147
vn 0.19753 0.7182 0.66721
vn 0.0 0.64777 0.76183
vn 0.33606 0.75942 0.55708
vn 0.55369 0.62198 -0.55369
vn 0.61399 0.6905 -0.3824
vn 0.61426 0.69002 -0.38282
vn 0.62982 0.74585 -0.21686
vn 0.64454 0.72486 -0.2432
vn 0.64457 0.76331 -0.04345
vn 0.56894 0.75233 -0.33211
vn -0.38111 0.76652 -0.51691
vn -0.3615 0.76433 -0.53396
vn 0.4734 0.64534 0.59952
vn 0.41047 0.63848 0.65105
vn 0.64502 0.72448 -0.24308
vn 0.68711 0.72538 -0.04129
vn 0.66496 0.74688 0.0
vn 0.6006 0.63406 -0.48708
vn 0.04709 0.76252 -0.64525
vn 0.71933 0.67209 0.17566
vn 0.58251 0.72029 0.37665
vn 0.64933 0.6368 0.41575
vn 0.67579 0.63142 0.38029
vn 0.0 0.70018 0.71396
vn 0.71396 0.70018 0.0
vn 0.0 0.74741 -0.66436
vn -0.01084 0.76332 -0.64592
vn -0.10197 0.76258 0.6388
vn 0.73024 0.64899 0.21346
vn -0.00864 0.56258 0.8267
vn 0.74747 0.6643 0.0
vn 0.14019 0.74003 -0.6578
vn 0.27696 0.73659 0.61703
vn 0.1767 0.70852 0.68321
vn 0.0 0.5626 0.82673
vn 0.24595 0.65413 0.71528
vn 0.36047 0.76436 -0.53462
vn 0.32102 0.6807 -0.65848
vn 0.38235 0.76796 0.51386
vn 0.45307 0.75471 0.4745
vn 0.40885 0.75262 0.51615
vn 0.45698 0.64029 0.61741
vn 0.37803 0.62972 0.67864
vn 0.0 0.67486 0.73795
vn 0.32497 0.67973 -0.65754
vn 0.56109 0.75161 -0.34679
vn 0.56645 0.74404 -0.35431
vn 0.3713 0.75665 -0.53816
vn 0.5751 0.74066 0.3474
vn 0.58849 0.73786 0.33053
vn 0.55979 0.68337 0.46866
vn 0.53159 0.68461 0.49872
vn 0.2501 0.65858 0.70974
vn 0.5682 0.69364 0.44274
vn 0.5035 0.70212 -0.5035
vn 0.57303 0.68577 -0.44874
vn 0.5343 0.74506 -0.39926
vn 0.6091 0.72894 -0.31248
vn 0.58579 0.70604 0.39795
vn 0.5188 0.71198 0.47321
vn 0.63852 0.7696 0.0
vn 0.75191 0.59522 -0.28345
vn 0.70437 0.70039 -0.11542
vn 0.75844 0.60039 -0.25358
vn 0.69235 0.72156 -0.0028
vn 0.70867 0.70466 -0.03526
vn 0.69526 0.71426 -0.08037
vn 0.6906 0.71974 -0.071
vn 0.54687 0.68225 -0.48525
vn 0.58942 0.60552 -0.53473
vn 0.62217 0.71458 -0.31982
vn 0.59983 0.74833 -0.2832
vn 0.66616 0.73935 -0.09795
vn 0.65472 0.75196 -0.07682
vn 0.66906 0.74257 0.03074
vn 0.68984 0.62976 0.3571
vn 0.43747 0.64194 0.62971
vn 0.70901 0.65574 -0.25946
vn 0.71186 0.64986 -0.26634
vn 0.7163 0.67302 -0.18427
vn 0.72025 0.66613 -0.19366
vn 0.72335 0.69017 0.02065
vn 0.72875 0.68471 0.00937
vn 0.69742 0.69077 0.1909
vn 0.71394 0.68119 0.16207
vn 0.78022 0.57085 0.25572
vn 0.61818 0.61227 0.49293
vn 0.45848 0.71831 0.52328
vn 0.80705 0.59048 0.0
vn 0.66338 0.68775 -0.29483
vn 0.75408 0.643 -0.13387
vn 0.69424 0.71975 0.0
vn 0.77773 0.62718 -0.0422
vn 0.76093 0.64884 0.0
vn 0.73882 0.66794 0.08945
vn 0.77842 0.62774 0.0
vn 0.74179 0.67063 0.0
vn 0.73686 0.50674 -0.44749
vn 0.76503 0.60231 -0.22794
vn 0.78506 0.53989 -0.30363
vn 0.72938 0.68057 -0.06953
vn 0.77247 0.60817 -0.18282
vn 0.71002 0.70358 0.02913
vn 0.73107 0.68215 -0.01443
vn 0.76212 0.63934 0.10204
vn 0.69054 0.68427 0.23435
vn 0.77912 0.58271 0.23112
vn 0.72353 0.60697 0.32878
vn 0.24639 0.69186 0.67869
vn 0.80081 0.59892 0.0
vn 0.57824 0.75492 -0.3094
vn 0.71224 0.67403 -0.19595
vn 0.7218 0.69204 0.00947
vn 0.72632 0.68736 0.0
vn 0.61661 0.76589 0.18222
vn 0.72183 0.69207 0.0
f 1//1 2//1 3//1
f 4//2 5//2 6//2
f 7//3 8//3 9//3
f 10//4 11//4 12//4
f 13//5 14//5 15//5
f 16//6 17//6 18//6
f 19//7 20//7 21//7
f 22//8 23//8 24//8
f 25//9 26//9 27//9
f 28//10 29//10 30//10
f 31//11 32//11 33//11
f 34//12 35//12 36//12
f 37//13 38//13 39//13
f 40//14 41//14 42//14
f 43//15 44//15 45//15
f 46//16 47//16 48//16
f 49//17 50//17 51//17
f 52//18 53//18 54//18
f 55//19 56//19 57//19
f 58//20 59//20 60//20
f 61//21 62//21 63//21
f 64//22 65//22 66//22
f 67//23 68//23 69//23
f 70//24 71//24 72//24
f 73//25 74//25 75//25
f 76//26 77//26 78//26
f 79//27 80//27 81//27
f 82//28 83//28 84//28
f 85//29 86//29 87//29
f 88//30 89//30 90//30
f 91//31 92//31 93//31
f 94//32 95//32 96//32
f 97//33 98//33 99//33
f 100//34 101//34 102//34
f 103//35 104//35 105//35
f 106//36 107//36 108//36
f 109//37 110//37 111//37
f 112//38 113//38 114//38
f 115//39 116//39 117//39
f 118//40 119//40 120//40
f 121//41 122//41 123//41
f 124//42 125//42 126//42
f 127//43 128//43 129//43
f 130//44 131//44 132//44
f 133//45 134//45 135//45
f 136//46 137//46 138//46
f 139//47 140//47 141//47
f 142//48 143//48 144//48
f 145//49 146//49 147//49
f 148//50 149//50 150//50
f 151//51 152//51 153//51
f 154//52 155//52 156//52
f 157//53 158//53 159//53
f 160//54 161//54 162//54
f 163//55 164//55 165//55
f 166//56 167//56 168//56
f 169//57 170//57 171//57
f 172//58 173//58 174//58
f 175//59 176//59 177//59
f 178//60 179//60 180//60
f 181//61 182//61 183//61
f 184//62 185//62 186//62
f 187//63 188//63 189//63
f 190//64 191//64 192//64
f 193//65 194//65 195//65
f 196//66 197//66 198//66
f 199//67 200//67 201//67
f 202//68 203//68 204//68
f 205//69 206//69 207//69
f 208//70 209//70 210//70
f 211//71 212//71 213//71
f 214//72 215//72 216//72
f 217//73 218//73 219//73
f 220//74 221//74 222//74
f 223//75 224//75 225//75
f 226//76 227//76 228//76
f 229//77 230//77 231//77
f 232//78 233//78 234//78
f 235//79 236//79 237//79
f 238//80 239//80 240//80
f 241//81 242//81 243//81
f 244//82 245//82 246//82
f 247//83 248//83 249//83
f 250//84 251//84 252//84
f 253//85 254//85 255//85
f 256//86 257//86 258//86
f 259//87 260//87 261//87
f 262//88 263//88 264//88
f 265//89 266//89 267//89
f 268//90 269//90 270//90
f 271//91 272//91 273//91
f 274//92 275//92 276//92
f 277//93 278//93 279//93
f 280//94 281//94 282//94
f 283//95 284//95 285//95
f 286//96 287//96 288//96
f 289//97 290//97 291//97
f 292//98 293//98 294//98
f 295//99 296//99 297//99
f 298//100 299//100 300//100
f 301//101 302//101 303//101
f 304//102 305//102 306//102
f 307//103 308//103 309//103
f 310//104 311//104 312//104
f 313//105 314//105 315//105
f 316//106 317//106 318//106
f 319//107 320//107 321//107
f 322//108 323//108 324//108
f 325//109 326//109 327//109
f 328//110 329//110 330//110
f 331//111 332//111 333//111
f 334//112 335//112 336//112
f 337//113 338//113 339//113
f 340//114 341//114 342//114
f 343//115 344//115 345//115
f 346//116 347//116 348//116
f 349//117 350//117 351//117
f 352//118 353//118 354//118
f 355//119 356//119 357//119
f 358//120 359//120 360//120
f 361//121 362//121 363//121
f 364//122 365//122 366//122
f 367//123 368//123 369//123
f 370//124 371//124 372//124
f 373//125 374//125 375//125
f 376//126 377//126 378//126
f 379//127 380//127 381//127
f 382//128 383//128 384//128
f 385//129 386//129 387//129
f 388//130 389//130 390//130
f 391//131 392//131 393//131
f 394//132 395//132 396//132
f 397//133 398//133 399//133
f 400//134 401//134 402//134
f 403//135 404//135 405//135
f 406//136 407//136 408//136
f 409//137 410//137 411//137
f 412//138 413//138 414//138
f 415//139 416//139 417//139
f 418//140 419//140 420//140
f 421//141 422//141 423//141
f 424//142 425//142 426//142
f 427//143 428//143 429//143
f 430//144 431//144 432//144
f 433//145 434//145 435//145
f 436//146 437//146 438//146
f 439//147 440//147 441//147
f 442//148 443//148 444//148
f 445//149 446//149 447//149
f 448//150 449//150 450//150
f 451//151 452//151 453//151
f 454//152 455//152 456//152
f 457//153 458//153 459//153
f 460//154 461//154 462//154
f 463//155 464//155 465//155
f 466//156 467//156 468//156
f 469//157 470//157 471//157
f 472//158 473//158 474//158
f 475//159 476//159 477//159
f 478//160 479//160 480//160
f 481//161 482//161 483//161
f 484//162 485//162 486//162
f 487//163 488//163 489//163
f 490//164 491//164 492//164
f 493//165 494//165 495//165
f 496//166 497//166 498//166
f 499//167 500//167 501//167
f 502//168 503//168 504//168
f 505//169 506//169 507//169
f 508//170 509//170 510//170
f 511//171 512//171 513//171
f 514//172 515//172 516//172
f 517//173 518//173 519//173
f 520//174 521//174 522//174
f 523//175 524//175 525//175
f 526//176 527//176 528//176
f 529//177 530//177 531//177
f 532//178 533//178 534//178
f 535//179 536//179 537//179
f 538//180 539//180 540//180
f 541//181 542//181 543//181
f 544//182 545//182 546//182
f 547//183 548//183 549//183
f 550//184 551//184 552//184
f 553//185 554//185 555//185
f 556//186 557//186 558//186
f 559//187 560//187 561//187
f 562//188 563//188 564//188
f 565//189 566//189 567//189
f 568//190 569//190 570//190
f 571//191 572//191 573//191
f 574//192 575//192 576//192
f 577//193 578//193 579//193
f 580//194 581//194 582//194
f 583//195 584//195 585//195
f 586//196 587//196 588//196
f 589//197 590//197 591//197
f 592//198 593//198 594//198
f 595//199 596//199 597//199
f 598//200 599//200 600//200
f 601//201 602//201 603//201
f 604//202 605//202 606//202
f 607//203 608//203 609//203
f 610//204 611//204 612//204
f 613//205 614//205 615//205
f 616//206 617//206 618//206
f 619//207 620//207 621//207
f 622//208 623//208 624//208
f 625//209 626//209 627//209
f 628//210 629//210 630//210
f 631//211 632//211 633//211
f 634//212 635//212 636//212
f 637//213 638//213 639//213
f 640//214 641//214 642//214
f 643//215 644//215 645//215
f 646//216 647//216 648//216
f 649//217 650//217 651//217
f 652//218 653//218 654//218
f 655//219 656//219 657//219
f 658//220 659//220 660//220
f 661//221 662//221 663//221
f 664//222 665//222 666//222
f 667//223 668//223 669//223
f 670//224 671//224 672//224
f 673//225 674//225 675//225
f 676//226 677//226 678//226
f 679//227 680//227 681//227
f 682//228 683//228 684//228
f 685//229 686//229 687//229
f 688//230 689//230 690//230
f 691//231 692//231 693//231
f 694//232 695//232 696//232
f 697//233 698//233 699//233
f 700//234 701//234 702//234
f 703//235 704//235 705//235
f 706//236 707//236 708//236
f 709//237 710//237 711//237
f 712//238 713//238 714//238
f 715//239 716//239 717//239
f 718//240 719//240 720//240
f 721//241 722//241 723//241
f 724//242 725//242 726//242
f 727//243 728//243 729//243
f 730//244 731//244 732//244
f 733//245 734//245 735//245
f 736//246 737//246 738//246
f 739//247 740//247 741//247
f 742//248 743//248 744//248
f 745//249 746//249 747//249
f 748//250 749//250 750//250
f 751//251 752//251 753//251
f 754//252 755//252 756//252
f 757//253 758//253 759//253
f 760//254 761//254 762//254
f 763//255 764//255 765//255
f 766//256 767//256 768//256
f 769//257 770//257 771//257
f 772//258 773//258 774//258
f 775//259 776//259 777//259
f 778//260 779//260 780//260
f 781//261 782//261 783//261
f 784//262 785//262 786//262
f 787//263 788//263 789//263
f 790//264 791//264 792//264
f 793//265 794//265 795//265
f 796//266 797//266 798//266
f 799//267 800//267 801//267
f 802//268 803//268 804//268
f 805//269 806//269 807//269
f 808//270 809//270 810//270
f 811//271 812//271 813//271
f 814//272 815//272 816//272
f 817//273 818//273 819//273
f 820//274 821//274 822//274
f 823//275 824//275 825//275
f 826//276 827//276 828//276
f 829//277 830//277 831//277
f 832//278 833//278 834//278
f 835//279 836//279 837//279
f 838//280 839//280 840//280
f 841//281 842//281 843//281
f 844//282 845//282 846//282
f 847//283 848//283 849//283
f 850//284 851//284 852//284
f 853//285 854//285 855//285
f 856//286 857//286 858//286
f 859//287 860//287 861//287
f 862//288 863//288 864//288
f 865//289 866//289 867//289
f 868//290 869//290 870//290
f 871//291 872//291 873//291
f 874//292 875//292 876//292
f 877//293 878//293 879//293
f 880//294 881//294 882//294
f 883//295 884//295 885//295
f 886//296 887//296 888//296
f 889//297 890//297 891//297
f 892//298 893//298 894//298
f 895//299 896//299 897//299
f 898//300 899//300 900//300
f 901//301 902//301 903//301
f 904//302 905//302 906//302
f 907//303 908//303 909//303
f 910//304 911//304 912//304
f 913//305 914//305 915//305
f 916//306 917//306 918//306
f 919//307 920//307 921//307
f 922//308 923//308 924//308
f 925//309 926//309 927//309
f 928//310 929//310 930//310
f 931//311 932//311 933//311
f 934//312 935//312 936//312
f 937//313 938//313 939//313
f 940//314 941//314 942//314
f 943//315 944//315 945//315
f 946//316 947//316 948//316
f 949//317 950//317 951//317
f 952//318 953//318 954//318
f 955//319 956//319 957//319
f 958//320 959//320 960//320
f 961//321 962//321 963//321
f 964//322 965//322 966//322
f 967//323 968//323 969//323
f 970//324 971//324 972//324
f 973//325 974//325 975//325
f 976//326 977//326 978//326
f 979//327 980//327 981//327
f 982//328 983//328 984//328
f 985//329 986//329 987//329
f 988//330 989//330 990//330
f 991//331 992//331 993//331
f 994//332 995//332 996//332
f 997//333 998//333 999//333
f 1000//334 1001//334 1002//334
f 1003//335 1004//335 1005//335
f 1006//336 1007//336 1008//336
f 1009//337 1010//337 1011//337
f 1012//338 1013//338 1014//338
f 1015//339 1016//339 1017//339
f 1018//340 1019//340 1020//340
f 1021//341 1022//341 1023//341
f 1024//342 1025//342 1026//342
f 1027//343 1028//343 1029//343
f 1030//344 1031//344 1032//344
f 1033//345 1034//345 1035//345
f 1036//346 1037//346 1038//346
f 1039//347 1040//347 1041//347
f 1042//348 1043//348 1044//348
f 1045//349 1046//349 1047//349
f 1048//350 1049//350 1050//350
f 1051//351 1052//351 1053//351
f 1054//352 1055//352 1056//352
f 1057//353 1058//353 1059//353
f 1060//354 1061//354 1062//354
f 1063//355 1064//355 1065//355
f 1066//356 1067//356 1068//356
f 1069//357 1070//357 1071//357
f 1072//358 1073//358 1074//358
f 1075//359 1076//359 1077//359
f 1078//360 1079//360 1080//360
f 1081//361 1082//361 1083//361
f 1084//362 1085//362 1086//362
f 1087//363 1088//363 1089//363
f 1090//364 1091//364 1092//364
f 1093//365 1094//365 1095//365
f 1096//366 1097//366 1098//366
f 1099//367 1100//367 1101//367
f 1102//368 1103//368 1104//368
f 1105//369 1106//369 1107//369
f 1108//370 1109//370 1110//370
f 1111//371 1112//371 1113//371
f 1114//372 1115//372 1116//372
f 1117//373 1118//373 1119//373
f 1120//374 1121//374 1122//374
f 1123//375 1124//375 1125//375
f 1126//376 1127//376 1128//376
f 1129//377 1130//377 1131//377
f 1132//378 1133//378 1134//378
f 1135//379 1136//379 1137//379
f 1138//380 1139//380 1140//380
f 1141//381 1142//381 1143//381
f 1144//382 1145//382 1146//382
f 1147//383 1148//383 1149//383
f 1150//384 1151//384 1152//384
f 1153//385 1154//385 1155//385
f 1156//386 1157//386 1158//386
f 1159//387 1160//387 1161//387
f 1162//388 1163//388 1164//388
f 1165//389 1166//389 1167//389
f 1168//390 1169//390 1170//390
f 1171//391 1172//391 1173//391
f 1174//392 1175//392 1176//392
f 1177//393 1178//393 1179//393
f 1180//394 1181//394 1182//394
f 1183//395 1184//395 1185//395
f 1186//396 1187//396 1188//396
f 1189//397 1190//397 1191//397
f 1192//398 1193//398 1194//398
f 1195//399 1196//399 1197//399
f 1198//400 1199//400 1200//400
f 1201//401 1202//401 1203//401
f 1204//402 1205//402 1206//402
f 1207//403 1208//403 1209//403
f 1210//404 1211//404 1212//404
f 1213//405 1214//405 1215//405
f 1216//406 1217//406 1218//406
f 1219//407 1220//407 1221//407
f 1222//408 1223//408 1224//408
f 1225//409 1226//409 1227//409
f 1228//410 1229//410 1230//410
f 1231//411 1232//411 1233//411
f 1234//412 1235//412 1236//412
f 1237//413 1238//413 1239//413
f 1240//414 1241//414 1242//414
f 1243//415 1244//415 1245//415
f 1246//416 1247//416 1248//416
f 1249//417 1250//417 1251//417
f 1252//418 1253//418 1254//418
f 1255//419 1256//419 1257//419
f 1258//420 1259//420 1260//420
f 1261//421 1262//421 1263//421
f 1264//422 1265//422 1266//422
f 1267//423 1268//423 1269//423
f 1270//424 1271//424 1272//424
f 1273//425 1274//425 1275//425
f 1276//426 1277//426 1278//426
f 1279//427 1280//427 1281//427
f 1282//428 1283//428 1284//428
f 1285//429 1286//429 1287//429
f 1288//430 1289//430 1290//430
f 1291//431 1292//431 1293//431
f 1294//432 1295//432 1296//432
f 1297//433 1298//433 1299//433
f 1300//434 1301//434 1302//434
f 1303//435 1304//435 1305//435
f 1306//436 1307//436 1308//436
f 1309//437 1310//437 1311//437
f 1312//438 1313//438 1314//438
f 1315//439 1316//439 1317//439
f 1318//440 1319//440 1320//440
f 1321//441 1322//441 1323//441
f 1324//442 1325//442 1326//442
f 1327//443 1328//443 1329//443
f 1330//444 1331//444 1332//444
f 1333//445 1334//445 1335//445
f 1336//446 1337//446 1338//446
f 1339//447 1340//447 1341//447
f 1342//448 1343//448 1344//448
f 1345//449 1346//449 1347//449
f 1348//450 1349//450 1350//450
f 1351//451 1352//451 1353//451
f 1354//452 1355//452 1356//452
f 1357//453 1358//453 1359//453
f 1360//454 1361//454 1362//454
f 1363//455 1364//455 1365//455
f 1366//456 1367//456 1368//456
f 1369//457 1370//457 1371//457
f 1372//458 1373//458 1374//458
f 1375//459 1376//459 1377//459
f 1378//460 1379//460 1380//460
f 1381//461 1382//461 1383//461
f 1384//462 1385//462 1386//462
f 1387//463 1388//463 1389//463
f 1390//464 1391//464 1392//464
f 1393//465 1394//465 1395//465
f 1396//466 1397//466 1398//466
f 1399//467 1400//467 1401//467
f 1402//468 1403//468 1404//468
f 1405//469 1406//469 1407//469
f 1408//470 1409//470 1410//470
f 1411//471 1412//471 1413//471
f 1414//472 1415//472 1416//472
f 1417//473 1418//473 1419//473
f 1420//474 1421//474 1422//474
f 1423//475 1424//475 1425//475
f 1426//476 1427//476 1428//476
f 1429//477 1430//477 1431//477
f 1432//478 1433//478 1434//478
f 1435//479 1436//479 1437//479
f 1438//480 1439//480 1440//480
f 1441//481 1442//481 1443//481
f 1444//482 1445//482 1446//482
f 1447//483 1448//483 1449//483
f 1450//484 1451//484 1452//484
f 1453//485 1454//485 1455//485
f 1456//486 1457//486 1458//486
f 1459//487 1460//487 1461//487
f 1462//488 1463//488 1464//488
f 1465//489 1466//489 1467//489
f 1468//490 1469//490 1470//490
f 1471//491 1472//491 1473//491
f 1474//492 1475//492 1476//492
f 1477//493 1478//493 1479//493
f 1480//494 1481//494 1482//494
f 1483//495 1484//495 1485//495
f 1486//496 1487//496 1488//496
f 1489//497 1490//497 1491//497
f 1492//498 1493//498 1494//498
f 1495//499 1496//499 1497//499
f 1498//500 1499//500 1500//500
f 1501//501 1502//501 1503//501
f 1504//502 1505//502 1506//502
f 1507//503 1508//503 1509//503
f 1510//504 1511//504 1512//504
f 1513//505 1514//505 1515//505
f 1516//506 1517//506 1518//506
f 1519//507 1520//507 1521//507
f 1522//508 1523//508 1524//508
f 1525//509 1526//509 1527//509
f 1528//510 1529//510 1530//510
f 1531//511 1532//511 1533//511
f 1534//512 1535//512 1536//512
f 1537//513 1538//513 1539//513
f 1540//514 1541//514 1542//514
f 1543//515 1544//515 1545//515
f 1546//516 1547//516 1548//516
f 1549//517 1550//517 1551//517
f 1552//518 1553//518 1554//518
f 1555//519 1556//519 1557//519
f 1558//520 1559//520 1560//520
f 1561//521 1562//521 1563//521
f 1564//522 1565//522 1566//522
f 1567//523 1568//523 1569//523
f 1570//524 1571//524 1572//524
f 1573//525 1574//525 1575//525
f 1576//526 1577//526 1578//526
f 1579//527 1580//527 1581//527
f 1582//528 1583//528 1584//528
f 1585//529 1586//529 1587//529
f 1588//530 1589//530 1590//530
f 1591//531 1592//531 1593//531
f 1594//532 1595//532 1596//532
f 1597//533 1598//533 1599//533
f 1600//534 1601//534 1602//534
f 1603//535 1604//535 1605//535
f 1606//536 1607//536 1608//536
f 1609//537 1610//537 1611//537
f 1612//538 1613//538 1614//538
f 1615//539 1616//539 1617//539
f 1618//540 1619//540 1620//540
f 1621//541 1622//541 1623//541
f 1624//542 1625//542 1626//542
f 1627//543 1628//543 1629//543
f 1630//544 1631//544 1632//544
f 1633//545 1634//545 1635//545
f 1636//546 1637//546 1638//546
f 1639//547 1640//547 1641//547
f 1642//548 1643//548 1644//548
f 1645//549 1646//549 1647//549
f 1648//550 1649//550 1650//550
f 1651//551 1652//551 1653//551
f 1654//552 1655//552 1656//552
f 1657//553 1658//553 1659//553
f 1660//554 1661//554 1662//554
f 1663//555 1664//555 1665//555
f 1666//556 1667//556 1668//556
f 1669//557 1670//557 1671//557
f 1672//558 1673//558 1674//558
f 1675//559 1676//559 1677//559
f 1678//560 1679//560 1680//560
f 1681//561 1682//561 1683//561
f 1684//562 1685//562 1686//562
f 1687//563 1688//563 1689//563
f 1690//564 1691//564 1692//564
f 1693//565 1694//565 1695//565
f 1696//566 1697//566 1698//566
f 1699//567 1700//567 1701//567
f 1702//568 1703//568 1704//568
f 1705//569 1706//569 1707//569
f 1708//570 1709//570 1710//570
f 1711//571 1712//571 1713//571
f 1714//572 1715//572 1716//572
f 1717//573 1718//573 1719//573
f 1720//574 1721//574 1722//574
f 1723//575 1724//575 1725//575
f 1726//576 1727//576 1728//576
f 1729//577 1730//577 1731//577
f 1732//578 1733//578 1734//578
f 1735//579 1736//579 1737//579
f 1738//580 1739//580 1740//580
f 1741//581 1742//581 1743//581
f 1744//582 1745//582 1746//582
f 1747//583 1748//583 1749//583
f 1750//584 1751//584 1752//584
f 1753//585 1754//585 1755//585
f 1756//586 1757//586 1758//586
f 1759//587 1760//587 1761//587
f 1762//588 1763//588 1764//588
f 1765//589 1766//589 1767//589
f 1768//590 1769//590 1770//590
f 1771//591 1772//591 1773//591
f 1774//592 1775//592 1776//592
f 1777//593 1778//593 1779//593
f 1780//594 1781//594 1782//594
f 1783//595 1784//595 1785//595
f 1786//596 1787//596 1788//596
f 1789//597 1790//597 1791//597
f 1792//598 1793//598 1794//598
f 1795//599 1796//599 1797//599
f 1798//600 1799//600 1800//600
f 1801//601 1802//601 1803//601
f 1804//602 1805//602 1806//602
f 1807//603 1808//603 1809//603
f 1810//604 1811//604 1812//604
f 1813//605 1814//605 1815//605
f 1816//606 1817//606 1818//606
f 1819//607 1820//607 1821//607
f 1822//608 1823//608 1824//608
f 1825//609 1826//609 1827//609
f 1828//610 1829//610 1830//610
f 1831//611 1832//611 1833//611
f 1834//612 1835//612 1836//612
f 1837//613 1838//613 1839//613
f 1840//614 1841//614 1842//614
f 1843//615 1844//615 1845//615
f 1846//616 1847//616 1848//616
f 1849//617 1850//617 1851//617
f 1852//618 1853//618 1854//618
f 1855//619 1856//619 1857//619
f 1858//620 1859//620 1860//620
f 1861//621 1862//621 1863//621
f 1864//622 1865//622 1866//622
f 1867//623 1868//623 1869//623
f 1870//624 1871//624 1872//624
f 1873//625 1874//625 1875//625
f 1876//626 1877//626 1878//626
f 1879//627 1880//627 1881//627
f 1882//628 1883//628 1884//628
f 1885//629 1886//629 1887//629
f 1888//630 1889//630 1890//630
f 1891//631 1892//631 1893//631
f 1894//632 1895//632 1896//632
f 1897//633 1898//633 1899//633
f 1900//634 1901//634 1902//634
f 1903//635 1904//635 1905//635
f 1906//636 1907//636 1908//636
f 1909//637 1910//637 1911//637
f 1912//638 1913//638 1914//638
f 1915//639 1916//639 1917//639
f 1918//640 1919//640 1920//640
f 1921//641 1922//641 1923//641
f 1924//642 1925//642 1926//642
f 1927//643 1928//643 1929//643
f 1930//644 1931//644 1932//644
f 1933//645 1934//645 1935//645
f 1936//646 1937//646 1938//646
f 1939//647 1940//647 1941//647
f 1942//648 1943//648 1944//648
f 1945//649 1946//649 1947//649
f 1948//650 1949//650 1950//650
f 1951//651 1952//651 1953//651
f 1954//652 1955//652 1956//652
f 1957//653 1958//653 1959//653
f 1960//654 1961//654 1962//654
f 1963//655 1964//655 1965//655
f 1966//656 1967//656 1968//656
f 1969//657 1970//657 1971//657
f 1972//658 1973//658 1974//658
f 1975//659 1976//659 1977//659
f 1978//660 1979//660 1980//660
f 1981//661 1982//661 1983//661
f 1984//662 1985//662 1986//662
f 1987//663 1988//663 1989//663
f 1990//664 1991//664 1992//664
f 1993//665 1994//665 1995//665
f 1996//666 1997//666 1998//666
f 1999//667 2000//667 2001//667
f 2002//668 2003//668 2004//668
f 2005//669 2006//669 2007//669
f 2008//670 2009//670 2010//670
f 2011//671 2012//671 2013//671
f 2014//672 2015//672 2016//672
f 2017//673 2018//673 2019//673
f 2020//674 2021//674 2022//674
f 2023//675 2024//675 2025//675
f 2026//676 2027//676 2028//676
f 2029//677 2030//677 2031//677
f 2032//678 2033//678 2034//678
f 2035//679 2036//679 2037//679
f 2038//680 2039//680 2040//680
f 2041//681 2042//681 2043//681
f 2044//682 2045//682 2046//682
f 2047//683 2048//683 2049//683
f 2050//684 2051//684 2052//684
f 2053//685 2054//685 2055//685
f 2056//686 2057//686 2058//686
f 2059//687 2060//687 2061//687
f 2062//688 2063//688 2064//688
f 2065//689 2066//689 2067//689
f 2068//690 2069//690 2070//690
f 2071//691 2072//691 2073//691
f 2074//692 2075//692 2076//692
f 2077//693 2078//693 2079//693
f 2080//694 2081//694 2082//694
f 2083//695 2084//695 2085//695
f 2086//696 2087//696 2088//696
f 2089//697 2090//697 2091//697
f 2092//698 2093//698 2094//698
f 2095//699 2096//699 2097//699
f 2098//700 2099//700 2100//700
f 2101//701 2102//701 2103//701
f 2104//702 2105//702 2106//702
f 2107//703 2108//703 2109//703
f 2110//704 2111//704 2112//704
f 2113//705 2114//705 2115//705
f 2116//706 2117//706 2118//706
f 2119//707 2120//707 2121//707
f 2122//708 2123//708 2124//708
f 2125//709 2126//709 2127//709
f 2128//710 2129//710 2130//710
f 2131//711 2132//711 2133//711
f 2134//712 2135//712 2136//712
f 2137//713 2138//713 2139//713
f 2140//714 2141//714 2142//714
f 2143//715 2144//715 2145//715
f 2146//716 2147//716 2148//716
f 2149//717 2150//717 2151//717
f 2152//718 2153//718 2154//718
f 2155//719 2156//719 2157//719
f 2158//720 2159//720 2160//720
f 2161//721 2162//721 2163//721
f 2164//722 2165//722 2166//722
f 2167//723 2168//723 2169//723
f 2170//724 2171//724 2172//724
f 2173//725 2174//725 2175//725
f 2176//726 2177//726 2178//726
f 2179//727 2180//727 2181//727
f 2182//728 2183//728 2184//728
f 2185//729 2186//729 2187//729
f 2188//730 2189//730 2190//730
f 2191//731 2192//731 2193//731
f 2194//732 2195//732 2196//732
f 2197//733 2198//733 2199//733
f 2200//734 2201//734 2202//734
f 2203//735 2204//735 2205//735
f 2206//736 2207//736 2208//736
f 2209//737 2210//737 2211//737
f 2212//738 2213//738 2214//738
f 2215//739 2216//739 2217//739
f 2218//740 2219//740 2220//740
f 2221//741 2222//741 2223//741
f 2224//742 2225//742 2226//742
f 2227//743 2228//743 2229//743
f 2230//744 2231//744 2232//744
f 2233//745 2234//745 2235//745
f 2236//746 2237//746 2238//746
f 2239//747 2240//747 2241//747
f 2242//748 2243//748 2244//748
f 2245//749 2246//749 2247//749
f 2248//750 2249//750 2250//750
f 2251//751 2252//751 2253//751
f 2254//752 2255//752 2256//752
f 2257//753 2258//753 2259//753
f 2260//754 2261//754 2262//754
f 2263//755 2264//755 2265//755
f 2266//756 2267//756 2268//756
f 2269//757 2270//757 2271//757
f 2272//758 2273//758 2274//758
f 2275//759 2276//759 2277//759
f 2278//760 2279//760 2280//760
f 2281//761 2282//761 2283//761
f 2284//762 2285//762 2286//762
f 2287//763 2288//763 2289//763
f 2290//764 2291//764 2292//764
f 2293//765 2294//765 2295//765
f 2296//766 2297//766 2298//766
f 2299//767 2300//767 2301//767
f 2302//768 2303//768 2304//768
f 2305//769 2306//769 2307//769
f 2308//770 2309//770 2310//770
f 2311//771 2312//771 2313//771
f 2314//772 2315//772 2316//772
f 2317//773 2318//773 2319//773
f 2320//774 2321//774 2322//774
f 2323//775 2324//775 2325//775
f 2326//776 2327//776 2328//776
f 2329//777 2330//777 2331//777
f 2332//778 2333//778 2334//778
f 2335//779 2336//779 2337//779
f 2338//780 2339//780 2340//780
f 2341//781 2342//781 2343//781
f 2344//782 2345//782 2346//782
f 2347//783 2348//783 2349//783
f 2350//784 2351//784 2352//784
f 2353//785 2354//785 2355//785
f 2356//786 2357//786 2358//786
f 2359//787 2360//787 2361//787
f 2362//788 2363//788 2364//788
f 2365//789 2366//789 2367//789
f 2368//790 2369//790 2370//790
f 2371//791 2372//791 2373//791
f 2374//792 2375//792 2376//792
f 2377//793 2378//793 2379//793
f 2380//794 2381//794 2382//794
f 2383//795 2384//795 2385//795
f 2386//796 2387//796 2388//796
f 2389//797 2390//797 2391//797
f 2392//798 2393//798 2394//798
f 2395//799 2396//799 2397//799
f 2398//800 2399//800 2400//800
f 2401//801 2402//801 2403//801
f 2404//802 2405//802 2406//802
f 2407//803 2408//803 2409//803
f 2410//804 2411//804 2412//804
f 2413//805 2414//805 2415//805
f 2416//806 2417//806 2418//806
f 2419//807 2420//807 2421//807
f 2422//808 2423//808 2424//808
f 2425//809 2426//809 2427//809
f 2428//810 2429//810 2430//810
f 2431//811 2432//811 2433//811
f 2434//812 2435//812 2436//812
f 2437//813 2438//813 2439//813
f 2440//814 2441//814 2442//814
f 2443//815 2444//815 2445//815
f 2446//816 2447//816 2448//816
f 2449//817 2450//817 2451//817
f 2452//818 2453//818 2454//818
f 2455//819 2456//819 2457//819
f 2458//820 2459//820 2460//820
f 2461//821 2462//821 2463//821
f 2464//822 2465//822 2466//822
f 2467//823 2468//823 2469//823
f 2470//824 2471//824 2472//824
f 2473//825 2474//825 2475//825
f 2476//826 2477//826 2478//826
f 2479//827 2480//827 2481//827
f 2482//828 2483//828 2484//828
f 2485//829 2486//829 2487//829
f 2488//830 2489//830 2490//830
f 2491//831 2492//831 2493//831
f 2494//832 2495//832 2496//832
f 2497//833 2498//833 2499//833
f 2500//834 2501//834 2502//834
f 2503//835 2504//835 2505//835
f 2506//836 2507//836 2508//836
f 2509//837 2510//837 2511//837
f 2512//838 2513//838 2514//838
f 2515//839 2516//839 2517//839
f 2518//840 2519//840 2520//840
f 2521//841 2522//841 2523//841
f 2524//842 2525//842 2526//842
f 2527//843 2528//843 2529//843
f 2530//844 2531//844 2532//844
f 2533//845 2534//845 2535//845
f 2536//846 2537//846 2538//846
f 2539//847 2540//847 2541//847
f 2542//848 2543//848 2544//848
f 2545//849 2546//849 2547//849
f 2548//850 2549//850 2550//850
f 2551//851 2552//851 2553//851
f 2554//852 2555//852 2556//852
f 2557//853 2558//853 2559//853
f 2560//854 2561//854 2562//854
f 2563//855 2564//855 2565//855
f 2566//856 2567//856 2568//856
f 2569//857 2570//857 2571//857
f 2572//858 2573//858 2574//858
f 2575//859 2576//859 2577//859
f 2578//860 2579//860 2580//860
f 2581//861 2582//861 2583//861
f 2584//862 2585//862 2586//862
f 2587//863 2588//863 2589//863
f 2590//864 2591//864 2592//864
f 2593//865 2594//865 2595//865
f 2596//866 2597//866 2598//866
f 2599//867 2600//867 2601//867
f 2602//868 2603//868 2604//868
f 2605//869 2606//869 2607//869
f 2608//870 2609//870 2610//870
f 2611//871 2612//871 2613//871
f 2614//872 2615//872 2616//872
f 2617//873 2618//873 2619//873
f 2620//874 2621//874 2622//874
f 2623//875 2624//875 2625//875
f 2626//876 2627//876 2628//876
f 2629//877 2630//877 2631//877
f 2632//878 2633//878 2634//878
f 2635//879 2636//879 2637//879
f 2638//880 2639//880 2640//880
f 2641//881 2642//881 2643//881
f 2644//882 2645//882 2646//882
f 2647//883 2648//883 2649//883
f 2650//884 2651//884 2652//884
f 2653//885 2654//885 2655//885
f 2656//886 2657//886 2658//886
f 2659//887 2660//887 2661//887
f 2662//888 2663//888 2664//888
f 2665//889 2666//889 2667//889
f 2668//890 2669//890 2670//890
f 2671//891 2672//891 2673//891
f 2674//892 2675//892 2676//892
f 2677//893 2678//893 2679//893
f 2680//894 2681//894 2682//894
f 2683//895 2684//895 2685//895
f 2686//896 2687//896 2688//896
f 2689//897 2690//897 2691//897
f 2692//898 2693//898 2694//898
f 2695//899 2696//899 2697//899
f 2698//900 2699//900 2700//900
f 2701//901 2702//901 2703//901
f 2704//902 2705//902 2706//902
f 2707//903 2708//903 2709//903
f 2710//904 2711//904 2712//904
f 2713//905 2714//905 2715//905
f 2716//906 2717//906 2718//906
f 2719//907 2720//907 2721//907
f 2722//908 2723//908 2724//908
f 2725//909 2726//909 2727//909
f 2728//910 2729//910 2730//910
f 2731//911 2732//911 2733//911
f 2734//912 2735//912 2736//912
f 2737//913 2738//913 2739//913
f 2740//914 2741//914 2742//914
f 2743//915 2744//915 2745//915
f 2746//916 2747//916 2748//916
f 2749//917 2750//917 2751//917
f 2752//918 2753//918 2754//918
f 2755//919 2756//919 2757//919
f 2758//920 2759//920 2760//920
f 2761//921 2762//921 2763//921
f 2764//922 2765//922 2766//922
f 2767//923 2768//923 2769//923
f 2770//924 2771//924 2772//924
f 2773//925 2774//925 2775//925
f 2776//926 2777//926 2778//926
f 2779//927 2780//927 2781//927
f 2782//928 2783//928 2784//928
f 2785//929 2786//929 2787//929
f 2788//930 2789//930 2790//930
f 2791//931 2792//931 2793//931
f 2794//932 2795//932 2796//932
f 2797//933 2798//933 2799//933
f 2800//934 2801//934 2802//934
f 2803//935 2804//935 2805//935
f 2806//936 2807//936 2808//936
f 2809//937 2810//937 2811//937
f 2812//938 2813//938 2814//938
f 2815//939 2816//939 2817//939
f 2818//940 2819//940 2820//940
f 2821//941 2822//941 2823//941
f 2824//942 2825//942 2826//942
f 2827//943 2828//943 2829//943
f 2830//944 2831//944 2832//944
f 2833//945 2834//945 2835//945
f 2836//946 2837//946 2838//946
f 2839//947 2840//947 2841//947
f 2842//948 2843//948 2844//948
f 2845//949 2846//949 2847//949
f 2848//950 2849//950 2850//950
f 2851//951 2852//951 2853//951
f 2854//952 2855//952 2856//952
f 2857//953 2858//953 2859//953
f 2860//954 2861//954 2862//954
f 2863//955 2864//955 2865//955
f 2866//956 2867//956 2868//956
f 2869//957 2870//957 2871//957
f 2872//958 2873//958 2874//958
f 2875//959 2876//959 2877//959
f 2878//960 2879//960 2880//960
f 2881//961 2882//961 2883//961
f 2884//962 2885//962 2886//962
f 2887//963 2888//963 2889//963
f 2890//964 2891//964 2892//964
f 2893//965 2894//965 2895//965
f 2896//966 2897//966 2898//966
f 2899//967 2900//967 2901//967
f 2902//968 2903//968 2904//968
f 2905//969 2906//969 2907//969
f 2908//970 2909//970 2910//970
f 2911//971 2912//971 2913//971
f 2914//972 2915//972 2916//972
f 2917//973 2918//973 2919//973
f 2920//974 2921//974 2922//974
f 2923//975 2924//975 2925//975
f 2926//976 2927//976 2928//976
f 2929//977 2930//977 2931//977
f 2932//978 2933//978 2934//978
f 2935//979 2936//979 2937//979
f 2938//980 2939//980 2940//980
f 2941//981 2942//981 2943//981
f 2944//982 2945//982 2946//982
f 2947//983 2948//983 2949//983
f 2950//984 2951//984 2952//984
f 2953//985 2954//985 2955//985
f 2956//986 2957//986 2958//986
f 2959//987 2960//987 2961//987
f 2962//988 2963//988 2964//988
f 2965//989 2966//989 2967//989
f 2968//990 2969//990 2970//990
f 2971//991 2972//991 2973//991
f 2974//992 2975//992 2976//992
f 2977//993 2978//993 2979//993
f 2980//994 2981//994 2982//994
f 2983//995 2984//995 2985//995
f 2986//996 2987//996 2988//996
f 2989//997 2990//997 2991//997
f 2992//998 2993//998 2994//998
f 2995//999 2996//999 2997//999
f 2998//1000 2999//1000 3000//1000
f 3001//1001 3002//1001 3003//1001
f 3004//1002 3005//1002 3006//1002
f 3007//1003 3008//1003 3009//1003
f 3010//1004 3011//1004 3012//1004
f 3013//1005 3014//1005 3015//1005
f 3016//1006 3017//1006 3018//1006
f 3019//1007 3020//1007 3021//1007
f 3022//1008 3023//1008 3024//1008
f 3025//1009 3026//1009 3027//1009
f 3028//1010 3029//1010 3030//1010
f 3031//1011 3032//1011 3033//1011
f 3034//1012 3035//1012 3036//1012
f 3037//1013 3038//1013 3039//1013
f 3040//1014 3041//1014 3042//1014
f 3043//1015 3044//1015 3045//1015
f 3046//1016 3047//1016 3048//1016
f 3049//1017 3050//1017 3051//1017
f 3052//1018 3053//1018 3054//1018
f 3055//1019 3056//1019 3057//1019
f 3058//1020 3059//1020 3060//1020
f 3061//1021 3062//1021 3063//1021
f 3064//1022 3065//1022 3066//1022
f 3067//1023 3068//1023 3069//1023
f 3070//1024 3071//1024 3072//1024
f 3073//1025 3074//1025 3075//1025
f 3076//1026 3077//1026 3078//1026
f 3079//1027 3080//1027 3081//1027
f 3082//1028 3083//1028 3084//1028
f 3085//1029 3086//1029 3087//1029
f 3088//1030 3089//1030 3090//1030
f 3091//1031 3092//1031 3093//1031
f 3094//1032 3095//1032 3096//1032
f 3097//1033 3098//1033 3099//1033
f 3100//1034 3101//1034 3102//1034
f 3103//1035 3104//1035 3105//1035
f 3106//1036 3107//1036 3108//1036
f 3109//1037 3110//1037 3111//1037
f 3112//1038 3113//1038 3114//1038
f 3115//1039 3116//1039 3117//1039
f 3118//1040 3119//1040 3120//1040
f 3121//1041 3122//1041 3123//1041
f 3124//1042 3125//1042 3126//1042
f 3127//1043 3128//1043 3129//1043
f 3130//1044 3131//1044 3132//1044
f 3133//1045 3134//1045 3135//1045
f 3136//1046 3137//1046 3138//1046
f 3139//1047 3140//1047 3141//1047
f 3142//1048 3143//1048 3144//1048
f 3145//1049 3146//1049 3147//1049
f 3148//1050 3149//1050 3150//1050
f 3151//1051 3152//1051 3153//1051
f 3154//1052 3155//1052 3156//1052
f 3157//1053 3158//1053 3159//1053
f 3160//1054 3161//1054 3162//1054
f 3163//1055 3164//1055 3165//1055
f 3166//1056 3167//1056 3168//1056
f 3169//1057 3170//1057 3171//1057
f 3172//1058 3173//1058 3174//1058
f 3175//1059 3176//1059 3177//1059
f 3178//1060 3179//1060 3180//1060
f 3181//1061 3182//1061 3183//1061
f 3184//1062 3185//1062 3186//1062
f 3187//1063 3188//1063 3189//1063
f 3190//1064 3191//1064 3192//1064
f 3193//1065 3194//1065 3195//1065
f 3196//1066 3197//1066 3198//1066
f 3199//1067 3200//1067 3201//1067
f 3202//1068 3203//1068 3204//1068
f 3205//1069 3206//1069 3207//1069
f 3208//1070 3209//1070 3210//1070
f 3211//1071 3212//1071 3213//1071
f 3214//1072 3215//1072 3216//1072
f 3217//1073 3218//1073 3219//1073
f 3220//1074 3221//1074 3222//1074
f 3223//1075 3224//1075 3225//1075
f 3226//1076 3227//1076 3228//1076
f 3229//1077 3230//1077 3231//1077
f 3232//1078 3233//1078 3234//1078
f 3235//1079 3236//1079 3237//1079
f 3238//1080 3239//1080 3240//1080
f 3241//1081 3242//1081 3243//1081
f 3244//1082 3245//1082 3246//1082
f 3247//1083 3248//1083 3249//1083
f 3250//1084 3251//1084 3252//1084
f 3253//1085 3254//1085 3255//1085
f 3256//1086 3257//1086 3258//1086
f 3259//1087 3260//1087 3261//1087
f 3262//1088 3263//1088 3264//1088
f 3265//1089 3266//1089 3267//1089
f 3268//1090 3269//1090 3270//1090
f 3271//1091 3272//1091 3273//1091
f 3274//1092 3275//1092 3276//1092
f 3277//1093 3278//1093 3279//1093
f 3280//1094 3281//1094 3282//1094
f 3283//1095 3284//1095 3285//1095
f 3286//1096 3287//1096 3288//1096
f 3289//1097 3290//1097 3291//1097
f 3292//1098 3293//1098 3294//1098
f 3295//1099 3296//1099 3297//1099
f 3298//1100 3299//1100 3300//1100
f 3301//1101 3302//1101 3303//1101
f 3304//1102 3305//1102 3306//1102
f 3307//1103 3308//1103 3309//1103
f 3310//1104 3311//1104 3312//1104
f 3313//1105 3314//1105 3315//1105
f 3316//1106 3317//1106 3318//1106
f 3319//1107 3320//1107 3321//1107
f 3322//1108 3323//1108 3324//1108
f 3325//1109 3326//1109 3327//1109
f 3328//1110 3329//1110 3330//1110
f 3331//1111 3332//1111 3333//1111
f 3334//1112 3335//1112 3336//1112
f 3337//1113 3338//1113 3339//1113
f 3340//1114 3341//1114 3342//1114
f 3343//1115 3344//1115 3345//1115
f 3346//1116 3347//1116 3348//1116
f 3349//1117 3350//1117 3351//1117
f 3352//1118 3353//1118 3354//1118
f 3355//1119 3356//1119 3357//1119
f 3358//1120 3359//1120 3360//1120
f 3361//1121 3362//1121 3363//1121
f 3364//1122 3365//1122 3366//1122
f 3367//1123 3368//1123 3369//1123
f 3370//1124 3371//1124 3372//1124
f 3373//1125 3374//1125 3375//1125
f 3376//1126 3377//1126 3378//1126
f 3379//1127 3380//1127 3381//1127
f 3382//1128 3383//1128 3384//1128
f 3385//1129 3386//1129 3387//1129
f 3388//1130 3389//1130 3390//1130
f 3391//1131 3392//1131 3393//1131
f 3394//1132 3395//1132 3396//1132
f 3397//1133 3398//1133 3399//1133
f 3400//1134 3401//1134 3402//1134
f 3403//1135 3404//1135 3405//1135
f 3406//1136 3407//1136 3408//1136
f 3409//1137 3410//1137 3411//1137
f 3412//1138 3413//1138 3414//1138
f 3415//1139 3416//1139 3417//1139
f 3418//1140 3419//1140 3420//1140
f 3421//1141 3422//1141 3423//1141
f 3424//1142 3425//1142 3426//1142
f 3427//1143 3428//1143 3429//1143
f 3430//1144 3431//1144 3432//1144
f 3433//1145 3434//1145 3435//1145
f 3436//1146 3437//1146 3438//1146
f 3439//1147 3440//1147 3441//1147
f 3442//1148 3443//1148 3444//1148
f 3445//1149 3446//1149 3447//1149
f 3448//1150 3449//1150 3450//1150
f 3451//1151 3452//1151 3453//1151
f 3454//1152 3455//1152 3456//1152
f 3457//1153 3458//1153 3459//1153
f 3460//1154 3461//1154 3462//1154
f 3463//1155 3464//1155 3465//1155
f 3466//1156 3467//1156 3468//1156
f 3469//1157 3470//1157 3471//1157
f 3472//1158 3473//1158 3474//1158
f 3475//1159 3476//1159 3477//1159
f 3478//1160 3479//1160 3480//1160
f 3481//1161 3482//1161 3483//1161
f 3484//1162 3485//1162 3486//1162
f 3487//1163 3488//1163 3489//1163
f 3490//1164 3491//1164 3492//1164
f 3493//1165 3494//1165 3495//1165
f 3496//1166 3497//1166 3498//1166
f 3499//1167 3500//1167 3501//1167
f 3502//1168 3503//1168 3504//1168
f 3505//1169 3506//1169 3507//1169
f 3508//1170 3509//1170 3510//1170
f 3511//1171 3512//1171 3513//1171
f 3514//1172 3515//1172 3516//1172
f 3517//1173 3518//1173 3519//1173
f 3520//1174 3521//1174 3522//1174
f 3523//1175 3524//1175 3525//1175
f 3526//1176 3527//1176 3528//1176
f 3529//1177 3530//1177 3531//1177
f 3532//1178 3533//1178 3534//1178
f 3535//1179 3536//1179 3537//1179
f 3538//1180 3539//1180 3540//1180
f 3541//1181 3542//1181 3543//1181
f 3544//1182 3545//1182 3546//1182
f 3547//1183 3548//1183 3549//1183
f 3550//1184 3551//1184 3552//1184
f 3553//1185 3554//1185 3555//1185
f 3556//1186 3557//1186 3558//1186
f 3559//1187 3560//1187 3561//1187
f 3562//1188 3563//1188 3564//1188
f 3565//1189 3566//1189 3567//1189
f 3568//1190 3569//1190 3570//1190
f 3571//1191 3572//1191 3573//1191
f 3574//1192 3575//1192 3576//1192
f 3577//1193 3578//1193 3579//1193
f 3580//1194 3581//1194 3582//1194
f 3583//1195 3584//1195 3585//1195
f 3586//1196 3587//1196 3588//1196
f 3589//1197 3590//1197 3591//1197
f 3592//1198 3593//1198 3594//1198
f 3595//1199 3596//1199 3597//1199
f 3598//1200 3599//1200 3600//1200
f 3601//1201 3602//1201 3603//1201
f 3604//1202 3605//1202 3606//1202
f 3607//1203 3608//1203 3609//1203
f 3610//1204 3611//1204 3612//1204
f 3613//1205 3614//1205 3615//1205
f 3616//1206 3617//1206 3618//1206
f 3619//1207 3620//1207 3621//1207
f 3622//1208 3623//1208 3624//1208
f 3625//1209 3626//1209 3627//1209
f 3628//1210 3629//1210 3630//1210
f 3631//1211 3632//1211 3633//1211
f 3634//1212 3635//1212 3636//1212
f 3637//1213 3638//1213 3639//1213
f 3640//1214 3641//1214 3642//1214
f 3643//1215 3644//1215 3645//1215
f 3646//1216 3647//1216 3648//1216
f 3649//1217 3650//1217 3651//1217
f 3652//1218 3653//1218 3654//1218
f 3655//1219 3656//1219 3657//1219
f 3658//1220 3659//1220 3660//1220
f 3661//1221 3662//1221 3663//1221
f 3664//1222 3665//1222 3666//1222
f 3667//1223 3668//1223 3669//1223
f 3670//1224 3671//1224 3672//1224
f 3673//1225 3674//1225 3675//1225
f 3676//1226 3677//1226 3678//1226
f 3679//1227 3680//1227 3681//1227
f 3682//1228 3683//1228 3684//1228
f 3685//1229 3686//1229 3687//1229
f 3688//1230 3689//1230 3690//1230
f 3691//1231 3692//1231 3693//1231
f 3694//1232 3695//1232 3696//1232
f 3697//1233 3698//1233 3699//1233
f 3700//1234 3701//1234 3702//1234
f 3703//1235 3704//1235 3705//1235
f 3706//1236 3707//1236 3708//1236
f 3709//1237 3710//1237 3711//1237
f 3712//1238 3713//1238 3714//1238
f 3715//1239 3716//1239 3717//1239
f 3718//1240 3719//1240 3720//1240
f 3721//1241 3722//1241 3723//1241
f 3724//1242 3725//1242 3726//1242
f 3727//1243 3728//1243 3729//1243
f 3730//1244 3731//1244 3732//1244
f 3733//1245 3734//1245 3735//1245
f 3736//1246 3737//1246 3738//1246
f 3739//1247 3740//1247 3741//1247
f 3742//1248 3743//1248 3744//1248
f 3745//1249 3746//1249 3747//1249
f 3748//1250 3749//1250 3750//1250
f 3751//1251 3752//1251 3753//1251
f 3754//1252 3755//1252 3756//1252
f 3757//1253 3758//1253 3759//1253
f 3760//1254 3761//1254 3762//1254
f 3763//1255 3764//1255 3765//1255
f 3766//1256 3767//1256 3768//1256
f 3769//1257 3770//1257 3771//1257
f 3772//1258 3773//1258 3774//1258
f 3775//1259 3776//1259 3777//1259
f 3778//1260 3779//1260 3780//1260
f 3781//1261 3782//1261 3783//1261
f 3784//1262 3785//1262 3786//1262
f 3787//1263 3788//1263 3789//1263
f 3790//1264 3791//1264 3792//1264
f 3793//1265 3794//1265 3795//1265
f 3796//1266 3797//1266 3798//1266
f 3799//1267 3800//1267 3801//1267
f 3802//1268 3803//1268 3804//1268
f 3805//1269 3806//1269 3807//1269
f 3808//1270 3809//1270 3810//1270
f 3811//1271 3812//1271 3813//1271
f 3814//1272 3815//1272 3816//1272
f 3817//1273 3818//1273 3819//1273
f 3820//1274 3821//1274 3822//1274
f 3823//1275 3824//1275 3825//1275
f 3826//1276 3827//1276 3828//1276
f 3829//1277 3830//1277 3831//1277
f 3832//1278 3833//1278 3834//1278
f 3835//1279 3836//1279 3837//1279
f 3838//1280 3839//1280 3840//1280
f 3841//1281 3842//1281 3843//1281
f 3844//1282 3845//1282 3846//1282
f 3847//1283 3848//1283 3849//1283
f 3850//1284 3851//1284 3852//1284
f 3853//1285 3854//1285 3855//1285
f 3856//1286 3857//1286 3858//1286
f 3859//1287 3860//1287 3861//1287
f 3862//1288 3863//1288 3864//1288
f 3865//1289 3866//1289 3867//1289
f 3868//1290 3869//1290 3870//1290
f 3871//1291 3872//1291 3873//1291
f 3874//1292 3875//1292 3876//1292
f 3877//1293 3878//1293 3879//1293
f 3880//1294 3881//1294 3882//1294
f 3883//1295 3884//1295 3885//1295
f 3886//1296 3887//1296 3888//1296
f 3889//1297 3890//1297 3891//1297
f 3892//1298 3893//1298 3894//1298
f 3895//1299 3896//1299 3897//1299
f 3898//1300 3899//1300 3900//1300
f 3901//1301 3902//1301 3903//1301
f 3904//1302 3905//1302 3906//1302
f 3907//1303 3908//1303 3909//1303
f 3910//1304 3911//1304 3912//1304
f 3913//1305 3914//1305 3915//1305
f 3916//1306 3917//1306 3918//1306
f 3919//1307 3920//1307 3921//1307
f 3922//1308 3923//1308 3924//1308
f 3925//1309 3926//1309 3927//1309
f 3928//1310 3929//1310 3930//1310
f 3931//1311 3932//1311 3933//1311
f 3934//1312 3935//1312 3936//1312
f 3937//1313 3938//1313 3939//1313
f 3940//1314 3941//1314 3942//1314
f 3943//1315 3944//1315 3945//1315
f 3946//1316 3947//1316 3948//1316
f 3949//1317 3950//1317 3951//1317
f 3952//1318 3953//1318 3954//1318
f 3955//1319 3956//1319 3957//1319
f 3958//1320 3959//1320 3960//1320
f 3961//1321 3962//1321 3963//1321
f 3964//1322 3965//1322 3966//1322
f 3967//1323 3968//1323 3969//1323
f 3970//1324 3971//1324 3972//1324
f 3973//1325 3974//1325 3975//1325
f 3976//1326 3977//1326 3978//1326
f 3979//1327 3980//1327 3981//1327
f 3982//1328 3983//1328 3984//1328
f 3985//1329 3986//1329 3987//1329
f 3988//1330 3989//1330 3990//1330
f 3991//1331 3992//1331 3993//1331
f 3994//1332 3995//1332 3996//1332
f 3997//1333 3998//1333 3999//1333
f 4000//1334 4001//1334 4002//1334
f 4003//1335 4004//1335 4005//1335
f 4006//1336 4007//1336 4008//1336
f 4009//1337 4010//1337 4011//1337
f 4012//1338 4013//1338 4014//1338
f 4015//1339 4016//1339 4017//1339
f 4018//1340 4019//1340 4020//1340
f 4021//1341 4022//1341 4023//1341
f 4024//1342 4025//1342 4026//1342
f 4027//1343 4028//1343 4029//1343
f 4030//1344 4031//1344 4032//1344
f 4033//1345 4034//1345 4035//1345
f 4036//1346 4037//1346 4038//1346
f 4039//1347 4040//1347 4041//1347
f 4042//1348 4043//1348 4044//1348
f 4045//1349 4046//1349 4047//1349
f 4048//1350 4049//1350 4050//1350
f 4051//1351 4052//1351 4053//1351
f 4054//1352 4055//1352 4056//1352
f 4057//1353 4058//1353 4059//1353
f 4060//1354 4061//1354 4062//1354
f 4063//1355 4064//1355 4065//1355
f 4066//1356 4067//1356 4068//1356
f 4069//1357 4070//1357 4071//1357
f 4072//1358 4073//1358 4074//1358
f 4075//1359 4076//1359 4077//1359
f 4078//1360 4079//1360 4080//1360
f 4081//1361 4082//1361 4083//1361
f 4084//1362 4085//1362 4086//1362
f 4087//1363 4088//1363 4089//1363
f 4090//1364 4091//1364 4092//1364
f 4093//1365 4094//1365 4095//1365
f 4096//1366 4097//1366 4098//1366
f 4099//1367 4100//1367 4101//1367
f 4102//1368 4103//1368 4104//1368
f 4105//1369 4106//1369 4107//1369
f 4108//1370 4109//1370 4110//1370
f 4111//1371 4112//1371 4113//1371
f 4114//1372 4115//1372 4116//1372
f 4117//1373 4118//1373 4119//1373
f 4120//1374 4121//1374 4122//1374
f 4123//1375 4124//1375 4125//1375
f 4126//1376 4127//1376 4128//1376
f 4129//1377 4130//1377 4131//1377
f 4132//1378 4133//1378 4134//1378
f 4135//1379 4136//1379 4137//1379
f 4138//1380 4139//1380 4140//1380
f 4141//1381 4142//1381 4143//1381
f 4144//1382 4145//1382 4146//1382
f 4147//1383 4148//1383 4149//1383
f 4150//1384 4151//1384 4152//1384
f 4153//1385 4154//1385 4155//1385
f 4156//1386 4157//1386 4158//1386
f 4159//1387 4160//1387 4161//1387
f 4162//1388 4163//1388 4164//1388
f 4165//1389 4166//1389 4167//1389
f 4168//1390 4169//1390 4170//1390
f 4171//1391 4172//1391 4173//1391
f 4174//1392 4175//1392 4176//1392
f 4177//1393 4178//1393 4179//1393
f 4180//1394 4181//1394 4182//1394
f 4183//1395 4184//1395 4185//1395
f 4186//1396 4187//1396 4188//1396
f 4189//1397 4190//1397 4191//1397
f 4192//1398 4193//1398 4194//1398
f 4195//1399 4196//1399 4197//1399
f 4198//1400 4199//1400 4200//1400
f 4201//1401 4202//1401 4203//1401
f 4204//1402 4205//1402 4206//1402
f 4207//1403 4208//1403 4209//1403
f 4210//1404 4211//1404 4212//1404
f 4213//1405 4214//1405 4215//1405
f 4216//1406 4217//1406 4218//1406
f 4219//1407 4220//1407 4221//1407
f 4222//1408 4223//1408 4224//1408
f 4225//1409 4226//1409 4227//1409
f 4228//1410 4229//1410 4230//1410
f 4231//1411 4232//1411 4233//1411
f 4234//1412 4235//1412 4236//1412
f 4237//1413 4238//1413 4239//1413
f 4240//1414 4241//1414 4242//1414
f 4243//1415 4244//1415 4245//1415
f 4246//1416 4247//1416 4248//1416
f 4249//1417 4250//1417 4251//1417
f 4252//1418 4253//1418 4254//1418
f 4255//1419 4256//1419 4257//1419
f 4258//1420 4259//1420 4260//1420
f 4261//1421 4262//1421 4263//1421
f 4264//1422 4265//1422 4266//1422
f 4267//1423 4268//1423 4269//1423
f 4270//1424 4271//1424 4272//1424
f 4273//1425 4274//1425 4275//1425
f 4276//1426 4277//1426 4278//1426
f 4279//1427 4280//1427 4281//1427
f 4282//1428 4283//1428 4284//1428
f 4285//1429 4286//1429 4287//1429
f 4288//1430 4289//1430 4290//1430
f 4291//1431 4292//1431 4293//1431
f 4294//1432 4295//1432 4296//1432
f 4297//1433 4298//1433 4299//1433
f 4300//1434 4301//1434 4302//1434
f 4303//1435 4304//1435 4305//1435
f 4306//1436 4307//1436 4308//1436
f 4309//1437 4310//1437 4311//1437
f 4312//1438 4313//1438 4314//1438
f 4315//1439 4316//1439 4317//1439
f 4318//1440 4319//1440 4320//1440
f 4321//1441 4322//1441 4323//1441
f 4324//1442 4325//1442 4326//1442
f 4327//1443 4328//1443 4329//1443
f 4330//1444 4331//1444 4332//1444
f 4333//1445 4334//1445 4335//1445
f 4336//1446 4337//1446 4338//1446
f 4339//1447 4340//1447 4341//1447
f 4342//1448 4343//1448 4344//1448
f 4345//1449 4346//1449 4347//1449
f 4348//1450 4349//1450 4350//1450
f 4351//1451 4352//1451 4353//1451
f 4354//1452 4355//1452 4356//1452
f 4357//1453 4358//1453 4359//1453
f 4360//1454 4361//1454 4362//1454
f 4363//1455 4364//1455 4365//1455
f 4366//1456 4367//1456 4368//1456
f 4369//1457 4370//1457 4371//1457
f 4372//1458 4373//1458 4374//1458
f 4375//1459 4376//1459 4377//1459
f 4378//1460 4379//1460 4380//1460
f 4381//1461 4382//1461 4383//1461
f 4384//1462 4385//1462 4386//1462
f 4387//1463 4388//1463 4389//1463
f 4390//1464 4391//1464 4392//1464
f 4393//1465 4394//1465 4395//1465
f 4396//1466 4397//1466 4398//1466
f 4399//1467 4400//1467 4401//1467
f 4402//1468 4403//1468 4404//1468
f 4405//1469 4406//1469 4407//1469
f 4408//1470 4409//1470 4410//1470
f 4411//1471 4412//1471 4413//1471
f 4414//1472 4415//1472 4416//1472
f 4417//1473 4418//1473 4419//1473
f 4420//1474 4421//1474 4422//1474
f 4423//1475 4424//1475 4425//1475
f 4426//1476 4427//1476 4428//1476
f 4429//1477 4430//1477 4431//1477
f 4432//1478 4433//1478 4434//1478
f 4435//1479 4436//1479 4437//1479
f 4438//1480 4439//1480 4440//1480
f 4441//1481 4442//1481 4443//1481
f 4444//1482 4445//1482 4446//1482
f 4447//1483 4448//1483 4449//1483
f 4450//1484 4451//1484 4452//1484
f 4453//1485 4454//1485 4455//1485
f 4456//1486 4457//1486 4458//1486
f 4459//1487 4460//1487 4461//1487
f 4462//1488 4463//1488 4464//1488
f 4465//1489 4466//1489 4467//1489
f 4468//1490 4469//1490 4470//1490
f 4471//1491 4472//1491 4473//1491
f 4474//1492 4475//1492 4476//1492
f 4477//1493 4478//1493 4479//1493
f 4480//1494 4481//1494 4482//1494
f 4483//1495 4484//1495 4485//1495
f 4486//1496 4487//1496 4488//1496
f 4489//1497 4490//1497 4491//1497
f 4492//1498 4493//1498 4494//1498
f 4495//1499 4496//1499 4497//1499
f 4498//1500 4499//1500 4500//1500
f 4501//1501 4502//1501 4503//1501
f 4504//1502 4505//1502 4506//1502
f 4507//1503 4508//1503 4509//1503
f 4510//1504 4511//1504 4512//1504
f 4513//1505 4514//1505 4515//1505
f 4516//1506 4517//1506 4518//1506
f 4519//1507 4520//1507 4521//1507
f 4522//1508 4523//1508 4524//1508
f 4525//1509 4526//1509 4527//1509
f 4528//1510 4529//1510 4530//1510
f 4531//1511 4532//1511 4533//1511
f 4534//1512 4535//1512 4536//1512
f 4537//1513 4538//1513 4539//1513
f 4540//1514 4541//1514 4542//1514
f 4543//1515 4544//1515 4545//1515
f 4546//1516 4547//1516 4548//1516
f 4549//1517 4550//1517 4551//1517
f 4552//1518 4553//1518 4554//1518
f 4555//1519 4556//1519 4557//1519
f 4558//1520 4559//1520 4560//1520
f 4561//1521 4562//1521 4563//1521
f 4564//1522 4565//1522 4566//1522
f 4567//1523 4568//1523 4569//1523
f 4570//1524 4571//1524 4572//1524
f 4573//1525 4574//1525 4575//1525
f 4576//1526 4577//1526 4578//1526
f 4579//1527 4580//1527 4581//1527
f 4582//1528 4583//1528 4584//1528
f 4585//1529 4586//1529 4587//1529
f 4588//1530 4589//1530 4590//1530
f 4591//1531 4592//1531 4593//1531
f 4594//1532 4595//1532 4596//1532
f 4597//1533 4598//1533 4599//1533
f 4600//1534 4601//1534 4602//1534
f 4603//1535 4604//1535 4605//1535
f 4606//1536 4607//1536 4608//1536
f 4609//1537 4610//1537 4611//1537
f 4612//1538 4613//1538 4614//1538
f 4615//1539 4616//1539 4617//1539
f 4618//1540 4619//1540 4620//1540
f 4621//1541 4622//1541 4623//1541
f 4624//1542 4625//1542 4626//1542
f 4627//1543 4628//1543 4629//1543
f 4630//1544 4631//1544 4632//1544
f 4633//1545 4634//1545 4635//1545
f 4636//1546 4637//1546 4638//1546
f 4639//1547 4640//1547 4641//1547
f 4642//1548 4643//1548 4644//1548
f 4645//1549 4646//1549 4647//1549
f 4648//1550 4649//1550 4650//1550
f 4651//1551 4652//1551 4653//1551
f 4654//1552 4655//1552 4656//1552
f 4657//1553 4658//1553 4659//1553
f 4660//1554 4661//1554 4662//1554
f 4663//1555 4664//1555 4665//1555
