v -155.0 0 -22.5
v -155.0 0 -20.0
v -152.5 0.4582 -20.0
v -155.0 0 -22.5
v -152.5 0.4582 -20.0
v -152.5 0 -22.5
v -155.0 4.2596 -12.5
v -155.0 4.5481 -10.0
v -152.5 6.3887 -10.0
v -155.0 4.5481 -10.0
v -155.0 3.9956 -7.5
v -152.5 5.9607 -7.5
v -155.0 4.5481 -10.0
v -152.5 5.9607 -7.5
v -152.5 6.3887 -10.0
v -152.5 4.0163 -17.5
v -152.5 5.7304 -15.0
v -150.0 6.8908 -15.0
v -152.5 4.0163 -17.5
v -150.0 6.8908 -15.0
v -150.0 5.7316 -17.5
v -152.5 5.7304 -15.0
v -152.5 6.425 -12.5
v -150.0 7.4542 -12.5
v -152.5 5.7304 -15.0
v -150.0 7.4542 -12.5
v -150.0 6.8908 -15.0
v -152.5 6.425 -12.5
v -152.5 6.3887 -10.0
v -150.0 7.7775 -10.0
v -152.5 6.425 -12.5
v -150.0 7.7775 -10.0
v -150.0 7.4542 -12.5
v -152.5 6.3887 -10.0
v -152.5 5.9607 -7.5
v -150.0 7.8278 -7.5
v -152.5 6.3887 -10.0
v -150.0 7.8278 -7.5
v -150.0 7.7775 -10.0
v -152.5 5.9607 -7.5
v -150.0 7.2646 -5.0
v -150.0 7.8278 -7.5
v -150.0 5.7316 -17.5
v -150.0 6.8908 -15.0
v -147.5 7.551 -15.0
v -150.0 5.7316 -17.5
v -147.5 7.551 -15.0
v -147.5 6.255 -17.5
v -150.0 6.8908 -15.0
v -150.0 7.4542 -12.5
v -147.5 8.6781 -12.5
v -150.0 6.8908 -15.0
v -147.5 8.6781 -12.5
v -147.5 7.551 -15.0
v -150.0 7.4542 -12.5
v -150.0 7.7775 -10.0
v -147.5 9.4217 -10.0
v -150.0 7.4542 -12.5
v -147.5 9.4217 -10.0
v -147.5 8.6781 -12.5
v -150.0 7.7775 -10.0
v -150.0 7.8278 -7.5
v -147.5 9.3004 -7.5
v -150.0 7.7775 -10.0
v -147.5 9.3004 -7.5
v -147.5 9.4217 -10.0
v -150.0 7.8278 -7.5
v -150.0 7.2646 -5.0
v -147.5 8.2029 -5.0
v -150.0 7.8278 -7.5
v -147.5 8.2029 -5.0
v -147.5 9.3004 -7.5
v -150.0 7.2646 -5.0
v -150.0 5.7678 -2.5
v -147.5 6.3904 -2.5
v -150.0 7.2646 -5.0
v -147.5 6.3904 -2.5
v -147.5 8.2029 -5.0
v -147.5 0 -35.0
v -147.5 0 -32.5
v -145.0 0.1075 -32.5
v -147.5 0 -35.0
v -145.0 0.1075 -32.5
v -145.0 0 -35.0
v -147.5 0 -32.5
v -147.5 0 -30.0
v -145.0 1.8144 -30.0
v -147.5 0 -32.5
v -145.0 1.8144 -30.0
v -145.0 0.1075 -32.5
v -147.5 0 -30.0
v -145.0 2.3588 -27.5
v -145.0 1.8144 -30.0
v -147.5 0 -25.0
v -147.5 0 -22.5
v -145.0 1.5607 -22.5
v -147.5 4.4053 -20.0
v -147.5 6.255 -17.5
v -145.0 6.6867 -17.5
v -147.5 6.255 -17.5
v -147.5 7.551 -15.0
v -145.0 8.4658 -15.0
v -147.5 6.255 -17.5
v -145.0 8.4658 -15.0
v -145.0 6.6867 -17.5
v -147.5 7.551 -15.0
v -147.5 8.6781 -12.5
v -145.0 9.7398 -12.5
v -147.5 7.551 -15.0
v -145.0 9.7398 -12.5
v -145.0 8.4658 -15.0
v -147.5 8.6781 -12.5
v -147.5 9.4217 -10.0
v -145.0 10.101 -10.0
v -147.5 8.6781 -12.5
v -145.0 10.101 -10.0
v -145.0 9.7398 -12.5
v -147.5 9.4217 -10.0
v -147.5 9.3004 -7.5
v -145.0 9.2979 -7.5
v -147.5 9.4217 -10.0
v -145.0 9.2979 -7.5
v -145.0 10.101 -10.0
v -147.5 9.3004 -7.5
v -147.5 8.2029 -5.0
v -145.0 7.9683 -5.0
v -147.5 9.3004 -7.5
v -145.0 7.9683 -5.0
v -145.0 9.2979 -7.5
v -147.5 8.2029 -5.0
v -147.5 6.3904 -2.5
v -145.0 6.4722 -2.5
v -147.5 8.2029 -5.0
v -145.0 6.4722 -2.5
v -145.0 7.9683 -5.0
v -147.5 6.3904 -2.5
v -145.0 4.5947 0.0
v -145.0 6.4722 -2.5
v -145.0 0 -60.0
v -145.0 0 -57.5
v -142.5 1.7285 -57.5
v -145.0 0 -60.0
v -142.5 1.7285 -57.5
v -142.5 0 -60.0
v -145.0 0 -57.5
v -142.5 2.551 -55.0
v -142.5 1.7285 -57.5
v -145.0 0 -52.5
v -145.0 0 -50.0
v -142.5 1.6675 -50.0
v -145.0 0 -50.0
v -145.0 0 -47.5
v -142.5 0.7415 -47.5
v -145.0 0 -50.0
v -142.5 0.7415 -47.5
v -142.5 1.6675 -50.0
v -145.0 0 -47.5
v -142.5 2.6548 -45.0
v -142.5 0.7415 -47.5
v -145.0 0 -37.5
v -145.0 0 -35.0
v -142.5 1.3927 -35.0
v -145.0 1.8144 -30.0
v -145.0 2.3588 -27.5
v -142.5 4.0473 -27.5
v -145.0 1.8144 -30.0
v -142.5 4.0473 -27.5
v -142.5 3.858 -30.0
v -145.0 2.3588 -27.5
v -145.0 2.2437 -25.0
v -142.5 3.8738 -25.0
v -145.0 2.3588 -27.5
v -142.5 3.8738 -25.0
v -142.5 4.0473 -27.5
v -145.0 2.2437 -25.0
v -145.0 1.5607 -22.5
v -142.5 3.481 -22.5
v -145.0 2.2437 -25.0
v -142.5 3.481 -22.5
v -142.5 3.8738 -25.0
v -145.0 6.6867 -17.5
v -145.0 8.4658 -15.0
v -142.5 8.5915 -15.0
v -145.0 6.6867 -17.5
v -142.5 8.5915 -15.0
v -142.5 7.0046 -17.5
v -145.0 8.4658 -15.0
v -145.0 9.7398 -12.5
v -142.5 9.2565 -12.5
v -145.0 8.4658 -15.0
v -142.5 9.2565 -12.5
v -142.5 8.5915 -15.0
v -145.0 9.7398 -12.5
v -145.0 10.101 -10.0
v -142.5 9.1245 -10.0
v -145.0 9.7398 -12.5
v -142.5 9.1245 -10.0
v -142.5 9.2565 -12.5
v -145.0 10.101 -10.0
v -145.0 9.2979 -7.5
v -142.5 8.5238 -7.5
v -145.0 10.101 -10.0
v -142.5 8.5238 -7.5
v -142.5 9.1245 -10.0
v -145.0 9.2979 -7.5
v -145.0 7.9683 -5.0
v -142.5 7.7747 -5.0
v -145.0 9.2979 -7.5
v -142.5 7.7747 -5.0
v -142.5 8.5238 -7.5
v -145.0 7.9683 -5.0
v -145.0 6.4722 -2.5
v -142.5 6.687 -2.5
v -145.0 7.9683 -5.0
v -142.5 6.687 -2.5
v -142.5 7.7747 -5.0
v -145.0 6.4722 -2.5
v -145.0 4.5947 0.0
v -142.5 4.7042 0.0
v -145.0 6.4722 -2.5
v -142.5 4.7042 0.0
v -142.5 6.687 -2.5
v -145.0 0 75.0
v -145.0 0 77.5
v -142.5 1.4944 77.5
v -142.5 0 -65.0
v -142.5 0 -62.5
v -140.0 0.3958 -62.5
v -142.5 0 -65.0
v -140.0 0.3958 -62.5
v -140.0 0 -65.0
v -142.5 1.3927 -35.0
v -142.5 3.0639 -32.5
v -140.0 4.268 -32.5
v -142.5 3.0639 -32.5
v -142.5 3.858 -30.0
v -140.0 4.7896 -30.0
v -142.5 3.0639 -32.5
v -140.0 4.7896 -30.0
v -140.0 4.268 -32.5
v -142.5 3.858 -30.0
v -142.5 4.0473 -27.5
v -140.0 5.0697 -27.5
v -142.5 3.858 -30.0
v -140.0 5.0697 -27.5
v -140.0 4.7896 -30.0
v -142.5 4.0473 -27.5
v -142.5 3.8738 -25.0
v -140.0 5.2146 -25.0
v -142.5 4.0473 -27.5
v -140.0 5.2146 -25.0
v -140.0 5.0697 -27.5
v -142.5 3.8738 -25.0
v -142.5 3.481 -22.5
v -140.0 5.0596 -22.5
v -142.5 3.8738 -25.0
v -140.0 5.0596 -22.5
v -140.0 5.2146 -25.0
v -142.5 3.481 -22.5
v -142.5 4.5956 -20.0
v -140.0 4.3478 -20.0
v -142.5 3.481 -22.5
v -140.0 4.3478 -20.0
v -140.0 5.0596 -22.5
v -142.5 4.5956 -20.0
v -140.0 6.1667 -17.5
v -140.0 4.3478 -20.0
v -142.5 7.0046 -17.5
v -142.5 8.5915 -15.0
v -140.0 7.3156 -15.0
v -142.5 7.0046 -17.5
v -140.0 7.3156 -15.0
v -140.0 6.1667 -17.5
v -142.5 8.5915 -15.0
v -142.5 9.2565 -12.5
v -140.0 7.8303 -12.5
v -142.5 8.5915 -15.0
v -140.0 7.8303 -12.5
v -140.0 7.3156 -15.0
v -142.5 9.2565 -12.5
v -142.5 9.1245 -10.0
v -140.0 8.0861 -10.0
v -142.5 9.2565 -12.5
v -140.0 8.0861 -10.0
v -140.0 7.8303 -12.5
v -142.5 9.1245 -10.0
v -142.5 8.5238 -7.5
v -140.0 8.108 -7.5
v -142.5 9.1245 -10.0
v -140.0 8.108 -7.5
v -140.0 8.0861 -10.0
v -142.5 8.5238 -7.5
v -142.5 7.7747 -5.0
v -140.0 7.5886 -5.0
v -142.5 8.5238 -7.5
v -140.0 7.5886 -5.0
v -140.0 8.108 -7.5
v -142.5 7.7747 -5.0
v -142.5 6.687 -2.5
v -140.0 6.1763 -2.5
v -142.5 7.7747 -5.0
v -140.0 6.1763 -2.5
v -140.0 7.5886 -5.0
v -140.0 4.5672 -57.5
v -140.0 5.337 -55.0
v -137.5 6.8578 -55.0
v -140.0 4.5672 -57.5
v -137.5 6.8578 -55.0
v -137.5 6.4724 -57.5
v -140.0 5.337 -55.0
v -140.0 5.2954 -52.5
v -137.5 6.4847 -52.5
v -140.0 5.337 -55.0
v -137.5 6.4847 -52.5
v -137.5 6.8578 -55.0
v -140.0 5.2954 -52.5
v -140.0 4.43 -50.0
v -137.5 5.6745 -50.0
v -140.0 5.2954 -52.5
v -137.5 5.6745 -50.0
v -137.5 6.4847 -52.5
v -140.0 4.43 -50.0
v -140.0 4.0546 -47.5
v -137.5 5.7698 -47.5
v -140.0 4.43 -50.0
v -137.5 5.7698 -47.5
v -137.5 5.6745 -50.0
v -140.0 5.7093 -42.5
v -140.0 5.9287 -40.0
v -137.5 7.9172 -40.0
v -140.0 5.9287 -40.0
v -140.0 5.4382 -37.5
v -137.5 7.036 -37.5
v -140.0 3.9933 -35.0
v -140.0 4.268 -32.5
v -137.5 4.8382 -32.5
v -140.0 3.9933 -35.0
v -137.5 4.8382 -32.5
v -137.5 5.5357 -35.0
v -140.0 4.268 -32.5
v -140.0 4.7896 -30.0
v -137.5 5.6371 -30.0
v -140.0 4.268 -32.5
v -137.5 5.6371 -30.0
v -137.5 4.8382 -32.5
v -140.0 4.7896 -30.0
v -140.0 5.0697 -27.5
v -137.5 6.2807 -27.5
v -140.0 4.7896 -30.0
v -137.5 6.2807 -27.5
v -137.5 5.6371 -30.0
v -140.0 5.0697 -27.5
v -140.0 5.2146 -25.0
v -137.5 6.4927 -25.0
v -140.0 5.0697 -27.5
v -137.5 6.4927 -25.0
v -137.5 6.2807 -27.5
v -140.0 5.2146 -25.0
v -140.0 5.0596 -22.5
v -137.5 6.0535 -22.5
v -140.0 5.2146 -25.0
v -137.5 6.0535 -22.5
v -137.5 6.4927 -25.0
v -140.0 5.0596 -22.5
v -140.0 4.3478 -20.0
v -137.5 5.0336 -20.0
v -140.0 5.0596 -22.5
v -137.5 5.0336 -20.0
v -137.5 6.0535 -22.5
v -140.0 4.3478 -20.0
v -140.0 6.1667 -17.5
v -137.5 5.7557 -17.5
v -140.0 4.3478 -20.0
v -137.5 5.7557 -17.5
v -137.5 5.0336 -20.0
v -140.0 6.1667 -17.5
v -140.0 7.3156 -15.0
v -137.5 6.6333 -15.0
v -140.0 6.1667 -17.5
v -137.5 6.6333 -15.0
v -137.5 5.7557 -17.5
v -140.0 7.3156 -15.0
v -140.0 7.8303 -12.5
v -137.5 7.306 -12.5
v -140.0 7.3156 -15.0
v -137.5 7.306 -12.5
v -137.5 6.6333 -15.0
v -140.0 7.8303 -12.5
v -140.0 8.0861 -10.0
v -137.5 7.6 -10.0
v -140.0 7.8303 -12.5
v -137.5 7.6 -10.0
v -137.5 7.306 -12.5
v -140.0 8.0861 -10.0
v -140.0 8.108 -7.5
v -137.5 7.2182 -7.5
v -140.0 8.0861 -10.0
v -137.5 7.2182 -7.5
v -137.5 7.6 -10.0
v -140.0 8.108 -7.5
v -140.0 7.5886 -5.0
v -137.5 6.2199 -5.0
v -140.0 8.108 -7.5
v -137.5 6.2199 -5.0
v -137.5 7.2182 -7.5
v -140.0 4.2374 67.5
v -140.0 5.2054 70.0
v -137.5 6.6452 70.0
v -140.0 4.2374 67.5
v -137.5 6.6452 70.0
v -137.5 5.7349 67.5
v -140.0 5.2054 70.0
v -140.0 5.4442 72.5
v -137.5 7.2733 72.5
v -140.0 5.2054 70.0
v -137.5 7.2733 72.5
v -137.5 6.6452 70.0
v -140.0 5.4442 72.5
v -137.5 7.4733 75.0
v -137.5 7.2733 72.5
v -137.5 0 -67.5
v -137.5 0 -65.0
v -135.0 1.1619 -65.0
v -137.5 0 -67.5
v -135.0 1.1619 -65.0
v -135.0 0 -67.5
v -137.5 5.197 -60.0
v -137.5 6.4724 -57.5
v -135.0 7.1032 -57.5
v -137.5 5.197 -60.0
v -135.0 7.1032 -57.5
v -135.0 6.2647 -60.0
v -137.5 6.4724 -57.5
v -137.5 6.8578 -55.0
v -135.0 7.3305 -55.0
v -137.5 6.4724 -57.5
v -135.0 7.3305 -55.0
v -135.0 7.1032 -57.5
v -137.5 6.8578 -55.0
v -137.5 6.4847 -52.5
v -135.0 7.2296 -52.5
v -137.5 6.8578 -55.0
v -135.0 7.2296 -52.5
v -135.0 7.3305 -55.0
v -137.5 6.4847 -52.5
v -137.5 5.6745 -50.0
v -135.0 6.8544 -50.0
v -137.5 6.4847 -52.5
v -135.0 6.8544 -50.0
v -135.0 7.2296 -52.5
v -137.5 5.6745 -50.0
v -137.5 5.7698 -47.5
v -135.0 7.392 -47.5
v -137.5 5.6745 -50.0
v -135.0 7.392 -47.5
v -135.0 6.8544 -50.0
v -137.5 5.7698 -47.5
v -137.5 7.0952 -45.0
v -135.0 8.6702 -45.0
v -137.5 5.7698 -47.5
v -135.0 8.6702 -45.0
v -135.0 7.392 -47.5
v -137.5 7.0952 -45.0
v -137.5 7.9184 -42.5
v -135.0 9.0351 -42.5
v -137.5 7.0952 -45.0
v -135.0 9.0351 -42.5
v -135.0 8.6702 -45.0
v -137.5 7.9184 -42.5
v -137.5 7.9172 -40.0
v -135.0 8.5502 -40.0
v -137.5 7.9184 -42.5
v -135.0 8.5502 -40.0
v -135.0 9.0351 -42.5
v -137.5 7.9172 -40.0
v -137.5 7.036 -37.5
v -135.0 7.6195 -37.5
v -137.5 7.9172 -40.0
v -135.0 7.6195 -37.5
v -135.0 8.5502 -40.0
v -137.5 7.036 -37.5
v -137.5 5.5357 -35.0
v -135.0 6.5223 -35.0
v -137.5 7.036 -37.5
v -135.0 6.5223 -35.0
v -135.0 7.6195 -37.5
v -137.5 5.5357 -35.0
v -137.5 4.8382 -32.5
v -135.0 5.547 -32.5
v -137.5 5.5357 -35.0
v -135.0 5.547 -32.5
v -135.0 6.5223 -35.0
v -137.5 4.8382 -32.5
v -137.5 5.6371 -30.0
v -135.0 6.5854 -30.0
v -137.5 4.8382 -32.5
v -135.0 6.5854 -30.0
v -135.0 5.547 -32.5
v -137.5 5.6371 -30.0
v -137.5 6.2807 -27.5
v -135.0 7.1039 -27.5
v -137.5 5.6371 -30.0
v -135.0 7.1039 -27.5
v -135.0 6.5854 -30.0
v -137.5 6.2807 -27.5
v -137.5 6.4927 -25.0
v -135.0 6.8799 -25.0
v -137.5 6.2807 -27.5
v -135.0 6.8799 -25.0
v -135.0 7.1039 -27.5
v -137.5 6.4927 -25.0
v -137.5 6.0535 -22.5
v -135.0 6.1085 -22.5
v -137.5 6.4927 -25.0
v -135.0 6.1085 -22.5
v -135.0 6.8799 -25.0
v -137.5 6.0535 -22.5
v -137.5 5.0336 -20.0
v -135.0 5.1617 -20.0
v -137.5 6.0535 -22.5
v -135.0 5.1617 -20.0
v -135.0 6.1085 -22.5
v -137.5 5.0336 -20.0
v -137.5 5.7557 -17.5
v -135.0 6.2351 -17.5
v -137.5 5.0336 -20.0
v -135.0 6.2351 -17.5
v -135.0 5.1617 -20.0
v -137.5 5.7557 -17.5
v -137.5 6.6333 -15.0
v -135.0 7.5897 -15.0
v -137.5 5.7557 -17.5
v -135.0 7.5897 -15.0
v -135.0 6.2351 -17.5
v -137.5 6.6333 -15.0
v -137.5 7.306 -12.5
v -135.0 8.4976 -12.5
v -137.5 6.6333 -15.0
v -135.0 8.4976 -12.5
v -135.0 7.5897 -15.0
v -137.5 7.306 -12.5
v -137.5 7.6 -10.0
v -135.0 8.4516 -10.0
v -137.5 7.306 -12.5
v -135.0 8.4516 -10.0
v -135.0 8.4976 -12.5
v -137.5 7.6 -10.0
v -137.5 7.2182 -7.5
v -135.0 7.4665 -7.5
v -137.5 7.6 -10.0
v -135.0 7.4665 -7.5
v -135.0 8.4516 -10.0
v -137.5 7.2182 -7.5
v -137.5 6.2199 -5.0
v -135.0 5.9678 -5.0
v -137.5 7.2182 -7.5
v -135.0 5.9678 -5.0
v -135.0 7.4665 -7.5
v -137.5 6.2199 -5.0
v -137.5 4.3774 -2.5
v -135.0 4.1476 -2.5
v -137.5 6.2199 -5.0
v -135.0 4.1476 -2.5
v -135.0 5.9678 -5.0
v -137.5 1.4564 0.0
v -137.5 0 2.5
v -135.0 0 2.5
v -137.5 1.4564 0.0
v -135.0 0 2.5
v -135.0 1.3097 0.0
v -137.5 5.7349 67.5
v -137.5 6.6452 70.0
v -135.0 8.2002 70.0
v -137.5 5.7349 67.5
v -135.0 8.2002 70.0
v -135.0 6.8112 67.5
v -137.5 6.6452 70.0
v -137.5 7.2733 72.5
v -135.0 9.0296 72.5
v -137.5 6.6452 70.0
v -135.0 9.0296 72.5
v -135.0 8.2002 70.0
v -137.5 7.2733 72.5
v -137.5 7.4733 75.0
v -135.0 8.8814 75.0
v -137.5 7.2733 72.5
v -135.0 8.8814 75.0
v -135.0 9.0296 72.5
v -137.5 7.4733 75.0
v -137.5 6.8894 77.5
v -135.0 7.7715 77.5
v -137.5 7.4733 75.0
v -135.0 7.7715 77.5
v -135.0 8.8814 75.0
v -137.5 6.8894 77.5
v -137.5 5.3279 80.0
v -135.0 6.0701 80.0
v -137.5 6.8894 77.5
v -135.0 6.0701 80.0
v -135.0 7.7715 77.5
v -135.0 0 -75.0
v -135.0 0 -72.5
v -132.5 1.3963 -72.5
v -135.0 0 -75.0
v -132.5 1.3963 -72.5
v -132.5 0 -75.0
v -135.0 0 -72.5
v -132.5 2.3275 -70.0
v -132.5 1.3963 -72.5
v -135.0 0 -67.5
v -135.0 1.1619 -65.0
v -132.5 2.3847 -65.0
v -135.0 4.486 -62.5
v -135.0 6.2647 -60.0
v -132.5 6.2009 -60.0
v -135.0 4.486 -62.5
v -132.5 6.2009 -60.0
v -132.5 4.7661 -62.5
v -135.0 6.2647 -60.0
v -135.0 7.1032 -57.5
v -132.5 7.1281 -57.5
v -135.0 6.2647 -60.0
v -132.5 7.1281 -57.5
v -132.5 6.2009 -60.0
v -135.0 7.1032 -57.5
v -135.0 7.3305 -55.0
v -132.5 7.896 -55.0
v -135.0 7.1032 -57.5
v -132.5 7.896 -55.0
v -132.5 7.1281 -57.5
v -135.0 7.3305 -55.0
v -135.0 7.2296 -52.5
v -132.5 8.2228 -52.5
v -135.0 7.3305 -55.0
v -132.5 8.2228 -52.5
v -132.5 7.896 -55.0
v -135.0 7.2296 -52.5
v -135.0 6.8544 -50.0
v -132.5 7.7695 -50.0
v -135.0 7.2296 -52.5
v -132.5 7.7695 -50.0
v -132.5 8.2228 -52.5
v -135.0 6.8544 -50.0
v -135.0 7.392 -47.5
v -132.5 8.0937 -47.5
v -135.0 6.8544 -50.0
v -132.5 8.0937 -47.5
v -132.5 7.7695 -50.0
v -135.0 7.392 -47.5
v -135.0 8.6702 -45.0
v -132.5 8.8531 -45.0
v -135.0 7.392 -47.5
v -132.5 8.8531 -45.0
v -132.5 8.0937 -47.5
v -135.0 8.6702 -45.0
v -135.0 9.0351 -42.5
v -132.5 9.0033 -42.5
v -135.0 8.6702 -45.0
v -132.5 9.0033 -42.5
v -132.5 8.8531 -45.0
v -135.0 9.0351 -42.5
v -135.0 8.5502 -40.0
v -132.5 8.8026 -40.0
v -135.0 9.0351 -42.5
v -132.5 8.8026 -40.0
v -132.5 9.0033 -42.5
v -135.0 8.5502 -40.0
v -135.0 7.6195 -37.5
v -132.5 8.4009 -37.5
v -135.0 8.5502 -40.0
v -132.5 8.4009 -37.5
v -132.5 8.8026 -40.0
v -135.0 7.6195 -37.5
v -135.0 6.5223 -35.0
v -132.5 7.6014 -35.0
v -135.0 7.6195 -37.5
v -132.5 7.6014 -35.0
v -132.5 8.4009 -37.5
v -135.0 6.5223 -35.0
v -135.0 5.547 -32.5
v -132.5 5.9828 -32.5
v -135.0 6.5223 -35.0
v -132.5 5.9828 -32.5
v -132.5 7.6014 -35.0
v -135.0 5.547 -32.5
v -135.0 6.5854 -30.0
v -132.5 6.691 -30.0
v -135.0 5.547 -32.5
v -132.5 6.691 -30.0
v -132.5 5.9828 -32.5
v -135.0 6.5854 -30.0
v -135.0 7.1039 -27.5
v -132.5 6.8167 -27.5
v -135.0 6.5854 -30.0
v -132.5 6.8167 -27.5
v -132.5 6.691 -30.0
v -135.0 7.1039 -27.5
v -135.0 6.8799 -25.0
v -132.5 6.4979 -25.0
v -135.0 7.1039 -27.5
v -132.5 6.4979 -25.0
v -132.5 6.8167 -27.5
v -135.0 6.8799 -25.0
v -135.0 6.1085 -22.5
v -132.5 6.0237 -22.5
v -135.0 6.8799 -25.0
v -132.5 6.0237 -22.5
v -132.5 6.4979 -25.0
v -135.0 6.1085 -22.5
v -135.0 5.1617 -20.0
v -132.5 5.4654 -20.0
v -135.0 6.1085 -22.5
v -132.5 5.4654 -20.0
v -132.5 6.0237 -22.5
v -135.0 5.1617 -20.0
v -135.0 6.2351 -17.5
v -132.5 6.701 -17.5
v -135.0 5.1617 -20.0
v -132.5 6.701 -17.5
v -132.5 5.4654 -20.0
v -135.0 6.2351 -17.5
v -135.0 7.5897 -15.0
v -132.5 7.9501 -15.0
v -135.0 6.2351 -17.5
v -132.5 7.9501 -15.0
v -132.5 6.701 -17.5
v -135.0 7.5897 -15.0
v -135.0 8.4976 -12.5
v -132.5 8.3516 -12.5
v -135.0 7.5897 -15.0
v -132.5 8.3516 -12.5
v -132.5 7.9501 -15.0
v -135.0 8.4976 -12.5
v -135.0 8.4516 -10.0
v -132.5 7.8747 -10.0
v -135.0 8.4976 -12.5
v -132.5 7.8747 -10.0
v -132.5 8.3516 -12.5
v -135.0 8.4516 -10.0
v -135.0 7.4665 -7.5
v -132.5 6.9415 -7.5
v -135.0 8.4516 -10.0
v -132.5 6.9415 -7.5
v -132.5 7.8747 -10.0
v -135.0 7.4665 -7.5
v -135.0 5.9678 -5.0
v -132.5 5.8574 -5.0
v -135.0 7.4665 -7.5
v -132.5 5.8574 -5.0
v -132.5 6.9415 -7.5
v -135.0 5.9678 -5.0
v -135.0 4.1476 -2.5
v -132.5 4.3448 -2.5
v -135.0 5.9678 -5.0
v -132.5 4.3448 -2.5
v -132.5 5.8574 -5.0
v -135.0 1.3097 0.0
v -135.0 0 2.5
v -132.5 0 2.5
v -135.0 1.3097 0.0
v -132.5 0 2.5
v -132.5 1.3614 0.0
v -135.0 6.8112 67.5
v -135.0 8.2002 70.0
v -132.5 9.1801 70.0
v -135.0 8.2002 70.0
v -135.0 9.0296 72.5
v -132.5 9.5277 72.5
v -135.0 8.2002 70.0
v -132.5 9.5277 72.5
v -132.5 9.1801 70.0
v -135.0 9.0296 72.5
v -135.0 8.8814 75.0
v -132.5 8.8655 75.0
v -135.0 9.0296 72.5
v -132.5 8.8655 75.0
v -132.5 9.5277 72.5
v -135.0 8.8814 75.0
v -135.0 7.7715 77.5
v -132.5 7.7547 77.5
v -135.0 8.8814 75.0
v -132.5 7.7547 77.5
v -132.5 8.8655 75.0
v -135.0 7.7715 77.5
v -135.0 6.0701 80.0
v -132.5 6.4927 80.0
v -135.0 7.7715 77.5
v -132.5 6.4927 80.0
v -132.5 7.7547 77.5
v -135.0 6.0701 80.0
v -132.5 4.7249 82.5
v -132.5 6.4927 80.0
v -135.0 0 85.0
v -132.5 0 87.5
v -132.5 1.109 85.0
v -132.5 0 -80.0
v -132.5 0 -77.5
v -130.0 0.1506 -77.5
v -132.5 0 -80.0
v -130.0 0.1506 -77.5
v -130.0 0 -80.0
v -132.5 2.3275 -70.0
v -132.5 2.672 -67.5
v -130.0 4.6928 -67.5
v -132.5 2.672 -67.5
v -132.5 2.3847 -65.0
v -130.0 4.2571 -65.0
v -132.5 2.672 -67.5
v -130.0 4.2571 -65.0
v -130.0 4.6928 -67.5
v -132.5 2.3847 -65.0
v -130.0 4.2736 -62.5
v -130.0 4.2571 -65.0
v -132.5 4.7661 -62.5
v -132.5 6.2009 -60.0
v -130.0 5.9571 -60.0
v -132.5 4.7661 -62.5
v -130.0 5.9571 -60.0
v -130.0 4.2736 -62.5
v -132.5 6.2009 -60.0
v -132.5 7.1281 -57.5
v -130.0 7.3411 -57.5
v -132.5 6.2009 -60.0
v -130.0 7.3411 -57.5
v -130.0 5.9571 -60.0
v -132.5 7.1281 -57.5
v -132.5 7.896 -55.0
v -130.0 8.2786 -55.0
v -132.5 7.1281 -57.5
v -130.0 8.2786 -55.0
v -130.0 7.3411 -57.5
v -132.5 7.896 -55.0
v -132.5 8.2228 -52.5
v -130.0 8.3064 -52.5
v -132.5 7.896 -55.0
v -130.0 8.3064 -52.5
v -130.0 8.2786 -55.0
v -132.5 8.2228 -52.5
v -132.5 7.7695 -50.0
v -130.0 7.3674 -50.0
v -132.5 8.2228 -52.5
v -130.0 7.3674 -50.0
v -130.0 8.3064 -52.5
v -132.5 7.7695 -50.0
v -132.5 8.0937 -47.5
v -130.0 7.535 -47.5
v -132.5 7.7695 -50.0
v -130.0 7.535 -47.5
v -130.0 7.3674 -50.0
v -132.5 8.0937 -47.5
v -132.5 8.8531 -45.0
v -130.0 8.3426 -45.0
v -132.5 8.0937 -47.5
v -130.0 8.3426 -45.0
v -130.0 7.535 -47.5
v -132.5 8.8531 -45.0
v -132.5 9.0033 -42.5
v -130.0 9.04 -42.5
v -132.5 8.8531 -45.0
v -130.0 9.04 -42.5
v -130.0 8.3426 -45.0
v -132.5 9.0033 -42.5
v -132.5 8.8026 -40.0
v -130.0 9.3945 -40.0
v -132.5 9.0033 -42.5
v -130.0 9.3945 -40.0
v -130.0 9.04 -42.5
v -132.5 8.8026 -40.0
v -132.5 8.4009 -37.5
v -130.0 9.0361 -37.5
v -132.5 8.8026 -40.0
v -130.0 9.0361 -37.5
v -130.0 9.3945 -40.0
v -132.5 8.4009 -37.5
v -132.5 7.6014 -35.0
v -130.0 7.7987 -35.0
v -132.5 8.4009 -37.5
v -130.0 7.7987 -35.0
v -130.0 9.0361 -37.5
v -132.5 7.6014 -35.0
v -132.5 5.9828 -32.5
v -130.0 5.7397 -32.5
v -132.5 7.6014 -35.0
v -130.0 5.7397 -32.5
v -130.0 7.7987 -35.0
v -132.5 5.9828 -32.5
v -132.5 6.691 -30.0
v -130.0 5.9061 -30.0
v -132.5 5.9828 -32.5
v -130.0 5.9061 -30.0
v -130.0 5.7397 -32.5
v -132.5 6.691 -30.0
v -132.5 6.8167 -27.5
v -130.0 6.1453 -27.5
v -132.5 6.691 -30.0
v -130.0 6.1453 -27.5
v -130.0 5.9061 -30.0
v -132.5 6.8167 -27.5
v -132.5 6.4979 -25.0
v -130.0 6.2763 -25.0
v -132.5 6.8167 -27.5
v -130.0 6.2763 -25.0
v -130.0 6.1453 -27.5
v -132.5 6.4979 -25.0
v -132.5 6.0237 -22.5
v -130.0 6.1541 -22.5
v -132.5 6.4979 -25.0
v -130.0 6.1541 -22.5
v -130.0 6.2763 -25.0
v -132.5 6.0237 -22.5
v -132.5 5.4654 -20.0
v -130.0 5.5304 -20.0
v -132.5 6.0237 -22.5
v -130.0 5.5304 -20.0
v -130.0 6.1541 -22.5
v -132.5 5.4654 -20.0
v -132.5 6.701 -17.5
v -130.0 6.1698 -17.5
v -132.5 5.4654 -20.0
v -130.0 6.1698 -17.5
v -130.0 5.5304 -20.0
v -132.5 6.701 -17.5
v -132.5 7.9501 -15.0
v -130.0 6.9502 -15.0
v -132.5 6.701 -17.5
v -130.0 6.9502 -15.0
v -130.0 6.1698 -17.5
v -132.5 7.9501 -15.0
v -132.5 8.3516 -12.5
v -130.0 7.1165 -12.5
v -132.5 7.9501 -15.0
v -130.0 7.1165 -12.5
v -130.0 6.9502 -15.0
v -132.5 8.3516 -12.5
v -132.5 7.8747 -10.0
v -130.0 6.9725 -10.0
v -132.5 8.3516 -12.5
v -130.0 6.9725 -10.0
v -130.0 7.1165 -12.5
v -132.5 7.8747 -10.0
v -132.5 6.9415 -7.5
v -130.0 6.5917 -7.5
v -132.5 7.8747 -10.0
v -130.0 6.5917 -7.5
v -130.0 6.9725 -10.0
v -132.5 6.9415 -7.5
v -132.5 5.8574 -5.0
v -130.0 5.716 -5.0
v -132.5 6.9415 -7.5
v -130.0 5.716 -5.0
v -130.0 6.5917 -7.5
v -132.5 5.8574 -5.0
v -132.5 4.3448 -2.5
v -130.0 3.9141 -2.5
v -132.5 5.8574 -5.0
v -130.0 3.9141 -2.5
v -130.0 5.716 -5.0
v -132.5 1.3614 0.0
v -132.5 0 2.5
v -130.0 0 2.5
v -132.5 1.3614 0.0
v -130.0 0 2.5
v -130.0 0 0.0
v -132.5 9.1801 70.0
v -132.5 9.5277 72.5
v -130.0 8.714 72.5
v -132.5 9.1801 70.0
v -130.0 8.714 72.5
v -130.0 8.5979 70.0
v -132.5 9.5277 72.5
v -132.5 8.8655 75.0
v -130.0 8.4464 75.0
v -132.5 9.5277 72.5
v -130.0 8.4464 75.0
v -130.0 8.714 72.5
v -132.5 8.8655 75.0
v -132.5 7.7547 77.5
v -130.0 7.9316 77.5
v -132.5 8.8655 75.0
v -130.0 7.9316 77.5
v -130.0 8.4464 75.0
v -132.5 7.7547 77.5
v -132.5 6.4927 80.0
v -130.0 6.9043 80.0
v -132.5 7.7547 77.5
v -130.0 6.9043 80.0
v -130.0 7.9316 77.5
v -132.5 6.4927 80.0
v -132.5 4.7249 82.5
v -130.0 4.8851 82.5
v -132.5 6.4927 80.0
v -130.0 4.8851 82.5
v -130.0 6.9043 80.0
v -132.5 1.109 85.0
v -130.0 1.973 87.5
v -130.0 2.2622 85.0
v -132.5 0 87.5
v -132.5 0 90.0
v -130.0 0.6391 90.0
v -132.5 0 90.0
v -130.0 0 92.5
v -130.0 0.6391 90.0
v -130.0 2.6074 -75.0
v -130.0 3.898 -72.5
v -127.5 5.4148 -72.5
v -130.0 3.898 -72.5
v -130.0 4.6088 -70.0
v -127.5 5.7395 -70.0
v -130.0 3.898 -72.5
v -127.5 5.7395 -70.0
v -127.5 5.4148 -72.5
v -130.0 4.6088 -70.0
v -130.0 4.6928 -67.5
v -127.5 5.651 -67.5
v -130.0 4.6088 -70.0
v -127.5 5.651 -67.5
v -127.5 5.7395 -70.0
v -130.0 4.6928 -67.5
v -130.0 4.2571 -65.0
v -127.5 5.4032 -65.0
v -130.0 4.6928 -67.5
v -127.5 5.4032 -65.0
v -127.5 5.651 -67.5
v -130.0 4.2571 -65.0
v -130.0 4.2736 -62.5
v -127.5 5.0165 -62.5
v -130.0 4.2571 -65.0
v -127.5 5.0165 -62.5
v -127.5 5.4032 -65.0
v -130.0 4.2736 -62.5
v -130.0 5.9571 -60.0
v -127.5 5.6432 -60.0
v -130.0 4.2736 -62.5
v -127.5 5.6432 -60.0
v -127.5 5.0165 -62.5
v -130.0 5.9571 -60.0
v -130.0 7.3411 -57.5
v -127.5 6.9563 -57.5
v -130.0 5.9571 -60.0
v -127.5 6.9563 -57.5
v -127.5 5.6432 -60.0
v -130.0 7.3411 -57.5
v -130.0 8.2786 -55.0
v -127.5 7.3925 -55.0
v -130.0 7.3411 -57.5
v -127.5 7.3925 -55.0
v -127.5 6.9563 -57.5
v -130.0 8.2786 -55.0
v -130.0 8.3064 -52.5
v -127.5 7.0069 -52.5
v -130.0 8.2786 -55.0
v -127.5 7.0069 -52.5
v -127.5 7.3925 -55.0
v -130.0 8.3064 -52.5
v -130.0 7.3674 -50.0
v -127.5 6.1322 -50.0
v -130.0 8.3064 -52.5
v -127.5 6.1322 -50.0
v -127.5 7.0069 -52.5
v -130.0 7.3674 -50.0
v -130.0 7.535 -47.5
v -127.5 6.8476 -47.5
v -130.0 7.3674 -50.0
v -127.5 6.8476 -47.5
v -127.5 6.1322 -50.0
v -130.0 7.535 -47.5
v -130.0 8.3426 -45.0
v -127.5 8.1728 -45.0
v -130.0 7.535 -47.5
v -127.5 8.1728 -45.0
v -127.5 6.8476 -47.5
v -130.0 8.3426 -45.0
v -130.0 9.04 -42.5
v -127.5 9.095 -42.5
v -130.0 8.3426 -45.0
v -127.5 9.095 -42.5
v -127.5 8.1728 -45.0
v -130.0 9.04 -42.5
v -130.0 9.3945 -40.0
v -127.5 9.1749 -40.0
v -130.0 9.04 -42.5
v -127.5 9.1749 -40.0
v -127.5 9.095 -42.5
v -130.0 9.3945 -40.0
v -130.0 9.0361 -37.5
v -127.5 8.2882 -37.5
v -130.0 9.3945 -40.0
v -127.5 8.2882 -37.5
v -127.5 9.1749 -40.0
v -130.0 9.0361 -37.5
v -130.0 7.7987 -35.0
v -127.5 6.7423 -35.0
v -130.0 9.0361 -37.5
v -127.5 6.7423 -35.0
v -127.5 8.2882 -37.5
v -130.0 5.7397 -32.5
v -130.0 5.9061 -30.0
v -127.5 5.2118 -30.0
v -130.0 5.7397 -32.5
v -127.5 5.2118 -30.0
v -127.5 4.8203 -32.5
v -130.0 5.9061 -30.0
v -130.0 6.1453 -27.5
v -127.5 5.8066 -27.5
v -130.0 5.9061 -30.0
v -127.5 5.8066 -27.5
v -127.5 5.2118 -30.0
v -130.0 6.1453 -27.5
v -130.0 6.2763 -25.0
v -127.5 6.032 -25.0
v -130.0 6.1453 -27.5
v -127.5 6.032 -25.0
v -127.5 5.8066 -27.5
v -130.0 6.2763 -25.0
v -130.0 6.1541 -22.5
v -127.5 5.6526 -22.5
v -130.0 6.2763 -25.0
v -127.5 5.6526 -22.5
v -127.5 6.032 -25.0
v -130.0 6.1541 -22.5
v -130.0 5.5304 -20.0
v -127.5 4.6697 -20.0
v -130.0 6.1541 -22.5
v -127.5 4.6697 -20.0
v -127.5 5.6526 -22.5
v -130.0 5.5304 -20.0
v -130.0 6.1698 -17.5
v -127.5 4.6061 -17.5
v -130.0 5.5304 -20.0
v -127.5 4.6061 -17.5
v -127.5 4.6697 -20.0
v -130.0 6.1698 -17.5
v -130.0 6.9502 -15.0
v -127.5 5.4925 -15.0
v -130.0 6.1698 -17.5
v -127.5 5.4925 -15.0
v -127.5 4.6061 -17.5
v -130.0 6.9502 -15.0
v -130.0 7.1165 -12.5
v -127.5 6.0664 -12.5
v -130.0 6.9502 -15.0
v -127.5 6.0664 -12.5
v -127.5 5.4925 -15.0
v -130.0 7.1165 -12.5
v -130.0 6.9725 -10.0
v -127.5 6.2964 -10.0
v -130.0 7.1165 -12.5
v -127.5 6.2964 -10.0
v -127.5 6.0664 -12.5
v -130.0 6.9725 -10.0
v -130.0 6.5917 -7.5
v -127.5 5.8835 -7.5
v -130.0 6.9725 -10.0
v -127.5 5.8835 -7.5
v -127.5 6.2964 -10.0
v -130.0 6.5917 -7.5
v -130.0 5.716 -5.0
v -127.5 4.5936 -5.0
v -130.0 6.5917 -7.5
v -127.5 4.5936 -5.0
v -127.5 5.8835 -7.5
v -130.0 8.5979 70.0
v -130.0 8.714 72.5
v -127.5 8.0402 72.5
v -130.0 8.5979 70.0
v -127.5 8.0402 72.5
v -127.5 7.4412 70.0
v -130.0 8.714 72.5
v -130.0 8.4464 75.0
v -127.5 8.2677 75.0
v -130.0 8.714 72.5
v -127.5 8.2677 75.0
v -127.5 8.0402 72.5
v -130.0 8.4464 75.0
v -130.0 7.9316 77.5
v -127.5 7.7565 77.5
v -130.0 8.4464 75.0
v -127.5 7.7565 77.5
v -127.5 8.2677 75.0
v -130.0 7.9316 77.5
v -130.0 6.9043 80.0
v -127.5 6.2859 80.0
v -130.0 7.9316 77.5
v -127.5 6.2859 80.0
v -127.5 7.7565 77.5
v -130.0 6.9043 80.0
v -130.0 4.8851 82.5
v -127.5 4.7646 82.5
v -130.0 6.9043 80.0
v -127.5 4.7646 82.5
v -127.5 6.2859 80.0
v -130.0 4.8851 82.5
v -127.5 4.9681 85.0
v -127.5 4.7646 82.5
v -127.5 0 -82.5
v -127.5 0 -80.0
v -125.0 1.6987 -80.0
v -127.5 0 -82.5
v -125.0 1.6987 -80.0
v -125.0 0 -82.5
v -127.5 2.737 -77.5
v -127.5 4.4421 -75.0
v -125.0 5.312 -75.0
v -127.5 2.737 -77.5
v -125.0 5.312 -75.0
v -125.0 4.0403 -77.5
v -127.5 4.4421 -75.0
v -127.5 5.4148 -72.5
v -125.0 5.9573 -72.5
v -127.5 4.4421 -75.0
v -125.0 5.9573 -72.5
v -125.0 5.312 -75.0
v -127.5 5.4148 -72.5
v -127.5 5.7395 -70.0
v -125.0 6.3316 -70.0
v -127.5 5.4148 -72.5
v -125.0 6.3316 -70.0
v -125.0 5.9573 -72.5
v -127.5 5.7395 -70.0
v -127.5 5.651 -67.5
v -125.0 6.6342 -67.5
v -127.5 5.7395 -70.0
v -125.0 6.6342 -67.5
v -125.0 6.3316 -70.0
v -127.5 5.651 -67.5
v -127.5 5.4032 -65.0
v -125.0 6.7493 -65.0
v -127.5 5.651 -67.5
v -125.0 6.7493 -65.0
v -125.0 6.6342 -67.5
v -127.5 5.4032 -65.0
v -127.5 5.0165 -62.5
v -125.0 6.3863 -62.5
v -127.5 5.4032 -65.0
v -125.0 6.3863 -62.5
v -125.0 6.7493 -65.0
v -127.5 5.0165 -62.5
v -127.5 5.6432 -60.0
v -125.0 5.3625 -60.0
v -127.5 5.0165 -62.5
v -125.0 5.3625 -60.0
v -125.0 6.3863 -62.5
v -127.5 5.6432 -60.0
v -127.5 6.9563 -57.5
v -125.0 5.7371 -57.5
v -127.5 5.6432 -60.0
v -125.0 5.7371 -57.5
v -125.0 5.3625 -60.0
v -127.5 6.9563 -57.5
v -127.5 7.3925 -55.0
v -125.0 5.7297 -55.0
v -127.5 6.9563 -57.5
v -125.0 5.7297 -55.0
v -125.0 5.7371 -57.5
v -127.5 7.3925 -55.0
v -127.5 7.0069 -52.5
v -125.0 5.5223 -52.5
v -127.5 7.3925 -55.0
v -125.0 5.5223 -52.5
v -125.0 5.7297 -55.0
v -127.5 7.0069 -52.5
v -127.5 6.1322 -50.0
v -125.0 5.1918 -50.0
v -127.5 7.0069 -52.5
v -125.0 5.1918 -50.0
v -125.0 5.5223 -52.5
v -127.5 6.1322 -50.0
v -127.5 6.8476 -47.5
v -125.0 6.2286 -47.5
v -127.5 6.1322 -50.0
v -125.0 6.2286 -47.5
v -125.0 5.1918 -50.0
v -127.5 6.8476 -47.5
v -127.5 8.1728 -45.0
v -125.0 7.5321 -45.0
v -127.5 6.8476 -47.5
v -125.0 7.5321 -45.0
v -125.0 6.2286 -47.5
v -127.5 8.1728 -45.0
v -127.5 9.095 -42.5
v -125.0 7.9605 -42.5
v -127.5 8.1728 -45.0
v -125.0 7.9605 -42.5
v -125.0 7.5321 -45.0
v -127.5 9.095 -42.5
v -127.5 9.1749 -40.0
v -125.0 7.5527 -40.0
v -127.5 9.095 -42.5
v -125.0 7.5527 -40.0
v -125.0 7.9605 -42.5
v -127.5 9.1749 -40.0
v -127.5 8.2882 -37.5
v -125.0 6.6399 -37.5
v -127.5 9.1749 -40.0
v -125.0 6.6399 -37.5
v -125.0 7.5527 -40.0
v -127.5 8.2882 -37.5
v -127.5 6.7423 -35.0
v -125.0 5.4627 -35.0
v -127.5 8.2882 -37.5
v -125.0 5.4627 -35.0
v -125.0 6.6399 -37.5
v -127.5 4.8203 -32.5
v -127.5 5.2118 -30.0
v -125.0 4.5331 -30.0
v -127.5 4.8203 -32.5
v -125.0 4.5331 -30.0
v -125.0 3.7611 -32.5
v -127.5 5.2118 -30.0
v -127.5 5.8066 -27.5
v -125.0 5.0142 -27.5
v -127.5 5.2118 -30.0
v -125.0 5.0142 -27.5
v -125.0 4.5331 -30.0
v -127.5 5.8066 -27.5
v -127.5 6.032 -25.0
v -125.0 4.9746 -25.0
v -127.5 5.8066 -27.5
v -125.0 4.9746 -25.0
v -125.0 5.0142 -27.5
v -127.5 6.032 -25.0
v -127.5 5.6526 -22.5
v -125.0 4.5387 -22.5
v -127.5 6.032 -25.0
v -125.0 4.5387 -22.5
v -125.0 4.9746 -25.0
v -127.5 5.6526 -22.5
v -127.5 4.6697 -20.0
v -125.0 3.8787 -20.0
v -127.5 5.6526 -22.5
v -125.0 3.8787 -20.0
v -125.0 4.5387 -22.5
v -127.5 4.6697 -20.0
v -127.5 4.6061 -17.5
v -125.0 3.0769 -17.5
v -127.5 4.6697 -20.0
v -125.0 3.0769 -17.5
v -125.0 3.8787 -20.0
v -127.5 4.6061 -17.5
v -127.5 5.4925 -15.0
v -125.0 4.0181 -15.0
v -127.5 4.6061 -17.5
v -125.0 4.0181 -15.0
v -125.0 3.0769 -17.5
v -127.5 5.4925 -15.0
v -127.5 6.0664 -12.5
v -125.0 4.7565 -12.5
v -127.5 5.4925 -15.0
v -125.0 4.7565 -12.5
v -125.0 4.0181 -15.0
v -127.5 6.0664 -12.5
v -127.5 6.2964 -10.0
v -125.0 4.7457 -10.0
v -127.5 6.0664 -12.5
v -125.0 4.7457 -10.0
v -125.0 4.7565 -12.5
v -127.5 6.2964 -10.0
v -127.5 5.8835 -7.5
v -125.0 3.9087 -7.5
v -127.5 6.2964 -10.0
v -125.0 3.9087 -7.5
v -125.0 4.7457 -10.0
v -127.5 0 65.0
v -125.0 1.7447 67.5
v -125.0 0 65.0
v -127.5 7.4412 70.0
v -127.5 8.0402 72.5
v -125.0 7.2982 72.5
v -127.5 7.4412 70.0
v -125.0 7.2982 72.5
v -125.0 6.5362 70.0
v -127.5 8.0402 72.5
v -127.5 8.2677 75.0
v -125.0 7.2178 75.0
v -127.5 8.0402 72.5
v -125.0 7.2178 75.0
v -125.0 7.2982 72.5
v -127.5 8.2677 75.0
v -127.5 7.7565 77.5
v -125.0 6.2175 77.5
v -127.5 8.2677 75.0
v -125.0 6.2175 77.5
v -125.0 7.2178 75.0
v -127.5 7.7565 77.5
v -127.5 6.2859 80.0
v -125.0 5.5971 80.0
v -127.5 7.7565 77.5
v -125.0 5.5971 80.0
v -125.0 6.2175 77.5
v -127.5 6.2859 80.0
v -125.0 6.3121 82.5
v -125.0 5.5971 80.0
v -127.5 4.7646 82.5
v -127.5 4.9681 85.0
v -125.0 6.789 85.0
v -127.5 4.7646 82.5
v -125.0 6.789 85.0
v -125.0 6.3121 82.5
v -127.5 4.9681 85.0
v -125.0 7.0005 87.5
v -125.0 6.789 85.0
v -125.0 0 -82.5
v -125.0 1.6987 -80.0
v -122.5 2.5803 -80.0
v -125.0 1.6987 -80.0
v -122.5 4.4067 -77.5
v -122.5 2.5803 -80.0
v -125.0 4.0403 -77.5
v -125.0 5.312 -75.0
v -122.5 5.5066 -75.0
v -125.0 4.0403 -77.5
v -122.5 5.5066 -75.0
v -122.5 4.4067 -77.5
v -125.0 5.312 -75.0
v -125.0 5.9573 -72.5
v -122.5 6.4176 -72.5
v -125.0 5.312 -75.0
v -122.5 6.4176 -72.5
v -122.5 5.5066 -75.0
v -125.0 5.9573 -72.5
v -125.0 6.3316 -70.0
v -122.5 7.2766 -70.0
v -125.0 5.9573 -72.5
v -122.5 7.2766 -70.0
v -122.5 6.4176 -72.5
v -125.0 6.3316 -70.0
v -125.0 6.6342 -67.5
v -122.5 7.8184 -67.5
v -125.0 6.3316 -70.0
v -122.5 7.8184 -67.5
v -122.5 7.2766 -70.0
v -125.0 6.6342 -67.5
v -125.0 6.7493 -65.0
v -122.5 7.6703 -65.0
v -125.0 6.6342 -67.5
v -122.5 7.6703 -65.0
v -122.5 7.8184 -67.5
v -125.0 6.7493 -65.0
v -125.0 6.3863 -62.5
v -122.5 6.8272 -62.5
v -125.0 6.7493 -65.0
v -122.5 6.8272 -62.5
v -122.5 7.6703 -65.0
v -125.0 6.3863 -62.5
v -125.0 5.3625 -60.0
v -122.5 5.5624 -60.0
v -125.0 6.3863 -62.5
v -122.5 5.5624 -60.0
v -122.5 6.8272 -62.5
v -125.0 5.3625 -60.0
v -125.0 5.7371 -57.5
v -122.5 6.002 -57.5
v -125.0 5.3625 -60.0
v -122.5 6.002 -57.5
v -122.5 5.5624 -60.0
v -125.0 5.7371 -57.5
v -125.0 5.7297 -55.0
v -122.5 6.3693 -55.0
v -125.0 5.7371 -57.5
v -122.5 6.3693 -55.0
v -122.5 6.002 -57.5
v -125.0 5.7297 -55.0
v -125.0 5.5223 -52.5
v -122.5 6.5368 -52.5
v -125.0 5.7297 -55.0
v -122.5 6.5368 -52.5
v -122.5 6.3693 -55.0
v -125.0 5.5223 -52.5
v -125.0 5.1918 -50.0
v -122.5 6.2496 -50.0
v -125.0 5.5223 -52.5
v -122.5 6.2496 -50.0
v -122.5 6.5368 -52.5
v -125.0 5.1918 -50.0
v -125.0 6.2286 -47.5
v -122.5 5.3344 -47.5
v -125.0 5.1918 -50.0
v -122.5 5.3344 -47.5
v -122.5 6.2496 -50.0
v -125.0 6.2286 -47.5
v -122.5 5.5363 -45.0
v -122.5 5.3344 -47.5
v -125.0 7.5321 -45.0
v -122.5 5.7713 -42.5
v -122.5 5.5363 -45.0
v -125.0 7.9605 -42.5
v -125.0 7.5527 -40.0
v -122.5 5.5811 -40.0
v -125.0 7.5527 -40.0
v -125.0 6.6399 -37.5
v -122.5 5.0811 -37.5
v -125.0 7.5527 -40.0
v -122.5 5.0811 -37.5
v -122.5 5.5811 -40.0
v -125.0 6.6399 -37.5
v -125.0 5.4627 -35.0
v -122.5 3.9782 -35.0
v -125.0 6.6399 -37.5
v -122.5 3.9782 -35.0
v -122.5 5.0811 -37.5
v -125.0 5.4627 -35.0
v -125.0 3.7611 -32.5
v -122.5 4.5142 -32.5
v -125.0 5.4627 -35.0
v -122.5 4.5142 -32.5
v -122.5 3.9782 -35.0
v -125.0 3.7611 -32.5
v -125.0 4.5331 -30.0
v -122.5 5.2293 -30.0
v -125.0 3.7611 -32.5
v -122.5 5.2293 -30.0
v -122.5 4.5142 -32.5
v -125.0 4.5331 -30.0
v -125.0 5.0142 -27.5
v -122.5 5.4291 -27.5
v -125.0 4.5331 -30.0
v -122.5 5.4291 -27.5
v -122.5 5.2293 -30.0
v -125.0 5.0142 -27.5
v -125.0 4.9746 -25.0
v -122.5 5.28 -25.0
v -125.0 5.0142 -27.5
v -122.5 5.28 -25.0
v -122.5 5.4291 -27.5
v -125.0 4.9746 -25.0
v -125.0 4.5387 -22.5
v -122.5 5.0047 -22.5
v -125.0 4.9746 -25.0
v -122.5 5.0047 -22.5
v -122.5 5.28 -25.0
v -125.0 4.5387 -22.5
v -125.0 3.8787 -20.0
v -122.5 4.6597 -20.0
v -125.0 4.5387 -22.5
v -122.5 4.6597 -20.0
v -122.5 5.0047 -22.5
v -125.0 3.8787 -20.0
v -125.0 3.0769 -17.5
v -122.5 4.0515 -17.5
v -125.0 3.8787 -20.0
v -122.5 4.0515 -17.5
v -122.5 4.6597 -20.0
v -125.0 3.0769 -17.5
v -125.0 4.0181 -15.0
v -122.5 2.8876 -15.0
v -125.0 3.0769 -17.5
v -122.5 2.8876 -15.0
v -122.5 4.0515 -17.5
v -125.0 4.0181 -15.0
v -122.5 1.8086 -12.5
v -122.5 2.8876 -15.0
v -125.0 0 65.0
v -125.0 1.7447 67.5
v -122.5 1.152 67.5
v -125.0 0 65.0
v -122.5 1.152 67.5
v -122.5 0 65.0
v -125.0 6.5362 70.0
v -122.5 5.2383 72.5
v -122.5 4.8023 70.0
v -125.0 7.2178 75.0
v -125.0 6.2175 77.5
v -122.5 5.3725 77.5
v -125.0 6.2175 77.5
v -125.0 5.5971 80.0
v -122.5 6.74 80.0
v -125.0 6.2175 77.5
v -122.5 6.74 80.0
v -122.5 5.3725 77.5
v -125.0 5.5971 80.0
v -125.0 6.3121 82.5
v -122.5 7.9068 82.5
v -125.0 5.5971 80.0
v -122.5 7.9068 82.5
v -122.5 6.74 80.0
v -125.0 6.3121 82.5
v -125.0 6.789 85.0
v -122.5 8.7045 85.0
v -125.0 6.3121 82.5
v -122.5 8.7045 85.0
v -122.5 7.9068 82.5
v -125.0 6.789 85.0
v -125.0 7.0005 87.5
v -122.5 8.7439 87.5
v -125.0 6.789 85.0
v -122.5 8.7439 87.5
v -122.5 8.7045 85.0
v -125.0 7.0005 87.5
v -125.0 6.6282 90.0
v -122.5 7.8946 90.0
v -125.0 7.0005 87.5
v -122.5 7.8946 90.0
v -122.5 8.7439 87.5
v -125.0 6.6282 90.0
v -125.0 5.3976 92.5
v -122.5 6.406 92.5
v -125.0 6.6282 90.0
v -122.5 6.406 92.5
v -122.5 7.8946 90.0
v -122.5 0 -85.0
v -122.5 0 -82.5
v -120.0 0.2134 -82.5
v -122.5 0 -85.0
v -120.0 0.2134 -82.5
v -120.0 0 -85.0
v -122.5 2.5803 -80.0
v -122.5 4.4067 -77.5
v -120.0 4.4366 -77.5
v -122.5 2.5803 -80.0
v -120.0 4.4366 -77.5
v -120.0 2.6515 -80.0
v -122.5 4.4067 -77.5
v -122.5 5.5066 -75.0
v -120.0 5.8732 -75.0
v -122.5 4.4067 -77.5
v -120.0 5.8732 -75.0
v -120.0 4.4366 -77.5
v -122.5 5.5066 -75.0
v -122.5 6.4176 -72.5
v -120.0 7.129 -72.5
v -122.5 5.5066 -75.0
v -120.0 7.129 -72.5
v -120.0 5.8732 -75.0
v -122.5 6.4176 -72.5
v -122.5 7.2766 -70.0
v -120.0 7.9644 -70.0
v -122.5 6.4176 -72.5
v -120.0 7.9644 -70.0
v -120.0 7.129 -72.5
v -122.5 7.2766 -70.0
v -122.5 7.8184 -67.5
v -120.0 8.1028 -67.5
v -122.5 7.2766 -70.0
v -120.0 8.1028 -67.5
v -120.0 7.9644 -70.0
v -122.5 7.8184 -67.5
v -122.5 7.6703 -65.0
v -120.0 7.4545 -65.0
v -122.5 7.8184 -67.5
v -120.0 7.4545 -65.0
v -120.0 8.1028 -67.5
v -122.5 7.6703 -65.0
v -122.5 6.8272 -62.5
v -120.0 6.5432 -62.5
v -122.5 7.6703 -65.0
v -120.0 6.5432 -62.5
v -120.0 7.4545 -65.0
v -122.5 6.8272 -62.5
v -122.5 5.5624 -60.0
v -120.0 5.63 -60.0
v -122.5 6.8272 -62.5
v -120.0 5.63 -60.0
v -120.0 6.5432 -62.5
v -122.5 5.5624 -60.0
v -122.5 6.002 -57.5
v -120.0 6.5364 -57.5
v -122.5 5.5624 -60.0
v -120.0 6.5364 -57.5
v -120.0 5.63 -60.0
v -122.5 6.002 -57.5
v -122.5 6.3693 -55.0
v -120.0 7.2085 -55.0
v -122.5 6.002 -57.5
v -120.0 7.2085 -55.0
v -120.0 6.5364 -57.5
v -122.5 6.3693 -55.0
v -122.5 6.5368 -52.5
v -120.0 7.1644 -52.5
v -122.5 6.3693 -55.0
v -120.0 7.1644 -52.5
v -120.0 7.2085 -55.0
v -122.5 6.5368 -52.5
v -122.5 6.2496 -50.0
v -120.0 6.4167 -50.0
v -122.5 6.5368 -52.5
v -120.0 6.4167 -50.0
v -120.0 7.1644 -52.5
v -122.5 6.2496 -50.0
v -122.5 5.3344 -47.5
v -120.0 5.2276 -47.5
v -122.5 6.2496 -50.0
v -120.0 5.2276 -47.5
v -120.0 6.4167 -50.0
v -122.5 5.3344 -47.5
v -122.5 5.5363 -45.0
v -120.0 3.8097 -45.0
v -122.5 5.3344 -47.5
v -120.0 3.8097 -45.0
v -120.0 5.2276 -47.5
v -122.5 5.5363 -45.0
v -120.0 3.3191 -42.5
v -120.0 3.8097 -45.0
v -122.5 5.0811 -37.5
v -122.5 3.9782 -35.0
v -120.0 3.8451 -35.0
v -122.5 3.9782 -35.0
v -122.5 4.5142 -32.5
v -120.0 4.7739 -32.5
v -122.5 3.9782 -35.0
v -120.0 4.7739 -32.5
v -120.0 3.8451 -35.0
v -122.5 4.5142 -32.5
v -122.5 5.2293 -30.0
v -120.0 5.2375 -30.0
v -122.5 4.5142 -32.5
v -120.0 5.2375 -30.0
v -120.0 4.7739 -32.5
v -122.5 5.2293 -30.0
v -122.5 5.4291 -27.5
v -120.0 5.5053 -27.5
v -122.5 5.2293 -30.0
v -120.0 5.5053 -27.5
v -120.0 5.2375 -30.0
v -122.5 5.4291 -27.5
v -122.5 5.28 -25.0
v -120.0 5.7146 -25.0
v -122.5 5.4291 -27.5
v -120.0 5.7146 -25.0
v -120.0 5.5053 -27.5
v -122.5 5.28 -25.0
v -122.5 5.0047 -22.5
v -120.0 5.7428 -22.5
v -122.5 5.28 -25.0
v -120.0 5.7428 -22.5
v -120.0 5.7146 -25.0
v -122.5 5.0047 -22.5
v -122.5 4.6597 -20.0
v -120.0 5.4046 -20.0
v -122.5 5.0047 -22.5
v -120.0 5.4046 -20.0
v -120.0 5.7428 -22.5
v -122.5 4.6597 -20.0
v -122.5 4.0515 -17.5
v -120.0 4.5519 -17.5
v -122.5 4.6597 -20.0
v -120.0 4.5519 -17.5
v -120.0 5.4046 -20.0
v -122.5 4.0515 -17.5
v -122.5 2.8876 -15.0
v -120.0 3.2049 -15.0
v -122.5 4.0515 -17.5
v -120.0 3.2049 -15.0
v -120.0 4.5519 -17.5
v -122.5 2.8876 -15.0
v -122.5 1.8086 -12.5
v -120.0 1.2582 -12.5
v -122.5 2.8876 -15.0
v -120.0 1.2582 -12.5
v -120.0 3.2049 -15.0
v -122.5 1.8086 -12.5
v -122.5 1.6123 -10.0
v -120.0 0.0 -10.0
v -122.5 1.8086 -12.5
v -120.0 0.0 -10.0
v -120.0 1.2582 -12.5
v -122.5 1.6123 -10.0
v -122.5 0 -7.5
v -120.0 0.0 -7.5
v -122.5 1.6123 -10.0
v -120.0 0.0 -7.5
v -120.0 0.0 -10.0
v -122.5 0 65.0
v -122.5 1.152 67.5
v -120.0 0.0 67.5
v -122.5 1.152 67.5
v -120.0 0.8507 70.0
v -120.0 0.0 67.5
v -122.5 5.2383 72.5
v -122.5 4.8267 75.0
v -120.0 4.1782 75.0
v -122.5 4.8267 75.0
v -122.5 5.3725 77.5
v -120.0 6.3054 77.5
v -122.5 5.3725 77.5
v -122.5 6.74 80.0
v -120.0 8.0729 80.0
v -122.5 5.3725 77.5
v -120.0 8.0729 80.0
v -120.0 6.3054 77.5
v -122.5 6.74 80.0
v -122.5 7.9068 82.5
v -120.0 9.3107 82.5
v -122.5 6.74 80.0
v -120.0 9.3107 82.5
v -120.0 8.0729 80.0
v -122.5 7.9068 82.5
v -122.5 8.7045 85.0
v -120.0 9.6844 85.0
v -122.5 7.9068 82.5
v -120.0 9.6844 85.0
v -120.0 9.3107 82.5
v -122.5 8.7045 85.0
v -122.5 8.7439 87.5
v -120.0 9.1439 87.5
v -122.5 8.7045 85.0
v -120.0 9.1439 87.5
v -120.0 9.6844 85.0
v -122.5 8.7439 87.5
v -122.5 7.8946 90.0
v -120.0 8.1093 90.0
v -122.5 8.7439 87.5
v -120.0 8.1093 90.0
v -120.0 9.1439 87.5
v -122.5 7.8946 90.0
v -122.5 6.406 92.5
v -120.0 6.9593 92.5
v -122.5 7.8946 90.0
v -120.0 6.9593 92.5
v -120.0 8.1093 90.0
v -122.5 6.406 92.5
v -120.0 5.5646 95.0
v -120.0 6.9593 92.5
v -122.5 1.8336 97.5
v -122.5 0 100.0
v -120.0 0 100.0
v -120.0 0 -90.0
v -120.0 0 -87.5
v -117.5 2.0371 -87.5
v -120.0 0 -90.0
v -117.5 2.0371 -87.5
v -117.5 0 -90.0
v -120.0 2.6515 -80.0
v -120.0 4.4366 -77.5
v -117.5 4.5508 -77.5
v -120.0 2.6515 -80.0
v -117.5 4.5508 -77.5
v -117.5 4.1104 -80.0
v -120.0 4.4366 -77.5
v -120.0 5.8732 -75.0
v -117.5 6.1222 -75.0
v -120.0 4.4366 -77.5
v -117.5 6.1222 -75.0
v -117.5 4.5508 -77.5
v -120.0 5.8732 -75.0
v -120.0 7.129 -72.5
v -117.5 7.0986 -72.5
v -120.0 5.8732 -75.0
v -117.5 7.0986 -72.5
v -117.5 6.1222 -75.0
v -120.0 7.129 -72.5
v -120.0 7.9644 -70.0
v -117.5 7.4245 -70.0
v -120.0 7.129 -72.5
v -117.5 7.4245 -70.0
v -117.5 7.0986 -72.5
v -120.0 7.9644 -70.0
v -120.0 8.1028 -67.5
v -117.5 7.2718 -67.5
v -120.0 7.9644 -70.0
v -117.5 7.2718 -67.5
v -117.5 7.4245 -70.0
v -120.0 8.1028 -67.5
v -120.0 7.4545 -65.0
v -117.5 6.9115 -65.0
v -120.0 8.1028 -67.5
v -117.5 6.9115 -65.0
v -117.5 7.2718 -67.5
v -120.0 7.4545 -65.0
v -120.0 6.5432 -62.5
v -117.5 6.5031 -62.5
v -120.0 7.4545 -65.0
v -117.5 6.5031 -62.5
v -117.5 6.9115 -65.0
v -120.0 6.5432 -62.5
v -120.0 5.63 -60.0
v -117.5 5.9047 -60.0
v -120.0 6.5432 -62.5
v -117.5 5.9047 -60.0
v -117.5 6.5031 -62.5
v -120.0 5.63 -60.0
v -120.0 6.5364 -57.5
v -117.5 6.8069 -57.5
v -120.0 5.63 -60.0
v -117.5 6.8069 -57.5
v -117.5 5.9047 -60.0
v -120.0 6.5364 -57.5
v -120.0 7.2085 -55.0
v -117.5 7.066 -55.0
v -120.0 6.5364 -57.5
v -117.5 7.066 -55.0
v -117.5 6.8069 -57.5
v -120.0 7.2085 -55.0
v -120.0 7.1644 -52.5
v -117.5 6.624 -52.5
v -120.0 7.2085 -55.0
v -117.5 6.624 -52.5
v -117.5 7.066 -55.0
v -120.0 7.1644 -52.5
v -120.0 6.4167 -50.0
v -117.5 5.814 -50.0
v -120.0 7.1644 -52.5
v -117.5 5.814 -50.0
v -117.5 6.624 -52.5
v -120.0 6.4167 -50.0
v -120.0 5.2276 -47.5
v -117.5 4.9117 -47.5
v -120.0 6.4167 -50.0
v -117.5 4.9117 -47.5
v -117.5 5.814 -50.0
v -120.0 5.2276 -47.5
v -120.0 3.8097 -45.0
v -117.5 3.798 -45.0
v -120.0 5.2276 -47.5
v -117.5 3.798 -45.0
v -117.5 4.9117 -47.5
v -120.0 3.8097 -45.0
v -120.0 3.3191 -42.5
v -117.5 1.884 -42.5
v -120.0 3.8097 -45.0
v -117.5 1.884 -42.5
v -117.5 3.798 -45.0
v -120.0 3.3871 -40.0
v -120.0 2.6446 -37.5
v -117.5 2.3267 -37.5
v -120.0 2.6446 -37.5
v -120.0 3.8451 -35.0
v -117.5 3.6891 -35.0
v -120.0 2.6446 -37.5
v -117.5 3.6891 -35.0
v -117.5 2.3267 -37.5
v -120.0 3.8451 -35.0
v -120.0 4.7739 -32.5
v -117.5 4.5137 -32.5
v -120.0 3.8451 -35.0
v -117.5 4.5137 -32.5
v -117.5 3.6891 -35.0
v -120.0 4.7739 -32.5
v -120.0 5.2375 -30.0
v -117.5 5.198 -30.0
v -120.0 4.7739 -32.5
v -117.5 5.198 -30.0
v -117.5 4.5137 -32.5
v -120.0 5.2375 -30.0
v -120.0 5.5053 -27.5
v -117.5 5.8615 -27.5
v -120.0 5.2375 -30.0
v -117.5 5.8615 -27.5
v -117.5 5.198 -30.0
v -120.0 5.5053 -27.5
v -120.0 5.7146 -25.0
v -117.5 6.2792 -25.0
v -120.0 5.5053 -27.5
v -117.5 6.2792 -25.0
v -117.5 5.8615 -27.5
v -120.0 5.7146 -25.0
v -120.0 5.7428 -22.5
v -117.5 6.0963 -22.5
v -120.0 5.7146 -25.0
v -117.5 6.0963 -22.5
v -117.5 6.2792 -25.0
v -120.0 5.7428 -22.5
v -120.0 5.4046 -20.0
v -117.5 5.3785 -20.0
v -120.0 5.7428 -22.5
v -117.5 5.3785 -20.0
v -117.5 6.0963 -22.5
v -120.0 5.4046 -20.0
v -120.0 4.5519 -17.5
v -117.5 4.3196 -17.5
v -120.0 5.4046 -20.0
v -117.5 4.3196 -17.5
v -117.5 5.3785 -20.0
v -120.0 4.5519 -17.5
v -120.0 3.2049 -15.0
v -117.5 2.2851 -15.0
v -120.0 4.5519 -17.5
v -117.5 2.2851 -15.0
v -117.5 4.3196 -17.5
v -120.0 1.2582 -12.5
v -120.0 0.0 -10.0
v -117.5 0 -10.0
v -120.0 1.2582 -12.5
v -117.5 0 -10.0
v -117.5 0.3011 -12.5
v -120.0 0.0 67.5
v -120.0 0.8507 70.0
v -117.5 0 70.0
v -120.0 0.8507 70.0
v -120.0 1.7026 72.5
v -117.5 1.3016 72.5
v -120.0 0.8507 70.0
v -117.5 1.3016 72.5
v -117.5 0 70.0
v -120.0 6.3054 77.5
v -120.0 8.0729 80.0
v -117.5 8.6458 80.0
v -120.0 6.3054 77.5
v -117.5 8.6458 80.0
v -117.5 7.1103 77.5
v -120.0 8.0729 80.0
v -120.0 9.3107 82.5
v -117.5 9.3306 82.5
v -120.0 8.0729 80.0
v -117.5 9.3306 82.5
v -117.5 8.6458 80.0
v -120.0 9.3107 82.5
v -120.0 9.6844 85.0
v -117.5 9.3757 85.0
v -120.0 9.3107 82.5
v -117.5 9.3757 85.0
v -117.5 9.3306 82.5
v -120.0 9.6844 85.0
v -120.0 9.1439 87.5
v -117.5 8.9961 87.5
v -120.0 9.6844 85.0
v -117.5 8.9961 87.5
v -117.5 9.3757 85.0
v -120.0 9.1439 87.5
v -120.0 8.1093 90.0
v -117.5 8.5031 90.0
v -120.0 9.1439 87.5
v -117.5 8.5031 90.0
v -117.5 8.9961 87.5
v -120.0 8.1093 90.0
v -120.0 6.9593 92.5
v -117.5 7.7552 92.5
v -120.0 8.1093 90.0
v -117.5 7.7552 92.5
v -117.5 8.5031 90.0
v -120.0 6.9593 92.5
v -120.0 5.5646 95.0
v -117.5 6.296 95.0
v -120.0 6.9593 92.5
v -117.5 6.296 95.0
v -117.5 7.7552 92.5
v -117.5 4.1104 -80.0
v -117.5 4.5508 -77.5
v -115.0 6.2549 -77.5
v -117.5 4.5508 -77.5
v -117.5 6.1222 -75.0
v -115.0 5.4255 -75.0
v -117.5 4.5508 -77.5
v -115.0 5.4255 -75.0
v -115.0 6.2549 -77.5
v -117.5 6.1222 -75.0
v -117.5 7.0986 -72.5
v -115.0 6.0729 -72.5
v -117.5 6.1222 -75.0
v -115.0 6.0729 -72.5
v -115.0 5.4255 -75.0
v -117.5 7.0986 -72.5
v -117.5 7.4245 -70.0
v -115.0 6.402 -70.0
v -117.5 7.0986 -72.5
v -115.0 6.402 -70.0
v -115.0 6.0729 -72.5
v -117.5 7.4245 -70.0
v -117.5 7.2718 -67.5
v -115.0 6.648 -67.5
v -117.5 7.4245 -70.0
v -115.0 6.648 -67.5
v -115.0 6.402 -70.0
v -117.5 7.2718 -67.5
v -117.5 6.9115 -65.0
v -115.0 6.7473 -65.0
v -117.5 7.2718 -67.5
v -115.0 6.7473 -65.0
v -115.0 6.648 -67.5
v -117.5 6.9115 -65.0
v -117.5 6.5031 -62.5
v -115.0 6.4223 -62.5
v -117.5 6.9115 -65.0
v -115.0 6.4223 -62.5
v -115.0 6.7473 -65.0
v -117.5 6.5031 -62.5
v -117.5 5.9047 -60.0
v -115.0 5.5393 -60.0
v -117.5 6.5031 -62.5
v -115.0 5.5393 -60.0
v -115.0 6.4223 -62.5
v -117.5 5.9047 -60.0
v -117.5 6.8069 -57.5
v -115.0 6.0196 -57.5
v -117.5 5.9047 -60.0
v -115.0 6.0196 -57.5
v -115.0 5.5393 -60.0
v -117.5 6.8069 -57.5
v -117.5 7.066 -55.0
v -115.0 5.9957 -55.0
v -117.5 6.8069 -57.5
v -115.0 5.9957 -55.0
v -115.0 6.0196 -57.5
v -117.5 7.066 -55.0
v -117.5 6.624 -52.5
v -115.0 5.7316 -52.5
v -117.5 7.066 -55.0
v -115.0 5.7316 -52.5
v -115.0 5.9957 -55.0
v -117.5 6.624 -52.5
v -117.5 5.814 -50.0
v -115.0 5.3602 -50.0
v -117.5 6.624 -52.5
v -115.0 5.3602 -50.0
v -115.0 5.7316 -52.5
v -117.5 5.814 -50.0
v -117.5 4.9117 -47.5
v -115.0 4.7196 -47.5
v -117.5 5.814 -50.0
v -115.0 4.7196 -47.5
v -115.0 5.3602 -50.0
v -117.5 4.9117 -47.5
v -117.5 3.798 -45.0
v -115.0 3.4609 -45.0
v -117.5 4.9117 -47.5
v -115.0 3.4609 -45.0
v -115.0 4.7196 -47.5
v -117.5 1.884 -42.5
v -117.5 0 -40.0
v -115.0 0 -40.0
v -117.5 1.884 -42.5
v -115.0 0 -40.0
v -115.0 0.9585 -42.5
v -117.5 0 -40.0
v -115.0 1.8676 -37.5
v -115.0 0 -40.0
v -117.5 2.3267 -37.5
v -117.5 3.6891 -35.0
v -115.0 3.3 -35.0
v -117.5 2.3267 -37.5
v -115.0 3.3 -35.0
v -115.0 1.8676 -37.5
v -117.5 3.6891 -35.0
v -117.5 4.5137 -32.5
v -115.0 4.4033 -32.5
v -117.5 3.6891 -35.0
v -115.0 4.4033 -32.5
v -115.0 3.3 -35.0
v -117.5 4.5137 -32.5
v -117.5 5.198 -30.0
v -115.0 5.3486 -30.0
v -117.5 4.5137 -32.5
v -115.0 5.3486 -30.0
v -115.0 4.4033 -32.5
v -117.5 5.198 -30.0
v -117.5 5.8615 -27.5
v -115.0 5.9534 -27.5
v -117.5 5.198 -30.0
v -115.0 5.9534 -27.5
v -115.0 5.3486 -30.0
v -117.5 5.8615 -27.5
v -117.5 6.2792 -25.0
v -115.0 5.9973 -25.0
v -117.5 5.8615 -27.5
v -115.0 5.9973 -25.0
v -115.0 5.9534 -27.5
v -117.5 6.2792 -25.0
v -117.5 6.0963 -22.5
v -115.0 5.5082 -22.5
v -117.5 6.2792 -25.0
v -115.0 5.5082 -22.5
v -115.0 5.9973 -25.0
v -117.5 6.0963 -22.5
v -117.5 5.3785 -20.0
v -115.0 4.7706 -20.0
v -117.5 6.0963 -22.5
v -115.0 4.7706 -20.0
v -115.0 5.5082 -22.5
v -117.5 5.3785 -20.0
v -117.5 4.3196 -17.5
v -115.0 3.762 -17.5
v -117.5 5.3785 -20.0
v -115.0 3.762 -17.5
v -115.0 4.7706 -20.0
v -117.5 2.2851 -15.0
v -117.5 0.3011 -12.5
v -115.0 0.0 -12.5
v -117.5 2.2851 -15.0
v -115.0 0.0 -12.5
v -115.0 0.7552 -15.0
v -117.5 0.3011 -12.5
v -117.5 0 -10.0
v -115.0 0 -10.0
v -117.5 0.3011 -12.5
v -115.0 0 -10.0
v -115.0 0.0 -12.5
v -117.5 0 70.0
v -117.5 1.3016 72.5
v -115.0 0.9198 72.5
v -117.5 0 70.0
v -115.0 0.9198 72.5
v -115.0 0 70.0
v -117.5 4.7848 75.0
v -115.0 6.8084 77.5
v -115.0 4.7876 75.0
v -117.5 7.1103 77.5
v -117.5 8.6458 80.0
v -115.0 7.887 80.0
v -117.5 7.1103 77.5
v -115.0 7.887 80.0
v -115.0 6.8084 77.5
v -117.5 8.6458 80.0
v -117.5 9.3306 82.5
v -115.0 8.4896 82.5
v -117.5 8.6458 80.0
v -115.0 8.4896 82.5
v -115.0 7.887 80.0
v -117.5 9.3306 82.5
v -117.5 9.3757 85.0
v -115.0 8.9686 85.0
v -117.5 9.3306 82.5
v -115.0 8.9686 85.0
v -115.0 8.4896 82.5
v -117.5 9.3757 85.0
v -117.5 8.9961 87.5
v -115.0 9.2304 87.5
v -117.5 9.3757 85.0
v -115.0 9.2304 87.5
v -115.0 8.9686 85.0
v -117.5 8.9961 87.5
v -117.5 8.5031 90.0
v -115.0 8.9469 90.0
v -117.5 8.9961 87.5
v -115.0 8.9469 90.0
v -115.0 9.2304 87.5
v -117.5 8.5031 90.0
v -117.5 7.7552 92.5
v -115.0 7.8491 92.5
v -117.5 8.5031 90.0
v -115.0 7.8491 92.5
v -115.0 8.9469 90.0
v -117.5 7.7552 92.5
v -117.5 6.296 95.0
v -115.0 5.9155 95.0
v -117.5 7.7552 92.5
v -115.0 5.9155 95.0
v -115.0 7.8491 92.5
v -115.0 0 -95.0
v -115.0 0 -92.5
v -112.5 1.7607 -92.5
v -115.0 0 -95.0
v -112.5 1.7607 -92.5
v -112.5 0 -95.0
v -115.0 5.3302 -85.0
v -115.0 6.1313 -82.5
v -112.5 8.0182 -82.5
v -115.0 5.3302 -85.0
v -112.5 8.0182 -82.5
v -112.5 7.2186 -85.0
v -115.0 6.1313 -82.5
v -115.0 6.5317 -80.0
v -112.5 8.0282 -80.0
v -115.0 6.1313 -82.5
v -112.5 8.0282 -80.0
v -112.5 8.0182 -82.5
v -115.0 6.5317 -80.0
v -115.0 6.2549 -77.5
v -112.5 7.3294 -77.5
v -115.0 6.5317 -80.0
v -112.5 7.3294 -77.5
v -112.5 8.0282 -80.0
v -115.0 6.2549 -77.5
v -115.0 5.4255 -75.0
v -112.5 6.2561 -75.0
v -115.0 6.2549 -77.5
v -112.5 6.2561 -75.0
v -112.5 7.3294 -77.5
v -115.0 5.4255 -75.0
v -115.0 6.0729 -72.5
v -112.5 5.0114 -72.5
v -115.0 5.4255 -75.0
v -112.5 5.0114 -72.5
v -112.5 6.2561 -75.0
v -115.0 6.0729 -72.5
v -115.0 6.402 -70.0
v -112.5 5.7453 -70.0
v -115.0 6.0729 -72.5
v -112.5 5.7453 -70.0
v -112.5 5.0114 -72.5
v -115.0 6.402 -70.0
v -115.0 6.648 -67.5
v -112.5 6.2036 -67.5
v -115.0 6.402 -70.0
v -112.5 6.2036 -67.5
v -112.5 5.7453 -70.0
v -115.0 6.648 -67.5
v -115.0 6.7473 -65.0
v -112.5 6.1184 -65.0
v -115.0 6.648 -67.5
v -112.5 6.1184 -65.0
v -112.5 6.2036 -67.5
v -115.0 6.7473 -65.0
v -115.0 6.4223 -62.5
v -112.5 5.3862 -62.5
v -115.0 6.7473 -65.0
v -112.5 5.3862 -62.5
v -112.5 6.1184 -65.0
v -115.0 6.4223 -62.5
v -115.0 5.5393 -60.0
v -112.5 4.279 -60.0
v -115.0 6.4223 -62.5
v -112.5 4.279 -60.0
v -112.5 5.3862 -62.5
v -115.0 5.5393 -60.0
v -115.0 6.0196 -57.5
v -112.5 4.7495 -57.5
v -115.0 5.5393 -60.0
v -112.5 4.7495 -57.5
v -112.5 4.279 -60.0
v -115.0 6.0196 -57.5
v -115.0 5.9957 -55.0
v -112.5 5.0263 -55.0
v -115.0 6.0196 -57.5
v -112.5 5.0263 -55.0
v -112.5 4.7495 -57.5
v -115.0 5.9957 -55.0
v -115.0 5.7316 -52.5
v -112.5 5.1272 -52.5
v -115.0 5.9957 -55.0
v -112.5 5.1272 -52.5
v -112.5 5.0263 -55.0
v -115.0 5.7316 -52.5
v -115.0 5.3602 -50.0
v -112.5 4.8315 -50.0
v -115.0 5.7316 -52.5
v -112.5 4.8315 -50.0
v -112.5 5.1272 -52.5
v -115.0 5.3602 -50.0
v -115.0 4.7196 -47.5
v -112.5 3.9058 -47.5
v -115.0 5.3602 -50.0
v -112.5 3.9058 -47.5
v -112.5 4.8315 -50.0
v -115.0 4.7196 -47.5
v -115.0 3.4609 -45.0
v -112.5 2.2149 -45.0
v -115.0 4.7196 -47.5
v -112.5 2.2149 -45.0
v -112.5 3.9058 -47.5
v -115.0 0.9585 -42.5
v -115.0 0 -40.0
v -112.5 0 -40.0
v -115.0 0.9585 -42.5
v -112.5 0 -40.0
v -112.5 0 -42.5
v -115.0 0 -40.0
v -115.0 1.8676 -37.5
v -112.5 1.0801 -37.5
v -115.0 0 -40.0
v -112.5 1.0801 -37.5
v -112.5 0 -40.0
v -115.0 1.8676 -37.5
v -115.0 3.3 -35.0
v -112.5 2.9231 -35.0
v -115.0 1.8676 -37.5
v -112.5 2.9231 -35.0
v -112.5 1.0801 -37.5
v -115.0 3.3 -35.0
v -115.0 4.4033 -32.5
v -112.5 4.1724 -32.5
v -115.0 3.3 -35.0
v -112.5 4.1724 -32.5
v -112.5 2.9231 -35.0
v -115.0 4.4033 -32.5
v -115.0 5.3486 -30.0
v -112.5 4.9318 -30.0
v -115.0 4.4033 -32.5
v -112.5 4.9318 -30.0
v -112.5 4.1724 -32.5
v -115.0 5.3486 -30.0
v -115.0 5.9534 -27.5
v -112.5 5.1659 -27.5
v -115.0 5.3486 -30.0
v -112.5 5.1659 -27.5
v -112.5 4.9318 -30.0
v -115.0 5.9534 -27.5
v -115.0 5.9973 -25.0
v -112.5 5.0149 -25.0
v -115.0 5.9534 -27.5
v -112.5 5.0149 -25.0
v -112.5 5.1659 -27.5
v -115.0 5.9973 -25.0
v -115.0 5.5082 -22.5
v -112.5 4.7065 -22.5
v -115.0 5.9973 -25.0
v -112.5 4.7065 -22.5
v -112.5 5.0149 -25.0
v -115.0 5.5082 -22.5
v -115.0 4.7706 -20.0
v -112.5 4.3237 -20.0
v -115.0 5.5082 -22.5
v -112.5 4.3237 -20.0
v -112.5 4.7065 -22.5
v -115.0 0.7552 -15.0
v -115.0 0.0 -12.5
v -112.5 0 -12.5
v -115.0 0.7552 -15.0
v -112.5 0 -12.5
v -112.5 0.0 -15.0
v -115.0 0 70.0
v -115.0 0.9198 72.5
v -112.5 0 72.5
v -115.0 6.8084 77.5
v -115.0 7.887 80.0
v -112.5 6.91 80.0
v -115.0 6.8084 77.5
v -112.5 6.91 80.0
v -112.5 5.6097 77.5
v -115.0 7.887 80.0
v -115.0 8.4896 82.5
v -112.5 8.0321 82.5
v -115.0 7.887 80.0
v -112.5 8.0321 82.5
v -112.5 6.91 80.0
v -115.0 8.4896 82.5
v -115.0 8.9686 85.0
v -112.5 8.8524 85.0
v -115.0 8.4896 82.5
v -112.5 8.8524 85.0
v -112.5 8.0321 82.5
v -115.0 8.9686 85.0
v -115.0 9.2304 87.5
v -112.5 8.9621 87.5
v -115.0 8.9686 85.0
v -112.5 8.9621 87.5
v -112.5 8.8524 85.0
v -115.0 9.2304 87.5
v -115.0 8.9469 90.0
v -112.5 8.1672 90.0
v -115.0 9.2304 87.5
v -112.5 8.1672 90.0
v -112.5 8.9621 87.5
v -115.0 8.9469 90.0
v -115.0 7.8491 92.5
v -112.5 6.6748 92.5
v -115.0 8.9469 90.0
v -112.5 6.6748 92.5
v -112.5 8.1672 90.0
v -112.5 5.8732 -87.5
v -112.5 7.2186 -85.0
v -110.0 8.4211 -85.0
v -112.5 5.8732 -87.5
v -110.0 8.4211 -85.0
v -110.0 7.3358 -87.5
v -112.5 7.2186 -85.0
v -112.5 8.0182 -82.5
v -110.0 8.7066 -82.5
v -112.5 7.2186 -85.0
v -110.0 8.7066 -82.5
v -110.0 8.4211 -85.0
v -112.5 8.0182 -82.5
v -112.5 8.0282 -80.0
v -110.0 8.4053 -80.0
v -112.5 8.0182 -82.5
v -110.0 8.4053 -80.0
v -110.0 8.7066 -82.5
v -112.5 8.0282 -80.0
v -112.5 7.3294 -77.5
v -110.0 7.8841 -77.5
v -112.5 8.0282 -80.0
v -110.0 7.8841 -77.5
v -110.0 8.4053 -80.0
v -112.5 7.3294 -77.5
v -112.5 6.2561 -75.0
v -110.0 7.2957 -75.0
v -112.5 7.3294 -77.5
v -110.0 7.2957 -75.0
v -110.0 7.8841 -77.5
v -112.5 6.2561 -75.0
v -112.5 5.0114 -72.5
v -110.0 6.3791 -72.5
v -112.5 6.2561 -75.0
v -110.0 6.3791 -72.5
v -110.0 7.2957 -75.0
v -112.5 5.0114 -72.5
v -112.5 5.7453 -70.0
v -110.0 6.5406 -70.0
v -112.5 5.0114 -72.5
v -110.0 6.5406 -70.0
v -110.0 6.3791 -72.5
v -112.5 5.7453 -70.0
v -112.5 6.2036 -67.5
v -110.0 6.6498 -67.5
v -112.5 5.7453 -70.0
v -110.0 6.6498 -67.5
v -110.0 6.5406 -70.0
v -112.5 6.2036 -67.5
v -112.5 6.1184 -65.0
v -110.0 6.0687 -65.0
v -112.5 6.2036 -67.5
v -110.0 6.0687 -65.0
v -110.0 6.6498 -67.5
v -112.5 6.1184 -65.0
v -112.5 5.3862 -62.5
v -110.0 5.0577 -62.5
v -112.5 6.1184 -65.0
v -110.0 5.0577 -62.5
v -110.0 6.0687 -65.0
v -112.5 5.3862 -62.5
v -112.5 4.279 -60.0
v -110.0 3.7565 -60.0
v -112.5 5.3862 -62.5
v -110.0 3.7565 -60.0
v -110.0 5.0577 -62.5
v -112.5 4.279 -60.0
v -112.5 4.7495 -57.5
v -110.0 3.5808 -57.5
v -112.5 4.279 -60.0
v -110.0 3.5808 -57.5
v -110.0 3.7565 -60.0
v -112.5 4.7495 -57.5
v -112.5 5.0263 -55.0
v -110.0 4.0545 -55.0
v -112.5 4.7495 -57.5
v -110.0 4.0545 -55.0
v -110.0 3.5808 -57.5
v -112.5 5.0263 -55.0
v -112.5 5.1272 -52.5
v -110.0 4.0264 -52.5
v -112.5 5.0263 -55.0
v -110.0 4.0264 -52.5
v -110.0 4.0545 -55.0
v -112.5 5.1272 -52.5
v -112.5 4.8315 -50.0
v -110.0 3.381 -50.0
v -112.5 5.1272 -52.5
v -110.0 3.381 -50.0
v -110.0 4.0264 -52.5
v -112.5 4.8315 -50.0
v -112.5 3.9058 -47.5
v -110.0 2.122 -47.5
v -112.5 4.8315 -50.0
v -110.0 2.122 -47.5
v -110.0 3.381 -50.0
v -112.5 0 -40.0
v -112.5 1.0801 -37.5
v -110.0 0 -37.5
v -112.5 2.9231 -35.0
v -112.5 4.1724 -32.5
v -110.0 3.1931 -32.5
v -112.5 2.9231 -35.0
v -110.0 3.1931 -32.5
v -110.0 1.9687 -35.0
v -112.5 4.1724 -32.5
v -112.5 4.9318 -30.0
v -110.0 3.778 -30.0
v -112.5 4.1724 -32.5
v -110.0 3.778 -30.0
v -110.0 3.1931 -32.5
v -112.5 4.9318 -30.0
v -112.5 5.1659 -27.5
v -110.0 4.0323 -27.5
v -112.5 4.9318 -30.0
v -110.0 4.0323 -27.5
v -110.0 3.778 -30.0
v -112.5 5.1659 -27.5
v -112.5 5.0149 -25.0
v -110.0 4.1569 -25.0
v -112.5 5.1659 -27.5
v -110.0 4.1569 -25.0
v -110.0 4.0323 -27.5
v -112.5 5.0149 -25.0
v -112.5 4.7065 -22.5
v -110.0 4.1359 -22.5
v -112.5 5.0149 -25.0
v -110.0 4.1359 -22.5
v -110.0 4.1569 -25.0
v -112.5 4.7065 -22.5
v -112.5 4.3237 -20.0
v -110.0 2.5361 -20.0
v -112.5 4.7065 -22.5
v -110.0 2.5361 -20.0
v -110.0 4.1359 -22.5
v -112.5 1.793 -17.5
v -112.5 0.0 -15.0
v -110.0 0.0 -15.0
v -112.5 1.793 -17.5
v -110.0 0.0 -15.0
v -110.0 0.0187 -17.5
v -112.5 0 72.5
v -110.0 1.8109 75.0
v -110.0 0 72.5
v -112.5 5.6097 77.5
v -112.5 6.91 80.0
v -110.0 6.1269 80.0
v -112.5 6.91 80.0
v -112.5 8.0321 82.5
v -110.0 7.3288 82.5
v -112.5 6.91 80.0
v -110.0 7.3288 82.5
v -110.0 6.1269 80.0
v -112.5 8.0321 82.5
v -112.5 8.8524 85.0
v -110.0 7.7397 85.0
v -112.5 8.0321 82.5
v -110.0 7.7397 85.0
v -110.0 7.3288 82.5
v -112.5 8.8524 85.0
v -112.5 8.9621 87.5
v -110.0 7.3332 87.5
v -112.5 8.8524 85.0
v -110.0 7.3332 87.5
v -110.0 7.7397 85.0
v -112.5 8.9621 87.5
v -112.5 8.1672 90.0
v -110.0 6.3902 90.0
v -112.5 8.9621 87.5
v -110.0 6.3902 90.0
v -110.0 7.3332 87.5
v -110.0 5.5402 -90.0
v -110.0 7.3358 -87.5
v -107.5 7.7325 -87.5
v -110.0 5.5402 -90.0
v -107.5 7.7325 -87.5
v -107.5 6.3656 -90.0
v -110.0 7.3358 -87.5
v -110.0 8.4211 -85.0
v -107.5 8.3786 -85.0
v -110.0 7.3358 -87.5
v -107.5 8.3786 -85.0
v -107.5 7.7325 -87.5
v -110.0 8.4211 -85.0
v -110.0 8.7066 -82.5
v -107.5 8.6895 -82.5
v -110.0 8.4211 -85.0
v -107.5 8.6895 -82.5
v -107.5 8.3786 -85.0
v -110.0 8.7066 -82.5
v -110.0 8.4053 -80.0
v -107.5 8.9013 -80.0
v -110.0 8.7066 -82.5
v -107.5 8.9013 -80.0
v -107.5 8.6895 -82.5
v -110.0 8.4053 -80.0
v -110.0 7.8841 -77.5
v -107.5 8.8903 -77.5
v -110.0 8.4053 -80.0
v -107.5 8.8903 -77.5
v -107.5 8.9013 -80.0
v -110.0 7.8841 -77.5
v -110.0 7.2957 -75.0
v -107.5 8.3991 -75.0
v -110.0 7.8841 -77.5
v -107.5 8.3991 -75.0
v -107.5 8.8903 -77.5
v -110.0 7.2957 -75.0
v -110.0 6.3791 -72.5
v -107.5 7.1467 -72.5
v -110.0 7.2957 -75.0
v -107.5 7.1467 -72.5
v -107.5 8.3991 -75.0
v -110.0 6.3791 -72.5
v -110.0 6.5406 -70.0
v -107.5 7.4816 -70.0
v -110.0 6.3791 -72.5
v -107.5 7.4816 -70.0
v -107.5 7.1467 -72.5
v -110.0 6.5406 -70.0
v -110.0 6.6498 -67.5
v -107.5 7.2679 -67.5
v -110.0 6.5406 -70.0
v -107.5 7.2679 -67.5
v -107.5 7.4816 -70.0
v -110.0 6.6498 -67.5
v -110.0 6.0687 -65.0
v -107.5 6.7787 -65.0
v -110.0 6.6498 -67.5
v -107.5 6.7787 -65.0
v -107.5 7.2679 -67.5
v -110.0 6.0687 -65.0
v -110.0 5.0577 -62.5
v -107.5 6.1747 -62.5
v -110.0 6.0687 -65.0
v -107.5 6.1747 -62.5
v -107.5 6.7787 -65.0
v -110.0 5.0577 -62.5
v -110.0 3.7565 -60.0
v -107.5 5.2368 -60.0
v -110.0 5.0577 -62.5
v -107.5 5.2368 -60.0
v -107.5 6.1747 -62.5
v -110.0 3.7565 -60.0
v -110.0 3.5808 -57.5
v -107.5 3.4801 -57.5
v -110.0 3.5808 -57.5
v -107.5 2.0021 -55.0
v -107.5 3.4801 -57.5
v -110.0 4.0545 -55.0
v -107.5 1.7432 -52.5
v -107.5 2.0021 -55.0
v -110.0 1.9687 -35.0
v -110.0 3.1931 -32.5
v -107.5 1.6028 -32.5
v -110.0 3.1931 -32.5
v -110.0 3.778 -30.0
v -107.5 2.4612 -30.0
v -110.0 3.1931 -32.5
v -107.5 2.4612 -30.0
v -107.5 1.6028 -32.5
v -110.0 3.778 -30.0
v -110.0 4.0323 -27.5
v -107.5 3.0003 -27.5
v -110.0 3.778 -30.0
v -107.5 3.0003 -27.5
v -107.5 2.4612 -30.0
v -110.0 4.0323 -27.5
v -110.0 4.1569 -25.0
v -107.5 3.2587 -25.0
v -110.0 4.0323 -27.5
v -107.5 3.2587 -25.0
v -107.5 3.0003 -27.5
v -110.0 4.1569 -25.0
v -110.0 4.1359 -22.5
v -107.5 2.5759 -22.5
v -110.0 4.1569 -25.0
v -107.5 2.5759 -22.5
v -107.5 3.2587 -25.0
v -110.0 6.1269 80.0
v -107.5 5.32 82.5
v -107.5 4.3807 80.0
v -110.0 7.3288 82.5
v -107.5 5.482 85.0
v -107.5 5.32 82.5
v -110.0 7.3332 87.5
v -110.0 6.3902 90.0
v -107.5 4.6102 90.0
v -107.5 4.0633 -92.5
v -105.0 6.0821 -90.0
v -105.0 4.1602 -92.5
v -107.5 6.3656 -90.0
v -107.5 7.7325 -87.5
v -105.0 7.2295 -87.5
v -107.5 6.3656 -90.0
v -105.0 7.2295 -87.5
v -105.0 6.0821 -90.0
v -107.5 7.7325 -87.5
v -107.5 8.3786 -85.0
v -105.0 8.1589 -85.0
v -107.5 7.7325 -87.5
v -105.0 8.1589 -85.0
v -105.0 7.2295 -87.5
v -107.5 8.3786 -85.0
v -107.5 8.6895 -82.5
v -105.0 9.0849 -82.5
v -107.5 8.3786 -85.0
v -105.0 9.0849 -82.5
v -105.0 8.1589 -85.0
v -107.5 8.6895 -82.5
v -107.5 8.9013 -80.0
v -105.0 9.6859 -80.0
v -107.5 8.6895 -82.5
v -105.0 9.6859 -80.0
v -105.0 9.0849 -82.5
v -107.5 8.9013 -80.0
v -107.5 8.8903 -77.5
v -105.0 9.45 -77.5
v -107.5 8.9013 -80.0
v -105.0 9.45 -77.5
v -105.0 9.6859 -80.0
v -107.5 8.8903 -77.5
v -107.5 8.3991 -75.0
v -105.0 8.3912 -75.0
v -107.5 8.8903 -77.5
v -105.0 8.3912 -75.0
v -105.0 9.45 -77.5
v -107.5 8.3991 -75.0
v -107.5 7.1467 -72.5
v -105.0 7.3112 -72.5
v -107.5 8.3991 -75.0
v -105.0 7.3112 -72.5
v -105.0 8.3912 -75.0
v -107.5 7.1467 -72.5
v -107.5 7.4816 -70.0
v -105.0 7.6377 -70.0
v -107.5 7.1467 -72.5
v -105.0 7.6377 -70.0
v -105.0 7.3112 -72.5
v -107.5 7.4816 -70.0
v -107.5 7.2679 -67.5
v -105.0 7.8182 -67.5
v -107.5 7.4816 -70.0
v -105.0 7.8182 -67.5
v -105.0 7.6377 -70.0
v -107.5 7.2679 -67.5
v -107.5 6.7787 -65.0
v -105.0 7.8043 -65.0
v -107.5 7.2679 -67.5
v -105.0 7.8043 -65.0
v -105.0 7.8182 -67.5
v -107.5 6.7787 -65.0
v -107.5 6.1747 -62.5
v -105.0 7.3518 -62.5
v -107.5 6.7787 -65.0
v -105.0 7.3518 -62.5
v -105.0 7.8043 -65.0
v -107.5 6.1747 -62.5
v -107.5 5.2368 -60.0
v -105.0 6.1818 -60.0
v -107.5 6.1747 -62.5
v -105.0 6.1818 -60.0
v -105.0 7.3518 -62.5
v -107.5 5.2368 -60.0
v -107.5 3.4801 -57.5
v -105.0 4.2105 -57.5
v -107.5 3.4801 -57.5
v -107.5 2.0021 -55.0
v -105.0 1.0644 -55.0
v -107.5 2.0021 -55.0
v -107.5 1.7432 -52.5
v -105.0 0 -52.5
v -107.5 2.0021 -55.0
v -105.0 0 -52.5
v -105.0 1.0644 -55.0
v -107.5 1.7432 -52.5
v -107.5 0.7715 -50.0
v -105.0 0 -50.0
v -107.5 1.7432 -52.5
v -105.0 0 -50.0
v -105.0 0 -52.5
v -107.5 0.7715 -50.0
v -107.5 0 -47.5
v -105.0 0 -47.5
v -107.5 0.7715 -50.0
v -105.0 0 -47.5
v -105.0 0 -50.0
v -107.5 1.6028 -32.5
v -105.0 0.1211 -30.0
v -105.0 0 -32.5
v -107.5 2.4612 -30.0
v -107.5 3.0003 -27.5
v -105.0 1.1875 -27.5
v -107.5 3.0003 -27.5
v -107.5 3.2587 -25.0
v -105.0 1.266 -25.0
v -107.5 3.0003 -27.5
v -105.0 1.266 -25.0
v -105.0 1.1875 -27.5
v -107.5 0.4138 -20.0
v -107.5 0.0 -17.5
v -105.0 0 -17.5
v -107.5 0.4138 -20.0
v -105.0 0 -17.5
v -105.0 0 -20.0
v -107.5 0.636 95.0
v -107.5 0 97.5
v -105.0 0 97.5
v -107.5 0.636 95.0
v -105.0 0 97.5
v -105.0 0 95.0
v -105.0 4.1602 -92.5
v -105.0 6.0821 -90.0
v -102.5 5.3736 -90.0
v -105.0 6.0821 -90.0
v -105.0 7.2295 -87.5
v -102.5 6.9374 -87.5
v -105.0 6.0821 -90.0
v -102.5 6.9374 -87.5
v -102.5 5.3736 -90.0
v -105.0 7.2295 -87.5
v -105.0 8.1589 -85.0
v -102.5 8.318 -85.0
v -105.0 7.2295 -87.5
v -102.5 8.318 -85.0
v -102.5 6.9374 -87.5
v -105.0 8.1589 -85.0
v -105.0 9.0849 -82.5
v -102.5 9.2368 -82.5
v -105.0 8.1589 -85.0
v -102.5 9.2368 -82.5
v -102.5 8.318 -85.0
v -105.0 9.0849 -82.5
v -105.0 9.6859 -80.0
v -102.5 9.3215 -80.0
v -105.0 9.0849 -82.5
v -102.5 9.3215 -80.0
v -102.5 9.2368 -82.5
v -105.0 9.6859 -80.0
v -105.0 9.45 -77.5
v -102.5 8.5709 -77.5
v -105.0 9.6859 -80.0
v -102.5 8.5709 -77.5
v -102.5 9.3215 -80.0
v -105.0 9.45 -77.5
v -105.0 8.3912 -75.0
v -102.5 7.3939 -75.0
v -105.0 9.45 -77.5
v -102.5 7.3939 -75.0
v -102.5 8.5709 -77.5
v -105.0 8.3912 -75.0
v -105.0 7.3112 -72.5
v -102.5 7.2122 -72.5
v -105.0 8.3912 -75.0
v -102.5 7.2122 -72.5
v -102.5 7.3939 -75.0
v -105.0 7.3112 -72.5
v -105.0 7.6377 -70.0
v -102.5 8.0924 -70.0
v -105.0 7.3112 -72.5
v -102.5 8.0924 -70.0
v -102.5 7.2122 -72.5
v -105.0 7.6377 -70.0
v -105.0 7.8182 -67.5
v -102.5 8.7143 -67.5
v -105.0 7.6377 -70.0
v -102.5 8.7143 -67.5
v -102.5 8.0924 -70.0
v -105.0 7.8182 -67.5
v -105.0 7.8043 -65.0
v -102.5 8.538 -65.0
v -105.0 7.8182 -67.5
v -102.5 8.538 -65.0
v -102.5 8.7143 -67.5
v -105.0 7.8043 -65.0
v -105.0 7.3518 -62.5
v -102.5 7.5851 -62.5
v -105.0 7.8043 -65.0
v -102.5 7.5851 -62.5
v -102.5 8.538 -65.0
v -105.0 7.3518 -62.5
v -105.0 6.1818 -60.0
v -102.5 6.0431 -60.0
v -105.0 7.3518 -62.5
v -102.5 6.0431 -60.0
v -102.5 7.5851 -62.5
v -105.0 6.1818 -60.0
v -105.0 4.2105 -57.5
v -102.5 4.1356 -57.5
v -105.0 6.1818 -60.0
v -102.5 4.1356 -57.5
v -102.5 6.0431 -60.0
v -105.0 1.0644 -55.0
v -105.0 0 -52.5
v -102.5 0 -52.5
v -105.0 1.0644 -55.0
v -102.5 0 -52.5
v -102.5 1.4325 -55.0
v -105.0 0 -32.5
v -105.0 0.1211 -30.0
v -102.5 0 -30.0
v -105.0 0.1211 -30.0
v -105.0 1.1875 -27.5
v -102.5 0.0 -27.5
v -105.0 0.1211 -30.0
v -102.5 0.0 -27.5
v -102.5 0 -30.0
v -105.0 1.1875 -27.5
v -105.0 1.266 -25.0
v -102.5 0.0 -25.0
v -105.0 1.1875 -27.5
v -102.5 0.0 -25.0
v -102.5 0.0 -27.5
v -105.0 1.266 -25.0
v -105.0 0.2732 -22.5
v -102.5 0 -22.5
v -105.0 1.266 -25.0
v -102.5 0 -22.5
v -102.5 0.0 -25.0
v -105.0 0.2732 -22.5
v -105.0 0 -20.0
v -102.5 0 -20.0
v -105.0 0.2732 -22.5
v -102.5 0 -20.0
v -102.5 0 -22.5
v -105.0 0 77.5
v -105.0 0.485 80.0
v -102.5 0 80.0
v -105.0 0.485 80.0
v -102.5 0 82.5
v -102.5 0 80.0
v -105.0 2.75 87.5
v -105.0 1.8608 90.0
v -102.5 0 90.0
v -105.0 1.8608 90.0
v -105.0 0 92.5
v -102.5 0 92.5
v -105.0 1.8608 90.0
v -102.5 0 92.5
v -102.5 0 90.0
v -102.5 5.3736 -90.0
v -102.5 6.9374 -87.5
v -100.0 6.5901 -87.5
v -102.5 5.3736 -90.0
v -100.0 6.5901 -87.5
v -100.0 4.7584 -90.0
v -102.5 6.9374 -87.5
v -102.5 8.318 -85.0
v -100.0 7.735 -85.0
v -102.5 6.9374 -87.5
v -100.0 7.735 -85.0
v -100.0 6.5901 -87.5
v -102.5 8.318 -85.0
v -102.5 9.2368 -82.5
v -100.0 8.0796 -82.5
v -102.5 8.318 -85.0
v -100.0 8.0796 -82.5
v -100.0 7.735 -85.0
v -102.5 9.2368 -82.5
v -102.5 9.3215 -80.0
v -100.0 7.7965 -80.0
v -102.5 9.2368 -82.5
v -100.0 7.7965 -80.0
v -100.0 8.0796 -82.5
v -102.5 9.3215 -80.0
v -102.5 8.5709 -77.5
v -100.0 7.2425 -77.5
v -102.5 9.3215 -80.0
v -100.0 7.2425 -77.5
v -100.0 7.7965 -80.0
v -102.5 8.5709 -77.5
v -102.5 7.3939 -75.0
v -100.0 6.5915 -75.0
v -102.5 8.5709 -77.5
v -100.0 6.5915 -75.0
v -100.0 7.2425 -77.5
v -102.5 7.3939 -75.0
v -102.5 7.2122 -72.5
v -100.0 7.4319 -72.5
v -102.5 7.3939 -75.0
v -100.0 7.4319 -72.5
v -100.0 6.5915 -75.0
v -102.5 7.2122 -72.5
v -102.5 8.0924 -70.0
v -100.0 8.3958 -70.0
v -102.5 7.2122 -72.5
v -100.0 8.3958 -70.0
v -100.0 7.4319 -72.5
v -102.5 8.0924 -70.0
v -102.5 8.7143 -67.5
v -100.0 8.5891 -67.5
v -102.5 8.0924 -70.0
v -100.0 8.5891 -67.5
v -100.0 8.3958 -70.0
v -102.5 8.7143 -67.5
v -102.5 8.538 -65.0
v -100.0 7.9289 -65.0
v -102.5 8.7143 -67.5
v -100.0 7.9289 -65.0
v -100.0 8.5891 -67.5
v -102.5 8.538 -65.0
v -102.5 7.5851 -62.5
v -100.0 6.7978 -62.5
v -102.5 8.538 -65.0
v -100.0 6.7978 -62.5
v -100.0 7.9289 -65.0
v -102.5 7.5851 -62.5
v -102.5 6.0431 -60.0
v -100.0 5.5136 -60.0
v -102.5 7.5851 -62.5
v -100.0 5.5136 -60.0
v -100.0 6.7978 -62.5
v -102.5 6.0431 -60.0
v -102.5 4.1356 -57.5
v -100.0 3.9446 -57.5
v -102.5 6.0431 -60.0
v -100.0 3.9446 -57.5
v -100.0 5.5136 -60.0
v -102.5 1.4325 -55.0
v -102.5 0 -52.5
v -100.0 0 -52.5
v -102.5 1.4325 -55.0
v -100.0 0 -52.5
v -100.0 1.0448 -55.0
v -100.0 6.5901 -87.5
v -100.0 7.735 -85.0
v -97.5 6.3664 -85.0
v -100.0 6.5901 -87.5
v -97.5 6.3664 -85.0
v -97.5 5.4816 -87.5
v -100.0 7.735 -85.0
v -100.0 8.0796 -82.5
v -97.5 6.7429 -82.5
v -100.0 7.735 -85.0
v -97.5 6.7429 -82.5
v -97.5 6.3664 -85.0
v -100.0 8.0796 -82.5
v -100.0 7.7965 -80.0
v -97.5 6.9433 -80.0
v -100.0 8.0796 -82.5
v -97.5 6.9433 -80.0
v -97.5 6.7429 -82.5
v -100.0 7.7965 -80.0
v -100.0 7.2425 -77.5
v -97.5 6.9959 -77.5
v -100.0 7.7965 -80.0
v -97.5 6.9959 -77.5
v -97.5 6.9433 -80.0
v -100.0 7.2425 -77.5
v -100.0 6.5915 -75.0
v -97.5 6.618 -75.0
v -100.0 7.2425 -77.5
v -97.5 6.618 -75.0
v -97.5 6.9959 -77.5
v -100.0 6.5915 -75.0
v -100.0 7.4319 -72.5
v -97.5 7.0436 -72.5
v -100.0 6.5915 -75.0
v -97.5 7.0436 -72.5
v -97.5 6.618 -75.0
v -100.0 7.4319 -72.5
v -100.0 8.3958 -70.0
v -97.5 7.4883 -70.0
v -100.0 7.4319 -72.5
v -97.5 7.4883 -70.0
v -97.5 7.0436 -72.5
v -100.0 8.3958 -70.0
v -100.0 8.5891 -67.5
v -97.5 7.2779 -67.5
v -100.0 8.3958 -70.0
v -97.5 7.2779 -67.5
v -97.5 7.4883 -70.0
v -100.0 8.5891 -67.5
v -100.0 7.9289 -65.0
v -97.5 6.7374 -65.0
v -100.0 8.5891 -67.5
v -97.5 6.7374 -65.0
v -97.5 7.2779 -67.5
v -100.0 7.9289 -65.0
v -100.0 6.7978 -62.5
v -97.5 6.0769 -62.5
v -100.0 7.9289 -65.0
v -97.5 6.0769 -62.5
v -97.5 6.7374 -65.0
v -100.0 6.7978 -62.5
v -100.0 5.5136 -60.0
v -97.5 5.1257 -60.0
v -100.0 6.7978 -62.5
v -97.5 5.1257 -60.0
v -97.5 6.0769 -62.5
v -100.0 5.5136 -60.0
v -100.0 3.9446 -57.5
v -97.5 3.3888 -57.5
v -100.0 5.5136 -60.0
v -97.5 3.3888 -57.5
v -97.5 5.1257 -60.0
v -100.0 1.0448 -55.0
v -100.0 0 -52.5
v -97.5 0 -52.5
v -100.0 1.0448 -55.0
v -97.5 0 -52.5
v -97.5 0 -55.0
v -97.5 3.6888 -90.0
v -97.5 5.4816 -87.5
v -95.0 6.1419 -87.5
v -97.5 3.6888 -90.0
v -95.0 6.1419 -87.5
v -95.0 4.7918 -90.0
v -97.5 5.4816 -87.5
v -97.5 6.3664 -85.0
v -95.0 7.0901 -85.0
v -97.5 5.4816 -87.5
v -95.0 7.0901 -85.0
v -95.0 6.1419 -87.5
v -97.5 6.3664 -85.0
v -97.5 6.7429 -82.5
v -95.0 7.9475 -82.5
v -97.5 6.3664 -85.0
v -95.0 7.9475 -82.5
v -95.0 7.0901 -85.0
v -97.5 6.7429 -82.5
v -97.5 6.9433 -80.0
v -95.0 8.5735 -80.0
v -97.5 6.7429 -82.5
v -95.0 8.5735 -80.0
v -95.0 7.9475 -82.5
v -97.5 6.9433 -80.0
v -97.5 6.9959 -77.5
v -95.0 8.5781 -77.5
v -97.5 6.9433 -80.0
v -95.0 8.5781 -77.5
v -95.0 8.5735 -80.0
v -97.5 6.9959 -77.5
v -97.5 6.618 -75.0
v -95.0 7.7656 -75.0
v -97.5 6.9959 -77.5
v -95.0 7.7656 -75.0
v -95.0 8.5781 -77.5
v -97.5 6.618 -75.0
v -97.5 7.0436 -72.5
v -95.0 6.2996 -72.5
v -97.5 6.618 -75.0
v -95.0 6.2996 -72.5
v -95.0 7.7656 -75.0
v -97.5 7.0436 -72.5
v -97.5 7.4883 -70.0
v -95.0 5.8525 -70.0
v -97.5 7.0436 -72.5
v -95.0 5.8525 -70.0
v -95.0 6.2996 -72.5
v -97.5 7.4883 -70.0
v -97.5 7.2779 -67.5
v -95.0 5.9496 -67.5
v -97.5 7.4883 -70.0
v -95.0 5.9496 -67.5
v -95.0 5.8525 -70.0
v -97.5 7.2779 -67.5
v -97.5 6.7374 -65.0
v -95.0 5.8659 -65.0
v -97.5 7.2779 -67.5
v -95.0 5.8659 -65.0
v -95.0 5.9496 -67.5
v -97.5 6.7374 -65.0
v -97.5 6.0769 -62.5
v -95.0 5.3564 -62.5
v -97.5 6.7374 -65.0
v -95.0 5.3564 -62.5
v -95.0 5.8659 -65.0
v -97.5 6.0769 -62.5
v -97.5 5.1257 -60.0
v -95.0 4.0834 -60.0
v -97.5 6.0769 -62.5
v -95.0 4.0834 -60.0
v -95.0 5.3564 -62.5
v -95.0 4.7918 -90.0
v -95.0 6.1419 -87.5
v -92.5 6.7251 -87.5
v -95.0 4.7918 -90.0
v -92.5 6.7251 -87.5
v -92.5 5.1311 -90.0
v -95.0 6.1419 -87.5
v -95.0 7.0901 -85.0
v -92.5 8.1654 -85.0
v -95.0 6.1419 -87.5
v -92.5 8.1654 -85.0
v -92.5 6.7251 -87.5
v -95.0 7.0901 -85.0
v -95.0 7.9475 -82.5
v -92.5 9.2443 -82.5
v -95.0 7.0901 -85.0
v -92.5 9.2443 -82.5
v -92.5 8.1654 -85.0
v -95.0 7.9475 -82.5
v -95.0 8.5735 -80.0
v -92.5 9.5507 -80.0
v -95.0 7.9475 -82.5
v -92.5 9.5507 -80.0
v -92.5 9.2443 -82.5
v -95.0 8.5735 -80.0
v -95.0 8.5781 -77.5
v -92.5 8.9368 -77.5
v -95.0 8.5735 -80.0
v -92.5 8.9368 -77.5
v -92.5 9.5507 -80.0
v -95.0 8.5781 -77.5
v -95.0 7.7656 -75.0
v -92.5 7.8079 -75.0
v -95.0 8.5781 -77.5
v -92.5 7.8079 -75.0
v -92.5 8.9368 -77.5
v -95.0 7.7656 -75.0
v -95.0 6.2996 -72.5
v -92.5 6.5573 -72.5
v -95.0 7.7656 -75.0
v -92.5 6.5573 -72.5
v -92.5 7.8079 -75.0
v -95.0 6.2996 -72.5
v -95.0 5.8525 -70.0
v -92.5 5.1463 -70.0
v -95.0 6.2996 -72.5
v -92.5 5.1463 -70.0
v -92.5 6.5573 -72.5
v -95.0 5.8525 -70.0
v -95.0 5.9496 -67.5
v -92.5 4.7024 -67.5
v -95.0 5.8525 -70.0
v -92.5 4.7024 -67.5
v -92.5 5.1463 -70.0
v -95.0 5.9496 -67.5
v -95.0 5.8659 -65.0
v -92.5 4.5158 -65.0
v -95.0 5.9496 -67.5
v -92.5 4.5158 -65.0
v -92.5 4.7024 -67.5
v -95.0 5.8659 -65.0
v -95.0 5.3564 -62.5
v -92.5 3.5702 -62.5
v -95.0 5.8659 -65.0
v -92.5 3.5702 -62.5
v -92.5 4.5158 -65.0
v -95.0 1.6344 -57.5
v -95.0 0 -55.0
v -92.5 0 -55.0
v -95.0 1.6344 -57.5
v -92.5 0 -55.0
v -92.5 0 -57.5
v -92.5 5.1311 -90.0
v -92.5 6.7251 -87.5
v -90.0 7.4337 -87.5
v -92.5 5.1311 -90.0
v -90.0 7.4337 -87.5
v -90.0 5.5326 -90.0
v -92.5 6.7251 -87.5
v -92.5 8.1654 -85.0
v -90.0 8.7594 -85.0
v -92.5 6.7251 -87.5
v -90.0 8.7594 -85.0
v -90.0 7.4337 -87.5
v -92.5 8.1654 -85.0
v -92.5 9.2443 -82.5
v -90.0 9.3158 -82.5
v -92.5 8.1654 -85.0
v -90.0 9.3158 -82.5
v -90.0 8.7594 -85.0
v -92.5 9.2443 -82.5
v -92.5 9.5507 -80.0
v -90.0 9.1715 -80.0
v -92.5 9.2443 -82.5
v -90.0 9.1715 -80.0
v -90.0 9.3158 -82.5
v -92.5 9.5507 -80.0
v -92.5 8.9368 -77.5
v -90.0 8.5352 -77.5
v -92.5 9.5507 -80.0
v -90.0 8.5352 -77.5
v -90.0 9.1715 -80.0
v -92.5 8.9368 -77.5
v -92.5 7.8079 -75.0
v -90.0 7.8789 -75.0
v -92.5 8.9368 -77.5
v -90.0 7.8789 -75.0
v -90.0 8.5352 -77.5
v -92.5 7.8079 -75.0
v -92.5 6.5573 -72.5
v -90.0 7.0932 -72.5
v -92.5 7.8079 -75.0
v -90.0 7.0932 -72.5
v -90.0 7.8789 -75.0
v -92.5 6.5573 -72.5
v -92.5 5.1463 -70.0
v -90.0 5.737 -70.0
v -92.5 6.5573 -72.5
v -90.0 5.737 -70.0
v -90.0 7.0932 -72.5
v -92.5 5.1463 -70.0
v -92.5 4.7024 -67.5
v -90.0 3.3221 -67.5
v -92.5 1.7049 -60.0
v -92.5 0 -57.5
v -90.0 0.0 -57.5
v -92.5 1.7049 -60.0
v -90.0 0.0 -57.5
v -90.0 0 -60.0
v -90.0 0 -102.5
v -90.0 0 -100.0
v -87.5 1.4164 -100.0
v -90.0 0 -102.5
v -87.5 1.4164 -100.0
v -87.5 0 -102.5
v -90.0 0 -100.0
v -87.5 2.588 -97.5
v -87.5 1.4164 -100.0
v -90.0 5.5326 -90.0
v -90.0 7.4337 -87.5
v -87.5 7.2103 -87.5
v -90.0 5.5326 -90.0
v -87.5 7.2103 -87.5
v -87.5 5.5938 -90.0
v -90.0 7.4337 -87.5
v -90.0 8.7594 -85.0
v -87.5 8.0191 -85.0
v -90.0 7.4337 -87.5
v -87.5 8.0191 -85.0
v -87.5 7.2103 -87.5
v -90.0 8.7594 -85.0
v -90.0 9.3158 -82.5
v -87.5 8.3319 -82.5
v -90.0 8.7594 -85.0
v -87.5 8.3319 -82.5
v -87.5 8.0191 -85.0
v -90.0 9.3158 -82.5
v -90.0 9.1715 -80.0
v -87.5 8.4827 -80.0
v -90.0 9.3158 -82.5
v -87.5 8.4827 -80.0
v -87.5 8.3319 -82.5
v -90.0 9.1715 -80.0
v -90.0 8.5352 -77.5
v -87.5 8.5153 -77.5
v -90.0 9.1715 -80.0
v -87.5 8.5153 -77.5
v -87.5 8.4827 -80.0
v -90.0 8.5352 -77.5
v -90.0 7.8789 -75.0
v -87.5 8.2006 -75.0
v -90.0 8.5352 -77.5
v -87.5 8.2006 -75.0
v -87.5 8.5153 -77.5
v -90.0 7.8789 -75.0
v -90.0 7.0932 -72.5
v -87.5 7.2086 -72.5
v -90.0 7.8789 -75.0
v -87.5 7.2086 -72.5
v -87.5 8.2006 -75.0
v -90.0 7.0932 -72.5
v -90.0 5.737 -70.0
v -87.5 5.4024 -70.0
v -90.0 7.0932 -72.5
v -87.5 5.4024 -70.0
v -87.5 7.2086 -72.5
v -90.0 1.593 -65.0
v -90.0 0 -62.5
v -87.5 0 -62.5
v -90.0 1.593 -65.0
v -87.5 0 -62.5
v -87.5 0 -65.0
v -90.0 0.0 -20.0
v -90.0 0 -17.5
v -87.5 0.367 -17.5
v -90.0 0.0 -20.0
v -87.5 0.367 -17.5
v -87.5 0.0 -20.0
v -90.0 0 -17.5
v -90.0 0.0 -15.0
v -87.5 0.451 -15.0
v -90.0 0 -17.5
v -87.5 0.451 -15.0
v -87.5 0.367 -17.5
v -90.0 0.0 -15.0
v -87.5 0.0 -12.5
v -87.5 0.451 -15.0
v -90.0 0 -12.5
v -90.0 0 -10.0
v -87.5 0.8566 -10.0
v -90.0 0 -12.5
v -87.5 0.8566 -10.0
v -87.5 0.0 -12.5
v -90.0 0 -10.0
v -90.0 0 -7.5
v -87.5 0.4738 -7.5
v -90.0 0 -10.0
v -87.5 0.4738 -7.5
v -87.5 0.8566 -10.0
v -90.0 0 -7.5
v -87.5 0 -5.0
v -87.5 0.4738 -7.5
v -87.5 5.5938 -90.0
v -87.5 7.2103 -87.5
v -85.0 5.9856 -87.5
v -87.5 5.5938 -90.0
v -85.0 5.9856 -87.5
v -85.0 4.5996 -90.0
v -87.5 7.2103 -87.5
v -87.5 8.0191 -85.0
v -85.0 6.8889 -85.0
v -87.5 7.2103 -87.5
v -85.0 6.8889 -85.0
v -85.0 5.9856 -87.5
v -87.5 8.0191 -85.0
v -87.5 8.3319 -82.5
v -85.0 7.6729 -82.5
v -87.5 8.0191 -85.0
v -85.0 7.6729 -82.5
v -85.0 6.8889 -85.0
v -87.5 8.3319 -82.5
v -87.5 8.4827 -80.0
v -85.0 8.2725 -80.0
v -87.5 8.3319 -82.5
v -85.0 8.2725 -80.0
v -85.0 7.6729 -82.5
v -87.5 8.4827 -80.0
v -87.5 8.5153 -77.5
v -85.0 8.3272 -77.5
v -87.5 8.4827 -80.0
v -85.0 8.3272 -77.5
v -85.0 8.2725 -80.0
v -87.5 8.5153 -77.5
v -87.5 8.2006 -75.0
v -85.0 7.5888 -75.0
v -87.5 8.5153 -77.5
v -85.0 7.5888 -75.0
v -85.0 8.3272 -77.5
v -87.5 8.2006 -75.0
v -87.5 7.2086 -72.5
v -85.0 6.1484 -72.5
v -87.5 8.2006 -75.0
v -85.0 6.1484 -72.5
v -85.0 7.5888 -75.0
v -87.5 2.7464 -67.5
v -85.0 0 -65.0
v -85.0 1.5337 -67.5
v -87.5 0.0 -20.0
v -87.5 0.367 -17.5
v -85.0 0.0 -17.5
v -87.5 0.367 -17.5
v -87.5 0.451 -15.0
v -85.0 0.5425 -15.0
v -87.5 0.367 -17.5
v -85.0 0.5425 -15.0
v -85.0 0.0 -17.5
v -87.5 0.451 -15.0
v -87.5 0.0 -12.5
v -85.0 0.0 -12.5
v -87.5 0.451 -15.0
v -85.0 0.0 -12.5
v -85.0 0.5425 -15.0
v -87.5 0.0 -12.5
v -87.5 0.8566 -10.0
v -85.0 1.6741 -10.0
v -87.5 0.0 -12.5
v -85.0 1.6741 -10.0
v -85.0 0.0 -12.5
v -87.5 0.8566 -10.0
v -87.5 0.4738 -7.5
v -85.0 1.3742 -7.5
v -87.5 0.8566 -10.0
v -85.0 1.3742 -7.5
v -85.0 1.6741 -10.0
v -87.5 0.4738 -7.5
v -87.5 0 -5.0
v -85.0 0.7715 -5.0
v -87.5 0.4738 -7.5
v -85.0 0.7715 -5.0
v -85.0 1.3742 -7.5
v -87.5 0 -5.0
v -85.0 0 -2.5
v -85.0 0.7715 -5.0
v -85.0 0 -107.5
v -85.0 0 -105.0
v -82.5 1.6837 -105.0
v -85.0 0 -107.5
v -82.5 1.6837 -105.0
v -82.5 0 -107.5
v -85.0 4.9793 -97.5
v -85.0 5.5405 -95.0
v -82.5 6.956 -95.0
v -85.0 4.9793 -97.5
v -82.5 6.956 -95.0
v -82.5 6.7624 -97.5
v -85.0 5.5405 -95.0
v -85.0 5.3765 -92.5
v -82.5 6.4484 -92.5
v -85.0 5.5405 -95.0
v -82.5 6.4484 -92.5
v -82.5 6.956 -95.0
v -85.0 5.3765 -92.5
v -85.0 4.5996 -90.0
v -82.5 5.5531 -90.0
v -85.0 5.3765 -92.5
v -82.5 5.5531 -90.0
v -82.5 6.4484 -92.5
v -85.0 4.5996 -90.0
v -85.0 5.9856 -87.5
v -82.5 5.841 -87.5
v -85.0 4.5996 -90.0
v -82.5 5.841 -87.5
v -82.5 5.5531 -90.0
v -85.0 5.9856 -87.5
v -85.0 6.8889 -85.0
v -82.5 6.9809 -85.0
v -85.0 5.9856 -87.5
v -82.5 6.9809 -85.0
v -82.5 5.841 -87.5
v -85.0 6.8889 -85.0
v -85.0 7.6729 -82.5
v -82.5 7.7028 -82.5
v -85.0 6.8889 -85.0
v -82.5 7.7028 -82.5
v -82.5 6.9809 -85.0
v -85.0 7.6729 -82.5
v -85.0 8.2725 -80.0
v -82.5 7.6753 -80.0
v -85.0 7.6729 -82.5
v -82.5 7.6753 -80.0
v -82.5 7.7028 -82.5
v -85.0 8.2725 -80.0
v -85.0 8.3272 -77.5
v -82.5 6.9184 -77.5
v -85.0 8.2725 -80.0
v -82.5 6.9184 -77.5
v -82.5 7.6753 -80.0
v -85.0 8.3272 -77.5
v -85.0 7.5888 -75.0
v -82.5 5.9125 -75.0
v -85.0 8.3272 -77.5
v -82.5 5.9125 -75.0
v -82.5 6.9184 -77.5
v -85.0 1.5337 -67.5
v -85.0 0 -65.0
v -82.5 0 -65.0
v -85.0 1.5337 -67.5
v -82.5 0 -65.0
v -82.5 0 -67.5
v -85.0 0.0 -17.5
v -85.0 0.5425 -15.0
v -82.5 0.0 -15.0
v -85.0 0.5425 -15.0
v -85.0 0.0 -12.5
v -82.5 0.1866 -12.5
v -85.0 0.5425 -15.0
v -82.5 0.1866 -12.5
v -82.5 0.0 -15.0
v -85.0 0.0 -12.5
v -85.0 1.6741 -10.0
v -82.5 2.128 -10.0
v -85.0 0.0 -12.5
v -82.5 2.128 -10.0
v -82.5 0.1866 -12.5
v -85.0 1.6741 -10.0
v -85.0 1.3742 -7.5
v -82.5 1.7595 -7.5
v -85.0 1.6741 -10.0
v -82.5 1.7595 -7.5
v -82.5 2.128 -10.0
v -85.0 1.3742 -7.5
v -85.0 0.7715 -5.0
v -82.5 1.2572 -5.0
v -85.0 1.3742 -7.5
v -82.5 1.2572 -5.0
v -82.5 1.7595 -7.5
v -85.0 0.7715 -5.0
v -85.0 0 -2.5
v -82.5 0.5013 -2.5
v -85.0 0.7715 -5.0
v -82.5 0.5013 -2.5
v -82.5 1.2572 -5.0
v -85.0 0 -2.5
v -82.5 0 0.0
v -82.5 0.5013 -2.5
v -82.5 4.1079 -102.5
v -82.5 5.7624 -100.0
v -80.0 6.7935 -100.0
v -82.5 4.1079 -102.5
v -80.0 6.7935 -100.0
v -80.0 5.4184 -102.5
v -82.5 5.7624 -100.0
v -82.5 6.7624 -97.5
v -80.0 7.359 -97.5
v -82.5 5.7624 -100.0
v -80.0 7.359 -97.5
v -80.0 6.7935 -100.0
v -82.5 6.7624 -97.5
v -82.5 6.956 -95.0
v -80.0 7.3588 -95.0
v -82.5 6.7624 -97.5
v -80.0 7.3588 -95.0
v -80.0 7.359 -97.5
v -82.5 6.956 -95.0
v -82.5 6.4484 -92.5
v -80.0 7.0803 -92.5
v -82.5 6.956 -95.0
v -80.0 7.0803 -92.5
v -80.0 7.3588 -95.0
v -82.5 6.4484 -92.5
v -82.5 5.5531 -90.0
v -80.0 6.6179 -90.0
v -82.5 6.4484 -92.5
v -80.0 6.6179 -90.0
v -80.0 7.0803 -92.5
v -82.5 5.5531 -90.0
v -82.5 5.841 -87.5
v -80.0 7.2273 -87.5
v -82.5 5.5531 -90.0
v -80.0 7.2273 -87.5
v -80.0 6.6179 -90.0
v -82.5 5.841 -87.5
v -82.5 6.9809 -85.0
v -80.0 8.3726 -85.0
v -82.5 5.841 -87.5
v -80.0 8.3726 -85.0
v -80.0 7.2273 -87.5
v -82.5 6.9809 -85.0
v -82.5 7.7028 -82.5
v -80.0 8.6774 -82.5
v -82.5 6.9809 -85.0
v -80.0 8.6774 -82.5
v -80.0 8.3726 -85.0
v -82.5 7.7028 -82.5
v -82.5 7.6753 -80.0
v -80.0 8.1581 -80.0
v -82.5 7.7028 -82.5
v -80.0 8.1581 -80.0
v -80.0 8.6774 -82.5
v -82.5 7.6753 -80.0
v -82.5 6.9184 -77.5
v -80.0 7.2069 -77.5
v -82.5 7.6753 -80.0
v -80.0 7.2069 -77.5
v -80.0 8.1581 -80.0
v -82.5 6.9184 -77.5
v -82.5 5.9125 -75.0
v -80.0 6.1183 -75.0
v -82.5 6.9184 -77.5
v -80.0 6.1183 -75.0
v -80.0 7.2069 -77.5
v -82.5 5.9125 -75.0
v -82.5 4.6034 -72.5
v -80.0 4.6934 -72.5
v -82.5 5.9125 -75.0
v -80.0 4.6934 -72.5
v -80.0 6.1183 -75.0
v -82.5 4.6034 -72.5
v -82.5 2.8381 -70.0
v -80.0 2.1135 -70.0
v -82.5 0.0 -15.0
v -82.5 0.1866 -12.5
v -80.0 0.3451 -12.5
v -82.5 0.0 -15.0
v -80.0 0.3451 -12.5
v -80.0 0.0 -15.0
v -82.5 0.1866 -12.5
v -82.5 2.128 -10.0
v -80.0 2.2541 -10.0
v -82.5 0.1866 -12.5
v -80.0 2.2541 -10.0
v -80.0 0.3451 -12.5
v -82.5 2.128 -10.0
v -82.5 1.7595 -7.5
v -80.0 1.969 -7.5
v -82.5 2.128 -10.0
v -80.0 1.969 -7.5
v -80.0 2.2541 -10.0
v -82.5 1.7595 -7.5
v -82.5 1.2572 -5.0
v -80.0 1.6021 -5.0
v -82.5 1.7595 -7.5
v -80.0 1.6021 -5.0
v -80.0 1.969 -7.5
v -82.5 1.2572 -5.0
v -82.5 0.5013 -2.5
v -80.0 0.9756 -2.5
v -82.5 1.2572 -5.0
v -80.0 0.9756 -2.5
v -80.0 1.6021 -5.0
v -82.5 0.5013 -2.5
v -82.5 0 0.0
v -80.0 0 0.0
v -82.5 0.5013 -2.5
v -80.0 0 0.0
v -80.0 0.9756 -2.5
v -80.0 3.1324 -105.0
v -77.5 5.6815 -102.5
v -77.5 3.7699 -105.0
v -80.0 5.4184 -102.5
v -80.0 6.7935 -100.0
v -77.5 6.71 -100.0
v -80.0 5.4184 -102.5
v -77.5 6.71 -100.0
v -77.5 5.6815 -102.5
v -80.0 6.7935 -100.0
v -80.0 7.359 -97.5
v -77.5 7.3549 -97.5
v -80.0 6.7935 -100.0
v -77.5 7.3549 -97.5
v -77.5 6.71 -100.0
v -80.0 7.359 -97.5
v -80.0 7.3588 -95.0
v -77.5 7.883 -95.0
v -80.0 7.359 -97.5
v -77.5 7.883 -95.0
v -77.5 7.3549 -97.5
v -80.0 7.3588 -95.0
v -80.0 7.0803 -92.5
v -77.5 8.0185 -92.5
v -80.0 7.3588 -95.0
v -77.5 8.0185 -92.5
v -77.5 7.883 -95.0
v -80.0 7.0803 -92.5
v -80.0 6.6179 -90.0
v -77.5 7.5378 -90.0
v -80.0 7.0803 -92.5
v -77.5 7.5378 -90.0
v -77.5 8.0185 -92.5
v -80.0 6.6179 -90.0
v -80.0 7.2273 -87.5
v -77.5 7.8144 -87.5
v -80.0 6.6179 -90.0
v -77.5 7.8144 -87.5
v -77.5 7.5378 -90.0
v -80.0 7.2273 -87.5
v -80.0 8.3726 -85.0
v -77.5 8.4627 -85.0
v -80.0 7.2273 -87.5
v -77.5 8.4627 -85.0
v -77.5 7.8144 -87.5
v -80.0 8.3726 -85.0
v -80.0 8.6774 -82.5
v -77.5 8.5264 -82.5
v -80.0 8.3726 -85.0
v -77.5 8.5264 -82.5
v -77.5 8.4627 -85.0
v -80.0 8.6774 -82.5
v -80.0 8.1581 -80.0
v -77.5 8.2146 -80.0
v -80.0 8.6774 -82.5
v -77.5 8.2146 -80.0
v -77.5 8.5264 -82.5
v -80.0 8.1581 -80.0
v -80.0 7.2069 -77.5
v -77.5 7.7597 -77.5
v -80.0 8.1581 -80.0
v -77.5 7.7597 -77.5
v -77.5 8.2146 -80.0
v -80.0 7.2069 -77.5
v -80.0 6.1183 -75.0
v -77.5 6.9857 -75.0
v -80.0 7.2069 -77.5
v -77.5 6.9857 -75.0
v -77.5 7.7597 -77.5
v -80.0 6.1183 -75.0
v -80.0 4.6934 -72.5
v -77.5 5.4631 -72.5
v -80.0 6.1183 -75.0
v -77.5 5.4631 -72.5
v -77.5 6.9857 -75.0
v -80.0 0.0 -15.0
v -80.0 0.3451 -12.5
v -77.5 0.0 -12.5
v -80.0 0.3451 -12.5
v -80.0 2.2541 -10.0
v -77.5 2.1638 -10.0
v -80.0 2.2541 -10.0
v -80.0 1.969 -7.5
v -77.5 2.2282 -7.5
v -80.0 2.2541 -10.0
v -77.5 2.2282 -7.5
v -77.5 2.1638 -10.0
v -80.0 1.969 -7.5
v -80.0 1.6021 -5.0
v -77.5 1.8494 -5.0
v -80.0 1.969 -7.5
v -77.5 1.8494 -5.0
v -77.5 2.2282 -7.5
v -80.0 1.6021 -5.0
v -80.0 0.9756 -2.5
v -77.5 1.1543 -2.5
v -80.0 1.6021 -5.0
v -77.5 1.1543 -2.5
v -77.5 1.8494 -5.0
v -80.0 0.9756 -2.5
v -80.0 0 0.0
v -77.5 0 0.0
v -80.0 0.9756 -2.5
v -77.5 0 0.0
v -77.5 1.1543 -2.5
v -77.5 3.7699 -105.0
v -77.5 5.6815 -102.5
v -75.0 5.1949 -102.5
v -77.5 3.7699 -105.0
v -75.0 5.1949 -102.5
v -75.0 3.421 -105.0
v -77.5 5.6815 -102.5
v -77.5 6.71 -100.0
v -75.0 6.4808 -100.0
v -77.5 5.6815 -102.5
v -75.0 6.4808 -100.0
v -75.0 5.1949 -102.5
v -77.5 6.71 -100.0
v -77.5 7.3549 -97.5
v -75.0 7.6107 -97.5
v -77.5 6.71 -100.0
v -75.0 7.6107 -97.5
v -75.0 6.4808 -100.0
v -77.5 7.3549 -97.5
v -77.5 7.883 -95.0
v -75.0 8.3612 -95.0
v -77.5 7.3549 -97.5
v -75.0 8.3612 -95.0
v -75.0 7.6107 -97.5
v -77.5 7.883 -95.0
v -77.5 8.0185 -92.5
v -75.0 8.2504 -92.5
v -77.5 7.883 -95.0
v -75.0 8.2504 -92.5
v -75.0 8.3612 -95.0
v -77.5 8.0185 -92.5
v -77.5 7.5378 -90.0
v -75.0 7.2743 -90.0
v -77.5 8.0185 -92.5
v -75.0 7.2743 -90.0
v -75.0 8.2504 -92.5
v -77.5 7.5378 -90.0
v -77.5 7.8144 -87.5
v -75.0 7.1868 -87.5
v -77.5 7.5378 -90.0
v -75.0 7.1868 -87.5
v -75.0 7.2743 -90.0
v -77.5 7.8144 -87.5
v -77.5 8.4627 -85.0
v -75.0 7.8275 -85.0
v -77.5 7.8144 -87.5
v -75.0 7.8275 -85.0
v -75.0 7.1868 -87.5
v -77.5 8.4627 -85.0
v -77.5 8.5264 -82.5
v -75.0 8.3508 -82.5
v -77.5 8.4627 -85.0
v -75.0 8.3508 -82.5
v -75.0 7.8275 -85.0
v -77.5 8.5264 -82.5
v -77.5 8.2146 -80.0
v -75.0 8.5938 -80.0
v -77.5 8.5264 -82.5
v -75.0 8.5938 -80.0
v -75.0 8.3508 -82.5
v -77.5 8.2146 -80.0
v -77.5 7.7597 -77.5
v -75.0 8.2474 -77.5
v -77.5 8.2146 -80.0
v -75.0 8.2474 -77.5
v -75.0 8.5938 -80.0
v -77.5 7.7597 -77.5
v -77.5 6.9857 -75.0
v -75.0 7.103 -75.0
v -77.5 7.7597 -77.5
v -75.0 7.103 -75.0
v -75.0 8.2474 -77.5
v -77.5 6.9857 -75.0
v -77.5 5.4631 -72.5
v -75.0 5.1729 -72.5
v -77.5 6.9857 -75.0
v -75.0 5.1729 -72.5
v -75.0 7.103 -75.0
v -77.5 2.1638 -10.0
v -77.5 2.2282 -7.5
v -75.0 2.2741 -7.5
v -77.5 2.1638 -10.0
v -75.0 2.2741 -7.5
v -75.0 2.114 -10.0
v -77.5 2.2282 -7.5
v -77.5 1.8494 -5.0
v -75.0 1.7589 -5.0
v -77.5 2.2282 -7.5
v -75.0 1.7589 -5.0
v -75.0 2.2741 -7.5
v -77.5 1.8494 -5.0
v -77.5 1.1543 -2.5
v -75.0 1.0215 -2.5
v -77.5 1.8494 -5.0
v -75.0 1.0215 -2.5
v -75.0 1.7589 -5.0
v -77.5 1.1543 -2.5
v -77.5 0 0.0
v -75.0 0 0.0
v -77.5 1.1543 -2.5
v -75.0 0 0.0
v -75.0 1.0215 -2.5
v -75.0 3.421 -105.0
v -75.0 5.1949 -102.5
v -72.5 4.7236 -102.5
v -75.0 5.1949 -102.5
v -75.0 6.4808 -100.0
v -72.5 6.3541 -100.0
v -75.0 5.1949 -102.5
v -72.5 6.3541 -100.0
v -72.5 4.7236 -102.5
v -75.0 6.4808 -100.0
v -75.0 7.6107 -97.5
v -72.5 7.415 -97.5
v -75.0 6.4808 -100.0
v -72.5 7.415 -97.5
v -72.5 6.3541 -100.0
v -75.0 7.6107 -97.5
v -75.0 8.3612 -95.0
v -72.5 7.6669 -95.0
v -75.0 7.6107 -97.5
v -72.5 7.6669 -95.0
v -72.5 7.415 -97.5
v -75.0 8.3612 -95.0
v -75.0 8.2504 -92.5
v -72.5 7.1384 -92.5
v -75.0 8.3612 -95.0
v -72.5 7.1384 -92.5
v -72.5 7.6669 -95.0
v -75.0 8.2504 -92.5
v -75.0 7.2743 -90.0
v -72.5 6.1722 -90.0
v -75.0 8.2504 -92.5
v -72.5 6.1722 -90.0
v -72.5 7.1384 -92.5
v -75.0 7.2743 -90.0
v -75.0 7.1868 -87.5
v -72.5 6.4026 -87.5
v -75.0 7.2743 -90.0
v -72.5 6.4026 -87.5
v -72.5 6.1722 -90.0
v -75.0 7.1868 -87.5
v -75.0 7.8275 -85.0
v -72.5 7.5252 -85.0
v -75.0 7.1868 -87.5
v -72.5 7.5252 -85.0
v -72.5 6.4026 -87.5
v -75.0 7.8275 -85.0
v -75.0 8.3508 -82.5
v -72.5 8.3045 -82.5
v -75.0 7.8275 -85.0
v -72.5 8.3045 -82.5
v -72.5 7.5252 -85.0
v -75.0 8.3508 -82.5
v -75.0 8.5938 -80.0
v -72.5 8.3473 -80.0
v -75.0 8.3508 -82.5
v -72.5 8.3473 -80.0
v -72.5 8.3045 -82.5
v -75.0 8.5938 -80.0
v -75.0 8.2474 -77.5
v -72.5 7.5176 -77.5
v -75.0 8.5938 -80.0
v -72.5 7.5176 -77.5
v -72.5 8.3473 -80.0
v -75.0 8.2474 -77.5
v -75.0 7.103 -75.0
v -72.5 6.0551 -75.0
v -75.0 8.2474 -77.5
v -72.5 6.0551 -75.0
v -72.5 7.5176 -77.5
v -75.0 2.4344 -70.0
v -72.5 0 -67.5
v -72.5 1.4678 -70.0
v -75.0 2.114 -10.0
v -75.0 2.2741 -7.5
v -72.5 1.932 -7.5
v -75.0 2.114 -10.0
v -72.5 1.932 -7.5
v -72.5 2.0788 -10.0
v -75.0 2.2741 -7.5
v -75.0 1.7589 -5.0
v -72.5 1.4236 -5.0
v -75.0 2.2741 -7.5
v -72.5 1.4236 -5.0
v -72.5 1.932 -7.5
v -75.0 1.7589 -5.0
v -75.0 1.0215 -2.5
v -72.5 0.7282 -2.5
v -75.0 1.7589 -5.0
v -72.5 0.7282 -2.5
v -72.5 1.4236 -5.0
v -75.0 1.0215 -2.5
v -75.0 0 0.0
v -72.5 0 0.0
v -75.0 1.0215 -2.5
v -72.5 0 0.0
v -72.5 0.7282 -2.5
v -72.5 2.5501 -105.0
v -70.0 4.7957 -102.5
v -70.0 2.9594 -105.0
v -72.5 4.7236 -102.5
v -72.5 6.3541 -100.0
v -70.0 5.7878 -100.0
v -72.5 4.7236 -102.5
v -70.0 5.7878 -100.0
v -70.0 4.7957 -102.5
v -72.5 6.3541 -100.0
v -72.5 7.415 -97.5
v -70.0 5.9959 -97.5
v -72.5 6.3541 -100.0
v -70.0 5.9959 -97.5
v -70.0 5.7878 -100.0
v -72.5 7.415 -97.5
v -72.5 7.6669 -95.0
v -70.0 6.0229 -95.0
v -72.5 7.415 -97.5
v -70.0 6.0229 -95.0
v -70.0 5.9959 -97.5
v -72.5 7.6669 -95.0
v -72.5 7.1384 -92.5
v -70.0 5.7231 -92.5
v -72.5 7.6669 -95.0
v -70.0 5.7231 -92.5
v -70.0 6.0229 -95.0
v -72.5 7.1384 -92.5
v -72.5 6.1722 -90.0
v -70.0 5.1899 -90.0
v -72.5 7.1384 -92.5
v -70.0 5.1899 -90.0
v -70.0 5.7231 -92.5
v -72.5 6.1722 -90.0
v -72.5 6.4026 -87.5
v -70.0 5.7315 -87.5
v -72.5 6.1722 -90.0
v -70.0 5.7315 -87.5
v -70.0 5.1899 -90.0
v -72.5 6.4026 -87.5
v -72.5 7.5252 -85.0
v -70.0 6.873 -85.0
v -72.5 6.4026 -87.5
v -70.0 6.873 -85.0
v -70.0 5.7315 -87.5
v -72.5 7.5252 -85.0
v -72.5 8.3045 -82.5
v -70.0 7.2293 -82.5
v -72.5 7.5252 -85.0
v -70.0 7.2293 -82.5
v -70.0 6.873 -85.0
v -72.5 8.3045 -82.5
v -72.5 8.3473 -80.0
v -70.0 6.8127 -80.0
v -72.5 8.3045 -82.5
v -70.0 6.8127 -80.0
v -70.0 7.2293 -82.5
v -72.5 8.3473 -80.0
v -72.5 7.5176 -77.5
v -70.0 5.9099 -77.5
v -72.5 8.3473 -80.0
v -70.0 5.9099 -77.5
v -70.0 6.8127 -80.0
v -72.5 7.5176 -77.5
v -72.5 6.0551 -75.0
v -70.0 4.7382 -75.0
v -72.5 7.5176 -77.5
v -70.0 4.7382 -75.0
v -70.0 5.9099 -77.5
v -72.5 1.4678 -70.0
v -72.5 0 -67.5
v -70.0 0 -67.5
v -72.5 1.4678 -70.0
v -70.0 0 -67.5
v -70.0 0 -70.0
v -72.5 0.0 -15.0
v -72.5 0.0 -12.5
v -70.0 0.2743 -12.5
v -72.5 0.0 -15.0
v -70.0 0.2743 -12.5
v -70.0 0.0 -15.0
v -72.5 0.0 -12.5
v -70.0 1.7711 -10.0
v -70.0 0.2743 -12.5
v -72.5 2.0788 -10.0
v -72.5 1.932 -7.5
v -70.0 1.4732 -7.5
v -72.5 2.0788 -10.0
v -70.0 1.4732 -7.5
v -70.0 1.7711 -10.0
v -72.5 1.932 -7.5
v -72.5 1.4236 -5.0
v -70.0 1.034 -5.0
v -72.5 1.932 -7.5
v -70.0 1.034 -5.0
v -70.0 1.4732 -7.5
v -72.5 1.4236 -5.0
v -72.5 0.7282 -2.5
v -70.0 0 -2.5
v -72.5 1.4236 -5.0
v -70.0 0 -2.5
v -70.0 1.034 -5.0
v -72.5 0.7282 -2.5
v -72.5 0 0.0
v -70.0 0 0.0
v -72.5 0.7282 -2.5
v -70.0 0 0.0
v -70.0 0 -2.5
v -70.0 4.7957 -102.5
v -70.0 5.7878 -100.0
v -67.5 6.7257 -100.0
v -70.0 4.7957 -102.5
v -67.5 6.7257 -100.0
v -67.5 6.1504 -102.5
v -70.0 5.7878 -100.0
v -70.0 5.9959 -97.5
v -67.5 6.8668 -97.5
v -70.0 5.7878 -100.0
v -67.5 6.8668 -97.5
v -67.5 6.7257 -100.0
v -70.0 5.9959 -97.5
v -70.0 6.0229 -95.0
v -67.5 6.8269 -95.0
v -70.0 5.9959 -97.5
v -67.5 6.8269 -95.0
v -67.5 6.8668 -97.5
v -70.0 6.0229 -95.0
v -70.0 5.7231 -92.5
v -67.5 6.5362 -92.5
v -70.0 6.0229 -95.0
v -67.5 6.5362 -92.5
v -67.5 6.8269 -95.0
v -70.0 5.7231 -92.5
v -70.0 5.1899 -90.0
v -67.5 5.6635 -90.0
v -70.0 5.7231 -92.5
v -67.5 5.6635 -90.0
v -67.5 6.5362 -92.5
v -70.0 5.1899 -90.0
v -70.0 5.7315 -87.5
v -67.5 4.0791 -87.5
v -70.0 5.1899 -90.0
v -67.5 4.0791 -87.5
v -67.5 5.6635 -90.0
v -70.0 5.7315 -87.5
v -67.5 4.9711 -85.0
v -67.5 4.0791 -87.5
v -70.0 6.873 -85.0
v -67.5 5.1298 -82.5
v -67.5 4.9711 -85.0
v -70.0 7.2293 -82.5
v -70.0 6.8127 -80.0
v -67.5 4.8747 -80.0
v -70.0 6.8127 -80.0
v -70.0 5.9099 -77.5
v -67.5 4.3157 -77.5
v -70.0 6.8127 -80.0
v -67.5 4.3157 -77.5
v -67.5 4.8747 -80.0
v -70.0 5.9099 -77.5
v -70.0 4.7382 -75.0
v -67.5 3.1654 -75.0
v -70.0 5.9099 -77.5
v -67.5 3.1654 -75.0
v -67.5 4.3157 -77.5
v -70.0 0.0 -15.0
v -70.0 0.2743 -12.5
v -67.5 1.0364 -12.5
v -70.0 0.0 -15.0
v -67.5 1.0364 -12.5
v -67.5 0.0 -15.0
v -70.0 0.2743 -12.5
v -70.0 1.7711 -10.0
v -67.5 1.7839 -10.0
v -70.0 0.2743 -12.5
v -67.5 1.7839 -10.0
v -67.5 1.0364 -12.5
v -70.0 1.7711 -10.0
v -70.0 1.4732 -7.5
v -67.5 1.3858 -7.5
v -70.0 1.7711 -10.0
v -67.5 1.3858 -7.5
v -67.5 1.7839 -10.0
v -70.0 1.4732 -7.5
v -70.0 1.034 -5.0
v -67.5 0.4011 -5.0
v -70.0 1.4732 -7.5
v -67.5 0.4011 -5.0
v -67.5 1.3858 -7.5
v -70.0 1.034 -5.0
v -70.0 0 -2.5
v -67.5 0 -2.5
v -70.0 1.034 -5.0
v -67.5 0 -2.5
v -67.5 0.4011 -5.0
v -67.5 4.7835 -105.0
v -67.5 6.1504 -102.5
v -65.0 6.5139 -102.5
v -67.5 4.7835 -105.0
v -65.0 6.5139 -102.5
v -65.0 5.4199 -105.0
v -67.5 6.1504 -102.5
v -67.5 6.7257 -100.0
v -65.0 7.317 -100.0
v -67.5 6.1504 -102.5
v -65.0 7.317 -100.0
v -65.0 6.5139 -102.5
v -67.5 6.7257 -100.0
v -67.5 6.8668 -97.5
v -65.0 7.9968 -97.5
v -67.5 6.7257 -100.0
v -65.0 7.9968 -97.5
v -65.0 7.317 -100.0
v -67.5 6.8668 -97.5
v -67.5 6.8269 -95.0
v -65.0 8.2685 -95.0
v -67.5 6.8668 -97.5
v -65.0 8.2685 -95.0
v -65.0 7.9968 -97.5
v -67.5 6.8269 -95.0
v -67.5 6.5362 -92.5
v -65.0 7.7917 -92.5
v -67.5 6.8269 -95.0
v -65.0 7.7917 -92.5
v -65.0 8.2685 -95.0
v -67.5 6.5362 -92.5
v -67.5 5.6635 -90.0
v -65.0 6.5039 -90.0
v -67.5 6.5362 -92.5
v -65.0 6.5039 -90.0
v -65.0 7.7917 -92.5
v -67.5 5.6635 -90.0
v -67.5 4.0791 -87.5
v -65.0 4.5747 -87.5
v -67.5 0.0 -15.0
v -67.5 1.0364 -12.5
v -65.0 0.0 -12.5
v -67.5 1.0364 -12.5
v -67.5 1.7839 -10.0
v -65.0 2.5067 -10.0
v -67.5 1.7839 -10.0
v -67.5 1.3858 -7.5
v -65.0 2.0963 -7.5
v -67.5 1.7839 -10.0
v -65.0 2.0963 -7.5
v -65.0 2.5067 -10.0
v -67.5 1.3858 -7.5
v -67.5 0.4011 -5.0
v -65.0 1.2755 -5.0
v -67.5 1.3858 -7.5
v -65.0 1.2755 -5.0
v -65.0 2.0963 -7.5
v -67.5 0.4011 -5.0
v -67.5 0 -2.5
v -65.0 0 -2.5
v -67.5 0.4011 -5.0
v -65.0 0 -2.5
v -65.0 1.2755 -5.0
v -65.0 3.4808 -107.5
v -65.0 5.4199 -105.0
v -62.5 5.4713 -105.0
v -65.0 3.4808 -107.5
v -62.5 5.4713 -105.0
v -62.5 3.6396 -107.5
v -65.0 5.4199 -105.0
v -65.0 6.5139 -102.5
v -62.5 6.934 -102.5
v -65.0 5.4199 -105.0
v -62.5 6.934 -102.5
v -62.5 5.4713 -105.0
v -65.0 6.5139 -102.5
v -65.0 7.317 -100.0
v -62.5 8.2179 -100.0
v -65.0 6.5139 -102.5
v -62.5 8.2179 -100.0
v -62.5 6.934 -102.5
v -65.0 7.317 -100.0
v -65.0 7.9968 -97.5
v -62.5 9.0214 -97.5
v -65.0 7.317 -100.0
v -62.5 9.0214 -97.5
v -62.5 8.2179 -100.0
v -65.0 7.9968 -97.5
v -65.0 8.2685 -95.0
v -62.5 8.8246 -95.0
v -65.0 7.9968 -97.5
v -62.5 8.8246 -95.0
v -62.5 9.0214 -97.5
v -65.0 8.2685 -95.0
v -65.0 7.7917 -92.5
v -62.5 7.7873 -92.5
v -65.0 8.2685 -95.0
v -62.5 7.7873 -92.5
v -62.5 8.8246 -95.0
v -65.0 7.7917 -92.5
v -65.0 6.5039 -90.0
v -62.5 6.3631 -90.0
v -65.0 7.7917 -92.5
v -62.5 6.3631 -90.0
v -62.5 7.7873 -92.5
v -65.0 6.5039 -90.0
v -65.0 4.5747 -87.5
v -62.5 4.7374 -87.5
v -65.0 6.5039 -90.0
v -62.5 4.7374 -87.5
v -62.5 6.3631 -90.0
v -65.0 2.6229 -80.0
v -65.0 1.7279 -77.5
v -62.5 0 -77.5
v -65.0 1.7279 -77.5
v -65.0 0 -75.0
v -62.5 0 -75.0
v -65.0 1.7279 -77.5
v -62.5 0 -75.0
v -62.5 0 -77.5
v -65.0 2.5067 -10.0
v -65.0 2.0963 -7.5
v -62.5 2.3104 -7.5
v -65.0 2.5067 -10.0
v -62.5 2.3104 -7.5
v -62.5 2.8715 -10.0
v -65.0 2.0963 -7.5
v -65.0 1.2755 -5.0
v -62.5 1.5294 -5.0
v -65.0 2.0963 -7.5
v -62.5 1.5294 -5.0
v -62.5 2.3104 -7.5
v -65.0 1.2755 -5.0
v -65.0 0 -2.5
v -62.5 0.2325 -2.5
v -65.0 1.2755 -5.0
v -62.5 0.2325 -2.5
v -62.5 1.5294 -5.0
v -65.0 0 -2.5
v -62.5 0 0.0
v -62.5 0.2325 -2.5
v -62.5 3.6396 -107.5
v -62.5 5.4713 -105.0
v -60.0 5.6251 -105.0
v -62.5 5.4713 -105.0
v -62.5 6.934 -102.5
v -60.0 7.3227 -102.5
v -62.5 5.4713 -105.0
v -60.0 7.3227 -102.5
v -60.0 5.6251 -105.0
v -62.5 6.934 -102.5
v -62.5 8.2179 -100.0
v -60.0 8.3626 -100.0
v -62.5 6.934 -102.5
v -60.0 8.3626 -100.0
v -60.0 7.3227 -102.5
v -62.5 8.2179 -100.0
v -62.5 9.0214 -97.5
v -60.0 8.569 -97.5
v -62.5 8.2179 -100.0
v -60.0 8.569 -97.5
v -60.0 8.3626 -100.0
v -62.5 9.0214 -97.5
v -62.5 8.8246 -95.0
v -60.0 8.0309 -95.0
v -62.5 9.0214 -97.5
v -60.0 8.0309 -95.0
v -60.0 8.569 -97.5
v -62.5 8.8246 -95.0
v -62.5 7.7873 -92.5
v -60.0 7.1816 -92.5
v -62.5 8.8246 -95.0
v -60.0 7.1816 -92.5
v -60.0 8.0309 -95.0
v -62.5 7.7873 -92.5
v -62.5 6.3631 -90.0
v -60.0 6.2348 -90.0
v -62.5 7.7873 -92.5
v -60.0 6.2348 -90.0
v -60.0 7.1816 -92.5
v -62.5 6.3631 -90.0
v -62.5 4.7374 -87.5
v -60.0 4.8902 -87.5
v -62.5 6.3631 -90.0
v -60.0 4.8902 -87.5
v -60.0 6.2348 -90.0
v -62.5 2.8715 -10.0
v -62.5 2.3104 -7.5
v -60.0 2.2419 -7.5
v -62.5 2.8715 -10.0
v -60.0 2.2419 -7.5
v -60.0 2.7389 -10.0
v -62.5 2.3104 -7.5
v -62.5 1.5294 -5.0
v -60.0 1.6086 -5.0
v -62.5 2.3104 -7.5
v -60.0 1.6086 -5.0
v -60.0 2.2419 -7.5
v -62.5 1.5294 -5.0
v -62.5 0.2325 -2.5
v -60.0 0.4148 -2.5
v -62.5 1.5294 -5.0
v -60.0 0.4148 -2.5
v -60.0 1.6086 -5.0
v -62.5 0.2325 -2.5
v -62.5 0 0.0
v -60.0 0 0.0
v -62.5 0.2325 -2.5
v -60.0 0 0.0
v -60.0 0.4148 -2.5
v -60.0 5.6251 -105.0
v -60.0 7.3227 -102.5
v -57.5 6.6228 -102.5
v -60.0 5.6251 -105.0
v -57.5 6.6228 -102.5
v -57.5 5.2466 -105.0
v -60.0 7.3227 -102.5
v -60.0 8.3626 -100.0
v -57.5 7.198 -100.0
v -60.0 7.3227 -102.5
v -57.5 7.198 -100.0
v -57.5 6.6228 -102.5
v -60.0 8.3626 -100.0
v -60.0 8.569 -97.5
v -57.5 7.2909 -97.5
v -60.0 8.3626 -100.0
v -57.5 7.2909 -97.5
v -57.5 7.198 -100.0
v -60.0 8.569 -97.5
v -60.0 8.0309 -95.0
v -57.5 7.1838 -95.0
v -60.0 8.569 -97.5
v -57.5 7.1838 -95.0
v -57.5 7.2909 -97.5
v -60.0 8.0309 -95.0
v -60.0 7.1816 -92.5
v -57.5 6.8742 -92.5
v -60.0 8.0309 -95.0
v -57.5 6.8742 -92.5
v -57.5 7.1838 -95.0
v -60.0 7.1816 -92.5
v -60.0 6.2348 -90.0
v -57.5 6.0591 -90.0
v -60.0 7.1816 -92.5
v -57.5 6.0591 -90.0
v -57.5 6.8742 -92.5
v -60.0 6.2348 -90.0
v -60.0 4.8902 -87.5
v -57.5 4.3745 -87.5
v -60.0 6.2348 -90.0
v -57.5 4.3745 -87.5
v -57.5 6.0591 -90.0
v -60.0 2.4108 -85.0
v -57.5 0 -82.5
v -57.5 1.2292 -85.0
v -60.0 2.7389 -10.0
v -60.0 2.2419 -7.5
v -57.5 2.1778 -7.5
v -60.0 2.7389 -10.0
v -57.5 2.1778 -7.5
v -57.5 2.5079 -10.0
v -60.0 2.2419 -7.5
v -60.0 1.6086 -5.0
v -57.5 1.5336 -5.0
v -60.0 2.2419 -7.5
v -57.5 1.5336 -5.0
v -57.5 2.1778 -7.5
v -60.0 1.6086 -5.0
v -60.0 0.4148 -2.5
v -57.5 0 -2.5
v -60.0 1.6086 -5.0
v -57.5 0 -2.5
v -57.5 1.5336 -5.0
v -60.0 0.4148 -2.5
v -60.0 0 0.0
v -57.5 0 0.0
v -60.0 0.4148 -2.5
v -57.5 0 0.0
v -57.5 0 -2.5
v -57.5 0 -110.0
v -55.0 0.854 -107.5
v -55.0 0 -110.0
v -57.5 5.2466 -105.0
v -55.0 5.0261 -102.5
v -55.0 3.7331 -105.0
v -57.5 6.6228 -102.5
v -57.5 7.198 -100.0
v -55.0 5.7967 -100.0
v -57.5 6.6228 -102.5
v -55.0 5.7967 -100.0
v -55.0 5.0261 -102.5
v -57.5 7.198 -100.0
v -57.5 7.2909 -97.5
v -55.0 6.344 -97.5
v -57.5 7.198 -100.0
v -55.0 6.344 -97.5
v -55.0 5.7967 -100.0
v -57.5 7.2909 -97.5
v -57.5 7.1838 -95.0
v -55.0 6.5533 -95.0
v -57.5 7.2909 -97.5
v -55.0 6.5533 -95.0
v -55.0 6.344 -97.5
v -57.5 7.1838 -95.0
v -57.5 6.8742 -92.5
v -55.0 6.1147 -92.5
v -57.5 7.1838 -95.0
v -55.0 6.1147 -92.5
v -55.0 6.5533 -95.0
v -57.5 6.8742 -92.5
v -57.5 6.0591 -90.0
v -55.0 4.8518 -90.0
v -57.5 6.8742 -92.5
v -55.0 4.8518 -90.0
v -55.0 6.1147 -92.5
v -57.5 6.0591 -90.0
v -57.5 4.3745 -87.5
v -55.0 3.1884 -87.5
v -57.5 6.0591 -90.0
v -55.0 3.1884 -87.5
v -55.0 4.8518 -90.0
v -57.5 1.2292 -85.0
v -57.5 0 -82.5
v -55.0 0 -82.5
v -57.5 1.2292 -85.0
v -55.0 0 -82.5
v -55.0 1.1136 -85.0
v -57.5 2.5079 -10.0
v -57.5 2.1778 -7.5
v -55.0 1.8596 -7.5
v -57.5 2.5079 -10.0
v -55.0 1.8596 -7.5
v -55.0 2.2671 -10.0
v -57.5 2.1778 -7.5
v -57.5 1.5336 -5.0
v -55.0 0.996 -5.0
v -57.5 2.1778 -7.5
v -55.0 0.996 -5.0
v -55.0 1.8596 -7.5
v -57.5 1.5336 -5.0
v -57.5 0 -2.5
v -55.0 0 -2.5
v -57.5 1.5336 -5.0
v -55.0 0 -2.5
v -55.0 0.996 -5.0
v -55.0 0 -110.0
v -55.0 0.854 -107.5
v -52.5 0.6366 -107.5
v -55.0 0 -110.0
v -52.5 0.6366 -107.5
v -52.5 0 -110.0
v -55.0 3.7331 -105.0
v -55.0 5.0261 -102.5
v -52.5 4.3819 -102.5
v -55.0 3.7331 -105.0
v -52.5 4.3819 -102.5
v -52.5 3.0043 -105.0
v -55.0 5.0261 -102.5
v -55.0 5.7967 -100.0
v -52.5 5.5094 -100.0
v -55.0 5.0261 -102.5
v -52.5 5.5094 -100.0
v -52.5 4.3819 -102.5
v -55.0 5.7967 -100.0
v -55.0 6.344 -97.5
v -52.5 6.2896 -97.5
v -55.0 5.7967 -100.0
v -52.5 6.2896 -97.5
v -52.5 5.5094 -100.0
v -55.0 6.344 -97.5
v -55.0 6.5533 -95.0
v -52.5 6.4442 -95.0
v -55.0 6.344 -97.5
v -52.5 6.4442 -95.0
v -52.5 6.2896 -97.5
v -55.0 6.5533 -95.0
v -55.0 6.1147 -92.5
v -52.5 5.9137 -92.5
v -55.0 6.5533 -95.0
v -52.5 5.9137 -92.5
v -52.5 6.4442 -95.0
v -55.0 6.1147 -92.5
v -55.0 4.8518 -90.0
v -52.5 4.9621 -90.0
v -55.0 6.1147 -92.5
v -52.5 4.9621 -90.0
v -52.5 5.9137 -92.5
v -55.0 1.1136 -85.0
v -55.0 0 -82.5
v -52.5 0 -82.5
v -55.0 1.1136 -85.0
v -52.5 0 -82.5
v -52.5 0 -85.0
v -55.0 0.0 -12.5
v -52.5 1.5947 -10.0
v -52.5 0.0 -12.5
v -55.0 2.2671 -10.0
v -55.0 1.8596 -7.5
v -52.5 0.9946 -7.5
v -55.0 2.2671 -10.0
v -52.5 0.9946 -7.5
v -52.5 1.5947 -10.0
v -55.0 1.8596 -7.5
v -55.0 0.996 -5.0
v -52.5 0 -5.0
v -55.0 1.8596 -7.5
v -52.5 0 -5.0
v -52.5 0.9946 -7.5
v -55.0 0.996 -5.0
v -55.0 0 -2.5
v -52.5 0 -2.5
v -55.0 0.996 -5.0
v -52.5 0 -2.5
v -52.5 0 -5.0
v -52.5 0 -110.0
v -52.5 0.6366 -107.5
v -50.0 1.3188 -107.5
v -52.5 0 -110.0
v -50.0 1.3188 -107.5
v -50.0 0 -110.0
v -52.5 3.0043 -105.0
v -52.5 4.3819 -102.5
v -50.0 5.1126 -102.5
v -52.5 3.0043 -105.0
v -50.0 5.1126 -102.5
v -50.0 3.5406 -105.0
v -52.5 4.3819 -102.5
v -52.5 5.5094 -100.0
v -50.0 6.1814 -100.0
v -52.5 4.3819 -102.5
v -50.0 6.1814 -100.0
v -50.0 5.1126 -102.5
v -52.5 5.5094 -100.0
v -52.5 6.2896 -97.5
v -50.0 6.6237 -97.5
v -52.5 5.5094 -100.0
v -50.0 6.6237 -97.5
v -50.0 6.1814 -100.0
v -52.5 6.2896 -97.5
v -52.5 6.4442 -95.0
v -50.0 6.4569 -95.0
v -52.5 6.2896 -97.5
v -50.0 6.4569 -95.0
v -50.0 6.6237 -97.5
v -52.5 6.4442 -95.0
v -52.5 5.9137 -92.5
v -50.0 5.8963 -92.5
v -52.5 6.4442 -95.0
v -50.0 5.8963 -92.5
v -50.0 6.4569 -95.0
v -52.5 5.9137 -92.5
v -52.5 4.9621 -90.0
v -50.0 5.2539 -90.0
v -52.5 5.9137 -92.5
v -50.0 5.2539 -90.0
v -50.0 5.8963 -92.5
v -52.5 1.5947 -10.0
v -52.5 0.9946 -7.5
v -50.0 0 -7.5
v -52.5 1.5947 -10.0
v -50.0 0 -7.5
v -50.0 0.0489 -10.0
v -52.5 0.9946 -7.5
v -52.5 0 -5.0
v -50.0 0 -5.0
v -52.5 0.9946 -7.5
v -50.0 0 -5.0
v -50.0 0 -7.5
v -50.0 0 -110.0
v -50.0 1.3188 -107.5
v -47.5 1.3642 -107.5
v -50.0 0 -110.0
v -47.5 1.3642 -107.5
v -47.5 0 -110.0
v -50.0 3.5406 -105.0
v -50.0 5.1126 -102.5
v -47.5 5.1257 -102.5
v -50.0 3.5406 -105.0
v -47.5 5.1257 -102.5
v -47.5 3.7419 -105.0
v -50.0 5.1126 -102.5
v -50.0 6.1814 -100.0
v -47.5 5.829 -100.0
v -50.0 5.1126 -102.5
v -47.5 5.829 -100.0
v -47.5 5.1257 -102.5
v -50.0 6.1814 -100.0
v -50.0 6.6237 -97.5
v -47.5 6.1073 -97.5
v -50.0 6.1814 -100.0
v -47.5 6.1073 -97.5
v -47.5 5.829 -100.0
v -50.0 6.6237 -97.5
v -50.0 6.4569 -95.0
v -47.5 6.1845 -95.0
v -50.0 6.6237 -97.5
v -47.5 6.1845 -95.0
v -47.5 6.1073 -97.5
v -50.0 6.4569 -95.0
v -50.0 5.8963 -92.5
v -47.5 6.0652 -92.5
v -50.0 6.4569 -95.0
v -47.5 6.0652 -92.5
v -47.5 6.1845 -95.0
v -50.0 5.8963 -92.5
v -50.0 5.2539 -90.0
v -47.5 5.6323 -90.0
v -50.0 5.8963 -92.5
v -47.5 5.6323 -90.0
v -47.5 6.0652 -92.5
v -47.5 0 -117.5
v -47.5 0 -115.0
v -45.0 1.3148 -115.0
v -47.5 0 -117.5
v -45.0 1.3148 -115.0
v -45.0 0 -117.5
v -47.5 3.7419 -105.0
v -47.5 5.1257 -102.5
v -45.0 4.3386 -102.5
v -47.5 3.7419 -105.0
v -45.0 4.3386 -102.5
v -45.0 3.5488 -105.0
v -47.5 5.1257 -102.5
v -47.5 5.829 -100.0
v -45.0 5.096 -100.0
v -47.5 5.1257 -102.5
v -45.0 5.096 -100.0
v -45.0 4.3386 -102.5
v -47.5 5.829 -100.0
v -47.5 6.1073 -97.5
v -45.0 5.7067 -97.5
v -47.5 5.829 -100.0
v -45.0 5.7067 -97.5
v -45.0 5.096 -100.0
v -47.5 6.1073 -97.5
v -47.5 6.1845 -95.0
v -45.0 6.1095 -95.0
v -47.5 6.1073 -97.5
v -45.0 6.1095 -95.0
v -45.0 5.7067 -97.5
v -47.5 6.1845 -95.0
v -47.5 6.0652 -92.5
v -45.0 6.0228 -92.5
v -47.5 6.1845 -95.0
v -45.0 6.0228 -92.5
v -45.0 6.1095 -95.0
v -47.5 6.0652 -92.5
v -47.5 5.6323 -90.0
v -45.0 5.285 -90.0
v -47.5 6.0652 -92.5
v -45.0 5.285 -90.0
v -45.0 6.0228 -92.5
v -45.0 0 -120.0
v -45.0 0 -117.5
v -42.5 2.0638 -117.5
v -45.0 0 -120.0
v -42.5 2.0638 -117.5
v -42.5 0 -120.0
v -45.0 3.9309 -110.0
v -45.0 4.1086 -107.5
v -42.5 5.8942 -107.5
v -45.0 4.1086 -107.5
v -45.0 3.5488 -105.0
v -42.5 5.3438 -105.0
v -45.0 4.1086 -107.5
v -42.5 5.3438 -105.0
v -42.5 5.8942 -107.5
v -45.0 3.5488 -105.0
v -45.0 4.3386 -102.5
v -42.5 4.5548 -102.5
v -45.0 3.5488 -105.0
v -42.5 4.5548 -102.5
v -42.5 5.3438 -105.0
v -45.0 4.3386 -102.5
v -45.0 5.096 -100.0
v -42.5 4.5378 -100.0
v -45.0 4.3386 -102.5
v -42.5 4.5378 -100.0
v -42.5 4.5548 -102.5
v -45.0 5.096 -100.0
v -45.0 5.7067 -97.5
v -42.5 5.2815 -97.5
v -45.0 5.096 -100.0
v -42.5 5.2815 -97.5
v -42.5 4.5378 -100.0
v -45.0 5.7067 -97.5
v -45.0 6.1095 -95.0
v -42.5 5.468 -95.0
v -45.0 5.7067 -97.5
v -42.5 5.468 -95.0
v -42.5 5.2815 -97.5
v -45.0 6.1095 -95.0
v -45.0 6.0228 -92.5
v -42.5 5.0203 -92.5
v -45.0 6.1095 -95.0
v -42.5 5.0203 -92.5
v -42.5 5.468 -95.0
v -45.0 6.0228 -92.5
v -45.0 5.285 -90.0
v -42.5 4.1013 -90.0
v -45.0 6.0228 -92.5
v -42.5 4.1013 -90.0
v -42.5 5.0203 -92.5
v -42.5 0 -122.5
v -42.5 0 -120.0
v -40.0 1.1663 -120.0
v -42.5 0 -122.5
v -40.0 1.1663 -120.0
v -40.0 0 -122.5
v -42.5 4.2373 -115.0
v -42.5 5.5455 -112.5
v -40.0 6.7553 -112.5
v -42.5 4.2373 -115.0
v -40.0 6.7553 -112.5
v -40.0 5.941 -115.0
v -42.5 5.5455 -112.5
v -42.5 6.0563 -110.0
v -40.0 7.0057 -110.0
v -42.5 5.5455 -112.5
v -40.0 7.0057 -110.0
v -40.0 6.7553 -112.5
v -42.5 6.0563 -110.0
v -42.5 5.8942 -107.5
v -40.0 7.0351 -107.5
v -42.5 6.0563 -110.0
v -40.0 7.0351 -107.5
v -40.0 7.0057 -110.0
v -42.5 5.8942 -107.5
v -42.5 5.3438 -105.0
v -40.0 6.935 -105.0
v -42.5 5.8942 -107.5
v -40.0 6.935 -105.0
v -40.0 7.0351 -107.5
v -42.5 5.3438 -105.0
v -42.5 4.5548 -102.5
v -40.0 6.46 -102.5
v -42.5 5.3438 -105.0
v -40.0 6.46 -102.5
v -40.0 6.935 -105.0
v -42.5 4.5548 -102.5
v -42.5 4.5378 -100.0
v -40.0 5.2513 -100.0
v -42.5 4.5378 -100.0
v -42.5 5.2815 -97.5
v -40.0 5.5909 -97.5
v -42.5 4.5378 -100.0
v -40.0 5.5909 -97.5
v -40.0 5.2513 -100.0
v -42.5 5.2815 -97.5
v -42.5 5.468 -95.0
v -40.0 5.35 -95.0
v -42.5 5.2815 -97.5
v -40.0 5.35 -95.0
v -40.0 5.5909 -97.5
v -42.5 5.468 -95.0
v -42.5 5.0203 -92.5
v -40.0 4.7469 -92.5
v -42.5 5.468 -95.0
v -40.0 4.7469 -92.5
v -40.0 5.35 -95.0
v -42.5 5.0203 -92.5
v -42.5 4.1013 -90.0
v -40.0 3.9463 -90.0
v -42.5 5.0203 -92.5
v -40.0 3.9463 -90.0
v -40.0 4.7469 -92.5
v -40.0 4.2493 -117.5
v -40.0 5.941 -115.0
v -37.5 6.4907 -115.0
v -40.0 4.2493 -117.5
v -37.5 6.4907 -115.0
v -37.5 5.2453 -117.5
v -40.0 5.941 -115.0
v -40.0 6.7553 -112.5
v -37.5 7.2985 -112.5
v -40.0 5.941 -115.0
v -37.5 7.2985 -112.5
v -37.5 6.4907 -115.0
v -40.0 6.7553 -112.5
v -40.0 7.0057 -110.0
v -37.5 8.0073 -110.0
v -40.0 6.7553 -112.5
v -37.5 8.0073 -110.0
v -37.5 7.2985 -112.5
v -40.0 7.0057 -110.0
v -40.0 7.0351 -107.5
v -37.5 8.5279 -107.5
v -40.0 7.0057 -110.0
v -37.5 8.5279 -107.5
v -37.5 8.0073 -110.0
v -40.0 7.0351 -107.5
v -40.0 6.935 -105.0
v -37.5 8.4838 -105.0
v -40.0 7.0351 -107.5
v -37.5 8.4838 -105.0
v -37.5 8.5279 -107.5
v -40.0 6.935 -105.0
v -40.0 6.46 -102.5
v -37.5 7.6362 -102.5
v -40.0 6.935 -105.0
v -37.5 7.6362 -102.5
v -37.5 8.4838 -105.0
v -40.0 6.46 -102.5
v -40.0 5.2513 -100.0
v -37.5 6.0734 -100.0
v -40.0 6.46 -102.5
v -37.5 6.0734 -100.0
v -37.5 7.6362 -102.5
v -40.0 5.2513 -100.0
v -40.0 5.5909 -97.5
v -37.5 5.9564 -97.5
v -40.0 5.2513 -100.0
v -37.5 5.9564 -97.5
v -37.5 6.0734 -100.0
v -40.0 5.5909 -97.5
v -40.0 5.35 -95.0
v -37.5 5.857 -95.0
v -40.0 5.5909 -97.5
v -37.5 5.857 -95.0
v -37.5 5.9564 -97.5
v -40.0 5.35 -95.0
v -40.0 4.7469 -92.5
v -37.5 5.6072 -92.5
v -40.0 5.35 -95.0
v -37.5 5.6072 -92.5
v -37.5 5.857 -95.0
v -40.0 4.7469 -92.5
v -40.0 3.9463 -90.0
v -37.5 5.0507 -90.0
v -40.0 4.7469 -92.5
v -37.5 5.0507 -90.0
v -37.5 5.6072 -92.5
v -37.5 2.9487 -120.0
v -35.0 5.4083 -117.5
v -35.0 3.4516 -120.0
v -37.5 5.2453 -117.5
v -37.5 6.4907 -115.0
v -35.0 6.8591 -115.0
v -37.5 5.2453 -117.5
v -35.0 6.8591 -115.0
v -35.0 5.4083 -117.5
v -37.5 6.4907 -115.0
v -37.5 7.2985 -112.5
v -35.0 8.1952 -112.5
v -37.5 6.4907 -115.0
v -35.0 8.1952 -112.5
v -35.0 6.8591 -115.0
v -37.5 7.2985 -112.5
v -37.5 8.0073 -110.0
v -35.0 9.248 -110.0
v -37.5 7.2985 -112.5
v -35.0 9.248 -110.0
v -35.0 8.1952 -112.5
v -37.5 8.0073 -110.0
v -37.5 8.5279 -107.5
v -35.0 9.5485 -107.5
v -37.5 8.0073 -110.0
v -35.0 9.5485 -107.5
v -35.0 9.248 -110.0
v -37.5 8.5279 -107.5
v -37.5 8.4838 -105.0
v -35.0 8.8782 -105.0
v -37.5 8.5279 -107.5
v -35.0 8.8782 -105.0
v -35.0 9.5485 -107.5
v -37.5 8.4838 -105.0
v -37.5 7.6362 -102.5
v -35.0 7.6318 -102.5
v -37.5 8.4838 -105.0
v -35.0 7.6318 -102.5
v -35.0 8.8782 -105.0
v -37.5 7.6362 -102.5
v -37.5 6.0734 -100.0
v -35.0 6.1934 -100.0
v -37.5 7.6362 -102.5
v -35.0 6.1934 -100.0
v -35.0 7.6318 -102.5
v -37.5 6.0734 -100.0
v -37.5 5.9564 -97.5
v -35.0 6.3354 -97.5
v -37.5 6.0734 -100.0
v -35.0 6.3354 -97.5
v -35.0 6.1934 -100.0
v -37.5 5.9564 -97.5
v -37.5 5.857 -95.0
v -35.0 6.6457 -95.0
v -37.5 5.9564 -97.5
v -35.0 6.6457 -95.0
v -35.0 6.3354 -97.5
v -37.5 5.857 -95.0
v -37.5 5.6072 -92.5
v -35.0 6.4381 -92.5
v -37.5 5.857 -95.0
v -35.0 6.4381 -92.5
v -35.0 6.6457 -95.0
v -37.5 5.6072 -92.5
v -37.5 5.0507 -90.0
v -35.0 5.5973 -90.0
v -37.5 5.6072 -92.5
v -35.0 5.5973 -90.0
v -35.0 6.4381 -92.5
v -35.0 3.4516 -120.0
v -35.0 5.4083 -117.5
v -32.5 5.6186 -117.5
v -35.0 5.4083 -117.5
v -35.0 6.8591 -115.0
v -32.5 7.4481 -115.0
v -35.0 5.4083 -117.5
v -32.5 7.4481 -115.0
v -32.5 5.6186 -117.5
v -35.0 6.8591 -115.0
v -35.0 8.1952 -112.5
v -32.5 8.7789 -112.5
v -35.0 6.8591 -115.0
v -32.5 8.7789 -112.5
v -32.5 7.4481 -115.0
v -35.0 8.1952 -112.5
v -35.0 9.248 -110.0
v -32.5 9.3506 -110.0
v -35.0 8.1952 -112.5
v -32.5 9.3506 -110.0
v -32.5 8.7789 -112.5
v -35.0 9.248 -110.0
v -35.0 9.5485 -107.5
v -32.5 9.1032 -107.5
v -35.0 9.248 -110.0
v -32.5 9.1032 -107.5
v -32.5 9.3506 -110.0
v -35.0 9.5485 -107.5
v -35.0 8.8782 -105.0
v -32.5 8.3125 -105.0
v -35.0 9.5485 -107.5
v -32.5 8.3125 -105.0
v -32.5 9.1032 -107.5
v -35.0 8.8782 -105.0
v -35.0 7.6318 -102.5
v -32.5 7.4677 -102.5
v -35.0 8.8782 -105.0
v -32.5 7.4677 -102.5
v -32.5 8.3125 -105.0
v -35.0 7.6318 -102.5
v -35.0 6.1934 -100.0
v -32.5 6.5101 -100.0
v -35.0 7.6318 -102.5
v -32.5 6.5101 -100.0
v -32.5 7.4677 -102.5
v -35.0 6.1934 -100.0
v -35.0 6.3354 -97.5
v -32.5 6.7744 -97.5
v -35.0 6.1934 -100.0
v -32.5 6.7744 -97.5
v -32.5 6.5101 -100.0
v -35.0 6.3354 -97.5
v -35.0 6.6457 -95.0
v -32.5 6.93 -95.0
v -35.0 6.3354 -97.5
v -32.5 6.93 -95.0
v -32.5 6.7744 -97.5
v -35.0 6.6457 -95.0
v -35.0 6.4381 -92.5
v -32.5 6.3112 -92.5
v -35.0 6.6457 -95.0
v -32.5 6.3112 -92.5
v -32.5 6.93 -95.0
v -35.0 6.4381 -92.5
v -35.0 5.5973 -90.0
v -32.5 5.1943 -90.0
v -35.0 6.4381 -92.5
v -32.5 5.1943 -90.0
v -32.5 6.3112 -92.5
v -32.5 5.6186 -117.5
v -32.5 7.4481 -115.0
v -30.0 7.2251 -115.0
v -32.5 5.6186 -117.5
v -30.0 7.2251 -115.0
v -30.0 5.6062 -117.5
v -32.5 7.4481 -115.0
v -32.5 8.7789 -112.5
v -30.0 8.0215 -112.5
v -32.5 7.4481 -115.0
v -30.0 8.0215 -112.5
v -30.0 7.2251 -115.0
v -32.5 8.7789 -112.5
v -32.5 9.3506 -110.0
v -30.0 8.2285 -110.0
v -32.5 8.7789 -112.5
v -30.0 8.2285 -110.0
v -30.0 8.0215 -112.5
v -32.5 9.3506 -110.0
v -32.5 9.1032 -107.5
v -30.0 8.1833 -107.5
v -32.5 9.3506 -110.0
v -30.0 8.1833 -107.5
v -30.0 8.2285 -110.0
v -32.5 9.1032 -107.5
v -32.5 8.3125 -105.0
v -30.0 8.0325 -105.0
v -32.5 9.1032 -107.5
v -30.0 8.0325 -105.0
v -30.0 8.1833 -107.5
v -32.5 8.3125 -105.0
v -32.5 7.4677 -102.5
v -30.0 7.6046 -102.5
v -32.5 8.3125 -105.0
v -30.0 7.6046 -102.5
v -30.0 8.0325 -105.0
v -32.5 7.4677 -102.5
v -32.5 6.5101 -100.0
v -30.0 6.5362 -100.0
v -32.5 7.4677 -102.5
v -30.0 6.5362 -100.0
v -30.0 7.6046 -102.5
v -32.5 6.5101 -100.0
v -32.5 6.7744 -97.5
v -30.0 6.3151 -97.5
v -32.5 6.5101 -100.0
v -30.0 6.3151 -97.5
v -30.0 6.5362 -100.0
v -32.5 6.7744 -97.5
v -32.5 6.93 -95.0
v -30.0 6.0659 -95.0
v -32.5 6.7744 -97.5
v -30.0 6.0659 -95.0
v -30.0 6.3151 -97.5
v -32.5 6.93 -95.0
v -32.5 6.3112 -92.5
v -30.0 5.3964 -92.5
v -32.5 6.93 -95.0
v -30.0 5.3964 -92.5
v -30.0 6.0659 -95.0
v -32.5 6.3112 -92.5
v -32.5 5.1943 -90.0
v -30.0 4.5577 -90.0
v -32.5 6.3112 -92.5
v -30.0 4.5577 -90.0
v -30.0 5.3964 -92.5
v -30.0 5.6062 -117.5
v -27.5 5.9 -115.0
v -27.5 4.5461 -117.5
v -30.0 7.2251 -115.0
v -30.0 8.0215 -112.5
v -27.5 6.6893 -112.5
v -30.0 7.2251 -115.0
v -27.5 6.6893 -112.5
v -27.5 5.9 -115.0
v -30.0 8.0215 -112.5
v -30.0 8.2285 -110.0
v -27.5 7.3057 -110.0
v -30.0 8.0215 -112.5
v -27.5 7.3057 -110.0
v -27.5 6.6893 -112.5
v -30.0 8.2285 -110.0
v -30.0 8.1833 -107.5
v -27.5 7.7615 -107.5
v -30.0 8.2285 -110.0
v -27.5 7.7615 -107.5
v -27.5 7.3057 -110.0
v -30.0 8.1833 -107.5
v -30.0 8.0325 -105.0
v -27.5 7.7454 -105.0
v -30.0 8.1833 -107.5
v -27.5 7.7454 -105.0
v -27.5 7.7615 -107.5
v -30.0 8.0325 -105.0
v -30.0 7.6046 -102.5
v -27.5 6.971 -102.5
v -30.0 8.0325 -105.0
v -27.5 6.971 -102.5
v -27.5 7.7454 -105.0
v -30.0 7.6046 -102.5
v -30.0 6.5362 -100.0
v -27.5 6.39 -100.0
v -30.0 7.6046 -102.5
v -27.5 6.39 -100.0
v -27.5 6.971 -102.5
v -30.0 6.5362 -100.0
v -30.0 6.3151 -97.5
v -27.5 6.766 -97.5
v -30.0 6.5362 -100.0
v -27.5 6.766 -97.5
v -27.5 6.39 -100.0
v -30.0 6.3151 -97.5
v -30.0 6.0659 -95.0
v -27.5 6.7344 -95.0
v -30.0 6.3151 -97.5
v -27.5 6.7344 -95.0
v -27.5 6.766 -97.5
v -30.0 6.0659 -95.0
v -30.0 5.3964 -92.5
v -27.5 6.4929 -92.5
v -30.0 6.0659 -95.0
v -27.5 6.4929 -92.5
v -27.5 6.7344 -95.0
v -30.0 5.3964 -92.5
v -30.0 4.5577 -90.0
v -27.5 5.8578 -90.0
v -30.0 5.3964 -92.5
v -27.5 5.8578 -90.0
v -27.5 6.4929 -92.5
v -27.5 0 -125.0
v -27.5 0 -122.5
v -25.0 0.8289 -122.5
v -27.5 0 -125.0
v -25.0 0.8289 -122.5
v -25.0 0 -125.0
v -27.5 2.1612 -120.0
v -25.0 4.436 -117.5
v -25.0 3.2662 -120.0
v -27.5 4.5461 -117.5
v -27.5 5.9 -115.0
v -25.0 5.2284 -115.0
v -27.5 4.5461 -117.5
v -25.0 5.2284 -115.0
v -25.0 4.436 -117.5
v -27.5 5.9 -115.0
v -27.5 6.6893 -112.5
v -25.0 5.8625 -112.5
v -27.5 5.9 -115.0
v -25.0 5.8625 -112.5
v -25.0 5.2284 -115.0
v -27.5 6.6893 -112.5
v -27.5 7.3057 -110.0
v -25.0 6.5228 -110.0
v -27.5 6.6893 -112.5
v -25.0 6.5228 -110.0
v -25.0 5.8625 -112.5
v -27.5 7.3057 -110.0
v -27.5 7.7615 -107.5
v -25.0 6.8011 -107.5
v -27.5 7.3057 -110.0
v -25.0 6.8011 -107.5
v -25.0 6.5228 -110.0
v -27.5 7.7615 -107.5
v -27.5 7.7454 -105.0
v -25.0 6.3171 -105.0
v -27.5 7.7615 -107.5
v -25.0 6.3171 -105.0
v -25.0 6.8011 -107.5
v -27.5 7.7454 -105.0
v -27.5 6.971 -102.5
v -25.0 6.3236 -102.5
v -27.5 7.7454 -105.0
v -25.0 6.3236 -102.5
v -25.0 6.3171 -105.0
v -27.5 6.971 -102.5
v -27.5 6.39 -100.0
v -25.0 7.2561 -100.0
v -27.5 6.971 -102.5
v -25.0 7.2561 -100.0
v -25.0 6.3236 -102.5
v -27.5 6.39 -100.0
v -27.5 6.766 -97.5
v -25.0 7.937 -97.5
v -27.5 6.39 -100.0
v -25.0 7.937 -97.5
v -25.0 7.2561 -100.0
v -27.5 6.766 -97.5
v -27.5 6.7344 -95.0
v -25.0 8.4331 -95.0
v -27.5 6.766 -97.5
v -25.0 8.4331 -95.0
v -25.0 7.937 -97.5
v -27.5 6.7344 -95.0
v -27.5 6.4929 -92.5
v -25.0 8.4256 -92.5
v -27.5 6.7344 -95.0
v -25.0 8.4256 -92.5
v -25.0 8.4331 -95.0
v -27.5 6.4929 -92.5
v -27.5 5.8578 -90.0
v -25.0 7.5814 -90.0
v -25.0 0 -125.0
v -25.0 0.8289 -122.5
v -22.5 1.7337 -122.5
v -25.0 0 -125.0
v -22.5 1.7337 -122.5
v -22.5 0 -125.0
v -25.0 3.2662 -120.0
v -25.0 4.436 -117.5
v -22.5 5.032 -117.5
v -25.0 3.2662 -120.0
v -22.5 5.032 -117.5
v -22.5 3.6723 -120.0
v -25.0 4.436 -117.5
v -25.0 5.2284 -115.0
v -22.5 6.1736 -115.0
v -25.0 4.436 -117.5
v -22.5 6.1736 -115.0
v -22.5 5.032 -117.5
v -25.0 5.2284 -115.0
v -25.0 5.8625 -112.5
v -22.5 6.9085 -112.5
v -25.0 5.2284 -115.0
v -22.5 6.9085 -112.5
v -22.5 6.1736 -115.0
v -25.0 5.8625 -112.5
v -25.0 6.5228 -110.0
v -22.5 6.9087 -110.0
v -25.0 5.8625 -112.5
v -22.5 6.9087 -110.0
v -22.5 6.9085 -112.5
v -25.0 6.5228 -110.0
v -25.0 6.8011 -107.5
v -22.5 6.188 -107.5
v -25.0 6.5228 -110.0
v -22.5 6.188 -107.5
v -22.5 6.9087 -110.0
v -25.0 6.8011 -107.5
v -25.0 6.3171 -105.0
v -22.5 5.2028 -105.0
v -25.0 6.8011 -107.5
v -22.5 5.2028 -105.0
v -22.5 6.188 -107.5
v -25.0 6.3171 -105.0
v -25.0 6.3236 -102.5
v -22.5 6.8484 -102.5
v -25.0 6.3171 -105.0
v -22.5 6.8484 -102.5
v -22.5 5.2028 -105.0
v -25.0 6.3236 -102.5
v -25.0 7.2561 -100.0
v -22.5 8.2681 -100.0
v -25.0 6.3236 -102.5
v -22.5 8.2681 -100.0
v -22.5 6.8484 -102.5
v -25.0 7.2561 -100.0
v -25.0 7.937 -97.5
v -22.5 9.4381 -97.5
v -25.0 7.2561 -100.0
v -22.5 9.4381 -97.5
v -22.5 8.2681 -100.0
v -25.0 7.937 -97.5
v -25.0 8.4331 -95.0
v -22.5 9.8981 -95.0
v -25.0 7.937 -97.5
v -22.5 9.8981 -95.0
v -22.5 9.4381 -97.5
v -25.0 8.4331 -95.0
v -25.0 8.4256 -92.5
v -22.5 9.3257 -92.5
v -25.0 8.4331 -95.0
v -22.5 9.3257 -92.5
v -22.5 9.8981 -95.0
v -25.0 8.4256 -92.5
v -25.0 7.5814 -90.0
v -22.5 7.9742 -90.0
v -25.0 8.4256 -92.5
v -22.5 7.9742 -90.0
v -22.5 9.3257 -92.5
v -22.5 0 -125.0
v -22.5 1.7337 -122.5
v -20.0 1.8996 -122.5
v -22.5 0 -125.0
v -20.0 1.8996 -122.5
v -20.0 0 -125.0
v -22.5 1.7337 -122.5
v -22.5 3.6723 -120.0
v -20.0 4.0175 -120.0
v -22.5 3.6723 -120.0
v -22.5 5.032 -117.5
v -20.0 5.5655 -117.5
v -22.5 3.6723 -120.0
v -20.0 5.5655 -117.5
v -20.0 4.0175 -120.0
v -22.5 5.032 -117.5
v -22.5 6.1736 -115.0
v -20.0 6.5588 -115.0
v -22.5 5.032 -117.5
v -20.0 6.5588 -115.0
v -20.0 5.5655 -117.5
v -22.5 6.1736 -115.0
v -22.5 6.9085 -112.5
v -20.0 6.8923 -112.5
v -22.5 6.1736 -115.0
v -20.0 6.8923 -112.5
v -20.0 6.5588 -115.0
v -22.5 6.9085 -112.5
v -22.5 6.9087 -110.0
v -20.0 6.5938 -110.0
v -22.5 6.9085 -112.5
v -20.0 6.5938 -110.0
v -20.0 6.8923 -112.5
v -22.5 6.9087 -110.0
v -22.5 6.188 -107.5
v -20.0 5.9572 -107.5
v -22.5 6.9087 -110.0
v -20.0 5.9572 -107.5
v -20.0 6.5938 -110.0
v -22.5 6.188 -107.5
v -22.5 5.2028 -105.0
v -20.0 5.5103 -105.0
v -22.5 6.188 -107.5
v -20.0 5.5103 -105.0
v -20.0 5.9572 -107.5
v -22.5 5.2028 -105.0
v -22.5 6.8484 -102.5
v -20.0 7.5883 -102.5
v -22.5 6.8484 -102.5
v -22.5 8.2681 -100.0
v -20.0 9.1987 -100.0
v -22.5 6.8484 -102.5
v -20.0 9.1987 -100.0
v -20.0 7.5883 -102.5
v -22.5 8.2681 -100.0
v -22.5 9.4381 -97.5
v -20.0 10.0359 -97.5
v -22.5 8.2681 -100.0
v -20.0 10.0359 -97.5
v -20.0 9.1987 -100.0
v -22.5 9.4381 -97.5
v -22.5 9.8981 -95.0
v -20.0 9.9009 -95.0
v -22.5 9.4381 -97.5
v -20.0 9.9009 -95.0
v -20.0 10.0359 -97.5
v -22.5 9.8981 -95.0
v -22.5 9.3257 -92.5
v -20.0 8.9563 -92.5
v -22.5 9.8981 -95.0
v -20.0 8.9563 -92.5
v -20.0 9.9009 -95.0
v -22.5 9.3257 -92.5
v -22.5 7.9742 -90.0
v -20.0 7.8549 -90.0
v -22.5 9.3257 -92.5
v -20.0 7.8549 -90.0
v -20.0 8.9563 -92.5
v -22.5 0 92.5
v -22.5 0 95.0
v -20.0 0.4409 95.0
v -22.5 0 92.5
v -20.0 0.4409 95.0
v -20.0 0 92.5
v -22.5 0 95.0
v -20.0 2.2833 97.5
v -20.0 0.4409 95.0
v -22.5 0 105.0
v -22.5 0 107.5
v -20.0 1.7164 107.5
v -20.0 0 -125.0
v -20.0 1.8996 -122.5
v -17.5 1.599 -122.5
v -20.0 0 -125.0
v -17.5 1.599 -122.5
v -17.5 0 -125.0
v -20.0 4.0175 -120.0
v -20.0 5.5655 -117.5
v -17.5 5.2409 -117.5
v -20.0 4.0175 -120.0
v -17.5 5.2409 -117.5
v -17.5 3.9256 -120.0
v -20.0 5.5655 -117.5
v -20.0 6.5588 -115.0
v -17.5 5.8663 -115.0
v -20.0 5.5655 -117.5
v -17.5 5.8663 -115.0
v -17.5 5.2409 -117.5
v -20.0 6.5588 -115.0
v -20.0 6.8923 -112.5
v -17.5 6.0823 -112.5
v -20.0 6.5588 -115.0
v -17.5 6.0823 -112.5
v -17.5 5.8663 -115.0
v -20.0 6.8923 -112.5
v -20.0 6.5938 -110.0
v -17.5 6.1066 -110.0
v -20.0 6.8923 -112.5
v -17.5 6.1066 -110.0
v -17.5 6.0823 -112.5
v -20.0 6.5938 -110.0
v -20.0 5.9572 -107.5
v -17.5 5.9368 -107.5
v -20.0 6.5938 -110.0
v -17.5 5.9368 -107.5
v -17.5 6.1066 -110.0
v -20.0 5.9572 -107.5
v -20.0 5.5103 -105.0
v -17.5 5.6746 -105.0
v -20.0 5.9572 -107.5
v -17.5 5.6746 -105.0
v -17.5 5.9368 -107.5
v -20.0 5.5103 -105.0
v -17.5 7.6834 -102.5
v -17.5 5.6746 -105.0
v -20.0 7.5883 -102.5
v -20.0 9.1987 -100.0
v -17.5 8.7663 -100.0
v -20.0 7.5883 -102.5
v -17.5 8.7663 -100.0
v -17.5 7.6834 -102.5
v -20.0 9.1987 -100.0
v -20.0 10.0359 -97.5
v -17.5 9.0755 -97.5
v -20.0 9.1987 -100.0
v -17.5 9.0755 -97.5
v -17.5 8.7663 -100.0
v -20.0 10.0359 -97.5
v -20.0 9.9009 -95.0
v -17.5 8.9434 -95.0
v -20.0 10.0359 -97.5
v -17.5 8.9434 -95.0
v -17.5 9.0755 -97.5
v -20.0 9.9009 -95.0
v -20.0 8.9563 -92.5
v -17.5 8.6179 -92.5
v -20.0 9.9009 -95.0
v -17.5 8.6179 -92.5
v -17.5 8.9434 -95.0
v -20.0 8.9563 -92.5
v -20.0 7.8549 -90.0
v -17.5 8.0661 -90.0
v -20.0 8.9563 -92.5
v -17.5 8.0661 -90.0
v -17.5 8.6179 -92.5
v -20.0 0 80.0
v -20.0 0 82.5
v -17.5 1.1794 82.5
v -20.0 0 80.0
v -17.5 1.1794 82.5
v -17.5 0 80.0
v -20.0 0 82.5
v -20.0 0 85.0
v -17.5 1.836 85.0
v -20.0 0 82.5
v -17.5 1.836 85.0
v -17.5 1.1794 82.5
v -20.0 0 85.0
v -20.0 0 87.5
v -17.5 1.8291 87.5
v -20.0 0 85.0
v -17.5 1.8291 87.5
v -17.5 1.836 85.0
v -20.0 0 87.5
v -20.0 0 90.0
v -17.5 1.2822 90.0
v -20.0 0 87.5
v -17.5 1.2822 90.0
v -17.5 1.8291 87.5
v -20.0 0 90.0
v -20.0 0 92.5
v -17.5 1.5948 92.5
v -20.0 0 90.0
v -17.5 1.5948 92.5
v -17.5 1.2822 90.0
v -17.5 3.9256 -120.0
v -17.5 5.2409 -117.5
v -15.0 4.166 -117.5
v -17.5 3.9256 -120.0
v -15.0 4.166 -117.5
v -15.0 2.9403 -120.0
v -17.5 5.2409 -117.5
v -17.5 5.8663 -115.0
v -15.0 4.927 -115.0
v -17.5 5.2409 -117.5
v -15.0 4.927 -115.0
v -15.0 4.166 -117.5
v -17.5 5.8663 -115.0
v -17.5 6.0823 -112.5
v -15.0 5.5054 -112.5
v -17.5 5.8663 -115.0
v -15.0 5.5054 -112.5
v -15.0 4.927 -115.0
v -17.5 6.0823 -112.5
v -17.5 6.1066 -110.0
v -15.0 5.8068 -110.0
v -17.5 6.0823 -112.5
v -15.0 5.8068 -110.0
v -15.0 5.5054 -112.5
v -17.5 6.1066 -110.0
v -17.5 5.9368 -107.5
v -15.0 5.5637 -107.5
v -17.5 6.1066 -110.0
v -15.0 5.5637 -107.5
v -15.0 5.8068 -110.0
v -17.5 5.9368 -107.5
v -17.5 5.6746 -105.0
v -15.0 4.8005 -105.0
v -17.5 5.9368 -107.5
v -15.0 4.8005 -105.0
v -15.0 5.5637 -107.5
v -17.5 5.6746 -105.0
v -15.0 6.4787 -102.5
v -15.0 4.8005 -105.0
v -17.5 7.6834 -102.5
v -17.5 8.7663 -100.0
v -15.0 7.3789 -100.0
v -17.5 7.6834 -102.5
v -15.0 7.3789 -100.0
v -15.0 6.4787 -102.5
v -17.5 8.7663 -100.0
v -17.5 9.0755 -97.5
v -15.0 7.9895 -97.5
v -17.5 8.7663 -100.0
v -15.0 7.9895 -97.5
v -15.0 7.3789 -100.0
v -17.5 9.0755 -97.5
v -17.5 8.9434 -95.0
v -15.0 8.4406 -95.0
v -17.5 9.0755 -97.5
v -15.0 8.4406 -95.0
v -15.0 7.9895 -97.5
v -17.5 8.9434 -95.0
v -17.5 8.6179 -92.5
v -15.0 8.4565 -92.5
v -17.5 8.9434 -95.0
v -15.0 8.4565 -92.5
v -15.0 8.4406 -95.0
v -17.5 8.6179 -92.5
v -17.5 8.0661 -90.0
v -15.0 7.6799 -90.0
v -17.5 8.6179 -92.5
v -15.0 7.6799 -90.0
v -15.0 8.4565 -92.5
v -17.5 0 75.0
v -17.5 0 77.5
v -15.0 0.7487 77.5
v -17.5 0 75.0
v -15.0 0.7487 77.5
v -15.0 0 75.0
v -17.5 0 77.5
v -15.0 2.5385 80.0
v -15.0 0.7487 77.5
v -17.5 1.1794 82.5
v -17.5 1.836 85.0
v -15.0 3.6006 85.0
v -17.5 1.836 85.0
v -17.5 1.8291 87.5
v -15.0 3.5091 87.5
v -17.5 1.836 85.0
v -15.0 3.5091 87.5
v -15.0 3.6006 85.0
v -17.5 1.8291 87.5
v -17.5 1.2822 90.0
v -15.0 3.2213 90.0
v -17.5 1.8291 87.5
v -15.0 3.2213 90.0
v -15.0 3.5091 87.5
v -17.5 1.2822 90.0
v -15.0 3.8057 92.5
v -15.0 3.2213 90.0
v -17.5 4.8928 97.5
v -17.5 5.6754 100.0
v -15.0 7.0874 100.0
v -17.5 4.8928 97.5
v -15.0 7.0874 100.0
v -15.0 6.7339 97.5
v -17.5 5.6754 100.0
v -17.5 5.766 102.5
v -15.0 6.8476 102.5
v -17.5 5.6754 100.0
v -15.0 6.8476 102.5
v -15.0 7.0874 100.0
v -17.5 5.766 102.5
v -17.5 5.1841 105.0
v -15.0 6.336 105.0
v -17.5 5.766 102.5
v -15.0 6.336 105.0
v -15.0 6.8476 102.5
v -17.5 5.1841 105.0
v -17.5 4.1349 107.5
v -15.0 5.6928 107.5
v -17.5 5.1841 105.0
v -15.0 5.6928 107.5
v -15.0 6.336 105.0
v -17.5 4.1349 107.5
v -15.0 4.682 110.0
v -15.0 5.6928 107.5
v -15.0 0 -122.5
v -12.5 1.2648 -120.0
v -12.5 0 -122.5
v -15.0 2.9403 -120.0
v -15.0 4.166 -117.5
v -12.5 2.9774 -117.5
v -15.0 4.166 -117.5
v -15.0 4.927 -115.0
v -12.5 4.0792 -115.0
v -15.0 4.166 -117.5
v -12.5 4.0792 -115.0
v -12.5 2.9774 -117.5
v -15.0 4.927 -115.0
v -15.0 5.5054 -112.5
v -12.5 4.7312 -112.5
v -15.0 4.927 -115.0
v -12.5 4.7312 -112.5
v -12.5 4.0792 -115.0
v -15.0 5.5054 -112.5
v -15.0 5.8068 -110.0
v -12.5 4.7768 -110.0
v -15.0 5.5054 -112.5
v -12.5 4.7768 -110.0
v -12.5 4.7312 -112.5
v -15.0 5.8068 -110.0
v -15.0 5.5637 -107.5
v -12.5 4.3812 -107.5
v -15.0 5.8068 -110.0
v -12.5 4.3812 -107.5
v -12.5 4.7768 -110.0
v -15.0 5.5637 -107.5
v -15.0 4.8005 -105.0
v -12.5 3.4606 -105.0
v -15.0 5.5637 -107.5
v -12.5 3.4606 -105.0
v -12.5 4.3812 -107.5
v -15.0 4.8005 -105.0
v -12.5 4.8257 -102.5
v -12.5 3.4606 -105.0
v -15.0 6.4787 -102.5
v -15.0 7.3789 -100.0
v -12.5 6.1929 -100.0
v -15.0 7.3789 -100.0
v -15.0 7.9895 -97.5
v -12.5 7.2125 -97.5
v -15.0 7.3789 -100.0
v -12.5 7.2125 -97.5
v -12.5 6.1929 -100.0
v -15.0 7.9895 -97.5
v -15.0 8.4406 -95.0
v -12.5 7.6326 -95.0
v -15.0 7.9895 -97.5
v -12.5 7.6326 -95.0
v -12.5 7.2125 -97.5
v -15.0 8.4406 -95.0
v -15.0 8.4565 -92.5
v -12.5 7.1973 -92.5
v -15.0 8.4406 -95.0
v -12.5 7.1973 -92.5
v -12.5 7.6326 -95.0
v -15.0 8.4565 -92.5
v -15.0 7.6799 -90.0
v -12.5 5.9659 -90.0
v -15.0 8.4565 -92.5
v -12.5 5.9659 -90.0
v -12.5 7.1973 -92.5
v -15.0 0 72.5
v -15.0 0 75.0
v -12.5 0.2789 75.0
v -15.0 0 72.5
v -12.5 0.2789 75.0
v -12.5 0 72.5
v -15.0 2.5385 80.0
v -15.0 3.3562 82.5
v -12.5 4.3457 82.5
v -15.0 2.5385 80.0
v -12.5 4.3457 82.5
v -12.5 3.817 80.0
v -15.0 3.3562 82.5
v -15.0 3.6006 85.0
v -12.5 4.654 85.0
v -15.0 3.3562 82.5
v -12.5 4.654 85.0
v -12.5 4.3457 82.5
v -15.0 3.6006 85.0
v -15.0 3.5091 87.5
v -12.5 4.8498 87.5
v -15.0 3.6006 85.0
v -12.5 4.8498 87.5
v -12.5 4.654 85.0
v -15.0 3.5091 87.5
v -15.0 3.2213 90.0
v -12.5 4.7855 90.0
v -15.0 3.5091 87.5
v -12.5 4.7855 90.0
v -12.5 4.8498 87.5
v -15.0 3.2213 90.0
v -15.0 3.8057 92.5
v -12.5 5.3045 92.5
v -15.0 3.2213 90.0
v -12.5 5.3045 92.5
v -12.5 4.7855 90.0
v -15.0 3.8057 92.5
v -12.5 6.7298 95.0
v -12.5 5.3045 92.5
v -15.0 5.6175 95.0
v -15.0 6.7339 97.5
v -12.5 7.3899 97.5
v -15.0 5.6175 95.0
v -12.5 7.3899 97.5
v -12.5 6.7298 95.0
v -15.0 6.7339 97.5
v -15.0 7.0874 100.0
v -12.5 7.6165 100.0
v -15.0 6.7339 97.5
v -12.5 7.6165 100.0
v -12.5 7.3899 97.5
v -15.0 7.0874 100.0
v -15.0 6.8476 102.5
v -12.5 7.7152 102.5
v -15.0 7.0874 100.0
v -12.5 7.7152 102.5
v -12.5 7.6165 100.0
v -15.0 6.8476 102.5
v -15.0 6.336 105.0
v -12.5 7.6923 105.0
v -15.0 6.8476 102.5
v -12.5 7.6923 105.0
v -12.5 7.7152 102.5
v -15.0 6.336 105.0
v -15.0 5.6928 107.5
v -12.5 7.2594 107.5
v -15.0 6.336 105.0
v -12.5 7.2594 107.5
v -12.5 7.6923 105.0
v -15.0 5.6928 107.5
v -15.0 4.682 110.0
v -12.5 6.1033 110.0
v -15.0 5.6928 107.5
v -12.5 6.1033 110.0
v -12.5 7.2594 107.5
v -15.0 0 115.0
v -12.5 0 117.5
v -12.5 0.7804 115.0
v -12.5 0 -122.5
v -12.5 1.2648 -120.0
v -10.0 0 -120.0
v -12.5 1.2648 -120.0
v -10.0 0.8482 -117.5
v -10.0 0 -120.0
v -12.5 2.9774 -117.5
v -12.5 4.0792 -115.0
v -10.0 4.212 -115.0
v -12.5 4.0792 -115.0
v -12.5 4.7312 -112.5
v -10.0 5.7425 -112.5
v -12.5 4.0792 -115.0
v -10.0 5.7425 -112.5
v -10.0 4.212 -115.0
v -12.5 4.7312 -112.5
v -12.5 4.7768 -110.0
v -10.0 6.23 -110.0
v -12.5 4.7312 -112.5
v -10.0 6.23 -110.0
v -10.0 5.7425 -112.5
v -12.5 4.7768 -110.0
v -12.5 4.3812 -107.5
v -10.0 6.0705 -107.5
v -12.5 4.7768 -110.0
v -10.0 6.0705 -107.5
v -10.0 6.23 -110.0
v -12.5 4.3812 -107.5
v -10.0 5.5028 -105.0
v -10.0 6.0705 -107.5
v -12.5 3.4606 -105.0
v -12.5 4.8257 -102.5
v -10.0 4.3422 -102.5
v -12.5 4.8257 -102.5
v -10.0 4.5836 -100.0
v -10.0 4.3422 -102.5
v -12.5 6.1929 -100.0
v -12.5 7.2125 -97.5
v -10.0 5.455 -97.5
v -12.5 6.1929 -100.0
v -10.0 5.455 -97.5
v -10.0 4.5836 -100.0
v -12.5 7.2125 -97.5
v -10.0 5.4643 -95.0
v -10.0 5.455 -97.5
v -12.5 0 72.5
v -12.5 0.2789 75.0
v -10.0 2.0223 75.0
v -12.5 0 72.5
v -10.0 2.0223 75.0
v -10.0 0 72.5
v -12.5 2.7486 77.5
v -12.5 3.817 80.0
v -10.0 4.4632 80.0
v -12.5 2.7486 77.5
v -10.0 4.4632 80.0
v -10.0 3.536 77.5
v -12.5 3.817 80.0
v -12.5 4.3457 82.5
v -10.0 5.2316 82.5
v -12.5 3.817 80.0
v -10.0 5.2316 82.5
v -10.0 4.4632 80.0
v -12.5 4.3457 82.5
v -12.5 4.654 85.0
v -10.0 5.8675 85.0
v -12.5 4.3457 82.5
v -10.0 5.8675 85.0
v -10.0 5.2316 82.5
v -12.5 4.654 85.0
v -12.5 4.8498 87.5
v -10.0 6.128 87.5
v -12.5 4.654 85.0
v -10.0 6.128 87.5
v -10.0 5.8675 85.0
v -12.5 4.8498 87.5
v -12.5 4.7855 90.0
v -10.0 5.803 90.0
v -12.5 4.8498 87.5
v -10.0 5.803 90.0
v -10.0 6.128 87.5
v -12.5 4.7855 90.0
v -12.5 5.3045 92.5
v -10.0 5.7438 92.5
v -12.5 4.7855 90.0
v -10.0 5.7438 92.5
v -10.0 5.803 90.0
v -12.5 5.3045 92.5
v -12.5 6.7298 95.0
v -10.0 6.8465 95.0
v -12.5 5.3045 92.5
v -10.0 6.8465 95.0
v -10.0 5.7438 92.5
v -12.5 6.7298 95.0
v -12.5 7.3899 97.5
v -10.0 7.666 97.5
v -12.5 6.7298 95.0
v -10.0 7.666 97.5
v -10.0 6.8465 95.0
v -12.5 7.3899 97.5
v -12.5 7.6165 100.0
v -10.0 8.46 100.0
v -12.5 7.3899 97.5
v -10.0 8.46 100.0
v -10.0 7.666 97.5
v -12.5 7.6165 100.0
v -12.5 7.7152 102.5
v -10.0 9.0118 102.5
v -12.5 7.6165 100.0
v -10.0 9.0118 102.5
v -10.0 8.46 100.0
v -12.5 7.7152 102.5
v -12.5 7.6923 105.0
v -10.0 8.8882 105.0
v -12.5 7.7152 102.5
v -10.0 8.8882 105.0
v -10.0 9.0118 102.5
v -12.5 7.6923 105.0
v -12.5 7.2594 107.5
v -10.0 7.9613 107.5
v -12.5 7.6923 105.0
v -10.0 7.9613 107.5
v -10.0 8.8882 105.0
v -12.5 7.2594 107.5
v -12.5 6.1033 110.0
v -10.0 6.4154 110.0
v -12.5 7.2594 107.5
v -10.0 6.4154 110.0
v -10.0 7.9613 107.5
v -12.5 6.1033 110.0
v -12.5 4.1126 112.5
v -10.0 4.5043 112.5
v -12.5 6.1033 110.0
v -10.0 4.5043 112.5
v -10.0 6.4154 110.0
v -12.5 0.7804 115.0
v -12.5 0 117.5
v -10.0 0 117.5
v -10.0 4.212 -115.0
v -10.0 5.7425 -112.5
v -7.5 6.5806 -112.5
v -10.0 4.212 -115.0
v -7.5 6.5806 -112.5
v -7.5 5.4065 -115.0
v -10.0 5.7425 -112.5
v -10.0 6.23 -110.0
v -7.5 7.2557 -110.0
v -10.0 5.7425 -112.5
v -7.5 7.2557 -110.0
v -7.5 6.5806 -112.5
v -10.0 6.23 -110.0
v -10.0 6.0705 -107.5
v -7.5 7.5751 -107.5
v -10.0 6.23 -110.0
v -7.5 7.5751 -107.5
v -7.5 7.2557 -110.0
v -10.0 6.0705 -107.5
v -10.0 5.5028 -105.0
v -7.5 7.2802 -105.0
v -10.0 6.0705 -107.5
v -7.5 7.2802 -105.0
v -7.5 7.5751 -107.5
v -10.0 5.5028 -105.0
v -10.0 4.3422 -102.5
v -7.5 6.0461 -102.5
v -10.0 4.3422 -102.5
v -10.0 4.5836 -100.0
v -7.5 3.6327 -100.0
v -10.0 4.5836 -100.0
v -7.5 2.0762 -97.5
v -7.5 3.6327 -100.0
v -10.0 2.0223 75.0
v -10.0 3.536 77.5
v -7.5 4.0253 77.5
v -10.0 2.0223 75.0
v -7.5 4.0253 77.5
v -7.5 2.5665 75.0
v -10.0 3.536 77.5
v -10.0 4.4632 80.0
v -7.5 5.2391 80.0
v -10.0 3.536 77.5
v -7.5 5.2391 80.0
v -7.5 4.0253 77.5
v -10.0 4.4632 80.0
v -10.0 5.2316 82.5
v -7.5 6.2219 82.5
v -10.0 4.4632 80.0
v -7.5 6.2219 82.5
v -7.5 5.2391 80.0
v -10.0 5.2316 82.5
v -10.0 5.8675 85.0
v -7.5 6.7274 85.0
v -10.0 5.2316 82.5
v -7.5 6.7274 85.0
v -7.5 6.2219 82.5
v -10.0 5.8675 85.0
v -10.0 6.128 87.5
v -7.5 6.5848 87.5
v -10.0 5.8675 85.0
v -7.5 6.5848 87.5
v -7.5 6.7274 85.0
v -10.0 6.128 87.5
v -10.0 5.803 90.0
v -7.5 5.9507 90.0
v -10.0 6.128 87.5
v -7.5 5.9507 90.0
v -7.5 6.5848 87.5
v -10.0 5.803 90.0
v -10.0 5.7438 92.5
v -7.5 5.5826 92.5
v -10.0 5.803 90.0
v -7.5 5.5826 92.5
v -7.5 5.9507 90.0
v -10.0 5.7438 92.5
v -10.0 6.8465 95.0
v -7.5 7.0189 95.0
v -10.0 5.7438 92.5
v -7.5 7.0189 95.0
v -7.5 5.5826 92.5
v -10.0 6.8465 95.0
v -10.0 7.666 97.5
v -7.5 8.356 97.5
v -10.0 6.8465 95.0
v -7.5 8.356 97.5
v -7.5 7.0189 95.0
v -10.0 7.666 97.5
v -10.0 8.46 100.0
v -7.5 9.3564 100.0
v -10.0 7.666 97.5
v -7.5 9.3564 100.0
v -7.5 8.356 97.5
v -10.0 8.46 100.0
v -10.0 9.0118 102.5
v -7.5 9.5596 102.5
v -10.0 8.46 100.0
v -7.5 9.5596 102.5
v -7.5 9.3564 100.0
v -10.0 9.0118 102.5
v -10.0 8.8882 105.0
v -7.5 8.7918 105.0
v -10.0 9.0118 102.5
v -7.5 8.7918 105.0
v -7.5 9.5596 102.5
v -10.0 8.8882 105.0
v -10.0 7.9613 107.5
v -7.5 7.5798 107.5
v -10.0 8.8882 105.0
v -7.5 7.5798 107.5
v -7.5 8.7918 105.0
v -10.0 7.9613 107.5
v -10.0 6.4154 110.0
v -7.5 6.2647 110.0
v -10.0 7.9613 107.5
v -7.5 6.2647 110.0
v -7.5 7.5798 107.5
v -10.0 6.4154 110.0
v -10.0 4.5043 112.5
v -7.5 4.7704 112.5
v -10.0 6.4154 110.0
v -7.5 4.7704 112.5
v -7.5 6.2647 110.0
v -10.0 1.9439 115.0
v -10.0 0 117.5
v -7.5 0 117.5
v -7.5 5.4065 -115.0
v -7.5 6.5806 -112.5
v -5.0 7.2327 -112.5
v -7.5 5.4065 -115.0
v -5.0 7.2327 -112.5
v -5.0 5.6917 -115.0
v -7.5 6.5806 -112.5
v -7.5 7.2557 -110.0
v -5.0 8.4437 -110.0
v -7.5 6.5806 -112.5
v -5.0 8.4437 -110.0
v -5.0 7.2327 -112.5
v -7.5 7.2557 -110.0
v -7.5 7.5751 -107.5
v -5.0 8.8448 -107.5
v -7.5 7.2557 -110.0
v -5.0 8.8448 -107.5
v -5.0 8.4437 -110.0
v -7.5 7.5751 -107.5
v -7.5 7.2802 -105.0
v -5.0 8.0638 -105.0
v -7.5 7.5751 -107.5
v -5.0 8.0638 -105.0
v -5.0 8.8448 -107.5
v -7.5 7.2802 -105.0
v -7.5 6.0461 -102.5
v -5.0 6.3887 -102.5
v -7.5 7.2802 -105.0
v -5.0 6.3887 -102.5
v -5.0 8.0638 -105.0
v -7.5 2.2337 -95.0
v -7.5 1.619 -92.5
v -5.0 0 -92.5
v -7.5 1.619 -92.5
v -7.5 0 -90.0
v -5.0 0 -90.0
v -7.5 1.619 -92.5
v -5.0 0 -90.0
v -5.0 0 -92.5
v -7.5 2.5665 75.0
v -7.5 4.0253 77.5
v -5.0 4.5602 77.5
v -7.5 2.5665 75.0
v -5.0 4.5602 77.5
v -5.0 2.8935 75.0
v -7.5 4.0253 77.5
v -7.5 5.2391 80.0
v -5.0 5.7827 80.0
v -7.5 4.0253 77.5
v -5.0 5.7827 80.0
v -5.0 4.5602 77.5
v -7.5 5.2391 80.0
v -7.5 6.2219 82.5
v -5.0 6.4539 82.5
v -7.5 5.2391 80.0
v -5.0 6.4539 82.5
v -5.0 5.7827 80.0
v -7.5 6.2219 82.5
v -7.5 6.7274 85.0
v -5.0 6.5991 85.0
v -7.5 6.2219 82.5
v -5.0 6.5991 85.0
v -5.0 6.4539 82.5
v -7.5 6.7274 85.0
v -7.5 6.5848 87.5
v -5.0 6.3785 87.5
v -7.5 6.7274 85.0
v -5.0 6.3785 87.5
v -5.0 6.5991 85.0
v -7.5 6.5848 87.5
v -7.5 5.9507 90.0
v -5.0 6.0095 90.0
v -7.5 6.5848 87.5
v -5.0 6.0095 90.0
v -5.0 6.3785 87.5
v -7.5 5.9507 90.0
v -7.5 5.5826 92.5
v -5.0 5.5938 92.5
v -7.5 5.9507 90.0
v -5.0 5.5938 92.5
v -5.0 6.0095 90.0
v -7.5 5.5826 92.5
v -7.5 7.0189 95.0
v -5.0 7.3275 95.0
v -7.5 5.5826 92.5
v -5.0 7.3275 95.0
v -5.0 5.5938 92.5
v -7.5 7.0189 95.0
v -7.5 8.356 97.5
v -5.0 8.5105 97.5
v -7.5 7.0189 95.0
v -5.0 8.5105 97.5
v -5.0 7.3275 95.0
v -7.5 8.356 97.5
v -7.5 9.3564 100.0
v -5.0 8.9218 100.0
v -7.5 8.356 97.5
v -5.0 8.9218 100.0
v -5.0 8.5105 97.5
v -7.5 9.3564 100.0
v -7.5 9.5596 102.5
v -5.0 8.6204 102.5
v -7.5 9.3564 100.0
v -5.0 8.6204 102.5
v -5.0 8.9218 100.0
v -7.5 9.5596 102.5
v -7.5 8.7918 105.0
v -5.0 7.9572 105.0
v -7.5 9.5596 102.5
v -5.0 7.9572 105.0
v -5.0 8.6204 102.5
v -7.5 8.7918 105.0
v -7.5 7.5798 107.5
v -5.0 7.2514 107.5
v -7.5 8.7918 105.0
v -5.0 7.2514 107.5
v -5.0 7.9572 105.0
v -7.5 7.5798 107.5
v -7.5 6.2647 110.0
v -5.0 6.3735 110.0
v -7.5 7.5798 107.5
v -5.0 6.3735 110.0
v -5.0 7.2514 107.5
v -7.5 6.2647 110.0
v -7.5 4.7704 112.5
v -5.0 4.8718 112.5
v -7.5 6.2647 110.0
v -5.0 4.8718 112.5
v -5.0 6.3735 110.0
v -5.0 5.6917 -115.0
v -5.0 7.2327 -112.5
v -2.5 7.6993 -112.5
v -5.0 5.6917 -115.0
v -2.5 7.6993 -112.5
v -2.5 5.8966 -115.0
v -5.0 7.2327 -112.5
v -5.0 8.4437 -110.0
v -2.5 8.6667 -110.0
v -5.0 7.2327 -112.5
v -2.5 8.6667 -110.0
v -2.5 7.6993 -112.5
v -5.0 8.4437 -110.0
v -5.0 8.8448 -107.5
v -2.5 8.5015 -107.5
v -5.0 8.4437 -110.0
v -2.5 8.5015 -107.5
v -2.5 8.6667 -110.0
v -5.0 8.8448 -107.5
v -5.0 8.0638 -105.0
v -2.5 7.4078 -105.0
v -5.0 8.8448 -107.5
v -2.5 7.4078 -105.0
v -2.5 8.5015 -107.5
v -5.0 8.0638 -105.0
v -5.0 6.3887 -102.5
v -2.5 5.9088 -102.5
v -5.0 8.0638 -105.0
v -2.5 5.9088 -102.5
v -2.5 7.4078 -105.0
v -5.0 6.3887 -102.5
v -2.5 3.9376 -100.0
v -2.5 5.9088 -102.5
v -5.0 4.0464 -100.0
v -2.5 2.2444 -97.5
v -2.5 3.9376 -100.0
v -5.0 0 -92.5
v -5.0 0 -90.0
v -2.5 0.9064 -90.0
v -5.0 0 -90.0
v -2.5 0 -87.5
v -2.5 0.9064 -90.0
v -5.0 0 -17.5
v -5.0 0.0 -15.0
v -2.5 2.0034 -15.0
v -5.0 0 -17.5
v -2.5 2.0034 -15.0
v -2.5 0 -17.5
v -5.0 0.0 -10.0
v -5.0 0 -7.5
v -2.5 1.9412 -7.5
v -5.0 0 -7.5
v -5.0 0 -5.0
v -2.5 0.7115 -5.0
v -5.0 0 -5.0
v -2.5 0.0 -2.5
v -2.5 0.7115 -5.0
v -5.0 2.8935 75.0
v -5.0 4.5602 77.5
v -2.5 4.5374 77.5
v -5.0 2.8935 75.0
v -2.5 4.5374 77.5
v -2.5 2.9578 75.0
v -5.0 4.5602 77.5
v -5.0 5.7827 80.0
v -2.5 5.4239 80.0
v -5.0 4.5602 77.5
v -2.5 5.4239 80.0
v -2.5 4.5374 77.5
v -5.0 5.7827 80.0
v -5.0 6.4539 82.5
v -2.5 5.8599 82.5
v -5.0 5.7827 80.0
v -2.5 5.8599 82.5
v -2.5 5.4239 80.0
v -5.0 6.4539 82.5
v -5.0 6.5991 85.0
v -2.5 6.137 85.0
v -5.0 6.4539 82.5
v -2.5 6.137 85.0
v -2.5 5.8599 82.5
v -5.0 6.5991 85.0
v -5.0 6.3785 87.5
v -2.5 6.3447 87.5
v -5.0 6.5991 85.0
v -2.5 6.3447 87.5
v -2.5 6.137 85.0
v -5.0 6.3785 87.5
v -5.0 6.0095 90.0
v -2.5 6.3185 90.0
v -5.0 6.3785 87.5
v -2.5 6.3185 90.0
v -2.5 6.3447 87.5
v -5.0 6.0095 90.0
v -5.0 5.5938 92.5
v -2.5 5.8409 92.5
v -5.0 6.0095 90.0
v -2.5 5.8409 92.5
v -2.5 6.3185 90.0
v -5.0 5.5938 92.5
v -5.0 7.3275 95.0
v -2.5 6.6904 95.0
v -5.0 5.5938 92.5
v -2.5 6.6904 95.0
v -2.5 5.8409 92.5
v -5.0 7.3275 95.0
v -5.0 8.5105 97.5
v -2.5 7.3855 97.5
v -5.0 7.3275 95.0
v -2.5 7.3855 97.5
v -2.5 6.6904 95.0
v -5.0 8.5105 97.5
v -5.0 8.9218 100.0
v -2.5 7.5817 100.0
v -5.0 8.5105 97.5
v -2.5 7.5817 100.0
v -2.5 7.3855 97.5
v -5.0 8.9218 100.0
v -5.0 8.6204 102.5
v -2.5 7.6084 102.5
v -5.0 8.9218 100.0
v -2.5 7.6084 102.5
v -2.5 7.5817 100.0
v -5.0 8.6204 102.5
v -5.0 7.9572 105.0
v -2.5 7.5387 105.0
v -5.0 8.6204 102.5
v -2.5 7.5387 105.0
v -2.5 7.6084 102.5
v -5.0 7.9572 105.0
v -5.0 7.2514 107.5
v -2.5 7.122 107.5
v -5.0 7.9572 105.0
v -2.5 7.122 107.5
v -2.5 7.5387 105.0
v -5.0 7.2514 107.5
v -5.0 6.3735 110.0
v -2.5 6.0172 110.0
v -5.0 7.2514 107.5
v -2.5 6.0172 110.0
v -2.5 7.122 107.5
v -5.0 6.3735 110.0
v -5.0 4.8718 112.5
v -2.5 4.0476 112.5
v -5.0 6.3735 110.0
v -2.5 4.0476 112.5
v -2.5 6.0172 110.0
v -5.0 2.0926 115.0
v -2.5 0 117.5
v -2.5 0.5617 115.0
v -2.5 3.4146 -117.5
v 0.0 5.388 -115.0
v 0.0 3.8892 -117.5
v -2.5 5.8966 -115.0
v -2.5 7.6993 -112.5
v 0.0 6.854 -112.5
v -2.5 5.8966 -115.0
v 0.0 6.854 -112.5
v 0.0 5.388 -115.0
v -2.5 7.6993 -112.5
v -2.5 8.6667 -110.0
v 0.0 7.3095 -110.0
v -2.5 7.6993 -112.5
v 0.0 7.3095 -110.0
v 0.0 6.854 -112.5
v -2.5 8.6667 -110.0
v -2.5 8.5015 -107.5
v 0.0 7.0738 -107.5
v -2.5 8.6667 -110.0
v 0.0 7.0738 -107.5
v 0.0 7.3095 -110.0
v -2.5 8.5015 -107.5
v -2.5 7.4078 -105.0
v 0.0 6.4476 -105.0
v -2.5 8.5015 -107.5
v 0.0 6.4476 -105.0
v 0.0 7.0738 -107.5
v -2.5 7.4078 -105.0
v -2.5 5.9088 -102.5
v 0.0 5.3734 -102.5
v -2.5 7.4078 -105.0
v 0.0 5.3734 -102.5
v 0.0 6.4476 -105.0
v -2.5 5.9088 -102.5
v -2.5 3.9376 -100.0
v 0.0 3.6808 -100.0
v -2.5 5.9088 -102.5
v 0.0 3.6808 -100.0
v 0.0 5.3734 -102.5
v -2.5 3.9376 -100.0
v 0.0 4.4698 -97.5
v 0.0 3.6808 -100.0
v -2.5 2.2444 -97.5
v -2.5 2.5913 -95.0
v 0.0 4.5618 -95.0
v -2.5 2.5913 -95.0
v -2.5 2.2171 -92.5
v 0.0 4.0698 -92.5
v -2.5 2.5913 -95.0
v 0.0 4.0698 -92.5
v 0.0 4.5618 -95.0
v -2.5 2.2171 -92.5
v 0.0 3.1801 -90.0
v 0.0 4.0698 -92.5
v -2.5 0.9064 -90.0
v -2.5 0 -87.5
v 0.0 0 -87.5
v -2.5 0.7115 -5.0
v -2.5 0.0 -2.5
v 0.0 1.6173 -2.5
v -2.5 0.0 -2.5
v -2.5 0 0.0
v 0.0 0.9328 0.0
v -2.5 0.0 -2.5
v 0.0 0.9328 0.0
v 0.0 1.6173 -2.5
v -2.5 0 0.0
v -2.5 0 2.5
v 0.0 0.7452 2.5
v -2.5 0 0.0
v 0.0 0.7452 2.5
v 0.0 0.9328 0.0
v -2.5 0 2.5
v -2.5 0 5.0
v 0.0 0.3118 5.0
v -2.5 0 2.5
v 0.0 0.3118 5.0
v 0.0 0.7452 2.5
v -2.5 0 5.0
v 0.0 0.0 7.5
v 0.0 0.3118 5.0
v -2.5 2.9578 75.0
v -2.5 4.5374 77.5
v 0.0 3.7686 77.5
v -2.5 2.9578 75.0
v 0.0 3.7686 77.5
v 0.0 2.31 75.0
v -2.5 4.5374 77.5
v -2.5 5.4239 80.0
v 0.0 4.6516 80.0
v -2.5 4.5374 77.5
v 0.0 4.6516 80.0
v 0.0 3.7686 77.5
v -2.5 5.4239 80.0
v -2.5 5.8599 82.5
v 0.0 5.3769 82.5
v -2.5 5.4239 80.0
v 0.0 5.3769 82.5
v 0.0 4.6516 80.0
v -2.5 5.8599 82.5
v -2.5 6.137 85.0
v 0.0 6.0065 85.0
v -2.5 5.8599 82.5
v 0.0 6.0065 85.0
v 0.0 5.3769 82.5
v -2.5 6.137 85.0
v -2.5 6.3447 87.5
v 0.0 6.3051 87.5
v -2.5 6.137 85.0
v 0.0 6.3051 87.5
v 0.0 6.0065 85.0
v -2.5 6.3447 87.5
v -2.5 6.3185 90.0
v 0.0 6.0275 90.0
v -2.5 6.3447 87.5
v 0.0 6.0275 90.0
v 0.0 6.3051 87.5
v -2.5 6.3185 90.0
v -2.5 5.8409 92.5
v 0.0 5.1875 92.5
v -2.5 6.3185 90.0
v 0.0 5.1875 92.5
v 0.0 6.0275 90.0
v -2.5 5.8409 92.5
v -2.5 6.6904 95.0
v 0.0 5.1047 95.0
v -2.5 5.8409 92.5
v 0.0 5.1047 95.0
v 0.0 5.1875 92.5
v -2.5 6.6904 95.0
v -2.5 7.3855 97.5
v 0.0 5.9271 97.5
v -2.5 6.6904 95.0
v 0.0 5.9271 97.5
v 0.0 5.1047 95.0
v -2.5 7.3855 97.5
v -2.5 7.5817 100.0
v 0.0 6.5711 100.0
v -2.5 7.3855 97.5
v 0.0 6.5711 100.0
v 0.0 5.9271 97.5
v -2.5 7.5817 100.0
v -2.5 7.6084 102.5
v 0.0 7.0002 102.5
v -2.5 7.5817 100.0
v 0.0 7.0002 102.5
v 0.0 6.5711 100.0
v -2.5 7.6084 102.5
v -2.5 7.5387 105.0
v 0.0 6.9127 105.0
v -2.5 7.6084 102.5
v 0.0 6.9127 105.0
v 0.0 7.0002 102.5
v -2.5 7.5387 105.0
v -2.5 7.122 107.5
v 0.0 6.0824 107.5
v -2.5 7.5387 105.0
v 0.0 6.0824 107.5
v 0.0 6.9127 105.0
v -2.5 7.122 107.5
v -2.5 6.0172 110.0
v 0.0 4.5507 110.0
v -2.5 7.122 107.5
v 0.0 4.5507 110.0
v 0.0 6.0824 107.5
v -2.5 0.5617 115.0
v -2.5 0 117.5
v 0.0 0 117.5
v -2.5 0.5617 115.0
v 0.0 0 117.5
v 0.0 0 115.0
v 0.0 0 -125.0
v 0.0 0 -122.5
v 2.5 1.5992 -122.5
v 0.0 0 -125.0
v 2.5 1.5992 -122.5
v 2.5 0 -125.0
v 0.0 2.3467 -120.0
v 0.0 3.8892 -117.5
v 2.5 5.0583 -117.5
v 0.0 2.3467 -120.0
v 2.5 5.0583 -117.5
v 2.5 3.765 -120.0
v 0.0 3.8892 -117.5
v 0.0 5.388 -115.0
v 2.5 5.6702 -115.0
v 0.0 3.8892 -117.5
v 2.5 5.6702 -115.0
v 2.5 5.0583 -117.5
v 0.0 5.388 -115.0
v 0.0 6.854 -112.5
v 2.5 5.8036 -112.5
v 0.0 5.388 -115.0
v 2.5 5.8036 -112.5
v 2.5 5.6702 -115.0
v 0.0 6.854 -112.5
v 0.0 7.3095 -110.0
v 2.5 5.7265 -110.0
v 0.0 6.854 -112.5
v 2.5 5.7265 -110.0
v 2.5 5.8036 -112.5
v 0.0 7.3095 -110.0
v 0.0 7.0738 -107.5
v 2.5 5.7571 -107.5
v 0.0 7.3095 -110.0
v 2.5 5.7571 -107.5
v 2.5 5.7265 -110.0
v 0.0 7.0738 -107.5
v 0.0 6.4476 -105.0
v 2.5 5.3824 -105.0
v 0.0 7.0738 -107.5
v 2.5 5.3824 -105.0
v 2.5 5.7571 -107.5
v 0.0 6.4476 -105.0
v 0.0 5.3734 -102.5
v 2.5 4.0238 -102.5
v 0.0 6.4476 -105.0
v 2.5 4.0238 -102.5
v 2.5 5.3824 -105.0
v 0.0 5.3734 -102.5
v 2.5 5.0999 -100.0
v 2.5 4.0238 -102.5
v 0.0 3.6808 -100.0
v 0.0 4.4698 -97.5
v 2.5 5.519 -97.5
v 0.0 3.6808 -100.0
v 2.5 5.519 -97.5
v 2.5 5.0999 -100.0
v 0.0 4.4698 -97.5
v 0.0 4.5618 -95.0
v 2.5 5.4513 -95.0
v 0.0 4.4698 -97.5
v 2.5 5.4513 -95.0
v 2.5 5.519 -97.5
v 0.0 4.5618 -95.0
v 0.0 4.0698 -92.5
v 2.5 5.1462 -92.5
v 0.0 4.5618 -95.0
v 2.5 5.1462 -92.5
v 2.5 5.4513 -95.0
v 0.0 4.0698 -92.5
v 0.0 3.1801 -90.0
v 2.5 4.6162 -90.0
v 0.0 4.0698 -92.5
v 2.5 4.6162 -90.0
v 2.5 5.1462 -92.5
v 0.0 5.517 -15.0
v 0.0 5.9083 -12.5
v 2.5 6.6893 -12.5
v 0.0 5.517 -15.0
v 2.5 6.6893 -12.5
v 2.5 6.6941 -15.0
v 0.0 5.9083 -12.5
v 0.0 5.5959 -10.0
v 2.5 6.242 -10.0
v 0.0 5.9083 -12.5
v 2.5 6.242 -10.0
v 2.5 6.6893 -12.5
v 0.0 5.5959 -10.0
v 0.0 4.7261 -7.5
v 2.5 5.6207 -7.5
v 0.0 5.5959 -10.0
v 2.5 5.6207 -7.5
v 2.5 6.242 -10.0
v 0.0 4.7261 -7.5
v 0.0 3.4964 -5.0
v 2.5 4.7875 -5.0
v 0.0 4.7261 -7.5
v 2.5 4.7875 -5.0
v 2.5 5.6207 -7.5
v 0.0 3.4964 -5.0
v 2.5 3.3344 -2.5
v 2.5 4.7875 -5.0
v 0.0 1.6173 -2.5
v 0.0 0.9328 0.0
v 2.5 2.3505 0.0
v 0.0 1.6173 -2.5
v 2.5 2.3505 0.0
v 2.5 3.3344 -2.5
v 0.0 0.9328 0.0
v 0.0 0.7452 2.5
v 2.5 2.5281 2.5
v 0.0 0.9328 0.0
v 2.5 2.5281 2.5
v 2.5 2.3505 0.0
v 0.0 0.7452 2.5
v 0.0 0.3118 5.0
v 2.5 2.3253 5.0
v 0.0 0.7452 2.5
v 2.5 2.3253 5.0
v 2.5 2.5281 2.5
v 0.0 0.3118 5.0
v 0.0 0.0 7.5
v 2.5 1.5561 7.5
v 0.0 0.0 7.5
v 0.0 0.0 10.0
v 2.5 1.2815 10.0
v 0.0 0.0 7.5
v 2.5 1.2815 10.0
v 2.5 1.5561 7.5
v 0.0 0.0 10.0
v 0.0 0.0 12.5
v 2.5 0.6426 12.5
v 0.0 0.0 10.0
v 2.5 0.6426 12.5
v 2.5 1.2815 10.0
v 0.0 0.0 12.5
v 2.5 0.0 15.0
v 2.5 0.6426 12.5
v 0.0 0 72.5
v 2.5 0.9612 75.0
v 2.5 0 72.5
v 0.0 2.31 75.0
v 0.0 3.7686 77.5
v 2.5 2.8234 77.5
v 0.0 3.7686 77.5
v 0.0 4.6516 80.0
v 2.5 4.0499 80.0
v 0.0 3.7686 77.5
v 2.5 4.0499 80.0
v 2.5 2.8234 77.5
v 0.0 4.6516 80.0
v 0.0 5.3769 82.5
v 2.5 4.9885 82.5
v 0.0 4.6516 80.0
v 2.5 4.9885 82.5
v 2.5 4.0499 80.0
v 0.0 5.3769 82.5
v 0.0 6.0065 85.0
v 2.5 5.4867 85.0
v 0.0 5.3769 82.5
v 2.5 5.4867 85.0
v 2.5 4.9885 82.5
v 0.0 6.0065 85.0
v 0.0 6.3051 87.5
v 2.5 5.4131 87.5
v 0.0 6.0065 85.0
v 2.5 5.4131 87.5
v 2.5 5.4867 85.0
v 0.0 6.3051 87.5
v 0.0 6.0275 90.0
v 2.5 4.8689 90.0
v 0.0 6.3051 87.5
v 2.5 4.8689 90.0
v 2.5 5.4131 87.5
v 0.0 6.0275 90.0
v 0.0 5.1875 92.5
v 2.5 4.0834 92.5
v 0.0 6.0275 90.0
v 2.5 4.0834 92.5
v 2.5 4.8689 90.0
v 0.0 5.1875 92.5
v 0.0 5.1047 95.0
v 2.5 4.6806 95.0
v 0.0 5.1875 92.5
v 2.5 4.6806 95.0
v 2.5 4.0834 92.5
v 0.0 5.1047 95.0
v 0.0 5.9271 97.5
v 2.5 6.3121 97.5
v 0.0 5.1047 95.0
v 2.5 6.3121 97.5
v 2.5 4.6806 95.0
v 0.0 5.9271 97.5
v 0.0 6.5711 100.0
v 2.5 7.3683 100.0
v 0.0 5.9271 97.5
v 2.5 7.3683 100.0
v 2.5 6.3121 97.5
v 0.0 6.5711 100.0
v 0.0 7.0002 102.5
v 2.5 7.5699 102.5
v 0.0 6.5711 100.0
v 2.5 7.5699 102.5
v 2.5 7.3683 100.0
v 0.0 7.0002 102.5
v 0.0 6.9127 105.0
v 2.5 6.8129 105.0
v 0.0 7.0002 102.5
v 2.5 6.8129 105.0
v 2.5 7.5699 102.5
v 0.0 6.9127 105.0
v 0.0 6.0824 107.5
v 2.5 5.317 107.5
v 0.0 6.9127 105.0
v 2.5 5.317 107.5
v 2.5 6.8129 105.0
v 0.0 6.0824 107.5
v 0.0 4.5507 110.0
v 2.5 3.1892 110.0
v 2.5 0 -125.0
v 2.5 1.5992 -122.5
v 5.0 2.5969 -122.5
v 2.5 1.5992 -122.5
v 5.0 4.3575 -120.0
v 5.0 2.5969 -122.5
v 2.5 3.765 -120.0
v 2.5 5.0583 -117.5
v 5.0 5.3115 -117.5
v 2.5 3.765 -120.0
v 5.0 5.3115 -117.5
v 5.0 4.3575 -120.0
v 2.5 5.0583 -117.5
v 2.5 5.6702 -115.0
v 5.0 5.8978 -115.0
v 2.5 5.0583 -117.5
v 5.0 5.8978 -115.0
v 5.0 5.3115 -117.5
v 2.5 5.6702 -115.0
v 2.5 5.8036 -112.5
v 5.0 6.3924 -112.5
v 2.5 5.6702 -115.0
v 5.0 6.3924 -112.5
v 5.0 5.8978 -115.0
v 2.5 5.8036 -112.5
v 2.5 5.7265 -110.0
v 5.0 6.7273 -110.0
v 2.5 5.8036 -112.5
v 5.0 6.7273 -110.0
v 5.0 6.3924 -112.5
v 2.5 5.7265 -110.0
v 2.5 5.7571 -107.5
v 5.0 6.6143 -107.5
v 2.5 5.7265 -110.0
v 5.0 6.6143 -107.5
v 5.0 6.7273 -110.0
v 2.5 5.7571 -107.5
v 2.5 5.3824 -105.0
v 5.0 5.8743 -105.0
v 2.5 5.7571 -107.5
v 5.0 5.8743 -105.0
v 5.0 6.6143 -107.5
v 2.5 5.3824 -105.0
v 2.5 4.0238 -102.5
v 5.0 4.6912 -102.5
v 2.5 5.3824 -105.0
v 5.0 4.6912 -102.5
v 5.0 5.8743 -105.0
v 2.5 4.0238 -102.5
v 2.5 5.0999 -100.0
v 5.0 5.524 -100.0
v 2.5 4.0238 -102.5
v 5.0 5.524 -100.0
v 5.0 4.6912 -102.5
v 2.5 5.0999 -100.0
v 2.5 5.519 -97.5
v 5.0 6.0027 -97.5
v 2.5 5.0999 -100.0
v 5.0 6.0027 -97.5
v 5.0 5.524 -100.0
v 2.5 5.519 -97.5
v 2.5 5.4513 -95.0
v 5.0 6.3204 -95.0
v 2.5 5.519 -97.5
v 5.0 6.3204 -95.0
v 5.0 6.0027 -97.5
v 2.5 5.4513 -95.0
v 2.5 5.1462 -92.5
v 5.0 6.3408 -92.5
v 2.5 5.4513 -95.0
v 5.0 6.3408 -92.5
v 5.0 6.3204 -95.0
v 2.5 5.1462 -92.5
v 2.5 4.6162 -90.0
v 5.0 5.8051 -90.0
v 2.5 5.1462 -92.5
v 5.0 5.8051 -90.0
v 5.0 6.3408 -92.5
v 2.5 6.6941 -15.0
v 2.5 6.6893 -12.5
v 5.0 7.0084 -12.5
v 2.5 6.6941 -15.0
v 5.0 7.0084 -12.5
v 5.0 6.8673 -15.0
v 2.5 6.6893 -12.5
v 2.5 6.242 -10.0
v 5.0 6.9873 -10.0
v 2.5 6.6893 -12.5
v 5.0 6.9873 -10.0
v 5.0 7.0084 -12.5
v 2.5 6.242 -10.0
v 2.5 5.6207 -7.5
v 5.0 6.6875 -7.5
v 2.5 6.242 -10.0
v 5.0 6.6875 -7.5
v 5.0 6.9873 -10.0
v 2.5 5.6207 -7.5
v 2.5 4.7875 -5.0
v 5.0 5.8225 -5.0
v 2.5 5.6207 -7.5
v 5.0 5.8225 -5.0
v 5.0 6.6875 -7.5
v 2.5 4.7875 -5.0
v 2.5 3.3344 -2.5
v 5.0 4.1735 -2.5
v 2.5 4.7875 -5.0
v 5.0 4.1735 -2.5
v 5.0 5.8225 -5.0
v 2.5 3.3344 -2.5
v 2.5 2.3505 0.0
v 5.0 2.8039 0.0
v 2.5 3.3344 -2.5
v 5.0 2.8039 0.0
v 5.0 4.1735 -2.5
v 2.5 2.3505 0.0
v 2.5 2.5281 2.5
v 5.0 2.884 2.5
v 2.5 2.3505 0.0
v 5.0 2.884 2.5
v 5.0 2.8039 0.0
v 2.5 2.5281 2.5
v 2.5 2.3253 5.0
v 5.0 2.7786 5.0
v 2.5 2.5281 2.5
v 5.0 2.7786 5.0
v 5.0 2.884 2.5
v 2.5 2.3253 5.0
v 2.5 1.5561 7.5
v 5.0 2.752 7.5
v 2.5 2.3253 5.0
v 5.0 2.752 7.5
v 5.0 2.7786 5.0
v 2.5 1.5561 7.5
v 5.0 3.5288 10.0
v 5.0 2.752 7.5
v 2.5 0.0 15.0
v 2.5 0.0 17.5
v 5.0 1.6547 17.5
v 2.5 0.0 17.5
v 2.5 0.0 20.0
v 5.0 0.5501 20.0
v 2.5 0.0 17.5
v 5.0 0.5501 20.0
v 5.0 1.6547 17.5
v 2.5 0.0 20.0
v 5.0 0.0 22.5
v 5.0 0.5501 20.0
v 2.5 0 72.5
v 2.5 0.9612 75.0
v 5.0 0 75.0
v 2.5 0.9612 75.0
v 5.0 1.4856 77.5
v 5.0 0 75.0
v 2.5 2.8234 77.5
v 2.5 4.0499 80.0
v 5.0 3.0286 80.0
v 2.5 2.8234 77.5
v 5.0 3.0286 80.0
v 5.0 1.4856 77.5
v 2.5 4.0499 80.0
v 2.5 4.9885 82.5
v 5.0 3.8425 82.5
v 2.5 4.0499 80.0
v 5.0 3.8425 82.5
v 5.0 3.0286 80.0
v 2.5 4.9885 82.5
v 2.5 5.4867 85.0
v 5.0 4.0797 85.0
v 2.5 4.9885 82.5
v 5.0 4.0797 85.0
v 5.0 3.8425 82.5
v 2.5 5.4867 85.0
v 2.5 5.4131 87.5
v 5.0 3.9327 87.5
v 2.5 5.4867 85.0
v 5.0 3.9327 87.5
v 5.0 4.0797 85.0
v 2.5 5.4131 87.5
v 2.5 4.8689 90.0
v 5.0 3.5884 90.0
v 2.5 5.4131 87.5
v 5.0 3.5884 90.0
v 5.0 3.9327 87.5
v 2.5 4.8689 90.0
v 2.5 4.0834 92.5
v 5.0 4.067 92.5
v 2.5 4.8689 90.0
v 5.0 4.067 92.5
v 5.0 3.5884 90.0
v 2.5 4.0834 92.5
v 2.5 4.6806 95.0
v 5.0 6.4864 95.0
v 2.5 6.3121 97.5
v 2.5 7.3683 100.0
v 5.0 8.7563 100.0
v 2.5 6.3121 97.5
v 5.0 8.7563 100.0
v 5.0 8.1039 97.5
v 2.5 7.3683 100.0
v 2.5 7.5699 102.5
v 5.0 8.4677 102.5
v 2.5 7.3683 100.0
v 5.0 8.4677 102.5
v 5.0 8.7563 100.0
v 2.5 7.5699 102.5
v 2.5 6.8129 105.0
v 5.0 7.6025 105.0
v 2.5 7.5699 102.5
v 5.0 7.6025 105.0
v 5.0 8.4677 102.5
v 2.5 6.8129 105.0
v 2.5 5.317 107.5
v 5.0 6.4783 107.5
v 2.5 6.8129 105.0
v 5.0 6.4783 107.5
v 5.0 7.6025 105.0
v 2.5 5.317 107.5
v 5.0 4.8912 110.0
v 5.0 6.4783 107.5
v 5.0 2.5969 -122.5
v 5.0 4.3575 -120.0
v 7.5 4.2718 -120.0
v 5.0 2.5969 -122.5
v 7.5 4.2718 -120.0
v 7.5 2.7408 -122.5
v 5.0 4.3575 -120.0
v 5.0 5.3115 -117.5
v 7.5 5.3708 -117.5
v 5.0 4.3575 -120.0
v 7.5 5.3708 -117.5
v 7.5 4.2718 -120.0
v 5.0 5.3115 -117.5
v 5.0 5.8978 -115.0
v 7.5 6.3764 -115.0
v 5.0 5.3115 -117.5
v 7.5 6.3764 -115.0
v 7.5 5.3708 -117.5
v 5.0 5.8978 -115.0
v 5.0 6.3924 -112.5
v 7.5 7.1874 -112.5
v 5.0 5.8978 -115.0
v 7.5 7.1874 -112.5
v 7.5 6.3764 -115.0
v 5.0 6.3924 -112.5
v 5.0 6.7273 -110.0
v 7.5 7.3853 -110.0
v 5.0 6.3924 -112.5
v 7.5 7.3853 -110.0
v 7.5 7.1874 -112.5
v 5.0 6.7273 -110.0
v 5.0 6.6143 -107.5
v 7.5 6.7893 -107.5
v 5.0 6.7273 -110.0
v 7.5 6.7893 -107.5
v 7.5 7.3853 -110.0
v 5.0 6.6143 -107.5
v 5.0 5.8743 -105.0
v 7.5 5.7241 -105.0
v 5.0 6.6143 -107.5
v 7.5 5.7241 -105.0
v 7.5 6.7893 -107.5
v 5.0 5.8743 -105.0
v 5.0 4.6912 -102.5
v 7.5 4.7239 -102.5
v 5.0 5.8743 -105.0
v 7.5 4.7239 -102.5
v 7.5 5.7241 -105.0
v 5.0 4.6912 -102.5
v 5.0 5.524 -100.0
v 7.5 5.788 -100.0
v 5.0 4.6912 -102.5
v 7.5 5.788 -100.0
v 7.5 4.7239 -102.5
v 5.0 5.524 -100.0
v 5.0 6.0027 -97.5
v 7.5 6.7242 -97.5
v 5.0 5.524 -100.0
v 7.5 6.7242 -97.5
v 7.5 5.788 -100.0
v 5.0 6.0027 -97.5
v 5.0 6.3204 -95.0
v 7.5 7.2827 -95.0
v 5.0 6.0027 -97.5
v 7.5 7.2827 -95.0
v 7.5 6.7242 -97.5
v 5.0 6.3204 -95.0
v 5.0 6.3408 -92.5
v 7.5 7.0112 -92.5
v 5.0 6.3204 -95.0
v 7.5 7.0112 -92.5
v 7.5 7.2827 -95.0
v 5.0 6.3408 -92.5
v 5.0 5.8051 -90.0
v 7.5 6.0316 -90.0
v 5.0 6.3408 -92.5
v 7.5 6.0316 -90.0
v 7.5 7.0112 -92.5
v 5.0 6.8673 -15.0
v 5.0 7.0084 -12.5
v 7.5 7.6888 -12.5
v 5.0 6.8673 -15.0
v 7.5 7.6888 -12.5
v 7.5 7.0055 -15.0
v 5.0 7.0084 -12.5
v 5.0 6.9873 -10.0
v 7.5 7.7933 -10.0
v 5.0 7.0084 -12.5
v 7.5 7.7933 -10.0
v 7.5 7.6888 -12.5
v 5.0 6.9873 -10.0
v 5.0 6.6875 -7.5
v 7.5 7.1733 -7.5
v 5.0 6.9873 -10.0
v 7.5 7.1733 -7.5
v 7.5 7.7933 -10.0
v 5.0 6.6875 -7.5
v 5.0 5.8225 -5.0
v 7.5 5.8805 -5.0
v 5.0 6.6875 -7.5
v 7.5 5.8805 -5.0
v 7.5 7.1733 -7.5
v 5.0 5.8225 -5.0
v 5.0 4.1735 -2.5
v 7.5 4.1071 -2.5
v 5.0 5.8225 -5.0
v 7.5 4.1071 -2.5
v 7.5 5.8805 -5.0
v 5.0 4.1735 -2.5
v 5.0 2.8039 0.0
v 7.5 2.9105 0.0
v 5.0 4.1735 -2.5
v 7.5 2.9105 0.0
v 7.5 4.1071 -2.5
v 5.0 2.8039 0.0
v 5.0 2.884 2.5
v 7.5 3.1933 2.5
v 5.0 2.8039 0.0
v 7.5 3.1933 2.5
v 7.5 2.9105 0.0
v 5.0 2.884 2.5
v 5.0 2.7786 5.0
v 7.5 3.2647 5.0
v 5.0 2.884 2.5
v 7.5 3.2647 5.0
v 7.5 3.1933 2.5
v 5.0 2.7786 5.0
v 5.0 2.752 7.5
v 7.5 3.2454 7.5
v 5.0 2.7786 5.0
v 7.5 3.2454 7.5
v 7.5 3.2647 5.0
v 5.0 2.752 7.5
v 5.0 3.5288 10.0
v 7.5 3.9067 10.0
v 5.0 2.752 7.5
v 7.5 3.9067 10.0
v 7.5 3.2454 7.5
v 5.0 3.5288 10.0
v 5.0 3.9584 12.5
v 7.5 4.1526 12.5
v 5.0 3.5288 10.0
v 7.5 4.1526 12.5
v 7.5 3.9067 10.0
v 5.0 3.9584 12.5
v 5.0 2.9096 15.0
v 7.5 4.0604 15.0
v 5.0 3.9584 12.5
v 7.5 4.0604 15.0
v 7.5 4.1526 12.5
v 5.0 2.9096 15.0
v 7.5 3.7696 17.5
v 7.5 4.0604 15.0
v 5.0 0.5501 20.0
v 5.0 0.0 22.5
v 7.5 1.9661 22.5
v 5.0 0.0 22.5
v 5.0 0.0 25.0
v 7.5 0.7491 25.0
v 5.0 0.0 25.0
v 7.5 0.0 27.5
v 7.5 0.7491 25.0
v 5.0 1.4856 77.5
v 7.5 0.652 80.0
v 7.5 0 77.5
v 5.0 3.8425 82.5
v 5.0 4.0797 85.0
v 7.5 2.277 85.0
v 5.0 3.8425 82.5
v 7.5 2.277 85.0
v 7.5 1.8501 82.5
v 5.0 4.0797 85.0
v 5.0 3.9327 87.5
v 7.5 2.3638 87.5
v 5.0 4.0797 85.0
v 7.5 2.3638 87.5
v 7.5 2.277 85.0
v 5.0 3.9327 87.5
v 5.0 3.5884 90.0
v 7.5 2.0795 90.0
v 5.0 3.9327 87.5
v 7.5 2.0795 90.0
v 7.5 2.3638 87.5
v 5.0 3.5884 90.0
v 5.0 4.067 92.5
v 7.5 5.2056 92.5
v 5.0 6.4864 95.0
v 5.0 8.1039 97.5
v 7.5 8.4868 97.5
v 5.0 6.4864 95.0
v 7.5 8.4868 97.5
v 7.5 7.3759 95.0
v 5.0 8.1039 97.5
v 5.0 8.7563 100.0
v 7.5 8.8594 100.0
v 5.0 8.1039 97.5
v 7.5 8.8594 100.0
v 7.5 8.4868 97.5
v 5.0 8.7563 100.0
v 5.0 8.4677 102.5
v 7.5 8.8114 102.5
v 5.0 8.7563 100.0
v 7.5 8.8114 102.5
v 7.5 8.8594 100.0
v 5.0 8.4677 102.5
v 5.0 7.6025 105.0
v 7.5 8.4594 105.0
v 5.0 8.4677 102.5
v 7.5 8.4594 105.0
v 7.5 8.8114 102.5
v 5.0 7.6025 105.0
v 5.0 6.4783 107.5
v 7.5 7.674 107.5
v 5.0 7.6025 105.0
v 7.5 7.674 107.5
v 7.5 8.4594 105.0
v 5.0 6.4783 107.5
v 5.0 4.8912 110.0
v 7.5 6.0103 110.0
v 5.0 6.4783 107.5
v 7.5 6.0103 110.0
v 7.5 7.674 107.5
v 5.0 1.8022 112.5
v 5.0 0 115.0
v 7.5 0 115.0
v 7.5 2.7408 -122.5
v 7.5 4.2718 -120.0
v 10.0 4.1903 -120.0
v 7.5 2.7408 -122.5
v 10.0 4.1903 -120.0
v 10.0 2.4226 -122.5
v 7.5 4.2718 -120.0
v 7.5 5.3708 -117.5
v 10.0 5.6063 -117.5
v 7.5 4.2718 -120.0
v 10.0 5.6063 -117.5
v 10.0 4.1903 -120.0
v 7.5 5.3708 -117.5
v 7.5 6.3764 -115.0
v 10.0 6.642 -115.0
v 7.5 5.3708 -117.5
v 10.0 6.642 -115.0
v 10.0 5.6063 -117.5
v 7.5 6.3764 -115.0
v 7.5 7.1874 -112.5
v 10.0 7.071 -112.5
v 7.5 6.3764 -115.0
v 10.0 7.071 -112.5
v 10.0 6.642 -115.0
v 7.5 7.1874 -112.5
v 7.5 7.3853 -110.0
v 10.0 6.8168 -110.0
v 7.5 7.1874 -112.5
v 10.0 6.8168 -110.0
v 10.0 7.071 -112.5
v 7.5 7.3853 -110.0
v 7.5 6.7893 -107.5
v 10.0 6.1365 -107.5
v 7.5 7.3853 -110.0
v 10.0 6.1365 -107.5
v 10.0 6.8168 -110.0
v 7.5 6.7893 -107.5
v 7.5 5.7241 -105.0
v 10.0 5.3587 -105.0
v 7.5 6.7893 -107.5
v 10.0 5.3587 -105.0
v 10.0 6.1365 -107.5
v 7.5 5.7241 -105.0
v 7.5 4.7239 -102.5
v 10.0 4.7835 -102.5
v 7.5 5.7241 -105.0
v 10.0 4.7835 -102.5
v 10.0 5.3587 -105.0
v 7.5 4.7239 -102.5
v 7.5 5.788 -100.0
v 10.0 6.1423 -100.0
v 7.5 4.7239 -102.5
v 10.0 6.1423 -100.0
v 10.0 4.7835 -102.5
v 7.5 5.788 -100.0
v 7.5 6.7242 -97.5
v 10.0 7.0148 -97.5
v 7.5 5.788 -100.0
v 10.0 7.0148 -97.5
v 10.0 6.1423 -100.0
v 7.5 6.7242 -97.5
v 7.5 7.2827 -95.0
v 10.0 7.1352 -95.0
v 7.5 6.7242 -97.5
v 10.0 7.1352 -95.0
v 10.0 7.0148 -97.5
v 7.5 7.2827 -95.0
v 7.5 7.0112 -92.5
v 10.0 6.499 -92.5
v 7.5 7.2827 -95.0
v 10.0 6.499 -92.5
v 10.0 7.1352 -95.0
v 7.5 7.0112 -92.5
v 7.5 6.0316 -90.0
v 10.0 5.5204 -90.0
v 7.5 7.0112 -92.5
v 10.0 5.5204 -90.0
v 10.0 6.499 -92.5
v 7.5 7.0055 -15.0
v 7.5 7.6888 -12.5
v 10.0 7.8038 -12.5
v 7.5 7.0055 -15.0
v 10.0 7.8038 -12.5
v 10.0 7.2887 -15.0
v 7.5 7.6888 -12.5
v 7.5 7.7933 -10.0
v 10.0 7.4794 -10.0
v 7.5 7.6888 -12.5
v 10.0 7.4794 -10.0
v 10.0 7.8038 -12.5
v 7.5 7.7933 -10.0
v 7.5 7.1733 -7.5
v 10.0 6.5082 -7.5
v 7.5 7.7933 -10.0
v 10.0 6.5082 -7.5
v 10.0 7.4794 -10.0
v 7.5 7.1733 -7.5
v 7.5 5.8805 -5.0
v 10.0 5.2519 -5.0
v 7.5 7.1733 -7.5
v 10.0 5.2519 -5.0
v 10.0 6.5082 -7.5
v 7.5 5.8805 -5.0
v 7.5 4.1071 -2.5
v 10.0 3.7754 -2.5
v 7.5 5.8805 -5.0
v 10.0 3.7754 -2.5
v 10.0 5.2519 -5.0
v 7.5 4.1071 -2.5
v 7.5 2.9105 0.0
v 10.0 3.0488 0.0
v 7.5 4.1071 -2.5
v 10.0 3.0488 0.0
v 10.0 3.7754 -2.5
v 7.5 2.9105 0.0
v 7.5 3.1933 2.5
v 10.0 3.4475 2.5
v 7.5 2.9105 0.0
v 10.0 3.4475 2.5
v 10.0 3.0488 0.0
v 7.5 3.1933 2.5
v 7.5 3.2647 5.0
v 10.0 3.4185 5.0
v 7.5 3.1933 2.5
v 10.0 3.4185 5.0
v 10.0 3.4475 2.5
v 7.5 3.2647 5.0
v 7.5 3.2454 7.5
v 10.0 3.1903 7.5
v 7.5 3.2647 5.0
v 10.0 3.1903 7.5
v 10.0 3.4185 5.0
v 7.5 3.2454 7.5
v 7.5 3.9067 10.0
v 10.0 3.65 10.0
v 7.5 3.2454 7.5
v 10.0 3.65 10.0
v 10.0 3.1903 7.5
v 7.5 3.9067 10.0
v 7.5 4.1526 12.5
v 10.0 3.8905 12.5
v 7.5 3.9067 10.0
v 10.0 3.8905 12.5
v 10.0 3.65 10.0
v 7.5 4.1526 12.5
v 7.5 4.0604 15.0
v 10.0 4.0326 15.0
v 7.5 4.1526 12.5
v 10.0 4.0326 15.0
v 10.0 3.8905 12.5
v 7.5 4.0604 15.0
v 7.5 3.7696 17.5
v 10.0 3.9961 17.5
v 7.5 4.0604 15.0
v 10.0 3.9961 17.5
v 10.0 4.0326 15.0
v 7.5 3.7696 17.5
v 7.5 3.2908 20.0
v 10.0 3.6793 20.0
v 7.5 3.7696 17.5
v 10.0 3.6793 20.0
v 10.0 3.9961 17.5
v 7.5 3.2908 20.0
v 7.5 1.9661 22.5
v 10.0 2.9485 22.5
v 7.5 3.2908 20.0
v 10.0 2.9485 22.5
v 10.0 3.6793 20.0
v 7.5 1.9661 22.5
v 7.5 0.7491 25.0
v 10.0 1.7472 25.0
v 7.5 1.9661 22.5
v 10.0 1.7472 25.0
v 10.0 2.9485 22.5
v 7.5 0.7491 25.0
v 7.5 0.0 27.5
v 10.0 0.0 27.5
v 7.5 0.7491 25.0
v 10.0 0.0 27.5
v 10.0 1.7472 25.0
v 7.5 0 77.5
v 7.5 0.652 80.0
v 10.0 0 80.0
v 7.5 0.652 80.0
v 10.0 0 82.5
v 10.0 0 80.0
v 7.5 1.8501 82.5
v 10.0 0 85.0
v 10.0 0 82.5
v 7.5 2.3638 87.5
v 7.5 2.0795 90.0
v 10.0 1.6019 90.0
v 7.5 5.2056 92.5
v 10.0 6.946 95.0
v 10.0 5.1788 92.5
v 7.5 7.3759 95.0
v 7.5 8.4868 97.5
v 10.0 8.0217 97.5
v 7.5 7.3759 95.0
v 10.0 8.0217 97.5
v 10.0 6.946 95.0
v 7.5 8.4868 97.5
v 7.5 8.8594 100.0
v 10.0 8.8936 100.0
v 7.5 8.4868 97.5
v 10.0 8.8936 100.0
v 10.0 8.0217 97.5
v 7.5 8.8594 100.0
v 7.5 8.8114 102.5
v 10.0 9.4419 102.5
v 7.5 8.8594 100.0
v 10.0 9.4419 102.5
v 10.0 8.8936 100.0
v 7.5 8.8114 102.5
v 7.5 8.4594 105.0
v 10.0 9.1895 105.0
v 7.5 8.8114 102.5
v 10.0 9.1895 105.0
v 10.0 9.4419 102.5
v 7.5 8.4594 105.0
v 7.5 7.674 107.5
v 10.0 7.9944 107.5
v 7.5 8.4594 105.0
v 10.0 7.9944 107.5
v 10.0 9.1895 105.0
v 7.5 7.674 107.5
v 7.5 6.0103 110.0
v 10.0 5.8857 110.0
v 10.0 0 -125.0
v 12.5 1.827 -122.5
v 12.5 0 -125.0
v 10.0 2.4226 -122.5
v 10.0 4.1903 -120.0
v 12.5 3.9246 -120.0
v 10.0 4.1903 -120.0
v 10.0 5.6063 -117.5
v 12.5 5.241 -117.5
v 10.0 4.1903 -120.0
v 12.5 5.241 -117.5
v 12.5 3.9246 -120.0
v 10.0 5.6063 -117.5
v 10.0 6.642 -115.0
v 12.5 5.8834 -115.0
v 10.0 5.6063 -117.5
v 12.5 5.8834 -115.0
v 12.5 5.241 -117.5
v 10.0 6.642 -115.0
v 10.0 7.071 -112.5
v 12.5 6.0067 -112.5
v 10.0 6.642 -115.0
v 12.5 6.0067 -112.5
v 12.5 5.8834 -115.0
v 10.0 7.071 -112.5
v 10.0 6.8168 -110.0
v 12.5 5.8774 -110.0
v 10.0 7.071 -112.5
v 12.5 5.8774 -110.0
v 12.5 6.0067 -112.5
v 10.0 6.8168 -110.0
v 10.0 6.1365 -107.5
v 12.5 5.645 -107.5
v 10.0 6.8168 -110.0
v 12.5 5.645 -107.5
v 12.5 5.8774 -110.0
v 10.0 6.1365 -107.5
v 10.0 5.3587 -105.0
v 12.5 5.1835 -105.0
v 10.0 6.1365 -107.5
v 12.5 5.1835 -105.0
v 12.5 5.645 -107.5
v 10.0 5.3587 -105.0
v 10.0 4.7835 -102.5
v 12.5 4.5522 -102.5
v 10.0 5.3587 -105.0
v 12.5 4.5522 -102.5
v 12.5 5.1835 -105.0
v 10.0 4.7835 -102.5
v 10.0 6.1423 -100.0
v 12.5 5.7032 -100.0
v 10.0 4.7835 -102.5
v 12.5 5.7032 -100.0
v 12.5 4.5522 -102.5
v 10.0 6.1423 -100.0
v 10.0 7.0148 -97.5
v 12.5 6.1333 -97.5
v 10.0 6.1423 -100.0
v 12.5 6.1333 -97.5
v 12.5 5.7032 -100.0
v 10.0 7.0148 -97.5
v 10.0 7.1352 -95.0
v 12.5 6.0282 -95.0
v 10.0 7.0148 -97.5
v 12.5 6.0282 -95.0
v 12.5 6.1333 -97.5
v 10.0 7.1352 -95.0
v 10.0 6.499 -92.5
v 12.5 5.6571 -92.5
v 10.0 7.1352 -95.0
v 12.5 5.6571 -92.5
v 12.5 6.0282 -95.0
v 10.0 6.499 -92.5
v 10.0 5.5204 -90.0
v 12.5 5.1103 -90.0
v 10.0 6.499 -92.5
v 12.5 5.1103 -90.0
v 12.5 5.6571 -92.5
v 10.0 7.2887 -15.0
v 10.0 7.8038 -12.5
v 12.5 6.7262 -12.5
v 10.0 7.2887 -15.0
v 12.5 6.7262 -12.5
v 12.5 6.6993 -15.0
v 10.0 7.8038 -12.5
v 12.5 5.2129 -10.0
v 12.5 6.7262 -12.5
v 10.0 5.2519 -5.0
v 10.0 3.7754 -2.5
v 12.5 2.4523 -2.5
v 10.0 5.2519 -5.0
v 12.5 2.4523 -2.5
v 12.5 3.5348 -5.0
v 10.0 3.7754 -2.5
v 10.0 3.0488 0.0
v 12.5 2.2077 0.0
v 10.0 3.7754 -2.5
v 12.5 2.2077 0.0
v 12.5 2.4523 -2.5
v 10.0 3.0488 0.0
v 10.0 3.4475 2.5
v 12.5 2.3532 2.5
v 10.0 3.0488 0.0
v 12.5 2.3532 2.5
v 12.5 2.2077 0.0
v 10.0 3.4475 2.5
v 10.0 3.4185 5.0
v 12.5 2.2 5.0
v 10.0 3.4475 2.5
v 12.5 2.2 5.0
v 12.5 2.3532 2.5
v 10.0 3.4185 5.0
v 10.0 3.1903 7.5
v 12.5 2.0301 7.5
v 10.0 3.4185 5.0
v 12.5 2.0301 7.5
v 12.5 2.2 5.0
v 10.0 3.1903 7.5
v 10.0 3.65 10.0
v 12.5 2.4589 10.0
v 10.0 3.1903 7.5
v 12.5 2.4589 10.0
v 12.5 2.0301 7.5
v 10.0 3.65 10.0
v 10.0 3.8905 12.5
v 12.5 2.8144 12.5
v 10.0 3.65 10.0
v 12.5 2.8144 12.5
v 12.5 2.4589 10.0
v 10.0 3.8905 12.5
v 10.0 4.0326 15.0
v 12.5 3.0227 15.0
v 10.0 3.8905 12.5
v 12.5 3.0227 15.0
v 12.5 2.8144 12.5
v 10.0 4.0326 15.0
v 10.0 3.9961 17.5
v 12.5 2.9394 17.5
v 10.0 4.0326 15.0
v 12.5 2.9394 17.5
v 12.5 3.0227 15.0
v 10.0 3.9961 17.5
v 10.0 3.6793 20.0
v 12.5 2.5301 20.0
v 10.0 3.9961 17.5
v 12.5 2.5301 20.0
v 12.5 2.9394 17.5
v 10.0 3.6793 20.0
v 10.0 2.9485 22.5
v 12.5 1.8715 22.5
v 10.0 3.6793 20.0
v 12.5 1.8715 22.5
v 12.5 2.5301 20.0
v 10.0 2.9485 22.5
v 10.0 1.7472 25.0
v 12.5 0.9794 25.0
v 10.0 2.9485 22.5
v 12.5 0.9794 25.0
v 12.5 1.8715 22.5
v 10.0 1.7472 25.0
v 10.0 0.0 27.5
v 12.5 0.0 27.5
v 10.0 1.7472 25.0
v 12.5 0.0 27.5
v 12.5 0.9794 25.0
v 10.0 0 87.5
v 10.0 1.6019 90.0
v 12.5 0.7672 90.0
v 10.0 0 87.5
v 12.5 0.7672 90.0
v 12.5 0 87.5
v 10.0 5.1788 92.5
v 10.0 6.946 95.0
v 12.5 6.2047 95.0
v 10.0 6.946 95.0
v 10.0 8.0217 97.5
v 12.5 7.7837 97.5
v 10.0 6.946 95.0
v 12.5 7.7837 97.5
v 12.5 6.2047 95.0
v 10.0 8.0217 97.5
v 10.0 8.8936 100.0
v 12.5 8.9413 100.0
v 10.0 8.0217 97.5
v 12.5 8.9413 100.0
v 12.5 7.7837 97.5
v 10.0 8.8936 100.0
v 10.0 9.4419 102.5
v 12.5 9.2443 102.5
v 10.0 8.8936 100.0
v 12.5 9.2443 102.5
v 12.5 8.9413 100.0
v 10.0 9.4419 102.5
v 10.0 9.1895 105.0
v 12.5 8.4799 105.0
v 10.0 9.4419 102.5
v 12.5 8.4799 105.0
v 12.5 9.2443 102.5
v 10.0 9.1895 105.0
v 10.0 7.9944 107.5
v 12.5 6.935 107.5
v 10.0 9.1895 105.0
v 12.5 6.935 107.5
v 12.5 8.4799 105.0
v 12.5 3.9246 -120.0
v 12.5 5.241 -117.5
v 15.0 4.0488 -117.5
v 12.5 3.9246 -120.0
v 15.0 4.0488 -117.5
v 15.0 2.7954 -120.0
v 12.5 5.241 -117.5
v 12.5 5.8834 -115.0
v 15.0 4.9828 -115.0
v 12.5 5.241 -117.5
v 15.0 4.9828 -115.0
v 15.0 4.0488 -117.5
v 12.5 5.8834 -115.0
v 12.5 6.0067 -112.5
v 15.0 5.5993 -112.5
v 12.5 5.8834 -115.0
v 15.0 5.5993 -112.5
v 15.0 4.9828 -115.0
v 12.5 6.0067 -112.5
v 12.5 5.8774 -110.0
v 15.0 6.0095 -110.0
v 12.5 6.0067 -112.5
v 15.0 6.0095 -110.0
v 15.0 5.5993 -112.5
v 12.5 5.8774 -110.0
v 12.5 5.645 -107.5
v 15.0 5.9963 -107.5
v 12.5 5.8774 -110.0
v 15.0 5.9963 -107.5
v 15.0 6.0095 -110.0
v 12.5 5.645 -107.5
v 12.5 5.1835 -105.0
v 15.0 5.2935 -105.0
v 12.5 5.645 -107.5
v 15.0 5.2935 -105.0
v 15.0 5.9963 -107.5
v 12.5 5.1835 -105.0
v 12.5 4.5522 -102.5
v 15.0 3.8257 -102.5
v 12.5 5.1835 -105.0
v 15.0 3.8257 -102.5
v 15.0 5.2935 -105.0
v 12.5 4.5522 -102.5
v 12.5 5.7032 -100.0
v 15.0 4.3337 -100.0
v 12.5 4.5522 -102.5
v 15.0 4.3337 -100.0
v 15.0 3.8257 -102.5
v 12.5 5.7032 -100.0
v 12.5 6.1333 -97.5
v 15.0 4.805 -97.5
v 12.5 5.7032 -100.0
v 15.0 4.805 -97.5
v 15.0 4.3337 -100.0
v 12.5 6.1333 -97.5
v 12.5 6.0282 -95.0
v 15.0 5.0388 -95.0
v 12.5 6.1333 -97.5
v 15.0 5.0388 -95.0
v 15.0 4.805 -97.5
v 12.5 6.0282 -95.0
v 12.5 5.6571 -92.5
v 15.0 5.0044 -92.5
v 12.5 6.0282 -95.0
v 15.0 5.0044 -92.5
v 15.0 5.0388 -95.0
v 12.5 5.6571 -92.5
v 12.5 5.1103 -90.0
v 15.0 4.4448 -90.0
v 12.5 5.6571 -92.5
v 15.0 4.4448 -90.0
v 15.0 5.0044 -92.5
v 12.5 6.6993 -15.0
v 12.5 6.7262 -12.5
v 15.0 5.9106 -12.5
v 12.5 6.6993 -15.0
v 15.0 5.9106 -12.5
v 15.0 5.6399 -15.0
v 12.5 6.7262 -12.5
v 12.5 5.2129 -10.0
v 15.0 5.0605 -10.0
v 12.5 6.7262 -12.5
v 15.0 5.0605 -10.0
v 15.0 5.9106 -12.5
v 12.5 5.2129 -10.0
v 12.5 4.1846 -7.5
v 15.0 2.5216 -7.5
v 12.5 4.1846 -7.5
v 12.5 3.5348 -5.0
v 15.0 1.8611 -5.0
v 12.5 4.1846 -7.5
v 15.0 1.8611 -5.0
v 15.0 2.5216 -7.5
v 12.5 3.5348 -5.0
v 12.5 2.4523 -2.5
v 15.0 1.4856 -2.5
v 12.5 3.5348 -5.0
v 15.0 1.4856 -2.5
v 15.0 1.8611 -5.0
v 12.5 2.4523 -2.5
v 12.5 2.2077 0.0
v 15.0 0.9179 0.0
v 12.5 2.4523 -2.5
v 15.0 0.9179 0.0
v 15.0 1.4856 -2.5
v 12.5 2.2077 0.0
v 12.5 2.3532 2.5
v 15.0 0.903 2.5
v 12.5 2.2077 0.0
v 15.0 0.903 2.5
v 15.0 0.9179 0.0
v 12.5 2.3532 2.5
v 12.5 2.2 5.0
v 15.0 0.8496 5.0
v 12.5 2.3532 2.5
v 15.0 0.8496 5.0
v 15.0 0.903 2.5
v 12.5 2.2 5.0
v 12.5 2.0301 7.5
v 15.0 0.7719 7.5
v 12.5 2.2 5.0
v 15.0 0.7719 7.5
v 15.0 0.8496 5.0
v 12.5 2.0301 7.5
v 12.5 2.4589 10.0
v 15.0 0.9905 10.0
v 12.5 2.0301 7.5
v 15.0 0.9905 10.0
v 15.0 0.7719 7.5
v 12.5 2.4589 10.0
v 12.5 2.8144 12.5
v 15.0 1.1496 12.5
v 12.5 2.4589 10.0
v 15.0 1.1496 12.5
v 15.0 0.9905 10.0
v 12.5 2.8144 12.5
v 12.5 3.0227 15.0
v 15.0 1.1736 15.0
v 12.5 2.8144 12.5
v 15.0 1.1736 15.0
v 15.0 1.1496 12.5
v 12.5 3.0227 15.0
v 12.5 2.9394 17.5
v 15.0 1.0652 17.5
v 12.5 3.0227 15.0
v 15.0 1.0652 17.5
v 15.0 1.1736 15.0
v 12.5 2.9394 17.5
v 12.5 2.5301 20.0
v 15.0 0.8709 20.0
v 12.5 2.9394 17.5
v 15.0 0.8709 20.0
v 15.0 1.0652 17.5
v 12.5 2.5301 20.0
v 12.5 1.8715 22.5
v 15.0 0.6133 22.5
v 12.5 2.5301 20.0
v 15.0 0.6133 22.5
v 15.0 0.8709 20.0
v 12.5 1.8715 22.5
v 12.5 0.9794 25.0
v 15.0 0.1591 25.0
v 12.5 1.8715 22.5
v 15.0 0.1591 25.0
v 15.0 0.6133 22.5
v 12.5 0.9794 25.0
v 12.5 0.0 27.5
v 15.0 0.0 27.5
v 12.5 0.9794 25.0
v 15.0 0.0 27.5
v 15.0 0.1591 25.0
v 12.5 4.2105 92.5
v 15.0 5.3986 95.0
v 15.0 4.1256 92.5
v 12.5 6.2047 95.0
v 12.5 7.7837 97.5
v 15.0 7.0643 97.5
v 12.5 6.2047 95.0
v 15.0 7.0643 97.5
v 15.0 5.3986 95.0
v 12.5 7.7837 97.5
v 12.5 8.9413 100.0
v 15.0 7.784 100.0
v 12.5 7.7837 97.5
v 15.0 7.784 100.0
v 15.0 7.0643 97.5
v 12.5 8.9413 100.0
v 12.5 9.2443 102.5
v 15.0 7.565 102.5
v 12.5 8.9413 100.0
v 15.0 7.565 102.5
v 15.0 7.784 100.0
v 12.5 9.2443 102.5
v 12.5 8.4799 105.0
v 15.0 6.7175 105.0
v 12.5 9.2443 102.5
v 15.0 6.7175 105.0
v 15.0 7.565 102.5
v 12.5 2.017 112.5
v 12.5 0 115.0
v 15.0 0 115.0
v 12.5 2.017 112.5
v 15.0 0 115.0
v 15.0 0 112.5
v 15.0 0 -125.0
v 15.0 0 -122.5
v 17.5 0.1847 -122.5
v 15.0 0 -125.0
v 17.5 0.1847 -122.5
v 17.5 0 -125.0
v 15.0 2.7954 -120.0
v 15.0 4.0488 -117.5
v 17.5 4.9239 -117.5
v 15.0 2.7954 -120.0
v 17.5 4.9239 -117.5
v 17.5 3.3914 -120.0
v 15.0 4.0488 -117.5
v 15.0 4.9828 -115.0
v 17.5 6.1426 -115.0
v 15.0 4.0488 -117.5
v 17.5 6.1426 -115.0
v 17.5 4.9239 -117.5
v 15.0 4.9828 -115.0
v 15.0 5.5993 -112.5
v 17.5 7.1022 -112.5
v 15.0 4.9828 -115.0
v 17.5 7.1022 -112.5
v 17.5 6.1426 -115.0
v 15.0 5.5993 -112.5
v 15.0 6.0095 -110.0
v 17.5 7.4947 -110.0
v 15.0 5.5993 -112.5
v 17.5 7.4947 -110.0
v 17.5 7.1022 -112.5
v 15.0 6.0095 -110.0
v 15.0 5.9963 -107.5
v 17.5 7.0935 -107.5
v 15.0 6.0095 -110.0
v 17.5 7.0935 -107.5
v 17.5 7.4947 -110.0
v 15.0 5.9963 -107.5
v 15.0 5.2935 -105.0
v 17.5 6.042 -105.0
v 15.0 5.9963 -107.5
v 17.5 6.042 -105.0
v 17.5 7.0935 -107.5
v 15.0 5.2935 -105.0
v 15.0 3.8257 -102.5
v 17.5 4.7118 -102.5
v 15.0 5.2935 -105.0
v 17.5 4.7118 -102.5
v 17.5 6.042 -105.0
v 15.0 3.8257 -102.5
v 15.0 4.3337 -100.0
v 17.5 6.039 -100.0
v 15.0 3.8257 -102.5
v 17.5 6.039 -100.0
v 17.5 4.7118 -102.5
v 15.0 4.3337 -100.0
v 17.5 6.904 -97.5
v 17.5 6.039 -100.0
v 15.0 5.0388 -95.0
v 15.0 5.0044 -92.5
v 17.5 6.4372 -92.5
v 15.0 5.0044 -92.5
v 15.0 4.4448 -90.0
v 17.5 4.612 -90.0
v 15.0 5.6399 -15.0
v 15.0 5.9106 -12.5
v 17.5 6.7823 -12.5
v 15.0 5.6399 -15.0
v 17.5 6.7823 -12.5
v 17.5 6.0497 -15.0
v 15.0 5.9106 -12.5
v 15.0 5.0605 -10.0
v 17.5 6.0059 -10.0
v 15.0 5.9106 -12.5
v 17.5 6.0059 -10.0
v 17.5 6.7823 -12.5
v 15.0 2.5216 -7.5
v 15.0 1.8611 -5.0
v 17.5 0.0 -5.0
v 15.0 1.8611 -5.0
v 15.0 1.4856 -2.5
v 17.5 0.0 -2.5
v 15.0 1.8611 -5.0
v 17.5 0.0 -2.5
v 17.5 0.0 -5.0
v 15.0 1.4856 -2.5
v 15.0 0.9179 0.0
v 17.5 0.0 0.0
v 15.0 1.4856 -2.5
v 17.5 0.0 0.0
v 17.5 0.0 -2.5
v 15.0 0.9179 0.0
v 15.0 0.903 2.5
v 17.5 0.0 2.5
v 15.0 0.9179 0.0
v 17.5 0.0 2.5
v 17.5 0.0 0.0
v 15.0 0.903 2.5
v 15.0 0.8496 5.0
v 17.5 0.0 5.0
v 15.0 0.903 2.5
v 17.5 0.0 5.0
v 17.5 0.0 2.5
v 15.0 0.8496 5.0
v 15.0 0.7719 7.5
v 17.5 0.0 7.5
v 15.0 0.8496 5.0
v 17.5 0.0 7.5
v 17.5 0.0 5.0
v 15.0 0.7719 7.5
v 15.0 0.9905 10.0
v 17.5 0.0 10.0
v 15.0 0.7719 7.5
v 17.5 0.0 10.0
v 17.5 0.0 7.5
v 15.0 0.9905 10.0
v 15.0 1.1496 12.5
v 17.5 0.0 12.5
v 15.0 0.9905 10.0
v 17.5 0.0 12.5
v 17.5 0.0 10.0
v 15.0 1.1496 12.5
v 15.0 1.1736 15.0
v 17.5 0.0 15.0
v 15.0 1.1496 12.5
v 17.5 0.0 15.0
v 17.5 0.0 12.5
v 15.0 1.1736 15.0
v 15.0 1.0652 17.5
v 17.5 0.0 17.5
v 15.0 1.1736 15.0
v 17.5 0.0 17.5
v 17.5 0.0 15.0
v 15.0 1.0652 17.5
v 15.0 0.8709 20.0
v 17.5 0.0 20.0
v 15.0 1.0652 17.5
v 17.5 0.0 20.0
v 17.5 0.0 17.5
v 15.0 0.8709 20.0
v 15.0 0.6133 22.5
v 17.5 0.0 22.5
v 15.0 0.8709 20.0
v 17.5 0.0 22.5
v 17.5 0.0 20.0
v 15.0 0.6133 22.5
v 15.0 0.1591 25.0
v 17.5 0.0 25.0
v 15.0 0.6133 22.5
v 17.5 0.0 25.0
v 17.5 0.0 22.5
v 15.0 0.1591 25.0
v 15.0 0.0 27.5
v 17.5 0.0 27.5
v 15.0 0.1591 25.0
v 17.5 0.0 27.5
v 17.5 0.0 25.0
v 15.0 0 85.0
v 15.0 0 87.5
v 17.5 1.901 87.5
v 15.0 0 85.0
v 17.5 1.901 87.5
v 17.5 0.0 85.0
v 15.0 2.7203 90.0
v 15.0 4.1256 92.5
v 17.5 5.4585 92.5
v 15.0 2.7203 90.0
v 17.5 5.4585 92.5
v 17.5 3.968 90.0
v 15.0 4.1256 92.5
v 15.0 5.3986 95.0
v 17.5 6.3749 95.0
v 15.0 4.1256 92.5
v 17.5 6.3749 95.0
v 17.5 5.4585 92.5
v 15.0 5.3986 95.0
v 15.0 7.0643 97.5
v 17.5 6.6257 97.5
v 15.0 5.3986 95.0
v 17.5 6.6257 97.5
v 17.5 6.3749 95.0
v 15.0 7.0643 97.5
v 15.0 7.784 100.0
v 17.5 6.3534 100.0
v 15.0 7.0643 97.5
v 17.5 6.3534 100.0
v 17.5 6.6257 97.5
v 15.0 7.784 100.0
v 15.0 7.565 102.5
v 17.5 5.8511 102.5
v 15.0 7.784 100.0
v 17.5 5.8511 102.5
v 17.5 6.3534 100.0
v 15.0 7.565 102.5
v 15.0 6.7175 105.0
v 17.5 5.2532 105.0
v 15.0 7.565 102.5
v 17.5 5.2532 105.0
v 17.5 5.8511 102.5
v 15.0 6.7175 105.0
v 15.0 5.5202 107.5
v 17.5 4.3508 107.5
v 15.0 6.7175 105.0
v 17.5 4.3508 107.5
v 17.5 5.2532 105.0
v 15.0 5.5202 107.5
v 15.0 3.7456 110.0
v 17.5 2.6793 110.0
v 15.0 5.5202 107.5
v 17.5 2.6793 110.0
v 17.5 4.3508 107.5
v 17.5 0 -125.0
v 17.5 0.1847 -122.5
v 20.0 1.5149 -122.5
v 17.5 0 -125.0
v 20.0 1.5149 -122.5
v 20.0 0 -125.0
v 17.5 3.3914 -120.0
v 17.5 4.9239 -117.5
v 20.0 5.844 -117.5
v 17.5 3.3914 -120.0
v 20.0 5.844 -117.5
v 20.0 4.0374 -120.0
v 17.5 4.9239 -117.5
v 17.5 6.1426 -115.0
v 20.0 7.2205 -115.0
v 17.5 4.9239 -117.5
v 20.0 7.2205 -115.0
v 20.0 5.844 -117.5
v 17.5 6.7823 -12.5
v 17.5 6.0059 -10.0
v 20.0 6.288 -10.0
v 17.5 3.968 90.0
v 17.5 5.4585 92.5
v 20.0 5.989 92.5
v 17.5 3.968 90.0
v 20.0 5.989 92.5
v 20.0 4.8081 90.0
v 17.5 5.4585 92.5
v 17.5 6.3749 95.0
v 20.0 6.538 95.0
v 17.5 5.4585 92.5
v 20.0 6.538 95.0
v 20.0 5.989 92.5
v 17.5 6.3749 95.0
v 17.5 6.6257 97.5
v 20.0 6.7395 97.5
v 17.5 6.3749 95.0
v 20.0 6.7395 97.5
v 20.0 6.538 95.0
v 17.5 6.6257 97.5
v 17.5 6.3534 100.0
v 20.0 6.8055 100.0
v 17.5 6.6257 97.5
v 20.0 6.8055 100.0
v 20.0 6.7395 97.5
v 17.5 6.3534 100.0
v 17.5 5.8511 102.5
v 20.0 6.7103 102.5
v 17.5 6.3534 100.0
v 20.0 6.7103 102.5
v 20.0 6.8055 100.0
v 17.5 5.8511 102.5
v 17.5 5.2532 105.0
v 20.0 6.2429 105.0
v 17.5 5.8511 102.5
v 20.0 6.2429 105.0
v 20.0 6.7103 102.5
v 17.5 5.2532 105.0
v 17.5 4.3508 107.5
v 20.0 5.1478 107.5
v 17.5 5.2532 105.0
v 20.0 5.1478 107.5
v 20.0 6.2429 105.0
v 17.5 4.3508 107.5
v 17.5 2.6793 110.0
v 20.0 3.3288 110.0
v 17.5 4.3508 107.5
v 20.0 3.3288 110.0
v 20.0 5.1478 107.5
v 20.0 0 -125.0
v 20.0 1.5149 -122.5
v 22.5 1.8032 -122.5
v 20.0 0 -125.0
v 22.5 1.8032 -122.5
v 22.5 0 -125.0
v 20.0 4.0374 -120.0
v 20.0 5.844 -117.5
v 22.5 6.2558 -117.5
v 20.0 4.0374 -120.0
v 22.5 6.2558 -117.5
v 22.5 4.5051 -120.0
v 20.0 5.844 -117.5
v 20.0 7.2205 -115.0
v 22.5 7.2267 -115.0
v 20.0 5.844 -117.5
v 22.5 7.2267 -115.0
v 22.5 6.2558 -117.5
v 20.0 2.8308 87.5
v 20.0 4.8081 90.0
v 22.5 4.7537 90.0
v 20.0 2.8308 87.5
v 22.5 4.7537 90.0
v 22.5 3.0913 87.5
v 20.0 4.8081 90.0
v 20.0 5.989 92.5
v 22.5 5.7084 92.5
v 20.0 4.8081 90.0
v 22.5 5.7084 92.5
v 22.5 4.7537 90.0
v 20.0 5.989 92.5
v 20.0 6.538 95.0
v 22.5 6.4267 95.0
v 20.0 5.989 92.5
v 22.5 6.4267 95.0
v 22.5 5.7084 92.5
v 20.0 6.538 95.0
v 20.0 6.7395 97.5
v 22.5 7.1224 97.5
v 20.0 6.538 95.0
v 22.5 7.1224 97.5
v 22.5 6.4267 95.0
v 20.0 6.7395 97.5
v 20.0 6.8055 100.0
v 22.5 7.5482 100.0
v 20.0 6.7395 97.5
v 22.5 7.5482 100.0
v 22.5 7.1224 97.5
v 20.0 6.8055 100.0
v 20.0 6.7103 102.5
v 22.5 7.3172 102.5
v 20.0 6.8055 100.0
v 22.5 7.3172 102.5
v 22.5 7.5482 100.0
v 20.0 6.7103 102.5
v 20.0 6.2429 105.0
v 22.5 6.4261 105.0
v 20.0 6.7103 102.5
v 22.5 6.4261 105.0
v 22.5 7.3172 102.5
v 20.0 6.2429 105.0
v 20.0 5.1478 107.5
v 22.5 5.0234 107.5
v 20.0 6.2429 105.0
v 22.5 5.0234 107.5
v 22.5 6.4261 105.0
v 20.0 5.1478 107.5
v 20.0 3.3288 110.0
v 22.5 3.2736 110.0
v 20.0 5.1478 107.5
v 22.5 3.2736 110.0
v 22.5 5.0234 107.5
v 20.0 0 112.5
v 22.5 0 115.0
v 22.5 0.4634 112.5
v 22.5 0 -125.0
v 22.5 1.8032 -122.5
v 25.0 1.3168 -122.5
v 22.5 0 -125.0
v 25.0 1.3168 -122.5
v 25.0 0 -125.0
v 22.5 4.5051 -120.0
v 22.5 6.2558 -117.5
v 25.0 5.5906 -117.5
v 22.5 4.5051 -120.0
v 25.0 5.5906 -117.5
v 25.0 4.1559 -120.0
v 22.5 6.2558 -117.5
v 22.5 7.2267 -115.0
v 25.0 6.3884 -115.0
v 22.5 6.2558 -117.5
v 25.0 6.3884 -115.0
v 25.0 5.5906 -117.5
v 22.5 3.0913 87.5
v 22.5 4.7537 90.0
v 25.0 4.2508 90.0
v 22.5 3.0913 87.5
v 25.0 4.2508 90.0
v 25.0 2.5992 87.5
v 22.5 4.7537 90.0
v 22.5 5.7084 92.5
v 25.0 5.5008 92.5
v 22.5 4.7537 90.0
v 25.0 5.5008 92.5
v 25.0 4.2508 90.0
v 22.5 5.7084 92.5
v 22.5 6.4267 95.0
v 25.0 6.6055 95.0
v 22.5 5.7084 92.5
v 25.0 6.6055 95.0
v 25.0 5.5008 92.5
v 22.5 6.4267 95.0
v 22.5 7.1224 97.5
v 25.0 7.3634 97.5
v 22.5 6.4267 95.0
v 25.0 7.3634 97.5
v 25.0 6.6055 95.0
v 22.5 7.1224 97.5
v 22.5 7.5482 100.0
v 25.0 7.4349 100.0
v 22.5 7.1224 97.5
v 25.0 7.4349 100.0
v 25.0 7.3634 97.5
v 22.5 7.5482 100.0
v 22.5 7.3172 102.5
v 25.0 6.7834 102.5
v 22.5 7.5482 100.0
v 25.0 6.7834 102.5
v 25.0 7.4349 100.0
v 22.5 7.3172 102.5
v 22.5 6.4261 105.0
v 25.0 5.7404 105.0
v 22.5 7.3172 102.5
v 25.0 5.7404 105.0
v 25.0 6.7834 102.5
v 22.5 6.4261 105.0
v 22.5 5.0234 107.5
v 25.0 4.5558 107.5
v 22.5 6.4261 105.0
v 25.0 4.5558 107.5
v 25.0 5.7404 105.0
v 22.5 5.0234 107.5
v 22.5 3.2736 110.0
v 25.0 3.0728 110.0
v 22.5 5.0234 107.5
v 25.0 3.0728 110.0
v 25.0 4.5558 107.5
v 22.5 0.4634 112.5
v 22.5 0 115.0
v 25.0 0 115.0
v 22.5 0.4634 112.5
v 25.0 0 115.0
v 25.0 0 112.5
v 25.0 0 -125.0
v 25.0 1.3168 -122.5
v 27.5 0 -122.5
v 25.0 4.1559 -120.0
v 25.0 5.5906 -117.5
v 27.5 4.5429 -117.5
v 25.0 4.1559 -120.0
v 27.5 4.5429 -117.5
v 27.5 2.9668 -120.0
v 25.0 5.5906 -117.5
v 25.0 6.3884 -115.0
v 27.5 5.7164 -115.0
v 25.0 5.5906 -117.5
v 27.5 5.7164 -115.0
v 27.5 4.5429 -117.5
v 25.0 0.0 85.0
v 27.5 1.7172 87.5
v 27.5 0.0 85.0
v 25.0 2.5992 87.5
v 25.0 4.2508 90.0
v 27.5 3.7984 90.0
v 25.0 4.2508 90.0
v 25.0 5.5008 92.5
v 27.5 5.2976 92.5
v 25.0 4.2508 90.0
v 27.5 5.2976 92.5
v 27.5 3.7984 90.0
v 25.0 5.5008 92.5
v 25.0 6.6055 95.0
v 27.5 6.2592 95.0
v 25.0 5.5008 92.5
v 27.5 6.2592 95.0
v 27.5 5.2976 92.5
v 25.0 6.6055 95.0
v 25.0 7.3634 97.5
v 27.5 6.5575 97.5
v 25.0 6.6055 95.0
v 27.5 6.5575 97.5
v 27.5 6.2592 95.0
v 25.0 7.3634 97.5
v 25.0 7.4349 100.0
v 27.5 6.2913 100.0
v 25.0 7.3634 97.5
v 27.5 6.2913 100.0
v 27.5 6.5575 97.5
v 25.0 7.4349 100.0
v 25.0 6.7834 102.5
v 27.5 5.7484 102.5
v 25.0 7.4349 100.0
v 27.5 5.7484 102.5
v 27.5 6.2913 100.0
v 25.0 6.7834 102.5
v 25.0 5.7404 105.0
v 27.5 5.1015 105.0
v 25.0 6.7834 102.5
v 27.5 5.1015 105.0
v 27.5 5.7484 102.5
v 25.0 5.7404 105.0
v 25.0 4.5558 107.5
v 27.5 4.1803 107.5
v 25.0 5.7404 105.0
v 27.5 4.1803 107.5
v 27.5 5.1015 105.0
v 25.0 4.5558 107.5
v 25.0 3.0728 110.0
v 27.5 2.4986 110.0
v 25.0 4.5558 107.5
v 27.5 2.4986 110.0
v 27.5 4.1803 107.5
v 27.5 2.9668 -120.0
v 27.5 4.5429 -117.5
v 30.0 4.4246 -117.5
v 27.5 2.9668 -120.0
v 30.0 4.4246 -117.5
v 30.0 2.5827 -120.0
v 27.5 4.5429 -117.5
v 27.5 5.7164 -115.0
v 30.0 5.794 -115.0
v 27.5 4.5429 -117.5
v 30.0 5.794 -115.0
v 30.0 4.4246 -117.5
v 27.5 2.2398 -7.5
v 30.0 0.0 -5.0
v 30.0 1.557 -7.5
v 27.5 3.7984 90.0
v 27.5 5.2976 92.5
v 30.0 4.2397 92.5
v 27.5 3.7984 90.0
v 30.0 4.2397 92.5
v 30.0 2.7922 90.0
v 27.5 5.2976 92.5
v 27.5 6.2592 95.0
v 30.0 4.9156 95.0
v 27.5 5.2976 92.5
v 30.0 4.9156 95.0
v 30.0 4.2397 92.5
v 27.5 6.2592 95.0
v 27.5 6.5575 97.5
v 30.0 5.1224 97.5
v 27.5 6.2592 95.0
v 30.0 5.1224 97.5
v 30.0 4.9156 95.0
v 27.5 6.5575 97.5
v 27.5 6.2913 100.0
v 30.0 5.5717 100.0
v 27.5 6.5575 97.5
v 30.0 5.5717 100.0
v 30.0 5.1224 97.5
v 27.5 6.2913 100.0
v 27.5 5.7484 102.5
v 30.0 5.872 102.5
v 27.5 6.2913 100.0
v 30.0 5.872 102.5
v 30.0 5.5717 100.0
v 27.5 5.7484 102.5
v 27.5 5.1015 105.0
v 30.0 5.8296 105.0
v 27.5 5.7484 102.5
v 30.0 5.8296 105.0
v 30.0 5.872 102.5
v 27.5 5.1015 105.0
v 27.5 4.1803 107.5
v 30.0 5.1738 107.5
v 27.5 5.1015 105.0
v 30.0 5.1738 107.5
v 30.0 5.8296 105.0
v 27.5 4.1803 107.5
v 30.0 3.7918 110.0
v 30.0 5.1738 107.5
v 30.0 0 -125.0
v 30.0 0 -122.5
v 32.5 0.4666 -122.5
v 30.0 0 -125.0
v 32.5 0.4666 -122.5
v 32.5 0 -125.0
v 30.0 2.5827 -120.0
v 30.0 4.4246 -117.5
v 32.5 5.3539 -117.5
v 30.0 2.5827 -120.0
v 32.5 5.3539 -117.5
v 32.5 3.5619 -120.0
v 30.0 4.4246 -117.5
v 30.0 5.794 -115.0
v 32.5 6.4072 -115.0
v 30.0 4.4246 -117.5
v 32.5 6.4072 -115.0
v 32.5 5.3539 -117.5
v 30.0 0.0 -12.5
v 32.5 1.5673 -10.0
v 32.5 0.0 -12.5
v 30.0 3.5243 -10.0
v 30.0 1.557 -7.5
v 32.5 1.6593 -7.5
v 30.0 3.5243 -10.0
v 32.5 1.6593 -7.5
v 32.5 1.5673 -10.0
v 30.0 1.557 -7.5
v 30.0 0.0 -5.0
v 32.5 0.0 -5.0
v 30.0 1.557 -7.5
v 32.5 0.0 -5.0
v 32.5 1.6593 -7.5
v 30.0 0 87.5
v 32.5 1.5383 90.0
v 32.5 0 87.5
v 30.0 2.7922 90.0
v 30.0 4.2397 92.5
v 32.5 3.7196 92.5
v 30.0 4.2397 92.5
v 30.0 4.9156 95.0
v 32.5 4.9793 95.0
v 30.0 4.2397 92.5
v 32.5 4.9793 95.0
v 32.5 3.7196 92.5
v 30.0 4.9156 95.0
v 30.0 5.1224 97.5
v 32.5 6.0046 97.5
v 30.0 4.9156 95.0
v 32.5 6.0046 97.5
v 32.5 4.9793 95.0
v 30.0 5.1224 97.5
v 30.0 5.5717 100.0
v 32.5 6.8465 100.0
v 30.0 5.1224 97.5
v 32.5 6.8465 100.0
v 32.5 6.0046 97.5
v 30.0 5.5717 100.0
v 30.0 5.872 102.5
v 32.5 7.2015 102.5
v 30.0 5.5717 100.0
v 32.5 7.2015 102.5
v 32.5 6.8465 100.0
v 30.0 5.872 102.5
v 30.0 5.8296 105.0
v 32.5 6.8148 105.0
v 30.0 5.872 102.5
v 32.5 6.8148 105.0
v 32.5 7.2015 102.5
v 30.0 5.8296 105.0
v 30.0 5.1738 107.5
v 32.5 5.7887 107.5
v 30.0 5.8296 105.0
v 32.5 5.7887 107.5
v 32.5 6.8148 105.0
v 30.0 5.1738 107.5
v 30.0 3.7918 110.0
v 32.5 4.3937 110.0
v 30.0 5.1738 107.5
v 32.5 4.3937 110.0
v 32.5 5.7887 107.5
v 30.0 3.7918 110.0
v 32.5 2.6379 112.5
v 32.5 4.3937 110.0
v 30.0 1.5495 112.5
v 30.0 0 115.0
v 32.5 0 115.0
v 32.5 0 -125.0
v 32.5 0.4666 -122.5
v 35.0 1.0631 -122.5
v 32.5 0 -125.0
v 35.0 1.0631 -122.5
v 35.0 0 -125.0
v 32.5 3.5619 -120.0
v 32.5 5.3539 -117.5
v 35.0 5.3305 -117.5
v 32.5 3.5619 -120.0
v 35.0 5.3305 -117.5
v 35.0 3.8823 -120.0
v 32.5 5.3539 -117.5
v 32.5 6.4072 -115.0
v 35.0 6.1454 -115.0
v 32.5 5.3539 -117.5
v 35.0 6.1454 -115.0
v 35.0 5.3305 -117.5
v 32.5 0.0 -12.5
v 32.5 1.5673 -10.0
v 35.0 1.8966 -10.0
v 32.5 0.0 -12.5
v 35.0 1.8966 -10.0
v 35.0 0.0 -12.5
v 32.5 1.5673 -10.0
v 32.5 1.6593 -7.5
v 35.0 2.0388 -7.5
v 32.5 1.5673 -10.0
v 35.0 2.0388 -7.5
v 35.0 1.8966 -10.0
v 32.5 1.6593 -7.5
v 32.5 0.0 -5.0
v 35.0 0.0 -5.0
v 32.5 0 87.5
v 32.5 1.5383 90.0
v 35.0 2.0676 90.0
v 32.5 0 87.5
v 35.0 2.0676 90.0
v 35.0 0 87.5
v 32.5 3.7196 92.5
v 32.5 4.9793 95.0
v 35.0 5.684 95.0
v 32.5 3.7196 92.5
v 35.0 5.684 95.0
v 35.0 4.1146 92.5
v 32.5 4.9793 95.0
v 32.5 6.0046 97.5
v 35.0 6.932 97.5
v 32.5 4.9793 95.0
v 35.0 6.932 97.5
v 35.0 5.684 95.0
v 32.5 6.0046 97.5
v 32.5 6.8465 100.0
v 35.0 7.6145 100.0
v 32.5 6.0046 97.5
v 35.0 7.6145 100.0
v 35.0 6.932 97.5
v 32.5 6.8465 100.0
v 32.5 7.2015 102.5
v 35.0 7.5181 102.5
v 32.5 6.8465 100.0
v 35.0 7.5181 102.5
v 35.0 7.6145 100.0
v 32.5 7.2015 102.5
v 32.5 6.8148 105.0
v 35.0 6.7796 105.0
v 32.5 7.2015 102.5
v 35.0 6.7796 105.0
v 35.0 7.5181 102.5
v 32.5 6.8148 105.0
v 32.5 5.7887 107.5
v 35.0 5.8531 107.5
v 32.5 6.8148 105.0
v 35.0 5.8531 107.5
v 35.0 6.7796 105.0
v 32.5 5.7887 107.5
v 32.5 4.3937 110.0
v 35.0 4.8267 110.0
v 32.5 5.7887 107.5
v 35.0 4.8267 110.0
v 35.0 5.8531 107.5
v 32.5 4.3937 110.0
v 32.5 2.6379 112.5
v 35.0 3.3377 112.5
v 32.5 4.3937 110.0
v 35.0 3.3377 112.5
v 35.0 4.8267 110.0
v 35.0 0 -125.0
v 35.0 1.0631 -122.5
v 37.5 0.5495 -122.5
v 35.0 0 -125.0
v 37.5 0.5495 -122.5
v 37.5 0 -125.0
v 35.0 3.8823 -120.0
v 35.0 5.3305 -117.5
v 37.5 4.8201 -117.5
v 35.0 3.8823 -120.0
v 37.5 4.8201 -117.5
v 37.5 3.3978 -120.0
v 35.0 5.3305 -117.5
v 35.0 6.1454 -115.0
v 37.5 5.9488 -115.0
v 35.0 5.3305 -117.5
v 37.5 5.9488 -115.0
v 37.5 4.8201 -117.5
v 35.0 0.0 -12.5
v 35.0 1.8966 -10.0
v 37.5 2.3227 -10.0
v 35.0 1.8966 -10.0
v 35.0 2.0388 -7.5
v 37.5 2.2876 -7.5
v 35.0 1.8966 -10.0
v 37.5 2.2876 -7.5
v 37.5 2.3227 -10.0
v 35.0 2.0388 -7.5
v 35.0 0.0 -5.0
v 37.5 0.0 -5.0
v 35.0 0 87.5
v 35.0 2.0676 90.0
v 37.5 2.1492 90.0
v 35.0 4.1146 92.5
v 35.0 5.684 95.0
v 37.5 6.0202 95.0
v 35.0 4.1146 92.5
v 37.5 6.0202 95.0
v 37.5 4.444 92.5
v 35.0 5.684 95.0
v 35.0 6.932 97.5
v 37.5 6.9068 97.5
v 35.0 5.684 95.0
v 37.5 6.9068 97.5
v 37.5 6.0202 95.0
v 35.0 6.932 97.5
v 35.0 7.6145 100.0
v 37.5 7.1648 100.0
v 35.0 6.932 97.5
v 37.5 7.1648 100.0
v 37.5 6.9068 97.5
v 35.0 7.6145 100.0
v 35.0 7.5181 102.5
v 37.5 7.0038 102.5
v 35.0 7.6145 100.0
v 37.5 7.0038 102.5
v 37.5 7.1648 100.0
v 35.0 7.5181 102.5
v 35.0 6.7796 105.0
v 37.5 6.6328 105.0
v 35.0 7.5181 102.5
v 37.5 6.6328 105.0
v 37.5 7.0038 102.5
v 35.0 6.7796 105.0
v 35.0 5.8531 107.5
v 37.5 6.1373 107.5
v 35.0 6.7796 105.0
v 37.5 6.1373 107.5
v 37.5 6.6328 105.0
v 35.0 5.8531 107.5
v 35.0 4.8267 110.0
v 37.5 5.217 110.0
v 35.0 5.8531 107.5
v 37.5 5.217 110.0
v 37.5 6.1373 107.5
v 35.0 4.8267 110.0
v 35.0 3.3377 112.5
v 37.5 3.5034 112.5
v 35.0 4.8267 110.0
v 37.5 3.5034 112.5
v 37.5 5.217 110.0
v 37.5 0 -125.0
v 37.5 0.5495 -122.5
v 40.0 0 -122.5
v 37.5 3.3978 -120.0
v 37.5 4.8201 -117.5
v 40.0 4.4213 -117.5
v 37.5 3.3978 -120.0
v 40.0 4.4213 -117.5
v 40.0 2.6175 -120.0
v 37.5 4.8201 -117.5
v 37.5 5.9488 -115.0
v 40.0 5.7955 -115.0
v 37.5 4.8201 -117.5
v 40.0 5.7955 -115.0
v 40.0 4.4213 -117.5
v 37.5 2.3227 -10.0
v 37.5 2.2876 -7.5
v 40.0 2.1201 -7.5
v 37.5 2.3227 -10.0
v 40.0 2.1201 -7.5
v 40.0 2.1325 -10.0
v 37.5 0 87.5
v 40.0 1.6363 90.0
v 40.0 0 87.5
v 37.5 4.444 92.5
v 37.5 6.0202 95.0
v 40.0 5.3352 95.0
v 37.5 4.444 92.5
v 40.0 5.3352 95.0
v 40.0 4.0607 92.5
v 37.5 6.0202 95.0
v 37.5 6.9068 97.5
v 40.0 5.9941 97.5
v 37.5 6.0202 95.0
v 40.0 5.9941 97.5
v 40.0 5.3352 95.0
v 37.5 6.9068 97.5
v 37.5 7.1648 100.0
v 40.0 6.4032 100.0
v 37.5 6.9068 97.5
v 40.0 6.4032 100.0
v 40.0 5.9941 97.5
v 37.5 7.1648 100.0
v 37.5 7.0038 102.5
v 40.0 6.6939 102.5
v 37.5 7.1648 100.0
v 40.0 6.6939 102.5
v 40.0 6.4032 100.0
v 37.5 7.0038 102.5
v 37.5 6.6328 105.0
v 40.0 6.6826 105.0
v 37.5 7.0038 102.5
v 40.0 6.6826 105.0
v 40.0 6.6939 102.5
v 37.5 6.6328 105.0
v 37.5 6.1373 107.5
v 40.0 6.0953 107.5
v 37.5 6.6328 105.0
v 40.0 6.0953 107.5
v 40.0 6.6826 105.0
v 37.5 6.1373 107.5
v 37.5 5.217 110.0
v 40.0 4.8009 110.0
v 37.5 6.1373 107.5
v 40.0 4.8009 110.0
v 40.0 6.0953 107.5
v 37.5 5.217 110.0
v 37.5 3.5034 112.5
v 40.0 2.8125 112.5
v 37.5 5.217 110.0
v 40.0 2.8125 112.5
v 40.0 4.8009 110.0
v 40.0 0 -122.5
v 42.5 1.2595 -120.0
v 42.5 0 -122.5
v 40.0 2.6175 -120.0
v 40.0 4.4213 -117.5
v 42.5 3.5427 -117.5
v 40.0 4.4213 -117.5
v 40.0 5.7955 -115.0
v 42.5 4.7712 -115.0
v 40.0 4.4213 -117.5
v 42.5 4.7712 -115.0
v 42.5 3.5427 -117.5
v 40.0 0.0 -12.5
v 42.5 1.0677 -10.0
v 42.5 0.0 -12.5
v 40.0 2.1325 -10.0
v 40.0 2.1201 -7.5
v 42.5 1.6841 -7.5
v 40.0 2.1325 -10.0
v 42.5 1.6841 -7.5
v 42.5 1.0677 -10.0
v 40.0 2.1201 -7.5
v 42.5 0.0 -5.0
v 42.5 1.6841 -7.5
v 40.0 4.0607 92.5
v 40.0 5.3352 95.0
v 42.5 4.2007 95.0
v 40.0 4.0607 92.5
v 42.5 4.2007 95.0
v 42.5 2.8322 92.5
v 40.0 5.3352 95.0
v 40.0 5.9941 97.5
v 42.5 5.1819 97.5
v 40.0 5.3352 95.0
v 42.5 5.1819 97.5
v 42.5 4.2007 95.0
v 40.0 5.9941 97.5
v 40.0 6.4032 100.0
v 42.5 5.9508 100.0
v 40.0 5.9941 97.5
v 42.5 5.9508 100.0
v 42.5 5.1819 97.5
v 40.0 6.4032 100.0
v 40.0 6.6939 102.5
v 42.5 6.3005 102.5
v 40.0 6.4032 100.0
v 42.5 6.3005 102.5
v 42.5 5.9508 100.0
v 40.0 6.6939 102.5
v 40.0 6.6826 105.0
v 42.5 5.9876 105.0
v 40.0 6.6939 102.5
v 42.5 5.9876 105.0
v 42.5 6.3005 102.5
v 40.0 6.6826 105.0
v 40.0 6.0953 107.5
v 42.5 5.0208 107.5
v 40.0 6.6826 105.0
v 42.5 5.0208 107.5
v 42.5 5.9876 105.0
v 40.0 6.0953 107.5
v 40.0 4.8009 110.0
v 42.5 3.587 110.0
v 40.0 6.0953 107.5
v 42.5 3.587 110.0
v 42.5 5.0208 107.5
v 40.0 2.8125 112.5
v 42.5 0 115.0
v 42.5 1.5494 112.5
v 42.5 0 -122.5
v 42.5 1.2595 -120.0
v 45.0 0 -120.0
v 42.5 1.2595 -120.0
v 45.0 1.4268 -117.5
v 45.0 0 -120.0
v 42.5 0.0 -12.5
v 42.5 1.0677 -10.0
v 45.0 0.0 -10.0
v 42.5 1.0677 -10.0
v 42.5 1.6841 -7.5
v 45.0 1.17 -7.5
v 42.5 1.0677 -10.0
v 45.0 1.17 -7.5
v 45.0 0.0 -10.0
v 42.5 1.6841 -7.5
v 42.5 0.0 -5.0
v 45.0 0.0 -5.0
v 42.5 1.6841 -7.5
v 45.0 0.0 -5.0
v 45.0 1.17 -7.5
v 42.5 0 87.5
v 42.5 0 90.0
v 45.0 1.4555 90.0
v 42.5 0 87.5
v 45.0 1.4555 90.0
v 45.0 0 87.5
v 42.5 2.8322 92.5
v 42.5 4.2007 95.0
v 45.0 4.7234 95.0
v 42.5 2.8322 92.5
v 45.0 4.7234 95.0
v 45.0 3.4137 92.5
v 42.5 4.2007 95.0
v 42.5 5.1819 97.5
v 45.0 5.6405 97.5
v 42.5 4.2007 95.0
v 45.0 5.6405 97.5
v 45.0 4.7234 95.0
v 42.5 5.1819 97.5
v 42.5 5.9508 100.0
v 45.0 5.9441 100.0
v 42.5 5.1819 97.5
v 45.0 5.9441 100.0
v 45.0 5.6405 97.5
v 42.5 5.9508 100.0
v 42.5 6.3005 102.5
v 45.0 5.5024 102.5
v 42.5 5.9508 100.0
v 45.0 5.5024 102.5
v 45.0 5.9441 100.0
v 42.5 6.3005 102.5
v 42.5 5.9876 105.0
v 45.0 4.4778 105.0
v 42.5 6.3005 102.5
v 45.0 4.4778 105.0
v 45.0 5.5024 102.5
v 42.5 5.9876 105.0
v 42.5 5.0208 107.5
v 45.0 3.4213 107.5
v 42.5 5.9876 105.0
v 45.0 3.4213 107.5
v 45.0 4.4778 105.0
v 42.5 1.5494 112.5
v 42.5 0 115.0
v 45.0 0 115.0
v 42.5 1.5494 112.5
v 45.0 0 115.0
v 45.0 0 112.5
v 45.0 0 -120.0
v 45.0 1.4268 -117.5
v 47.5 0 -117.5
v 45.0 1.4268 -117.5
v 47.5 0 -115.0
v 47.5 0 -117.5
v 45.0 0.0 -10.0
v 45.0 1.17 -7.5
v 47.5 1.4475 -7.5
v 45.0 0.0 -10.0
v 47.5 1.4475 -7.5
v 47.5 0.0 -10.0
v 45.0 1.17 -7.5
v 45.0 0.0 -5.0
v 47.5 0.0 -5.0
v 45.0 1.17 -7.5
v 47.5 0.0 -5.0
v 47.5 1.4475 -7.5
v 45.0 0 87.5
v 45.0 1.4555 90.0
v 47.5 2.4692 90.0
v 45.0 3.4137 92.5
v 45.0 4.7234 95.0
v 47.5 5.7971 95.0
v 45.0 3.4137 92.5
v 47.5 5.7971 95.0
v 47.5 4.4405 92.5
v 45.0 4.7234 95.0
v 45.0 5.6405 97.5
v 47.5 6.4645 97.5
v 45.0 4.7234 95.0
v 47.5 6.4645 97.5
v 47.5 5.7971 95.0
v 45.0 5.6405 97.5
v 45.0 5.9441 100.0
v 47.5 6.3984 100.0
v 45.0 5.6405 97.5
v 47.5 6.3984 100.0
v 47.5 6.4645 97.5
v 45.0 5.9441 100.0
v 45.0 5.5024 102.5
v 47.5 5.8059 102.5
v 45.0 5.9441 100.0
v 47.5 5.8059 102.5
v 47.5 6.3984 100.0
v 45.0 5.5024 102.5
v 45.0 4.4778 105.0
v 47.5 5.0027 105.0
v 45.0 5.5024 102.5
v 47.5 5.0027 105.0
v 47.5 5.8059 102.5
v 45.0 4.4778 105.0
v 45.0 3.4213 107.5
v 47.5 3.9281 107.5
v 45.0 4.4778 105.0
v 47.5 3.9281 107.5
v 47.5 5.0027 105.0
v 45.0 3.4213 107.5
v 45.0 2.05 110.0
v 47.5 2.0014 110.0
v 45.0 3.4213 107.5
v 47.5 2.0014 110.0
v 47.5 3.9281 107.5
v 45.0 2.05 110.0
v 45.0 0 112.5
v 47.5 0 112.5
v 45.0 2.05 110.0
v 47.5 0 112.5
v 47.5 2.0014 110.0
v 47.5 0.0 -10.0
v 47.5 1.4475 -7.5
v 50.0 1.6876 -7.5
v 47.5 0.0 -10.0
v 50.0 1.6876 -7.5
v 50.0 0.0 -10.0
v 47.5 1.4475 -7.5
v 47.5 0.0 -5.0
v 50.0 0.0 -5.0
v 47.5 1.4475 -7.5
v 50.0 0.0 -5.0
v 50.0 1.6876 -7.5
v 47.5 2.4692 90.0
v 47.5 4.4405 92.5
v 50.0 4.8394 92.5
v 47.5 2.4692 90.0
v 50.0 4.8394 92.5
v 50.0 2.9679 90.0
v 47.5 4.4405 92.5
v 47.5 5.7971 95.0
v 50.0 5.85 95.0
v 47.5 4.4405 92.5
v 50.0 5.85 95.0
v 50.0 4.8394 92.5
v 47.5 5.7971 95.0
v 47.5 6.4645 97.5
v 50.0 6.2645 97.5
v 47.5 5.7971 95.0
v 50.0 6.2645 97.5
v 50.0 5.85 95.0
v 47.5 6.4645 97.5
v 47.5 6.3984 100.0
v 50.0 6.3504 100.0
v 47.5 6.4645 97.5
v 50.0 6.3504 100.0
v 50.0 6.2645 97.5
v 47.5 6.3984 100.0
v 47.5 5.8059 102.5
v 50.0 6.1139 102.5
v 47.5 6.3984 100.0
v 50.0 6.1139 102.5
v 50.0 6.3504 100.0
v 47.5 5.8059 102.5
v 47.5 5.0027 105.0
v 50.0 5.5939 105.0
v 47.5 5.8059 102.5
v 50.0 5.5939 105.0
v 50.0 6.1139 102.5
v 47.5 5.0027 105.0
v 47.5 3.9281 107.5
v 50.0 4.4719 107.5
v 47.5 5.0027 105.0
v 50.0 4.4719 107.5
v 50.0 5.5939 105.0
v 47.5 3.9281 107.5
v 47.5 2.0014 110.0
v 50.0 2.3854 110.0
v 47.5 2.0014 110.0
v 47.5 0 112.5
v 50.0 0 112.5
v 50.0 0.0 -10.0
v 50.0 1.6876 -7.5
v 52.5 1.5241 -7.5
v 50.0 0.0 -10.0
v 52.5 1.5241 -7.5
v 52.5 0.0 -10.0
v 50.0 1.6876 -7.5
v 50.0 0.0 -5.0
v 52.5 0.0 -5.0
v 50.0 1.6876 -7.5
v 52.5 0.0 -5.0
v 52.5 1.5241 -7.5
v 50.0 2.9679 90.0
v 50.0 4.8394 92.5
v 52.5 4.2903 92.5
v 50.0 2.9679 90.0
v 52.5 4.2903 92.5
v 52.5 2.6295 90.0
v 50.0 4.8394 92.5
v 50.0 5.85 95.0
v 52.5 5.2248 95.0
v 50.0 4.8394 92.5
v 52.5 5.2248 95.0
v 52.5 4.2903 92.5
v 50.0 5.85 95.0
v 50.0 6.2645 97.5
v 52.5 5.9049 97.5
v 50.0 5.85 95.0
v 52.5 5.9049 97.5
v 52.5 5.2248 95.0
v 50.0 6.2645 97.5
v 50.0 6.3504 100.0
v 52.5 6.369 100.0
v 50.0 6.2645 97.5
v 52.5 6.369 100.0
v 52.5 5.9049 97.5
v 50.0 6.3504 100.0
v 50.0 6.1139 102.5
v 52.5 6.3221 102.5
v 50.0 6.3504 100.0
v 52.5 6.3221 102.5
v 52.5 6.369 100.0
v 50.0 6.1139 102.5
v 50.0 5.5939 105.0
v 52.5 5.5686 105.0
v 50.0 6.1139 102.5
v 52.5 5.5686 105.0
v 52.5 6.3221 102.5
v 50.0 5.5939 105.0
v 50.0 4.4719 107.5
v 52.5 4.1055 107.5
v 50.0 5.5939 105.0
v 52.5 4.1055 107.5
v 52.5 5.5686 105.0
v 50.0 2.3854 110.0
v 52.5 0 112.5
v 52.5 1.8983 110.0
v 52.5 0.0 -10.0
v 52.5 1.5241 -7.5
v 55.0 1.196 -7.5
v 52.5 0.0 -10.0
v 55.0 1.196 -7.5
v 55.0 0.0 -10.0
v 52.5 1.5241 -7.5
v 52.5 0.0 -5.0
v 55.0 0.0 -5.0
v 52.5 1.5241 -7.5
v 55.0 0.0 -5.0
v 55.0 1.196 -7.5
v 52.5 0 87.5
v 55.0 1.4686 90.0
v 55.0 0 87.5
v 52.5 2.6295 90.0
v 52.5 4.2903 92.5
v 55.0 3.4051 92.5
v 52.5 4.2903 92.5
v 52.5 5.2248 95.0
v 55.0 4.6805 95.0
v 52.5 4.2903 92.5
v 55.0 4.6805 95.0
v 55.0 3.4051 92.5
v 52.5 5.2248 95.0
v 52.5 5.9049 97.5
v 55.0 5.5982 97.5
v 52.5 5.2248 95.0
v 55.0 5.5982 97.5
v 55.0 4.6805 95.0
v 52.5 5.9049 97.5
v 52.5 6.369 100.0
v 55.0 5.9446 100.0
v 52.5 5.9049 97.5
v 55.0 5.9446 100.0
v 55.0 5.5982 97.5
v 52.5 6.369 100.0
v 52.5 6.3221 102.5
v 55.0 5.5467 102.5
v 52.5 6.369 100.0
v 55.0 5.5467 102.5
v 55.0 5.9446 100.0
v 52.5 6.3221 102.5
v 52.5 5.5686 105.0
v 55.0 4.5252 105.0
v 52.5 6.3221 102.5
v 55.0 4.5252 105.0
v 55.0 5.5467 102.5
v 52.5 5.5686 105.0
v 52.5 4.1055 107.5
v 55.0 3.0695 107.5
v 52.5 5.5686 105.0
v 55.0 3.0695 107.5
v 55.0 4.5252 105.0
v 52.5 1.8983 110.0
v 52.5 0 112.5
v 55.0 0 112.5
v 52.5 1.8983 110.0
v 55.0 0 112.5
v 55.0 0.6382 110.0
v 55.0 0.0 -10.0
v 55.0 1.196 -7.5
v 57.5 0.331 -7.5
v 55.0 0.0 -10.0
v 57.5 0.331 -7.5
v 57.5 0.0 -10.0
v 55.0 1.196 -7.5
v 55.0 0.0 -5.0
v 57.5 0.0 -5.0
v 55.0 1.196 -7.5
v 57.5 0.0 -5.0
v 57.5 0.331 -7.5
v 55.0 3.4051 92.5
v 55.0 4.6805 95.0
v 57.5 3.7117 95.0
v 55.0 3.4051 92.5
v 57.5 3.7117 95.0
v 57.5 2.1813 92.5
v 55.0 4.6805 95.0
v 55.0 5.5982 97.5
v 57.5 4.4509 97.5
v 55.0 4.6805 95.0
v 57.5 4.4509 97.5
v 57.5 3.7117 95.0
v 55.0 5.5982 97.5
v 55.0 5.9446 100.0
v 57.5 4.4753 100.0
v 55.0 5.5982 97.5
v 57.5 4.4753 100.0
v 57.5 4.4509 97.5
v 55.0 5.9446 100.0
v 55.0 5.5467 102.5
v 57.5 3.9729 102.5
v 55.0 5.9446 100.0
v 57.5 3.9729 102.5
v 57.5 4.4753 100.0
v 55.0 5.5467 102.5
v 55.0 4.5252 105.0
v 57.5 3.109 105.0
v 55.0 5.5467 102.5
v 57.5 3.109 105.0
v 57.5 3.9729 102.5
v 55.0 4.5252 105.0
v 55.0 3.0695 107.5
v 57.5 1.627 107.5
v 55.0 4.5252 105.0
v 57.5 1.627 107.5
v 57.5 3.109 105.0
v 55.0 0.6382 110.0
v 55.0 0 112.5
v 57.5 0 112.5
v 55.0 0.6382 110.0
v 57.5 0 112.5
v 57.5 0 110.0
v 57.5 0.0 -10.0
v 57.5 0.331 -7.5
v 60.0 0.0 -7.5
v 57.5 0.331 -7.5
v 57.5 0.0 -5.0
v 60.0 0.1632 -5.0
v 57.5 0.331 -7.5
v 60.0 0.1632 -5.0
v 60.0 0.0 -7.5
v 57.5 0.0 -5.0
v 57.5 0.0 -2.5
v 60.0 0.5081 -2.5
v 57.5 0.0 -5.0
v 60.0 0.5081 -2.5
v 60.0 0.1632 -5.0
v 57.5 0.0 -2.5
v 57.5 0.0 0.0
v 60.0 0.6582 0.0
v 57.5 0.0 -2.5
v 60.0 0.6582 0.0
v 60.0 0.5081 -2.5
v 57.5 0.0 0.0
v 57.5 0.0 2.5
v 60.0 0.7193 2.5
v 57.5 0.0 0.0
v 60.0 0.7193 2.5
v 60.0 0.6582 0.0
v 57.5 0.0 2.5
v 57.5 0.0 5.0
v 60.0 0.6697 5.0
v 57.5 0.0 2.5
v 60.0 0.6697 5.0
v 60.0 0.7193 2.5
v 57.5 0.0 5.0
v 57.5 0.0 7.5
v 60.0 0.5926 7.5
v 57.5 0.0 5.0
v 60.0 0.5926 7.5
v 60.0 0.6697 5.0
v 57.5 0.0 7.5
v 57.5 0.0 10.0
v 60.0 0.6696 10.0
v 57.5 0.0 7.5
v 60.0 0.6696 10.0
v 60.0 0.5926 7.5
v 57.5 0.0 10.0
v 57.5 0.0 12.5
v 60.0 0.6898 12.5
v 57.5 0.0 10.0
v 60.0 0.6898 12.5
v 60.0 0.6696 10.0
v 57.5 0.0 12.5
v 57.5 0.0 15.0
v 60.0 0.679 15.0
v 57.5 0.0 12.5
v 60.0 0.679 15.0
v 60.0 0.6898 12.5
v 57.5 0.0 15.0
v 57.5 0.0 17.5
v 60.0 0.6569 17.5
v 57.5 0.0 15.0
v 60.0 0.6569 17.5
v 60.0 0.679 15.0
v 57.5 0.0 17.5
v 57.5 0.0 20.0
v 60.0 0.619 20.0
v 57.5 0.0 17.5
v 60.0 0.619 20.0
v 60.0 0.6569 17.5
v 57.5 0.0 20.0
v 57.5 0.0 22.5
v 60.0 0.536 22.5
v 57.5 0.0 20.0
v 60.0 0.536 22.5
v 60.0 0.619 20.0
v 57.5 0.0 22.5
v 57.5 0.0 25.0
v 60.0 0.3794 25.0
v 57.5 0.0 22.5
v 60.0 0.3794 25.0
v 60.0 0.536 22.5
v 57.5 0.0 25.0
v 57.5 0.0 27.5
v 60.0 0.1034 27.5
v 57.5 0.0 25.0
v 60.0 0.1034 27.5
v 60.0 0.3794 25.0
v 57.5 0.0 27.5
v 60.0 0.0 30.0
v 60.0 0.1034 27.5
v 57.5 4.4509 97.5
v 57.5 4.4753 100.0
v 60.0 2.4308 100.0
v 57.5 4.4753 100.0
v 57.5 3.9729 102.5
v 60.0 2.0909 102.5
v 57.5 1.627 107.5
v 57.5 0 110.0
v 60.0 0 110.0
v 57.5 1.627 107.5
v 60.0 0 110.0
v 60.0 0 107.5
v 60.0 0.0 -7.5
v 60.0 0.1632 -5.0
v 62.5 0.0 -5.0
v 60.0 0.1632 -5.0
v 60.0 0.5081 -2.5
v 62.5 0.0 -2.5
v 60.0 0.1632 -5.0
v 62.5 0.0 -2.5
v 62.5 0.0 -5.0
v 60.0 0.5081 -2.5
v 60.0 0.6582 0.0
v 62.5 0.0 0.0
v 60.0 0.5081 -2.5
v 62.5 0.0 0.0
v 62.5 0.0 -2.5
v 60.0 0.6582 0.0
v 60.0 0.7193 2.5
v 62.5 0.9888 2.5
v 60.0 0.6582 0.0
v 62.5 0.9888 2.5
v 62.5 0.0 0.0
v 60.0 0.7193 2.5
v 60.0 0.6697 5.0
v 62.5 1.6696 5.0
v 60.0 0.7193 2.5
v 62.5 1.6696 5.0
v 62.5 0.9888 2.5
v 60.0 0.6697 5.0
v 60.0 0.5926 7.5
v 62.5 2.0479 7.5
v 60.0 0.6697 5.0
v 62.5 2.0479 7.5
v 62.5 1.6696 5.0
v 60.0 0.5926 7.5
v 60.0 0.6696 10.0
v 62.5 2.2621 10.0
v 60.0 0.5926 7.5
v 62.5 2.2621 10.0
v 62.5 2.0479 7.5
v 60.0 0.6696 10.0
v 60.0 0.6898 12.5
v 62.5 2.4358 12.5
v 60.0 0.6696 10.0
v 62.5 2.4358 12.5
v 62.5 2.2621 10.0
v 60.0 0.6898 12.5
v 60.0 0.679 15.0
v 62.5 2.5821 15.0
v 60.0 0.6898 12.5
v 62.5 2.5821 15.0
v 62.5 2.4358 12.5
v 60.0 0.679 15.0
v 60.0 0.6569 17.5
v 62.5 2.5803 17.5
v 60.0 0.679 15.0
v 62.5 2.5803 17.5
v 62.5 2.5821 15.0
v 60.0 0.6569 17.5
v 60.0 0.619 20.0
v 62.5 2.3774 20.0
v 60.0 0.6569 17.5
v 62.5 2.3774 20.0
v 62.5 2.5803 17.5
v 60.0 0.619 20.0
v 60.0 0.536 22.5
v 62.5 1.9494 22.5
v 60.0 0.619 20.0
v 62.5 1.9494 22.5
v 62.5 2.3774 20.0
v 60.0 0.536 22.5
v 60.0 0.3794 25.0
v 62.5 1.3416 25.0
v 60.0 0.536 22.5
v 62.5 1.3416 25.0
v 62.5 1.9494 22.5
v 60.0 0.3794 25.0
v 60.0 0.1034 27.5
v 62.5 0.496 27.5
v 60.0 0.3794 25.0
v 62.5 0.496 27.5
v 62.5 1.3416 25.0
v 60.0 0.1034 27.5
v 60.0 0.0 30.0
v 62.5 0.0 30.0
v 60.0 0.1034 27.5
v 62.5 0.0 30.0
v 62.5 0.496 27.5
v 60.0 0 92.5
v 60.0 1.3855 95.0
v 62.5 0 95.0
v 60.0 1.3855 95.0
v 62.5 0 97.5
v 62.5 0 95.0
v 60.0 2.0909 102.5
v 60.0 0.931 105.0
v 62.5 0 105.0
v 60.0 0.931 105.0
v 60.0 0 107.5
v 62.5 0 107.5
v 60.0 0.931 105.0
v 62.5 0 107.5
v 62.5 0 105.0
v 62.5 0.0 0.0
v 62.5 0.9888 2.5
v 65.0 1.523 2.5
v 62.5 0.0 0.0
v 65.0 1.523 2.5
v 65.0 0 0.0
v 62.5 0.9888 2.5
v 62.5 1.6696 5.0
v 65.0 2.5721 5.0
v 62.5 0.9888 2.5
v 65.0 2.5721 5.0
v 65.0 1.523 2.5
v 62.5 1.6696 5.0
v 62.5 2.0479 7.5
v 65.0 3.2515 7.5
v 62.5 1.6696 5.0
v 65.0 3.2515 7.5
v 65.0 2.5721 5.0
v 62.5 2.0479 7.5
v 62.5 2.2621 10.0
v 65.0 3.8494 10.0
v 62.5 2.0479 7.5
v 65.0 3.8494 10.0
v 65.0 3.2515 7.5
v 62.5 2.2621 10.0
v 62.5 2.4358 12.5
v 65.0 4.3731 12.5
v 62.5 2.2621 10.0
v 65.0 4.3731 12.5
v 65.0 3.8494 10.0
v 62.5 2.4358 12.5
v 62.5 2.5821 15.0
v 65.0 4.6129 15.0
v 62.5 2.4358 12.5
v 65.0 4.6129 15.0
v 65.0 4.3731 12.5
v 62.5 2.5821 15.0
v 62.5 2.5803 17.5
v 65.0 4.3891 17.5
v 62.5 2.5821 15.0
v 65.0 4.3891 17.5
v 65.0 4.6129 15.0
v 62.5 2.5803 17.5
v 62.5 2.3774 20.0
v 65.0 3.7956 20.0
v 62.5 2.5803 17.5
v 65.0 3.7956 20.0
v 65.0 4.3891 17.5
v 62.5 2.3774 20.0
v 62.5 1.9494 22.5
v 65.0 3.0187 22.5
v 62.5 2.3774 20.0
v 65.0 3.0187 22.5
v 65.0 3.7956 20.0
v 62.5 1.9494 22.5
v 62.5 1.3416 25.0
v 65.0 2.1204 25.0
v 62.5 1.9494 22.5
v 65.0 2.1204 25.0
v 65.0 3.0187 22.5
v 62.5 1.3416 25.0
v 62.5 0.496 27.5
v 65.0 0.7305 27.5
v 62.5 1.3416 25.0
v 65.0 0.7305 27.5
v 65.0 2.1204 25.0
v 62.5 0.496 27.5
v 62.5 0.0 30.0
v 65.0 0 30.0
v 62.5 0.496 27.5
v 65.0 0 30.0
v 65.0 0.7305 27.5
v 65.0 0 0.0
v 65.0 1.523 2.5
v 67.5 0.9901 2.5
v 65.0 0 0.0
v 67.5 0.9901 2.5
v 67.5 0 0.0
v 65.0 1.523 2.5
v 65.0 2.5721 5.0
v 67.5 2.219 5.0
v 65.0 1.523 2.5
v 67.5 2.219 5.0
v 67.5 0.9901 2.5
v 65.0 2.5721 5.0
v 65.0 3.2515 7.5
v 67.5 3.1202 7.5
v 65.0 2.5721 5.0
v 67.5 3.1202 7.5
v 67.5 2.219 5.0
v 65.0 3.2515 7.5
v 65.0 3.8494 10.0
v 67.5 3.8162 10.0
v 65.0 3.2515 7.5
v 67.5 3.8162 10.0
v 67.5 3.1202 7.5
v 65.0 3.8494 10.0
v 65.0 4.3731 12.5
v 67.5 4.1759 12.5
v 65.0 3.8494 10.0
v 67.5 4.1759 12.5
v 67.5 3.8162 10.0
v 65.0 4.3731 12.5
v 65.0 4.6129 15.0
v 67.5 4.1212 15.0
v 65.0 4.3731 12.5
v 67.5 4.1212 15.0
v 67.5 4.1759 12.5
v 65.0 4.6129 15.0
v 65.0 4.3891 17.5
v 67.5 3.7581 17.5
v 65.0 4.6129 15.0
v 67.5 3.7581 17.5
v 67.5 4.1212 15.0
v 65.0 4.3891 17.5
v 65.0 3.7956 20.0
v 67.5 3.2761 20.0
v 65.0 4.3891 17.5
v 67.5 3.2761 20.0
v 67.5 3.7581 17.5
v 65.0 3.7956 20.0
v 65.0 3.0187 22.5
v 67.5 2.7209 22.5
v 65.0 3.7956 20.0
v 67.5 2.7209 22.5
v 67.5 3.2761 20.0
v 65.0 3.0187 22.5
v 65.0 2.1204 25.0
v 67.5 1.8927 25.0
v 65.0 3.0187 22.5
v 67.5 1.8927 25.0
v 67.5 2.7209 22.5
v 65.0 2.1204 25.0
v 65.0 0.7305 27.5
v 67.5 0 27.5
v 65.0 2.1204 25.0
v 67.5 0 27.5
v 67.5 1.8927 25.0
v 65.0 0.7305 27.5
v 65.0 0 30.0
v 67.5 0 30.0
v 65.0 0.7305 27.5
v 67.5 0 30.0
v 67.5 0 27.5
v 67.5 0 0.0
v 67.5 0.9901 2.5
v 70.0 0 2.5
v 67.5 0.9901 2.5
v 67.5 2.219 5.0
v 70.0 1.7298 5.0
v 67.5 0.9901 2.5
v 70.0 1.7298 5.0
v 70.0 0 2.5
v 67.5 2.219 5.0
v 67.5 3.1202 7.5
v 70.0 2.7011 7.5
v 67.5 2.219 5.0
v 70.0 2.7011 7.5
v 70.0 1.7298 5.0
v 67.5 3.1202 7.5
v 67.5 3.8162 10.0
v 70.0 3.2252 10.0
v 67.5 3.1202 7.5
v 70.0 3.2252 10.0
v 70.0 2.7011 7.5
v 67.5 3.8162 10.0
v 67.5 4.1759 12.5
v 70.0 3.3756 12.5
v 67.5 3.8162 10.0
v 70.0 3.3756 12.5
v 70.0 3.2252 10.0
v 67.5 4.1759 12.5
v 67.5 4.1212 15.0
v 70.0 3.308 15.0
v 67.5 4.1759 12.5
v 70.0 3.308 15.0
v 70.0 3.3756 12.5
v 67.5 4.1212 15.0
v 67.5 3.7581 17.5
v 70.0 3.1543 17.5
v 67.5 4.1212 15.0
v 70.0 3.1543 17.5
v 70.0 3.308 15.0
v 67.5 3.7581 17.5
v 67.5 3.2761 20.0
v 70.0 2.888 20.0
v 67.5 3.7581 17.5
v 70.0 2.888 20.0
v 70.0 3.1543 17.5
v 67.5 3.2761 20.0
v 67.5 2.7209 22.5
v 70.0 2.3279 22.5
v 67.5 3.2761 20.0
v 70.0 2.3279 22.5
v 70.0 2.888 20.0
v 67.5 2.7209 22.5
v 67.5 1.8927 25.0
v 70.0 1.2061 25.0
v 67.5 2.7209 22.5
v 70.0 1.2061 25.0
v 70.0 2.3279 22.5
v 67.5 1.8927 25.0
v 67.5 0 27.5
v 70.0 0 27.5
v 67.5 1.8927 25.0
v 70.0 0 27.5
v 70.0 1.2061 25.0
v 70.0 0 2.5
v 72.5 0.4242 5.0
v 72.5 0.0 2.5
v 70.0 1.7298 5.0
v 70.0 2.7011 7.5
v 72.5 1.6739 7.5
v 70.0 1.7298 5.0
v 72.5 1.6739 7.5
v 72.5 0.4242 5.0
v 70.0 2.7011 7.5
v 70.0 3.2252 10.0
v 72.5 2.2023 10.0
v 70.0 2.7011 7.5
v 72.5 2.2023 10.0
v 72.5 1.6739 7.5
v 70.0 3.2252 10.0
v 70.0 3.3756 12.5
v 72.5 2.4758 12.5
v 70.0 3.2252 10.0
v 72.5 2.4758 12.5
v 72.5 2.2023 10.0
v 70.0 3.3756 12.5
v 70.0 3.308 15.0
v 72.5 2.6198 15.0
v 70.0 3.3756 12.5
v 72.5 2.6198 15.0
v 72.5 2.4758 12.5
v 70.0 3.308 15.0
v 70.0 3.1543 17.5
v 72.5 2.5729 17.5
v 70.0 3.308 15.0
v 72.5 2.5729 17.5
v 72.5 2.6198 15.0
v 70.0 3.1543 17.5
v 70.0 2.888 20.0
v 72.5 2.1845 20.0
v 70.0 3.1543 17.5
v 72.5 2.1845 20.0
v 72.5 2.5729 17.5
v 70.0 2.888 20.0
v 70.0 2.3279 22.5
v 72.5 1.3204 22.5
v 70.0 2.888 20.0
v 72.5 1.3204 22.5
v 72.5 2.1845 20.0
v 70.0 2.3279 22.5
v 70.0 1.2061 25.0
v 72.5 0 25.0
v 70.0 2.3279 22.5
v 72.5 0 25.0
v 72.5 1.3204 22.5
v 70.0 1.2061 25.0
v 70.0 0 27.5
v 72.5 0.0 27.5
v 70.0 1.2061 25.0
v 72.5 0.0 27.5
v 72.5 0 25.0
v 72.5 0.0 2.5
v 72.5 0.4242 5.0
v 75.0 0.0 5.0
v 72.5 0.4242 5.0
v 75.0 0 7.5
v 75.0 0.0 5.0
v 72.5 1.6739 7.5
v 72.5 2.2023 10.0
v 75.0 0.9383 10.0
v 72.5 1.6739 7.5
v 75.0 0.9383 10.0
v 75.0 0 7.5
v 72.5 2.2023 10.0
v 72.5 2.4758 12.5
v 75.0 1.4351 12.5
v 72.5 2.2023 10.0
v 75.0 1.4351 12.5
v 75.0 0.9383 10.0
v 72.5 2.4758 12.5
v 72.5 2.6198 15.0
v 75.0 1.5899 15.0
v 72.5 2.4758 12.5
v 75.0 1.5899 15.0
v 75.0 1.4351 12.5
v 72.5 2.6198 15.0
v 72.5 2.5729 17.5
v 75.0 1.3558 17.5
v 72.5 2.6198 15.0
v 75.0 1.3558 17.5
v 75.0 1.5899 15.0
v 72.5 2.5729 17.5
v 72.5 2.1845 20.0
v 75.0 0.6284 20.0
v 72.5 2.5729 17.5
v 75.0 0.6284 20.0
v 75.0 1.3558 17.5
v 72.5 2.1845 20.0
v 72.5 1.3204 22.5
v 75.0 0 22.5
v 72.5 2.1845 20.0
v 75.0 0 22.5
v 75.0 0.6284 20.0
v 72.5 1.3204 22.5
v 72.5 0 25.0
v 75.0 0.0 25.0
v 72.5 1.3204 22.5
v 75.0 0.0 25.0
v 75.0 0 22.5
v 75.0 0 7.5
v 75.0 0.9383 10.0
v 77.5 0 10.0
v 75.0 0.9383 10.0
v 75.0 1.4351 12.5
v 77.5 0 12.5
v 75.0 0.9383 10.0
v 77.5 0 12.5
v 77.5 0 10.0
v 75.0 1.4351 12.5
v 75.0 1.5899 15.0
v 77.5 0 15.0
v 75.0 1.4351 12.5
v 77.5 0 15.0
v 77.5 0 12.5
v 75.0 1.5899 15.0
v 75.0 1.3558 17.5
v 77.5 0 17.5
v 75.0 1.5899 15.0
v 77.5 0 17.5
v 77.5 0 15.0
v 75.0 1.3558 17.5
v 75.0 0.6284 20.0
v 77.5 0 20.0
v 75.0 1.3558 17.5
v 77.5 0 20.0
v 77.5 0 17.5
v 75.0 0.6284 20.0
v 75.0 0 22.5
v 77.5 0 22.5
v 75.0 0.6284 20.0
v 77.5 0 22.5
v 77.5 0 20.0
v 122.5 0 35.0
v 122.5 0 37.5
v 125.0 0.5012 37.5
v 122.5 0 35.0
v 125.0 0.5012 37.5
v 125.0 0 35.0
v 125.0 0 32.5
v 125.0 0 35.0
v 127.5 0.6674 35.0
v 125.0 0 32.5
v 127.5 0.6674 35.0
v 127.5 0 32.5
v 125.0 3.453 55.0
v 125.0 3.6851 57.5
v 127.5 5.4725 57.5
v 125.0 3.453 55.0
v 127.5 5.4725 57.5
v 127.5 5.2593 55.0
v 125.0 3.6851 57.5
v 127.5 5.3867 60.0
v 127.5 5.4725 57.5
v 127.5 5.0406 40.0
v 130.0 7.9053 42.5
v 130.0 6.741 40.0
v 127.5 5.9451 42.5
v 127.5 6.4951 45.0
v 130.0 8.2976 45.0
v 127.5 5.9451 42.5
v 130.0 8.2976 45.0
v 130.0 7.9053 42.5
v 127.5 6.4951 45.0
v 127.5 6.4215 47.5
v 130.0 7.7619 47.5
v 127.5 6.4951 45.0
v 130.0 7.7619 47.5
v 130.0 8.2976 45.0
v 127.5 6.4215 47.5
v 127.5 5.4751 50.0
v 130.0 6.541 50.0
v 127.5 6.4215 47.5
v 130.0 6.541 50.0
v 130.0 7.7619 47.5
v 127.5 5.4751 50.0
v 127.5 4.5772 52.5
v 130.0 5.6361 52.5
v 127.5 5.4751 50.0
v 130.0 5.6361 52.5
v 130.0 6.541 50.0
v 127.5 4.5772 52.5
v 127.5 5.2593 55.0
v 130.0 6.5511 55.0
v 127.5 4.5772 52.5
v 130.0 6.5511 55.0
v 130.0 5.6361 52.5
v 127.5 5.2593 55.0
v 127.5 5.4725 57.5
v 130.0 7.186 57.5
v 127.5 5.2593 55.0
v 130.0 7.186 57.5
v 130.0 6.5511 55.0
v 127.5 5.4725 57.5
v 127.5 5.3867 60.0
v 130.0 7.2411 60.0
v 127.5 5.4725 57.5
v 130.0 7.2411 60.0
v 130.0 7.186 57.5
v 127.5 5.3867 60.0
v 127.5 4.8071 62.5
v 130.0 6.4448 62.5
v 127.5 5.3867 60.0
v 130.0 6.4448 62.5
v 130.0 7.2411 60.0
v 130.0 6.741 40.0
v 130.0 7.9053 42.5
v 132.5 8.8617 42.5
v 130.0 6.741 40.0
v 132.5 8.8617 42.5
v 132.5 8.0803 40.0
v 130.0 7.9053 42.5
v 130.0 8.2976 45.0
v 132.5 8.7575 45.0
v 130.0 7.9053 42.5
v 132.5 8.7575 45.0
v 132.5 8.8617 42.5
v 130.0 8.2976 45.0
v 130.0 7.7619 47.5
v 132.5 8.0607 47.5
v 130.0 8.2976 45.0
v 132.5 8.0607 47.5
v 132.5 8.7575 45.0
v 130.0 7.7619 47.5
v 130.0 6.541 50.0
v 132.5 7.1693 50.0
v 130.0 7.7619 47.5
v 132.5 7.1693 50.0
v 132.5 8.0607 47.5
v 130.0 6.541 50.0
v 130.0 5.6361 52.5
v 132.5 6.6631 52.5
v 130.0 6.541 50.0
v 132.5 6.6631 52.5
v 132.5 7.1693 50.0
v 130.0 5.6361 52.5
v 130.0 6.5511 55.0
v 132.5 7.9306 55.0
v 130.0 5.6361 52.5
v 132.5 7.9306 55.0
v 132.5 6.6631 52.5
v 130.0 6.5511 55.0
v 130.0 7.186 57.5
v 132.5 8.4828 57.5
v 130.0 6.5511 55.0
v 132.5 8.4828 57.5
v 132.5 7.9306 55.0
v 130.0 7.186 57.5
v 130.0 7.2411 60.0
v 132.5 8.0273 60.0
v 130.0 7.186 57.5
v 132.5 8.0273 60.0
v 132.5 8.4828 57.5
v 130.0 7.2411 60.0
v 130.0 6.4448 62.5
v 132.5 6.8328 62.5
v 130.0 7.2411 60.0
v 132.5 6.8328 62.5
v 132.5 8.0273 60.0
v 130.0 6.4448 62.5
v 130.0 4.8069 65.0
v 132.5 5.2828 65.0
v 130.0 6.4448 62.5
v 132.5 5.2828 65.0
v 132.5 6.8328 62.5
v 130.0 4.8069 65.0
v 132.5 3.303 67.5
v 132.5 5.2828 65.0
v 132.5 0 -5.0
v 132.5 0 -2.5
v 135.0 0.2046 -2.5
v 132.5 0 -5.0
v 135.0 0.2046 -2.5
v 135.0 0 -5.0
v 132.5 0 -2.5
v 132.5 0 0.0
v 135.0 0.9067 0.0
v 132.5 0 -2.5
v 135.0 0.9067 0.0
v 135.0 0.2046 -2.5
v 132.5 0 0.0
v 132.5 0 2.5
v 135.0 1.0827 2.5
v 132.5 0 0.0
v 135.0 1.0827 2.5
v 135.0 0.9067 0.0
v 132.5 0 2.5
v 132.5 0 5.0
v 135.0 0.8581 5.0
v 132.5 0 2.5
v 135.0 0.8581 5.0
v 135.0 1.0827 2.5
v 132.5 0 5.0
v 135.0 0 7.5
v 135.0 0.8581 5.0
v 132.5 0 30.0
v 132.5 0 32.5
v 135.0 0.9524 32.5
v 132.5 0 30.0
v 135.0 0.9524 32.5
v 135.0 0 30.0
v 132.5 6.4373 37.5
v 132.5 8.0803 40.0
v 135.0 8.0836 40.0
v 132.5 6.4373 37.5
v 135.0 8.0836 40.0
v 135.0 6.9299 37.5
v 132.5 8.0803 40.0
v 132.5 8.8617 42.5
v 135.0 8.5547 42.5
v 132.5 8.0803 40.0
v 135.0 8.5547 42.5
v 135.0 8.0836 40.0
v 132.5 8.8617 42.5
v 132.5 8.7575 45.0
v 135.0 8.7096 45.0
v 132.5 8.8617 42.5
v 135.0 8.7096 45.0
v 135.0 8.5547 42.5
v 132.5 8.7575 45.0
v 132.5 8.0607 47.5
v 135.0 8.5236 47.5
v 132.5 8.7575 45.0
v 135.0 8.5236 47.5
v 135.0 8.7096 45.0
v 132.5 8.0607 47.5
v 132.5 7.1693 50.0
v 135.0 8.0049 50.0
v 132.5 8.0607 47.5
v 135.0 8.0049 50.0
v 135.0 8.5236 47.5
v 132.5 7.1693 50.0
v 132.5 6.6631 52.5
v 135.0 7.3821 52.5
v 132.5 7.1693 50.0
v 135.0 7.3821 52.5
v 135.0 8.0049 50.0
v 132.5 6.6631 52.5
v 132.5 7.9306 55.0
v 135.0 8.3145 55.0
v 132.5 6.6631 52.5
v 135.0 8.3145 55.0
v 135.0 7.3821 52.5
v 132.5 7.9306 55.0
v 132.5 8.4828 57.5
v 135.0 8.4034 57.5
v 132.5 7.9306 55.0
v 135.0 8.4034 57.5
v 135.0 8.3145 55.0
v 132.5 8.4828 57.5
v 132.5 8.0273 60.0
v 135.0 7.7122 60.0
v 132.5 8.4828 57.5
v 135.0 7.7122 60.0
v 135.0 8.4034 57.5
v 132.5 8.0273 60.0
v 132.5 6.8328 62.5
v 135.0 6.8046 62.5
v 132.5 8.0273 60.0
v 135.0 6.8046 62.5
v 135.0 7.7122 60.0
v 132.5 6.8328 62.5
v 132.5 5.2828 65.0
v 135.0 5.6918 65.0
v 132.5 6.8328 62.5
v 135.0 5.6918 65.0
v 135.0 6.8046 62.5
v 132.5 5.2828 65.0
v 132.5 3.303 67.5
v 135.0 3.8618 67.5
v 132.5 5.2828 65.0
v 135.0 3.8618 67.5
v 135.0 5.6918 65.0
v 135.0 0 -52.5
v 137.5 1.9245 -50.0
v 137.5 0 -52.5
v 135.0 5.1623 -47.5
v 135.0 6.4947 -45.0
v 137.5 5.6334 -45.0
v 135.0 5.1623 -47.5
v 137.5 5.6334 -45.0
v 137.5 4.3578 -47.5
v 135.0 6.4947 -45.0
v 135.0 7.0763 -42.5
v 137.5 6.5175 -42.5
v 135.0 6.4947 -45.0
v 137.5 6.5175 -42.5
v 137.5 5.6334 -45.0
v 135.0 7.0763 -42.5
v 135.0 7.2418 -40.0
v 137.5 7.0917 -40.0
v 135.0 7.0763 -42.5
v 137.5 7.0917 -40.0
v 137.5 6.5175 -42.5
v 135.0 7.2418 -40.0
v 135.0 6.9938 -37.5
v 137.5 7.0321 -37.5
v 135.0 7.2418 -40.0
v 137.5 7.0321 -37.5
v 137.5 7.0917 -40.0
v 135.0 6.9938 -37.5
v 135.0 6.3389 -35.0
v 137.5 6.0968 -35.0
v 135.0 6.9938 -37.5
v 137.5 6.0968 -35.0
v 137.5 7.0321 -37.5
v 135.0 6.3389 -35.0
v 135.0 6.8572 -32.5
v 137.5 6.5431 -32.5
v 135.0 6.3389 -35.0
v 137.5 6.5431 -32.5
v 137.5 6.0968 -35.0
v 135.0 6.8572 -32.5
v 135.0 8.0198 -30.0
v 137.5 7.3372 -30.0
v 135.0 6.8572 -32.5
v 137.5 7.3372 -30.0
v 137.5 6.5431 -32.5
v 135.0 8.0198 -30.0
v 135.0 8.4502 -27.5
v 137.5 7.8241 -27.5
v 135.0 8.0198 -30.0
v 137.5 7.8241 -27.5
v 137.5 7.3372 -30.0
v 135.0 8.4502 -27.5
v 135.0 8.3802 -25.0
v 137.5 8.2381 -25.0
v 135.0 8.4502 -27.5
v 137.5 8.2381 -25.0
v 137.5 7.8241 -27.5
v 135.0 8.3802 -25.0
v 135.0 8.0027 -22.5
v 137.5 8.3887 -22.5
v 135.0 8.3802 -25.0
v 137.5 8.3887 -22.5
v 137.5 8.2381 -25.0
v 135.0 8.0027 -22.5
v 135.0 7.5587 -20.0
v 137.5 7.9906 -20.0
v 135.0 8.0027 -22.5
v 137.5 7.9906 -20.0
v 137.5 8.3887 -22.5
v 135.0 7.5587 -20.0
v 135.0 6.8044 -17.5
v 137.5 6.845 -17.5
v 135.0 7.5587 -20.0
v 137.5 6.845 -17.5
v 137.5 7.9906 -20.0
v 135.0 6.8044 -17.5
v 135.0 5.3382 -15.0
v 137.5 4.9963 -15.0
v 135.0 6.8044 -17.5
v 137.5 4.9963 -15.0
v 137.5 6.845 -17.5
v 135.0 2.8218 -12.5
v 137.5 1.5702 -10.0
v 137.5 2.4562 -12.5
v 135.0 0 -7.5
v 135.0 0 -5.0
v 137.5 1.0899 -5.0
v 135.0 0 -7.5
v 137.5 1.0899 -5.0
v 137.5 0 -7.5
v 135.0 0 -5.0
v 135.0 0.2046 -2.5
v 137.5 1.8511 -2.5
v 135.0 0 -5.0
v 137.5 1.8511 -2.5
v 137.5 1.0899 -5.0
v 135.0 0.2046 -2.5
v 135.0 0.9067 0.0
v 137.5 2.2055 0.0
v 135.0 0.2046 -2.5
v 137.5 2.2055 0.0
v 137.5 1.8511 -2.5
v 135.0 0.9067 0.0
v 135.0 1.0827 2.5
v 137.5 2.2166 2.5
v 135.0 0.9067 0.0
v 137.5 2.2166 2.5
v 137.5 2.2055 0.0
v 135.0 1.0827 2.5
v 135.0 0.8581 5.0
v 137.5 1.9915 5.0
v 135.0 1.0827 2.5
v 137.5 1.9915 5.0
v 137.5 2.2166 2.5
v 135.0 0.8581 5.0
v 135.0 0 7.5
v 137.5 1.604 7.5
v 135.0 0.8581 5.0
v 137.5 1.604 7.5
v 137.5 1.9915 5.0
v 135.0 0 7.5
v 135.0 0 10.0
v 137.5 0.9252 10.0
v 135.0 0 7.5
v 137.5 0.9252 10.0
v 137.5 1.604 7.5
v 135.0 0 10.0
v 135.0 0 12.5
v 137.5 1.7499 12.5
v 135.0 0 10.0
v 137.5 1.7499 12.5
v 137.5 0.9252 10.0
v 135.0 0 12.5
v 137.5 2.228 15.0
v 137.5 1.7499 12.5
v 135.0 0 17.5
v 135.0 0 20.0
v 137.5 1.6222 20.0
v 135.0 0 20.0
v 135.0 0 22.5
v 137.5 0.4149 22.5
v 135.0 0 20.0
v 137.5 0.4149 22.5
v 137.5 1.6222 20.0
v 135.0 4.7822 35.0
v 137.5 6.2184 37.5
v 137.5 4.4021 35.0
v 135.0 6.9299 37.5
v 135.0 8.0836 40.0
v 137.5 7.3141 40.0
v 135.0 6.9299 37.5
v 137.5 7.3141 40.0
v 137.5 6.2184 37.5
v 135.0 8.0836 40.0
v 135.0 8.5547 42.5
v 137.5 8.1949 42.5
v 135.0 8.0836 40.0
v 137.5 8.1949 42.5
v 137.5 7.3141 40.0
v 135.0 8.5547 42.5
v 135.0 8.7096 45.0
v 137.5 8.8608 45.0
v 135.0 8.5547 42.5
v 137.5 8.8608 45.0
v 137.5 8.1949 42.5
v 135.0 8.7096 45.0
v 135.0 8.5236 47.5
v 137.5 8.8862 47.5
v 135.0 8.7096 45.0
v 137.5 8.8862 47.5
v 137.5 8.8608 45.0
v 135.0 8.5236 47.5
v 135.0 8.0049 50.0
v 137.5 8.0158 50.0
v 135.0 8.5236 47.5
v 137.5 8.0158 50.0
v 137.5 8.8862 47.5
v 135.0 8.0049 50.0
v 135.0 7.3821 52.5
v 137.5 6.8357 52.5
v 135.0 8.0049 50.0
v 137.5 6.8357 52.5
v 137.5 8.0158 50.0
v 135.0 7.3821 52.5
v 135.0 8.3145 55.0
v 137.5 7.3882 55.0
v 135.0 7.3821 52.5
v 137.5 7.3882 55.0
v 137.5 6.8357 52.5
v 135.0 8.3145 55.0
v 135.0 8.4034 57.5
v 137.5 7.5287 57.5
v 135.0 8.3145 55.0
v 137.5 7.5287 57.5
v 137.5 7.3882 55.0
v 135.0 8.4034 57.5
v 135.0 7.7122 60.0
v 137.5 7.4139 60.0
v 135.0 8.4034 57.5
v 137.5 7.4139 60.0
v 137.5 7.5287 57.5
v 135.0 7.7122 60.0
v 135.0 6.8046 62.5
v 137.5 6.9421 62.5
v 135.0 7.7122 60.0
v 137.5 6.9421 62.5
v 137.5 7.4139 60.0
v 135.0 6.8046 62.5
v 135.0 5.6918 65.0
v 137.5 5.7739 65.0
v 135.0 6.8046 62.5
v 137.5 5.7739 65.0
v 137.5 6.9421 62.5
v 135.0 5.6918 65.0
v 135.0 3.8618 67.5
v 137.5 3.5526 67.5
v 137.5 4.3578 -47.5
v 137.5 5.6334 -45.0
v 140.0 4.776 -45.0
v 137.5 5.6334 -45.0
v 137.5 6.5175 -42.5
v 140.0 5.9217 -42.5
v 137.5 5.6334 -45.0
v 140.0 5.9217 -42.5
v 140.0 4.776 -45.0
v 137.5 6.5175 -42.5
v 137.5 7.0917 -40.0
v 140.0 6.3477 -40.0
v 137.5 6.5175 -42.5
v 140.0 6.3477 -40.0
v 140.0 5.9217 -42.5
v 137.5 7.0917 -40.0
v 137.5 7.0321 -37.5
v 140.0 5.8839 -37.5
v 137.5 7.0917 -40.0
v 140.0 5.8839 -37.5
v 140.0 6.3477 -40.0
v 137.5 7.0321 -37.5
v 137.5 6.0968 -35.0
v 140.0 4.66 -35.0
v 137.5 7.0321 -37.5
v 140.0 4.66 -35.0
v 140.0 5.8839 -37.5
v 137.5 6.0968 -35.0
v 137.5 6.5431 -32.5
v 140.0 5.5469 -32.5
v 137.5 6.0968 -35.0
v 140.0 5.5469 -32.5
v 140.0 4.66 -35.0
v 137.5 6.5431 -32.5
v 137.5 7.3372 -30.0
v 140.0 6.6325 -30.0
v 137.5 6.5431 -32.5
v 140.0 6.6325 -30.0
v 140.0 5.5469 -32.5
v 137.5 7.3372 -30.0
v 137.5 7.8241 -27.5
v 140.0 7.5979 -27.5
v 137.5 7.3372 -30.0
v 140.0 7.5979 -27.5
v 140.0 6.6325 -30.0
v 137.5 7.8241 -27.5
v 137.5 8.2381 -25.0
v 140.0 8.2215 -25.0
v 137.5 7.8241 -27.5
v 140.0 8.2215 -25.0
v 140.0 7.5979 -27.5
v 137.5 8.2381 -25.0
v 137.5 8.3887 -22.5
v 140.0 8.1321 -22.5
v 137.5 8.2381 -25.0
v 140.0 8.1321 -22.5
v 140.0 8.2215 -25.0
v 137.5 8.3887 -22.5
v 137.5 7.9906 -20.0
v 140.0 7.2503 -20.0
v 137.5 8.3887 -22.5
v 140.0 7.2503 -20.0
v 140.0 8.1321 -22.5
v 137.5 7.9906 -20.0
v 137.5 6.845 -17.5
v 140.0 5.8296 -17.5
v 137.5 7.9906 -20.0
v 140.0 5.8296 -17.5
v 140.0 7.2503 -20.0
v 137.5 6.845 -17.5
v 137.5 4.9963 -15.0
v 140.0 4.092 -15.0
v 137.5 6.845 -17.5
v 140.0 4.092 -15.0
v 140.0 5.8296 -17.5
v 137.5 4.9963 -15.0
v 140.0 4.1287 -12.5
v 140.0 4.092 -15.0
v 137.5 2.4562 -12.5
v 140.0 3.9896 -10.0
v 140.0 4.1287 -12.5
v 137.5 0 -7.5
v 137.5 1.0899 -5.0
v 140.0 2.1144 -5.0
v 137.5 1.0899 -5.0
v 137.5 1.8511 -2.5
v 140.0 2.6187 -2.5
v 137.5 1.0899 -5.0
v 140.0 2.6187 -2.5
v 140.0 2.1144 -5.0
v 137.5 1.8511 -2.5
v 137.5 2.2055 0.0
v 140.0 2.7991 0.0
v 137.5 1.8511 -2.5
v 140.0 2.7991 0.0
v 140.0 2.6187 -2.5
v 137.5 2.2055 0.0
v 137.5 2.2166 2.5
v 140.0 2.8169 2.5
v 137.5 2.2055 0.0
v 140.0 2.8169 2.5
v 140.0 2.7991 0.0
v 137.5 2.2166 2.5
v 137.5 1.9915 5.0
v 140.0 2.7554 5.0
v 137.5 2.2166 2.5
v 140.0 2.7554 5.0
v 140.0 2.8169 2.5
v 137.5 1.9915 5.0
v 137.5 1.604 7.5
v 140.0 2.5435 7.5
v 137.5 1.9915 5.0
v 140.0 2.5435 7.5
v 140.0 2.7554 5.0
v 137.5 1.604 7.5
v 137.5 0.9252 10.0
v 140.0 2.2258 10.0
v 137.5 1.604 7.5
v 140.0 2.2258 10.0
v 140.0 2.5435 7.5
v 137.5 0.9252 10.0
v 137.5 1.7499 12.5
v 140.0 3.017 12.5
v 137.5 0.9252 10.0
v 140.0 3.017 12.5
v 140.0 2.2258 10.0
v 137.5 1.7499 12.5
v 137.5 2.228 15.0
v 140.0 3.2538 15.0
v 137.5 1.7499 12.5
v 140.0 3.2538 15.0
v 140.0 3.017 12.5
v 137.5 2.228 15.0
v 137.5 2.172 17.5
v 140.0 3.0863 17.5
v 137.5 2.228 15.0
v 140.0 3.0863 17.5
v 140.0 3.2538 15.0
v 137.5 2.172 17.5
v 137.5 1.6222 20.0
v 140.0 2.6704 20.0
v 137.5 2.172 17.5
v 140.0 2.6704 20.0
v 140.0 3.0863 17.5
v 137.5 1.6222 20.0
v 140.0 3.8888 22.5
v 140.0 2.6704 20.0
v 137.5 3.0291 32.5
v 137.5 4.4021 35.0
v 140.0 4.104 35.0
v 137.5 4.4021 35.0
v 140.0 5.2168 37.5
v 140.0 4.104 35.0
v 137.5 6.2184 37.5
v 137.5 7.3141 40.0
v 140.0 6.7819 40.0
v 137.5 6.2184 37.5
v 140.0 6.7819 40.0
v 140.0 5.2168 37.5
v 137.5 7.3141 40.0
v 137.5 8.1949 42.5
v 140.0 7.9597 42.5
v 137.5 7.3141 40.0
v 140.0 7.9597 42.5
v 140.0 6.7819 40.0
v 137.5 8.1949 42.5
v 137.5 8.8608 45.0
v 140.0 8.4185 45.0
v 137.5 8.1949 42.5
v 140.0 8.4185 45.0
v 140.0 7.9597 42.5
v 137.5 8.8608 45.0
v 137.5 8.8862 47.5
v 140.0 7.9383 47.5
v 137.5 8.8608 45.0
v 140.0 7.9383 47.5
v 140.0 8.4185 45.0
v 137.5 8.8862 47.5
v 137.5 8.0158 50.0
v 140.0 6.7129 50.0
v 137.5 8.8862 47.5
v 140.0 6.7129 50.0
v 140.0 7.9383 47.5
v 137.5 8.0158 50.0
v 137.5 6.8357 52.5
v 140.0 5.5317 52.5
v 137.5 8.0158 50.0
v 140.0 5.5317 52.5
v 140.0 6.7129 50.0
v 137.5 6.8357 52.5
v 137.5 7.3882 55.0
v 140.0 6.389 55.0
v 137.5 6.8357 52.5
v 140.0 6.389 55.0
v 140.0 5.5317 52.5
v 137.5 7.3882 55.0
v 137.5 7.5287 57.5
v 140.0 6.9837 57.5
v 137.5 7.3882 55.0
v 140.0 6.9837 57.5
v 140.0 6.389 55.0
v 137.5 7.5287 57.5
v 137.5 7.4139 60.0
v 140.0 7.0615 60.0
v 137.5 7.5287 57.5
v 140.0 7.0615 60.0
v 140.0 6.9837 57.5
v 137.5 7.4139 60.0
v 137.5 6.9421 62.5
v 140.0 6.3223 62.5
v 137.5 7.4139 60.0
v 140.0 6.3223 62.5
v 140.0 7.0615 60.0
v 137.5 6.9421 62.5
v 137.5 5.7739 65.0
v 140.0 4.7078 65.0
v 137.5 6.9421 62.5
v 140.0 4.7078 65.0
v 140.0 6.3223 62.5
v 140.0 0 -50.0
v 142.5 0.6102 -47.5
v 142.5 0 -50.0
v 140.0 4.776 -45.0
v 140.0 5.9217 -42.5
v 142.5 4.2184 -42.5
v 140.0 4.776 -45.0
v 142.5 4.2184 -42.5
v 142.5 3.1652 -45.0
v 140.0 5.9217 -42.5
v 140.0 6.3477 -40.0
v 142.5 4.3435 -40.0
v 140.0 5.9217 -42.5
v 142.5 4.3435 -40.0
v 142.5 4.2184 -42.5
v 140.0 5.8839 -37.5
v 140.0 4.66 -35.0
v 142.5 4.0914 -35.0
v 140.0 4.66 -35.0
v 140.0 5.5469 -32.5
v 142.5 5.2134 -32.5
v 140.0 4.66 -35.0
v 142.5 5.2134 -32.5
v 142.5 4.0914 -35.0
v 140.0 5.5469 -32.5
v 140.0 6.6325 -30.0
v 142.5 6.0989 -30.0
v 140.0 5.5469 -32.5
v 142.5 6.0989 -30.0
v 142.5 5.2134 -32.5
v 140.0 6.6325 -30.0
v 140.0 7.5979 -27.5
v 142.5 7.0099 -27.5
v 140.0 6.6325 -30.0
v 142.5 7.0099 -27.5
v 142.5 6.0989 -30.0
v 140.0 7.5979 -27.5
v 140.0 8.2215 -25.0
v 142.5 7.1833 -25.0
v 140.0 7.5979 -27.5
v 142.5 7.1833 -25.0
v 142.5 7.0099 -27.5
v 140.0 8.2215 -25.0
v 140.0 8.1321 -22.5
v 142.5 6.669 -22.5
v 140.0 8.2215 -25.0
v 142.5 6.669 -22.5
v 142.5 7.1833 -25.0
v 140.0 8.1321 -22.5
v 140.0 7.2503 -20.0
v 142.5 5.7628 -20.0
v 140.0 8.1321 -22.5
v 142.5 5.7628 -20.0
v 142.5 6.669 -22.5
v 140.0 7.2503 -20.0
v 140.0 5.8296 -17.5
v 142.5 4.6502 -17.5
v 140.0 7.2503 -20.0
v 142.5 4.6502 -17.5
v 142.5 5.7628 -20.0
v 140.0 5.8296 -17.5
v 142.5 5.3675 -15.0
v 142.5 4.6502 -17.5
v 140.0 4.092 -15.0
v 140.0 4.1287 -12.5
v 142.5 5.8588 -12.5
v 140.0 4.092 -15.0
v 142.5 5.8588 -12.5
v 142.5 5.3675 -15.0
v 140.0 4.1287 -12.5
v 140.0 3.9896 -10.0
v 142.5 5.6566 -10.0
v 140.0 4.1287 -12.5
v 142.5 5.6566 -10.0
v 142.5 5.8588 -12.5
v 140.0 3.9896 -10.0
v 140.0 3.1759 -7.5
v 142.5 4.6611 -7.5
v 140.0 3.9896 -10.0
v 142.5 4.6611 -7.5
v 142.5 5.6566 -10.0
v 140.0 3.1759 -7.5
v 140.0 2.1144 -5.0
v 142.5 2.96 -5.0
v 140.0 2.1144 -5.0
v 140.0 2.6187 -2.5
v 142.5 2.9465 -2.5
v 140.0 2.1144 -5.0
v 142.5 2.9465 -2.5
v 142.5 2.96 -5.0
v 140.0 2.6187 -2.5
v 140.0 2.7991 0.0
v 142.5 3.2552 0.0
v 140.0 2.6187 -2.5
v 142.5 3.2552 0.0
v 142.5 2.9465 -2.5
v 140.0 2.7991 0.0
v 140.0 2.8169 2.5
v 142.5 3.4923 2.5
v 140.0 2.7991 0.0
v 142.5 3.4923 2.5
v 142.5 3.2552 0.0
v 140.0 2.8169 2.5
v 140.0 2.7554 5.0
v 142.5 3.5246 5.0
v 140.0 2.8169 2.5
v 142.5 3.5246 5.0
v 142.5 3.4923 2.5
v 140.0 2.7554 5.0
v 140.0 2.5435 7.5
v 142.5 3.2153 7.5
v 140.0 2.7554 5.0
v 142.5 3.2153 7.5
v 142.5 3.5246 5.0
v 140.0 2.5435 7.5
v 140.0 2.2258 10.0
v 142.5 2.9395 10.0
v 140.0 2.5435 7.5
v 142.5 2.9395 10.0
v 142.5 3.2153 7.5
v 140.0 2.2258 10.0
v 140.0 3.017 12.5
v 142.5 3.4937 12.5
v 140.0 2.2258 10.0
v 142.5 3.4937 12.5
v 142.5 2.9395 10.0
v 140.0 3.017 12.5
v 140.0 3.2538 15.0
v 142.5 3.7186 15.0
v 140.0 3.017 12.5
v 142.5 3.7186 15.0
v 142.5 3.4937 12.5
v 140.0 3.2538 15.0
v 140.0 3.0863 17.5
v 142.5 3.7512 17.5
v 140.0 3.2538 15.0
v 142.5 3.7512 17.5
v 142.5 3.7186 15.0
v 140.0 3.0863 17.5
v 140.0 2.6704 20.0
v 142.5 3.9508 20.0
v 140.0 3.0863 17.5
v 142.5 3.9508 20.0
v 142.5 3.7512 17.5
v 140.0 5.3893 25.0
v 140.0 6.2127 27.5
v 142.5 7.6488 27.5
v 140.0 5.3893 25.0
v 142.5 7.6488 27.5
v 142.5 7.2979 25.0
v 140.0 6.2127 27.5
v 140.0 6.2045 30.0
v 142.5 7.3338 30.0
v 140.0 6.2127 27.5
v 142.5 7.3338 30.0
v 142.5 7.6488 27.5
v 140.0 6.2045 30.0
v 140.0 5.4273 32.5
v 142.5 6.7021 32.5
v 140.0 6.2045 30.0
v 142.5 6.7021 32.5
v 142.5 7.3338 30.0
v 140.0 5.4273 32.5
v 142.5 5.8486 35.0
v 142.5 6.7021 32.5
v 140.0 4.104 35.0
v 140.0 5.2168 37.5
v 142.5 4.9519 37.5
v 140.0 4.104 35.0
v 142.5 4.9519 37.5
v 142.5 5.8486 35.0
v 140.0 5.2168 37.5
v 140.0 6.7819 40.0
v 142.5 5.9572 40.0
v 140.0 5.2168 37.5
v 142.5 5.9572 40.0
v 142.5 4.9519 37.5
v 140.0 6.7819 40.0
v 140.0 7.9597 42.5
v 142.5 6.6397 42.5
v 140.0 6.7819 40.0
v 142.5 6.6397 42.5
v 142.5 5.9572 40.0
v 140.0 7.9597 42.5
v 140.0 8.4185 45.0
v 142.5 6.6328 45.0
v 140.0 7.9597 42.5
v 142.5 6.6328 45.0
v 142.5 6.6397 42.5
v 140.0 8.4185 45.0
v 140.0 7.9383 47.5
v 142.5 6.0328 47.5
v 140.0 8.4185 45.0
v 142.5 6.0328 47.5
v 142.5 6.6328 45.0
v 140.0 7.9383 47.5
v 140.0 6.7129 50.0
v 142.5 5.0997 50.0
v 140.0 6.7129 50.0
v 140.0 5.5317 52.5
v 142.5 4.2117 52.5
v 140.0 6.7129 50.0
v 142.5 4.2117 52.5
v 142.5 5.0997 50.0
v 140.0 5.5317 52.5
v 140.0 6.389 55.0
v 142.5 5.3902 55.0
v 140.0 5.5317 52.5
v 142.5 5.3902 55.0
v 142.5 4.2117 52.5
v 140.0 6.389 55.0
v 140.0 6.9837 57.5
v 142.5 5.8956 57.5
v 140.0 6.389 55.0
v 142.5 5.8956 57.5
v 142.5 5.3902 55.0
v 140.0 6.9837 57.5
v 140.0 7.0615 60.0
v 142.5 5.5665 60.0
v 140.0 6.9837 57.5
v 142.5 5.5665 60.0
v 142.5 5.8956 57.5
v 140.0 7.0615 60.0
v 140.0 6.3223 62.5
v 142.5 4.4812 62.5
v 140.0 7.0615 60.0
v 142.5 4.4812 62.5
v 142.5 5.5665 60.0
v 142.5 0 -50.0
v 142.5 0.6102 -47.5
v 145.0 0 -47.5
v 142.5 0.6102 -47.5
v 145.0 0 -45.0
v 145.0 0 -47.5
v 142.5 4.3435 -40.0
v 142.5 3.785 -37.5
v 145.0 3.1544 -37.5
v 142.5 3.785 -37.5
v 142.5 4.0914 -35.0
v 145.0 4.8294 -35.0
v 142.5 3.785 -37.5
v 145.0 4.8294 -35.0
v 145.0 3.1544 -37.5
v 142.5 4.0914 -35.0
v 142.5 5.2134 -32.5
v 145.0 6.0993 -32.5
v 142.5 4.0914 -35.0
v 145.0 6.0993 -32.5
v 145.0 4.8294 -35.0
v 142.5 5.2134 -32.5
v 142.5 6.0989 -30.0
v 145.0 6.7968 -30.0
v 142.5 5.2134 -32.5
v 145.0 6.7968 -30.0
v 145.0 6.0993 -32.5
v 142.5 6.0989 -30.0
v 142.5 7.0099 -27.5
v 145.0 6.7908 -27.5
v 142.5 6.0989 -30.0
v 145.0 6.7908 -27.5
v 145.0 6.7968 -30.0
v 142.5 7.0099 -27.5
v 142.5 7.1833 -25.0
v 145.0 6.1994 -25.0
v 142.5 7.0099 -27.5
v 145.0 6.1994 -25.0
v 145.0 6.7908 -27.5
v 142.5 7.1833 -25.0
v 142.5 6.669 -22.5
v 145.0 5.4191 -22.5
v 142.5 7.1833 -25.0
v 145.0 5.4191 -22.5
v 145.0 6.1994 -25.0
v 142.5 6.669 -22.5
v 142.5 5.7628 -20.0
v 145.0 4.5158 -20.0
v 142.5 6.669 -22.5
v 145.0 4.5158 -20.0
v 145.0 5.4191 -22.5
v 142.5 5.7628 -20.0
v 142.5 4.6502 -17.5
v 145.0 5.6089 -17.5
v 142.5 5.7628 -20.0
v 145.0 5.6089 -17.5
v 145.0 4.5158 -20.0
v 142.5 4.6502 -17.5
v 142.5 5.3675 -15.0
v 145.0 6.6179 -15.0
v 142.5 4.6502 -17.5
v 145.0 6.6179 -15.0
v 145.0 5.6089 -17.5
v 142.5 5.3675 -15.0
v 142.5 5.8588 -12.5
v 145.0 6.8364 -12.5
v 142.5 5.3675 -15.0
v 145.0 6.8364 -12.5
v 145.0 6.6179 -15.0
v 142.5 5.8588 -12.5
v 142.5 5.6566 -10.0
v 145.0 6.2157 -10.0
v 142.5 5.8588 -12.5
v 145.0 6.2157 -10.0
v 145.0 6.8364 -12.5
v 142.5 5.6566 -10.0
v 142.5 4.6611 -7.5
v 145.0 5.108 -7.5
v 142.5 5.6566 -10.0
v 145.0 5.108 -7.5
v 145.0 6.2157 -10.0
v 142.5 4.6611 -7.5
v 142.5 2.96 -5.0
v 145.0 3.7039 -5.0
v 142.5 4.6611 -7.5
v 145.0 3.7039 -5.0
v 145.0 5.108 -7.5
v 142.5 2.96 -5.0
v 142.5 2.9465 -2.5
v 145.0 3.3392 -2.5
v 142.5 2.96 -5.0
v 145.0 3.3392 -2.5
v 145.0 3.7039 -5.0
v 142.5 2.9465 -2.5
v 142.5 3.2552 0.0
v 145.0 3.8445 0.0
v 142.5 2.9465 -2.5
v 145.0 3.8445 0.0
v 145.0 3.3392 -2.5
v 142.5 3.2552 0.0
v 142.5 3.4923 2.5
v 145.0 4.0681 2.5
v 142.5 3.2552 0.0
v 145.0 4.0681 2.5
v 145.0 3.8445 0.0
v 142.5 3.4923 2.5
v 142.5 3.5246 5.0
v 145.0 3.8656 5.0
v 142.5 3.4923 2.5
v 145.0 3.8656 5.0
v 145.0 4.0681 2.5
v 142.5 3.5246 5.0
v 142.5 3.2153 7.5
v 145.0 3.342 7.5
v 142.5 3.5246 5.0
v 145.0 3.342 7.5
v 145.0 3.8656 5.0
v 142.5 3.2153 7.5
v 142.5 2.9395 10.0
v 145.0 3.0528 10.0
v 142.5 3.2153 7.5
v 145.0 3.0528 10.0
v 145.0 3.342 7.5
v 142.5 2.9395 10.0
v 142.5 3.4937 12.5
v 145.0 3.7207 12.5
v 142.5 2.9395 10.0
v 145.0 3.7207 12.5
v 145.0 3.0528 10.0
v 142.5 3.4937 12.5
v 142.5 3.7186 15.0
v 145.0 4.2491 15.0
v 142.5 3.4937 12.5
v 145.0 4.2491 15.0
v 145.0 3.7207 12.5
v 142.5 3.7186 15.0
v 142.5 3.7512 17.5
v 145.0 4.433 17.5
v 142.5 3.7186 15.0
v 145.0 4.433 17.5
v 145.0 4.2491 15.0
v 142.5 3.7512 17.5
v 142.5 3.9508 20.0
v 145.0 5.4439 20.0
v 142.5 3.7512 17.5
v 145.0 5.4439 20.0
v 145.0 4.433 17.5
v 142.5 6.0581 22.5
v 142.5 7.2979 25.0
v 145.0 7.8853 25.0
v 142.5 6.0581 22.5
v 145.0 7.8853 25.0
v 145.0 7.1048 22.5
v 142.5 7.2979 25.0
v 142.5 7.6488 27.5
v 145.0 8.1842 27.5
v 142.5 7.2979 25.0
v 145.0 8.1842 27.5
v 145.0 7.8853 25.0
v 142.5 7.6488 27.5
v 142.5 7.3338 30.0
v 145.0 8.2899 30.0
v 142.5 7.6488 27.5
v 145.0 8.2899 30.0
v 145.0 8.1842 27.5
v 142.5 7.3338 30.0
v 142.5 6.7021 32.5
v 145.0 8.1498 32.5
v 142.5 7.3338 30.0
v 145.0 8.1498 32.5
v 145.0 8.2899 30.0
v 142.5 6.7021 32.5
v 142.5 5.8486 35.0
v 145.0 7.4397 35.0
v 142.5 6.7021 32.5
v 145.0 7.4397 35.0
v 145.0 8.1498 32.5
v 142.5 5.8486 35.0
v 142.5 4.9519 37.5
v 145.0 6.4285 37.5
v 142.5 5.8486 35.0
v 145.0 6.4285 37.5
v 145.0 7.4397 35.0
v 142.5 4.9519 37.5
v 142.5 5.9572 40.0
v 145.0 7.0273 40.0
v 142.5 4.9519 37.5
v 145.0 7.0273 40.0
v 145.0 6.4285 37.5
v 142.5 5.9572 40.0
v 142.5 6.6397 42.5
v 145.0 6.9324 42.5
v 142.5 5.9572 40.0
v 145.0 6.9324 42.5
v 145.0 7.0273 40.0
v 142.5 6.6397 42.5
v 142.5 6.6328 45.0
v 145.0 6.4596 45.0
v 142.5 6.6397 42.5
v 145.0 6.4596 45.0
v 145.0 6.9324 42.5
v 142.5 6.6328 45.0
v 142.5 6.0328 47.5
v 145.0 5.786 47.5
v 142.5 6.6328 45.0
v 145.0 5.786 47.5
v 145.0 6.4596 45.0
v 142.5 6.0328 47.5
v 142.5 5.0997 50.0
v 145.0 4.6906 50.0
v 142.5 6.0328 47.5
v 145.0 4.6906 50.0
v 145.0 5.786 47.5
v 142.5 5.0997 50.0
v 142.5 4.2117 52.5
v 145.0 2.5608 52.5
v 142.5 4.2117 52.5
v 145.0 3.1475 55.0
v 145.0 2.5608 52.5
v 145.0 0 -45.0
v 145.0 0.7766 -42.5
v 147.5 0 -42.5
v 145.0 0.7766 -42.5
v 145.0 1.2758 -40.0
v 147.5 0.6123 -40.0
v 145.0 0.7766 -42.5
v 147.5 0.6123 -40.0
v 147.5 0 -42.5
v 145.0 1.2758 -40.0
v 145.0 3.1544 -37.5
v 147.5 3.4639 -37.5
v 145.0 3.1544 -37.5
v 145.0 4.8294 -35.0
v 147.5 5.1208 -35.0
v 145.0 3.1544 -37.5
v 147.5 5.1208 -35.0
v 147.5 3.4639 -37.5
v 145.0 4.8294 -35.0
v 145.0 6.0993 -32.5
v 147.5 6.0575 -32.5
v 145.0 4.8294 -35.0
v 147.5 6.0575 -32.5
v 147.5 5.1208 -35.0
v 145.0 6.0993 -32.5
v 145.0 6.7968 -30.0
v 147.5 6.4084 -30.0
v 145.0 6.0993 -32.5
v 147.5 6.4084 -30.0
v 147.5 6.0575 -32.5
v 145.0 6.7968 -30.0
v 145.0 6.7908 -27.5
v 147.5 6.4136 -27.5
v 145.0 6.7968 -30.0
v 147.5 6.4136 -27.5
v 147.5 6.4084 -30.0
v 145.0 6.7908 -27.5
v 145.0 6.1994 -25.0
v 147.5 6.1834 -25.0
v 145.0 6.7908 -27.5
v 147.5 6.1834 -25.0
v 147.5 6.4136 -27.5
v 145.0 6.1994 -25.0
v 145.0 5.4191 -22.5
v 147.5 5.7766 -22.5
v 145.0 6.1994 -25.0
v 147.5 5.7766 -22.5
v 147.5 6.1834 -25.0
v 145.0 5.4191 -22.5
v 145.0 4.5158 -20.0
v 147.5 4.9216 -20.0
v 145.0 5.4191 -22.5
v 147.5 4.9216 -20.0
v 147.5 5.7766 -22.5
v 145.0 4.5158 -20.0
v 145.0 5.6089 -17.5
v 147.5 6.1143 -17.5
v 145.0 4.5158 -20.0
v 147.5 6.1143 -17.5
v 147.5 4.9216 -20.0
v 145.0 5.6089 -17.5
v 145.0 6.6179 -15.0
v 147.5 6.7483 -15.0
v 145.0 5.6089 -17.5
v 147.5 6.7483 -15.0
v 147.5 6.1143 -17.5
v 145.0 6.6179 -15.0
v 145.0 6.8364 -12.5
v 147.5 6.7136 -12.5
v 145.0 6.6179 -15.0
v 147.5 6.7136 -12.5
v 147.5 6.7483 -15.0
v 145.0 6.8364 -12.5
v 145.0 6.2157 -10.0
v 147.5 6.1418 -10.0
v 145.0 6.8364 -12.5
v 147.5 6.1418 -10.0
v 147.5 6.7136 -12.5
v 145.0 6.2157 -10.0
v 145.0 5.108 -7.5
v 147.5 5.3972 -7.5
v 145.0 6.2157 -10.0
v 147.5 5.3972 -7.5
v 147.5 6.1418 -10.0
v 145.0 5.108 -7.5
v 145.0 3.7039 -5.0
v 147.5 4.2488 -5.0
v 145.0 5.108 -7.5
v 147.5 4.2488 -5.0
v 147.5 5.3972 -7.5
v 145.0 3.7039 -5.0
v 145.0 3.3392 -2.5
v 147.5 3.6897 -2.5
v 145.0 3.7039 -5.0
v 147.5 3.6897 -2.5
v 147.5 4.2488 -5.0
v 145.0 3.3392 -2.5
v 145.0 3.8445 0.0
v 147.5 4.0531 0.0
v 145.0 3.3392 -2.5
v 147.5 4.0531 0.0
v 147.5 3.6897 -2.5
v 145.0 3.8445 0.0
v 145.0 4.0681 2.5
v 147.5 4.0401 2.5
v 145.0 3.8445 0.0
v 147.5 4.0401 2.5
v 147.5 4.0531 0.0
v 145.0 4.0681 2.5
v 145.0 3.8656 5.0
v 147.5 3.6896 5.0
v 145.0 4.0681 2.5
v 147.5 3.6896 5.0
v 147.5 4.0401 2.5
v 145.0 3.8656 5.0
v 145.0 3.342 7.5
v 147.5 3.2725 7.5
v 145.0 3.8656 5.0
v 147.5 3.2725 7.5
v 147.5 3.6896 5.0
v 145.0 3.342 7.5
v 145.0 3.0528 10.0
v 147.5 3.0827 10.0
v 145.0 3.342 7.5
v 147.5 3.0827 10.0
v 147.5 3.2725 7.5
v 145.0 3.0528 10.0
v 145.0 3.7207 12.5
v 147.5 3.9644 12.5
v 145.0 3.0528 10.0
v 147.5 3.9644 12.5
v 147.5 3.0827 10.0
v 145.0 3.7207 12.5
v 145.0 4.2491 15.0
v 147.5 4.4971 15.0
v 145.0 3.7207 12.5
v 147.5 4.4971 15.0
v 147.5 3.9644 12.5
v 145.0 4.2491 15.0
v 145.0 4.433 17.5
v 147.5 4.4399 17.5
v 145.0 4.2491 15.0
v 147.5 4.4399 17.5
v 147.5 4.4971 15.0
v 145.0 4.433 17.5
v 145.0 5.4439 20.0
v 147.5 5.7353 20.0
v 145.0 4.433 17.5
v 147.5 5.7353 20.0
v 147.5 4.4399 17.5
v 145.0 5.4439 20.0
v 145.0 7.1048 22.5
v 147.5 7.101 22.5
v 145.0 5.4439 20.0
v 147.5 7.101 22.5
v 147.5 5.7353 20.0
v 145.0 7.1048 22.5
v 145.0 7.8853 25.0
v 147.5 8.1203 25.0
v 145.0 7.1048 22.5
v 147.5 8.1203 25.0
v 147.5 7.101 22.5
v 145.0 7.8853 25.0
v 145.0 8.1842 27.5
v 147.5 9.0576 27.5
v 145.0 7.8853 25.0
v 147.5 9.0576 27.5
v 147.5 8.1203 25.0
v 145.0 8.1842 27.5
v 145.0 8.2899 30.0
v 147.5 9.5785 30.0
v 145.0 8.1842 27.5
v 147.5 9.5785 30.0
v 147.5 9.0576 27.5
v 145.0 8.2899 30.0
v 145.0 8.1498 32.5
v 147.5 9.2167 32.5
v 145.0 8.2899 30.0
v 147.5 9.2167 32.5
v 147.5 9.5785 30.0
v 145.0 8.1498 32.5
v 145.0 7.4397 35.0
v 147.5 7.964 35.0
v 145.0 8.1498 32.5
v 147.5 7.964 35.0
v 147.5 9.2167 32.5
v 145.0 7.4397 35.0
v 145.0 6.4285 37.5
v 147.5 6.7124 37.5
v 145.0 7.4397 35.0
v 147.5 6.7124 37.5
v 147.5 7.964 35.0
v 145.0 6.4285 37.5
v 145.0 7.0273 40.0
v 147.5 7.2112 40.0
v 145.0 6.4285 37.5
v 147.5 7.2112 40.0
v 147.5 6.7124 37.5
v 145.0 7.0273 40.0
v 145.0 6.9324 42.5
v 147.5 7.4795 42.5
v 145.0 7.0273 40.0
v 147.5 7.4795 42.5
v 147.5 7.2112 40.0
v 145.0 6.9324 42.5
v 145.0 6.4596 45.0
v 147.5 7.4608 45.0
v 145.0 6.9324 42.5
v 147.5 7.4608 45.0
v 147.5 7.4795 42.5
v 145.0 6.4596 45.0
v 145.0 5.786 47.5
v 147.5 6.9444 47.5
v 145.0 6.4596 45.0
v 147.5 6.9444 47.5
v 147.5 7.4608 45.0
v 145.0 5.786 47.5
v 145.0 4.6906 50.0
v 147.5 5.6508 50.0
v 145.0 5.786 47.5
v 147.5 5.6508 50.0
v 147.5 6.9444 47.5
v 145.0 1.8729 62.5
v 145.0 0 65.0
v 147.5 0 65.0
v 145.0 1.8729 62.5
v 147.5 0 65.0
v 147.5 0 62.5
v 147.5 0 -42.5
v 147.5 0.6123 -40.0
v 150.0 0 -40.0
v 147.5 3.4639 -37.5
v 147.5 5.1208 -35.0
v 150.0 4.4823 -35.0
v 147.5 3.4639 -37.5
v 150.0 4.4823 -35.0
v 150.0 3.05 -37.5
v 147.5 5.1208 -35.0
v 147.5 6.0575 -32.5
v 150.0 5.2647 -32.5
v 147.5 5.1208 -35.0
v 150.0 5.2647 -32.5
v 150.0 4.4823 -35.0
v 147.5 6.0575 -32.5
v 147.5 6.4084 -30.0
v 150.0 5.801 -30.0
v 147.5 6.0575 -32.5
v 150.0 5.801 -30.0
v 150.0 5.2647 -32.5
v 147.5 6.4084 -30.0
v 147.5 6.4136 -27.5
v 150.0 6.202 -27.5
v 147.5 6.4084 -30.0
v 150.0 6.202 -27.5
v 150.0 5.801 -30.0
v 147.5 6.4136 -27.5
v 147.5 6.1834 -25.0
v 150.0 6.2568 -25.0
v 147.5 6.4136 -27.5
v 150.0 6.2568 -25.0
v 150.0 6.202 -27.5
v 147.5 6.1834 -25.0
v 147.5 5.7766 -22.5
v 150.0 5.7161 -22.5
v 147.5 6.1834 -25.0
v 150.0 5.7161 -22.5
v 150.0 6.2568 -25.0
v 147.5 5.7766 -22.5
v 147.5 4.9216 -20.0
v 150.0 4.5057 -20.0
v 147.5 5.7766 -22.5
v 150.0 4.5057 -20.0
v 150.0 5.7161 -22.5
v 147.5 4.9216 -20.0
v 147.5 6.1143 -17.5
v 150.0 5.4894 -17.5
v 147.5 4.9216 -20.0
v 150.0 5.4894 -17.5
v 150.0 4.5057 -20.0
v 147.5 6.1143 -17.5
v 147.5 6.7483 -15.0
v 150.0 6.0106 -15.0
v 147.5 6.1143 -17.5
v 150.0 6.0106 -15.0
v 150.0 5.4894 -17.5
v 147.5 6.7483 -15.0
v 147.5 6.7136 -12.5
v 150.0 6.2482 -12.5
v 147.5 6.7483 -15.0
v 150.0 6.2482 -12.5
v 150.0 6.0106 -15.0
v 147.5 6.7136 -12.5
v 147.5 6.1418 -10.0
v 150.0 6.166 -10.0
v 147.5 6.7136 -12.5
v 150.0 6.166 -10.0
v 150.0 6.2482 -12.5
v 147.5 6.1418 -10.0
v 147.5 5.3972 -7.5
v 150.0 5.5613 -7.5
v 147.5 6.1418 -10.0
v 150.0 5.5613 -7.5
v 150.0 6.166 -10.0
v 147.5 5.3972 -7.5
v 147.5 4.2488 -5.0
v 150.0 4.1618 -5.0
v 147.5 5.3972 -7.5
v 150.0 4.1618 -5.0
v 150.0 5.5613 -7.5
v 147.5 4.2488 -5.0
v 147.5 3.6897 -2.5
v 150.0 3.4901 -2.5
v 147.5 4.2488 -5.0
v 150.0 3.4901 -2.5
v 150.0 4.1618 -5.0
v 147.5 3.6897 -2.5
v 147.5 4.0531 0.0
v 150.0 3.6438 0.0
v 147.5 3.6897 -2.5
v 150.0 3.6438 0.0
v 150.0 3.4901 -2.5
v 147.5 4.0531 0.0
v 147.5 4.0401 2.5
v 150.0 3.6265 2.5
v 147.5 4.0531 0.0
v 150.0 3.6265 2.5
v 150.0 3.6438 0.0
v 147.5 4.0401 2.5
v 147.5 3.6896 5.0
v 150.0 3.5337 5.0
v 147.5 4.0401 2.5
v 150.0 3.5337 5.0
v 150.0 3.6265 2.5
v 147.5 3.6896 5.0
v 147.5 3.2725 7.5
v 150.0 3.3454 7.5
v 147.5 3.6896 5.0
v 150.0 3.3454 7.5
v 150.0 3.5337 5.0
v 147.5 3.2725 7.5
v 147.5 3.0827 10.0
v 150.0 2.9089 10.0
v 147.5 3.2725 7.5
v 150.0 2.9089 10.0
v 150.0 3.3454 7.5
v 147.5 3.0827 10.0
v 147.5 3.9644 12.5
v 150.0 3.6784 12.5
v 147.5 3.0827 10.0
v 150.0 3.6784 12.5
v 150.0 2.9089 10.0
v 147.5 3.9644 12.5
v 147.5 4.4971 15.0
v 150.0 3.9147 15.0
v 147.5 3.9644 12.5
v 150.0 3.9147 15.0
v 150.0 3.6784 12.5
v 147.5 4.4971 15.0
v 147.5 4.4399 17.5
v 150.0 3.7103 17.5
v 147.5 4.4971 15.0
v 150.0 3.7103 17.5
v 150.0 3.9147 15.0
v 147.5 4.4399 17.5
v 147.5 5.7353 20.0
v 150.0 5.4133 20.0
v 147.5 4.4399 17.5
v 150.0 5.4133 20.0
v 150.0 3.7103 17.5
v 147.5 5.7353 20.0
v 147.5 7.101 22.5
v 150.0 7.1558 22.5
v 147.5 5.7353 20.0
v 150.0 7.1558 22.5
v 150.0 5.4133 20.0
v 147.5 7.101 22.5
v 147.5 8.1203 25.0
v 150.0 8.6749 25.0
v 147.5 7.101 22.5
v 150.0 8.6749 25.0
v 150.0 7.1558 22.5
v 147.5 8.1203 25.0
v 147.5 9.0576 27.5
v 150.0 9.7057 27.5
v 147.5 8.1203 25.0
v 150.0 9.7057 27.5
v 150.0 8.6749 25.0
v 147.5 9.0576 27.5
v 147.5 9.5785 30.0
v 150.0 9.7592 30.0
v 147.5 9.0576 27.5
v 150.0 9.7592 30.0
v 150.0 9.7057 27.5
v 147.5 9.5785 30.0
v 147.5 9.2167 32.5
v 150.0 8.806 32.5
v 147.5 9.5785 30.0
v 150.0 8.806 32.5
v 150.0 9.7592 30.0
v 147.5 9.2167 32.5
v 147.5 7.964 35.0
v 150.0 7.3779 35.0
v 147.5 9.2167 32.5
v 150.0 7.3779 35.0
v 150.0 8.806 32.5
v 147.5 7.964 35.0
v 147.5 6.7124 37.5
v 150.0 6.5524 37.5
v 147.5 7.964 35.0
v 150.0 6.5524 37.5
v 150.0 7.3779 35.0
v 147.5 6.7124 37.5
v 147.5 7.2112 40.0
v 150.0 7.5453 40.0
v 147.5 6.7124 37.5
v 150.0 7.5453 40.0
v 150.0 6.5524 37.5
v 147.5 7.2112 40.0
v 147.5 7.4795 42.5
v 150.0 8.2565 42.5
v 147.5 7.2112 40.0
v 150.0 8.2565 42.5
v 150.0 7.5453 40.0
v 147.5 7.4795 42.5
v 147.5 7.4608 45.0
v 150.0 8.1204 45.0
v 147.5 7.4795 42.5
v 150.0 8.1204 45.0
v 150.0 8.2565 42.5
v 147.5 7.4608 45.0
v 147.5 6.9444 47.5
v 150.0 7.1392 47.5
v 147.5 7.4608 45.0
v 150.0 7.1392 47.5
v 150.0 8.1204 45.0
v 147.5 6.9444 47.5
v 147.5 5.6508 50.0
v 150.0 5.4962 50.0
v 147.5 6.9444 47.5
v 150.0 5.4962 50.0
v 150.0 7.1392 47.5
v 150.0 0 -40.0
v 152.5 1.8432 -37.5
v 152.5 0 -40.0
v 150.0 3.05 -37.5
v 150.0 4.4823 -35.0
v 152.5 3.4629 -35.0
v 150.0 3.05 -37.5
v 152.5 3.4629 -35.0
v 152.5 1.8432 -37.5
v 150.0 4.4823 -35.0
v 150.0 5.2647 -32.5
v 152.5 4.5618 -32.5
v 150.0 4.4823 -35.0
v 152.5 4.5618 -32.5
v 152.5 3.4629 -35.0
v 150.0 5.2647 -32.5
v 150.0 5.801 -30.0
v 152.5 5.3998 -30.0
v 150.0 5.2647 -32.5
v 152.5 5.3998 -30.0
v 152.5 4.5618 -32.5
v 150.0 5.801 -30.0
v 150.0 6.202 -27.5
v 152.5 5.7944 -27.5
v 150.0 5.801 -30.0
v 152.5 5.7944 -27.5
v 152.5 5.3998 -30.0
v 150.0 6.202 -27.5
v 150.0 6.2568 -25.0
v 152.5 5.5363 -25.0
v 150.0 6.202 -27.5
v 152.5 5.5363 -25.0
v 152.5 5.7944 -27.5
v 150.0 6.2568 -25.0
v 150.0 5.7161 -22.5
v 152.5 4.6665 -22.5
v 150.0 6.2568 -25.0
v 152.5 4.6665 -22.5
v 152.5 5.5363 -25.0
v 150.0 5.7161 -22.5
v 150.0 4.5057 -20.0
v 152.5 3.3785 -20.0
v 150.0 5.7161 -22.5
v 152.5 3.3785 -20.0
v 152.5 4.6665 -22.5
v 150.0 4.5057 -20.0
v 150.0 5.4894 -17.5
v 152.5 4.5036 -17.5
v 150.0 4.5057 -20.0
v 152.5 4.5036 -17.5
v 152.5 3.3785 -20.0
v 150.0 5.4894 -17.5
v 150.0 6.0106 -15.0
v 152.5 5.3746 -15.0
v 150.0 5.4894 -17.5
v 152.5 5.3746 -15.0
v 152.5 4.5036 -17.5
v 150.0 6.0106 -15.0
v 150.0 6.2482 -12.5
v 152.5 5.8705 -12.5
v 150.0 6.0106 -15.0
v 152.5 5.8705 -12.5
v 152.5 5.3746 -15.0
v 150.0 6.2482 -12.5
v 150.0 6.166 -10.0
v 152.5 5.7126 -10.0
v 150.0 6.2482 -12.5
v 152.5 5.7126 -10.0
v 152.5 5.8705 -12.5
v 150.0 6.166 -10.0
v 150.0 5.5613 -7.5
v 152.5 4.7568 -7.5
v 150.0 6.166 -10.0
v 152.5 4.7568 -7.5
v 152.5 5.7126 -10.0
v 150.0 5.5613 -7.5
v 150.0 4.1618 -5.0
v 152.5 3.0593 -5.0
v 150.0 5.5613 -7.5
v 152.5 3.0593 -5.0
v 152.5 4.7568 -7.5
v 150.0 4.1618 -5.0
v 150.0 3.4901 -2.5
v 152.5 2.9167 -2.5
v 150.0 4.1618 -5.0
v 152.5 2.9167 -2.5
v 152.5 3.0593 -5.0
v 150.0 3.4901 -2.5
v 150.0 3.6438 0.0
v 152.5 3.5383 0.0
v 150.0 3.4901 -2.5
v 152.5 3.5383 0.0
v 152.5 2.9167 -2.5
v 150.0 3.6438 0.0
v 150.0 3.6265 2.5
v 152.5 4.2053 2.5
v 150.0 3.6438 0.0
v 152.5 4.2053 2.5
v 152.5 3.5383 0.0
v 150.0 3.6265 2.5
v 150.0 3.5337 5.0
v 152.5 4.4519 5.0
v 150.0 3.6265 2.5
v 152.5 4.4519 5.0
v 152.5 4.2053 2.5
v 150.0 3.5337 5.0
v 150.0 3.3454 7.5
v 152.5 4.0633 7.5
v 150.0 3.5337 5.0
v 152.5 4.0633 7.5
v 152.5 4.4519 5.0
v 150.0 3.3454 7.5
v 150.0 2.9089 10.0
v 152.5 4.642 10.0
v 150.0 3.3454 7.5
v 152.5 4.642 10.0
v 152.5 4.0633 7.5
v 150.0 2.9089 10.0
v 150.0 3.6784 12.5
v 152.5 5.4023 12.5
v 150.0 2.9089 10.0
v 152.5 5.4023 12.5
v 152.5 4.642 10.0
v 150.0 3.6784 12.5
v 150.0 3.9147 15.0
v 152.5 5.6328 15.0
v 150.0 3.6784 12.5
v 152.5 5.6328 15.0
v 152.5 5.4023 12.5
v 150.0 3.9147 15.0
v 150.0 3.7103 17.5
v 152.5 5.6238 17.5
v 150.0 3.9147 15.0
v 152.5 5.6238 17.5
v 152.5 5.6328 15.0
v 150.0 3.7103 17.5
v 150.0 5.4133 20.0
v 152.5 5.3469 20.0
v 150.0 3.7103 17.5
v 152.5 5.3469 20.0
v 152.5 5.6238 17.5
v 150.0 5.4133 20.0
v 150.0 7.1558 22.5
v 152.5 7.154 22.5
v 150.0 5.4133 20.0
v 152.5 7.154 22.5
v 152.5 5.3469 20.0
v 150.0 7.1558 22.5
v 150.0 8.6749 25.0
v 152.5 8.4452 25.0
v 150.0 7.1558 22.5
v 152.5 8.4452 25.0
v 152.5 7.154 22.5
v 150.0 8.6749 25.0
v 150.0 9.7057 27.5
v 152.5 8.8391 27.5
v 150.0 8.6749 25.0
v 152.5 8.8391 27.5
v 152.5 8.4452 25.0
v 150.0 9.7057 27.5
v 150.0 9.7592 30.0
v 152.5 8.4688 30.0
v 150.0 9.7057 27.5
v 152.5 8.4688 30.0
v 152.5 8.8391 27.5
v 150.0 9.7592 30.0
v 150.0 8.806 32.5
v 152.5 7.7251 32.5
v 150.0 9.7592 30.0
v 152.5 7.7251 32.5
v 152.5 8.4688 30.0
v 150.0 8.806 32.5
v 150.0 7.3779 35.0
v 152.5 6.8392 35.0
v 150.0 8.806 32.5
v 152.5 6.8392 35.0
v 152.5 7.7251 32.5
v 150.0 7.3779 35.0
v 150.0 6.5524 37.5
v 152.5 6.5818 37.5
v 150.0 7.3779 35.0
v 152.5 6.5818 37.5
v 152.5 6.8392 35.0
v 150.0 6.5524 37.5
v 150.0 7.5453 40.0
v 152.5 7.6799 40.0
v 150.0 6.5524 37.5
v 152.5 7.6799 40.0
v 152.5 6.5818 37.5
v 150.0 7.5453 40.0
v 150.0 8.2565 42.5
v 152.5 7.9928 42.5
v 150.0 7.5453 40.0
v 152.5 7.9928 42.5
v 152.5 7.6799 40.0
v 150.0 8.2565 42.5
v 150.0 8.1204 45.0
v 152.5 7.4065 45.0
v 150.0 8.2565 42.5
v 152.5 7.4065 45.0
v 152.5 7.9928 42.5
v 150.0 8.1204 45.0
v 150.0 7.1392 47.5
v 152.5 6.2567 47.5
v 150.0 8.1204 45.0
v 152.5 6.2567 47.5
v 152.5 7.4065 45.0
v 150.0 7.1392 47.5
v 150.0 5.4962 50.0
v 152.5 4.844 50.0
v 150.0 7.1392 47.5
v 152.5 4.844 50.0
v 152.5 6.2567 47.5
v 150.0 5.4962 50.0
v 152.5 2.9402 52.5
v 152.5 4.844 50.0
v 152.5 1.8432 -37.5
v 152.5 3.4629 -35.0
v 155.0 2.2255 -35.0
v 152.5 3.4629 -35.0
v 152.5 4.5618 -32.5
v 155.0 3.61 -32.5
v 152.5 3.4629 -35.0
v 155.0 3.61 -32.5
v 155.0 2.2255 -35.0
v 152.5 4.5618 -32.5
v 152.5 5.3998 -30.0
v 155.0 4.3369 -30.0
v 152.5 4.5618 -32.5
v 155.0 4.3369 -30.0
v 155.0 3.61 -32.5
v 152.5 5.3998 -30.0
v 152.5 5.7944 -27.5
v 155.0 4.4105 -27.5
v 152.5 5.3998 -30.0
v 155.0 4.4105 -27.5
v 155.0 4.3369 -30.0
v 152.5 5.7944 -27.5
v 152.5 5.5363 -25.0
v 155.0 3.9655 -25.0
v 152.5 5.7944 -27.5
v 155.0 3.9655 -25.0
v 155.0 4.4105 -27.5
v 152.5 5.5363 -25.0
v 152.5 4.6665 -22.5
v 155.0 3.1852 -22.5
v 152.5 5.5363 -25.0
v 155.0 3.1852 -22.5
v 155.0 3.9655 -25.0
v 152.5 4.6665 -22.5
v 152.5 3.3785 -20.0
v 155.0 3.3661 -20.0
v 152.5 4.6665 -22.5
v 155.0 3.3661 -20.0
v 155.0 3.1852 -22.5
v 152.5 3.3785 -20.0
v 152.5 4.5036 -17.5
v 155.0 4.4004 -17.5
v 152.5 3.3785 -20.0
v 155.0 4.4004 -17.5
v 155.0 3.3661 -20.0
v 152.5 4.5036 -17.5
v 152.5 5.3746 -15.0
v 155.0 5.0301 -15.0
v 152.5 4.5036 -17.5
v 155.0 5.0301 -15.0
v 155.0 4.4004 -17.5
v 152.5 5.3746 -15.0
v 152.5 5.8705 -12.5
v 155.0 5.074 -12.5
v 152.5 5.3746 -15.0
v 155.0 5.074 -12.5
v 155.0 5.0301 -15.0
v 152.5 5.8705 -12.5
v 152.5 5.7126 -10.0
v 155.0 4.5136 -10.0
v 152.5 5.8705 -12.5
v 155.0 4.5136 -10.0
v 155.0 5.074 -12.5
v 152.5 5.7126 -10.0
v 152.5 4.7568 -7.5
v 155.0 3.5204 -7.5
v 152.5 5.7126 -10.0
v 155.0 3.5204 -7.5
v 155.0 4.5136 -10.0
v 152.5 4.7568 -7.5
v 152.5 3.0593 -5.0
v 155.0 2.3033 -5.0
v 152.5 4.7568 -7.5
v 155.0 2.3033 -5.0
v 155.0 3.5204 -7.5
v 152.5 3.0593 -5.0
v 152.5 2.9167 -2.5
v 155.0 3.9892 -2.5
v 152.5 3.0593 -5.0
v 155.0 3.9892 -2.5
v 155.0 2.3033 -5.0
v 152.5 2.9167 -2.5
v 152.5 3.5383 0.0
v 155.0 5.2085 0.0
v 152.5 2.9167 -2.5
v 155.0 5.2085 0.0
v 155.0 3.9892 -2.5
v 152.5 3.5383 0.0
v 152.5 4.2053 2.5
v 155.0 5.9233 2.5
v 152.5 3.5383 0.0
v 155.0 5.9233 2.5
v 155.0 5.2085 0.0
v 152.5 4.2053 2.5
v 152.5 4.4519 5.0
v 155.0 5.9289 5.0
v 152.5 4.2053 2.5
v 155.0 5.9289 5.0
v 155.0 5.9233 2.5
v 152.5 4.4519 5.0
v 152.5 4.0633 7.5
v 155.0 5.2536 7.5
v 152.5 4.4519 5.0
v 155.0 5.2536 7.5
v 155.0 5.9289 5.0
v 152.5 4.0633 7.5
v 152.5 4.642 10.0
v 155.0 5.8769 10.0
v 152.5 4.0633 7.5
v 155.0 5.8769 10.0
v 155.0 5.2536 7.5
v 152.5 4.642 10.0
v 152.5 5.4023 12.5
v 155.0 6.6655 12.5
v 152.5 4.642 10.0
v 155.0 6.6655 12.5
v 155.0 5.8769 10.0
v 152.5 5.4023 12.5
v 152.5 5.6328 15.0
v 155.0 7.3069 15.0
v 152.5 5.4023 12.5
v 155.0 7.3069 15.0
v 155.0 6.6655 12.5
v 152.5 5.6328 15.0
v 152.5 5.6238 17.5
v 155.0 7.6411 17.5
v 152.5 5.6328 15.0
v 155.0 7.6411 17.5
v 155.0 7.3069 15.0
v 152.5 5.6238 17.5
v 152.5 5.3469 20.0
v 155.0 7.3259 20.0
v 152.5 5.6238 17.5
v 155.0 7.3259 20.0
v 155.0 7.6411 17.5
v 152.5 5.3469 20.0
v 152.5 7.154 22.5
v 155.0 6.2034 22.5
v 152.5 7.154 22.5
v 152.5 8.4452 25.0
v 155.0 6.8771 25.0
v 152.5 7.154 22.5
v 155.0 6.8771 25.0
v 155.0 6.2034 22.5
v 152.5 8.4452 25.0
v 152.5 8.8391 27.5
v 155.0 7.1569 27.5
v 152.5 8.4452 25.0
v 155.0 7.1569 27.5
v 155.0 6.8771 25.0
v 152.5 8.8391 27.5
v 152.5 8.4688 30.0
v 155.0 7.1844 30.0
v 152.5 8.8391 27.5
v 155.0 7.1844 30.0
v 155.0 7.1569 27.5
v 152.5 8.4688 30.0
v 152.5 7.7251 32.5
v 155.0 6.991 32.5
v 152.5 8.4688 30.0
v 155.0 6.991 32.5
v 155.0 7.1844 30.0
v 152.5 7.7251 32.5
v 152.5 6.8392 35.0
v 155.0 6.8911 35.0
v 152.5 7.7251 32.5
v 155.0 6.8911 35.0
v 155.0 6.991 32.5
v 152.5 6.8392 35.0
v 152.5 6.5818 37.5
v 155.0 6.0663 37.5
v 152.5 6.8392 35.0
v 155.0 6.0663 37.5
v 155.0 6.8911 35.0
v 152.5 6.5818 37.5
v 152.5 7.6799 40.0
v 155.0 6.6187 40.0
v 152.5 6.5818 37.5
v 155.0 6.6187 40.0
v 155.0 6.0663 37.5
v 152.5 7.6799 40.0
v 152.5 7.9928 42.5
v 155.0 6.5461 42.5
v 152.5 7.6799 40.0
v 155.0 6.5461 42.5
v 155.0 6.6187 40.0
v 152.5 7.9928 42.5
v 152.5 7.4065 45.0
v 155.0 6.0453 45.0
v 152.5 7.9928 42.5
v 155.0 6.0453 45.0
v 155.0 6.5461 42.5
v 152.5 7.4065 45.0
v 152.5 6.2567 47.5
v 155.0 5.3143 47.5
v 152.5 7.4065 45.0
v 155.0 5.3143 47.5
v 155.0 6.0453 45.0
v 152.5 6.2567 47.5
v 152.5 4.844 50.0
v 155.0 4.1564 50.0
v 152.5 6.2567 47.5
v 155.0 4.1564 50.0
v 155.0 5.3143 47.5
v 155.0 4.3369 -30.0
v 155.0 4.4105 -27.5
v 157.5 2.3681 -27.5
v 155.0 4.4105 -27.5
v 155.0 3.9655 -25.0
v 157.5 2.0749 -25.0
v 155.0 4.4105 -27.5
v 157.5 2.0749 -25.0
v 157.5 2.3681 -27.5
v 155.0 3.9655 -25.0
v 155.0 3.1852 -22.5
v 157.5 3.1785 -22.5
v 155.0 3.1852 -22.5
v 155.0 3.3661 -20.0
v 157.5 4.6767 -20.0
v 155.0 3.1852 -22.5
v 157.5 4.6767 -20.0
v 157.5 3.1785 -22.5
v 155.0 3.3661 -20.0
v 155.0 4.4004 -17.5
v 157.5 5.6332 -17.5
v 155.0 3.3661 -20.0
v 157.5 5.6332 -17.5
v 157.5 4.6767 -20.0
v 155.0 4.4004 -17.5
v 155.0 5.0301 -15.0
v 157.5 5.9428 -15.0
v 155.0 4.4004 -17.5
v 157.5 5.9428 -15.0
v 157.5 5.6332 -17.5
v 155.0 5.0301 -15.0
v 155.0 5.074 -12.5
v 157.5 5.6872 -12.5
v 155.0 5.0301 -15.0
v 157.5 5.6872 -12.5
v 157.5 5.9428 -15.0
v 155.0 5.074 -12.5
v 155.0 4.5136 -10.0
v 157.5 5.1321 -10.0
v 155.0 5.074 -12.5
v 157.5 5.1321 -10.0
v 157.5 5.6872 -12.5
v 155.0 4.5136 -10.0
v 155.0 3.5204 -7.5
v 157.5 4.4358 -7.5
v 155.0 4.5136 -10.0
v 157.5 4.4358 -7.5
v 157.5 5.1321 -10.0
v 155.0 3.5204 -7.5
v 155.0 2.3033 -5.0
v 157.5 3.4857 -5.0
v 155.0 3.5204 -7.5
v 157.5 3.4857 -5.0
v 157.5 4.4358 -7.5
v 155.0 3.9892 -2.5
v 155.0 5.2085 0.0
v 157.5 6.3142 0.0
v 155.0 3.9892 -2.5
v 157.5 6.3142 0.0
v 157.5 5.2322 -2.5
v 155.0 5.2085 0.0
v 155.0 5.9233 2.5
v 157.5 6.6568 2.5
v 155.0 5.2085 0.0
v 157.5 6.6568 2.5
v 157.5 6.3142 0.0
v 155.0 5.9233 2.5
v 155.0 5.9289 5.0
v 157.5 6.3761 5.0
v 155.0 5.9233 2.5
v 157.5 6.3761 5.0
v 157.5 6.6568 2.5
v 155.0 5.9289 5.0
v 155.0 5.2536 7.5
v 157.5 5.7733 7.5
v 155.0 5.9289 5.0
v 157.5 5.7733 7.5
v 157.5 6.3761 5.0
v 155.0 5.2536 7.5
v 155.0 5.8769 10.0
v 157.5 6.9319 10.0
v 155.0 5.2536 7.5
v 157.5 6.9319 10.0
v 157.5 5.7733 7.5
v 155.0 5.8769 10.0
v 155.0 6.6655 12.5
v 157.5 8.185 12.5
v 155.0 5.8769 10.0
v 157.5 8.185 12.5
v 157.5 6.9319 10.0
v 155.0 6.6655 12.5
v 155.0 7.3069 15.0
v 157.5 8.9788 15.0
v 155.0 6.6655 12.5
v 157.5 8.9788 15.0
v 157.5 8.185 12.5
v 155.0 7.3069 15.0
v 155.0 7.6411 17.5
v 157.5 8.9495 17.5
v 155.0 7.3069 15.0
v 157.5 8.9495 17.5
v 157.5 8.9788 15.0
v 155.0 7.6411 17.5
v 155.0 7.3259 20.0
v 157.5 8.0991 20.0
v 155.0 7.6411 17.5
v 157.5 8.0991 20.0
v 157.5 8.9495 17.5
v 155.0 7.3259 20.0
v 155.0 6.2034 22.5
v 157.5 6.7866 22.5
v 155.0 7.3259 20.0
v 157.5 6.7866 22.5
v 157.5 8.0991 20.0
v 155.0 6.2034 22.5
v 155.0 6.8771 25.0
v 157.5 5.9903 25.0
v 155.0 6.2034 22.5
v 157.5 5.9903 25.0
v 157.5 6.7866 22.5
v 155.0 6.8771 25.0
v 155.0 7.1569 27.5
v 157.5 7.148 27.5
v 155.0 6.8771 25.0
v 157.5 7.148 27.5
v 157.5 5.9903 25.0
v 155.0 7.1569 27.5
v 155.0 7.1844 30.0
v 157.5 8.0863 30.0
v 155.0 7.1569 27.5
v 157.5 8.0863 30.0
v 157.5 7.148 27.5
v 155.0 7.1844 30.0
v 155.0 6.991 32.5
v 157.5 8.419 32.5
v 155.0 7.1844 30.0
v 157.5 8.419 32.5
v 157.5 8.0863 30.0
v 155.0 6.991 32.5
v 155.0 6.8911 35.0
v 157.5 7.8784 35.0
v 155.0 6.991 32.5
v 157.5 7.8784 35.0
v 157.5 8.419 32.5
v 155.0 6.8911 35.0
v 155.0 6.0663 37.5
v 157.5 6.6328 37.5
v 155.0 6.8911 35.0
v 157.5 6.6328 37.5
v 157.5 7.8784 35.0
v 155.0 6.0663 37.5
v 155.0 6.6187 40.0
v 157.5 4.9972 40.0
v 155.0 6.0663 37.5
v 157.5 4.9972 40.0
v 157.5 6.6328 37.5
v 155.0 6.6187 40.0
v 155.0 6.5461 42.5
v 157.5 4.9491 42.5
v 155.0 6.6187 40.0
v 157.5 4.9491 42.5
v 157.5 4.9972 40.0
v 155.0 6.5461 42.5
v 155.0 6.0453 45.0
v 157.5 4.8348 45.0
v 155.0 6.5461 42.5
v 157.5 4.8348 45.0
v 157.5 4.9491 42.5
v 155.0 6.0453 45.0
v 155.0 5.3143 47.5
v 157.5 4.1814 47.5
v 155.0 6.0453 45.0
v 157.5 4.1814 47.5
v 157.5 4.8348 45.0
v 155.0 5.3143 47.5
v 155.0 4.1564 50.0
v 157.5 2.5492 50.0
v 155.0 5.3143 47.5
v 157.5 2.5492 50.0
v 157.5 4.1814 47.5
v 155.0 1.8339 52.5
v 155.0 0 55.0
v 157.5 0 55.0
v 155.0 1.8339 52.5
v 157.5 0 55.0
v 157.5 0 52.5
v 157.5 0 -35.0
v 157.5 1.387 -32.5
v 160.0 0 -32.5
v 157.5 1.387 -32.5
v 160.0 0 -30.0
v 160.0 0 -32.5
v 157.5 2.3681 -27.5
v 157.5 2.0749 -25.0
v 160.0 1.9205 -25.0
v 157.5 2.0749 -25.0
v 157.5 3.1785 -22.5
v 160.0 4.036 -22.5
v 157.5 3.1785 -22.5
v 157.5 4.6767 -20.0
v 160.0 5.2998 -20.0
v 157.5 3.1785 -22.5
v 160.0 5.2998 -20.0
v 160.0 4.036 -22.5
v 157.5 4.6767 -20.0
v 157.5 5.6332 -17.5
v 160.0 5.9053 -17.5
v 157.5 4.6767 -20.0
v 160.0 5.9053 -17.5
v 160.0 5.2998 -20.0
v 157.5 5.6332 -17.5
v 157.5 5.9428 -15.0
v 160.0 6.0895 -15.0
v 157.5 5.6332 -17.5
v 160.0 6.0895 -15.0
v 160.0 5.9053 -17.5
v 157.5 5.9428 -15.0
v 157.5 5.6872 -12.5
v 160.0 6.0666 -12.5
v 157.5 5.9428 -15.0
v 160.0 6.0666 -12.5
v 160.0 6.0895 -15.0
v 157.5 5.6872 -12.5
v 157.5 5.1321 -10.0
v 160.0 5.8789 -10.0
v 157.5 5.6872 -12.5
v 160.0 5.8789 -10.0
v 160.0 6.0666 -12.5
v 157.5 5.1321 -10.0
v 157.5 4.4358 -7.5
v 160.0 5.3631 -7.5
v 157.5 5.1321 -10.0
v 160.0 5.3631 -7.5
v 160.0 5.8789 -10.0
v 157.5 4.4358 -7.5
v 157.5 3.4857 -5.0
v 160.0 4.2404 -5.0
v 157.5 4.4358 -7.5
v 160.0 4.2404 -5.0
v 160.0 5.3631 -7.5
v 157.5 3.4857 -5.0
v 157.5 5.2322 -2.5
v 160.0 5.6103 -2.5
v 157.5 3.4857 -5.0
v 160.0 5.6103 -2.5
v 160.0 4.2404 -5.0
v 157.5 5.2322 -2.5
v 157.5 6.3142 0.0
v 160.0 6.3318 0.0
v 157.5 5.2322 -2.5
v 160.0 6.3318 0.0
v 160.0 5.6103 -2.5
v 157.5 6.3142 0.0
v 157.5 6.6568 2.5
v 160.0 6.6319 2.5
v 157.5 6.3142 0.0
v 160.0 6.6319 2.5
v 160.0 6.3318 0.0
v 157.5 6.6568 2.5
v 157.5 6.3761 5.0
v 160.0 6.6882 5.0
v 157.5 6.6568 2.5
v 160.0 6.6882 5.0
v 160.0 6.6319 2.5
v 157.5 6.3761 5.0
v 157.5 5.7733 7.5
v 160.0 6.4669 7.5
v 157.5 6.3761 5.0
v 160.0 6.4669 7.5
v 160.0 6.6882 5.0
v 157.5 5.7733 7.5
v 157.5 6.9319 10.0
v 160.0 8.0975 10.0
v 157.5 5.7733 7.5
v 160.0 8.0975 10.0
v 160.0 6.4669 7.5
v 157.5 6.9319 10.0
v 157.5 8.185 12.5
v 160.0 9.2081 12.5
v 157.5 6.9319 10.0
v 160.0 9.2081 12.5
v 160.0 8.0975 10.0
v 157.5 8.185 12.5
v 157.5 8.9788 15.0
v 160.0 9.485 15.0
v 157.5 8.185 12.5
v 160.0 9.485 15.0
v 160.0 9.2081 12.5
v 157.5 8.9788 15.0
v 157.5 8.9495 17.5
v 160.0 8.9938 17.5
v 157.5 8.9788 15.0
v 160.0 8.9938 17.5
v 160.0 9.485 15.0
v 157.5 8.9495 17.5
v 157.5 8.0991 20.0
v 160.0 8.168 20.0
v 157.5 8.9495 17.5
v 160.0 8.168 20.0
v 160.0 8.9938 17.5
v 157.5 8.0991 20.0
v 157.5 6.7866 22.5
v 160.0 7.3127 22.5
v 157.5 8.0991 20.0
v 160.0 7.3127 22.5
v 160.0 8.168 20.0
v 157.5 6.7866 22.5
v 157.5 5.9903 25.0
v 160.0 6.7454 25.0
v 157.5 6.7866 22.5
v 160.0 6.7454 25.0
v 160.0 7.3127 22.5
v 157.5 5.9903 25.0
v 157.5 7.148 27.5
v 160.0 8.1256 27.5
v 157.5 5.9903 25.0
v 160.0 8.1256 27.5
v 160.0 6.7454 25.0
v 157.5 7.148 27.5
v 157.5 8.0863 30.0
v 160.0 8.8346 30.0
v 157.5 7.148 27.5
v 160.0 8.8346 30.0
v 160.0 8.1256 27.5
v 157.5 8.0863 30.0
v 157.5 8.419 32.5
v 160.0 8.628 32.5
v 157.5 8.0863 30.0
v 160.0 8.628 32.5
v 160.0 8.8346 30.0
v 157.5 8.419 32.5
v 157.5 7.8784 35.0
v 160.0 7.7201 35.0
v 157.5 8.419 32.5
v 160.0 7.7201 35.0
v 160.0 8.628 32.5
v 157.5 7.8784 35.0
v 157.5 6.6328 37.5
v 160.0 6.64 37.5
v 157.5 7.8784 35.0
v 160.0 6.64 37.5
v 160.0 7.7201 35.0
v 157.5 6.6328 37.5
v 157.5 4.9972 40.0
v 160.0 5.4336 40.0
v 157.5 6.6328 37.5
v 160.0 5.4336 40.0
v 160.0 6.64 37.5
v 157.5 4.9972 40.0
v 157.5 4.9491 42.5
v 160.0 3.6353 42.5
v 157.5 4.9972 40.0
v 160.0 3.6353 42.5
v 160.0 5.4336 40.0
v 157.5 4.9491 42.5
v 157.5 4.8348 45.0
v 160.0 2.813 45.0
v 157.5 4.9491 42.5
v 160.0 2.813 45.0
v 160.0 3.6353 42.5
v 160.0 0 -27.5
v 160.0 1.9205 -25.0
v 162.5 2.2222 -25.0
v 160.0 1.9205 -25.0
v 162.5 4.0715 -22.5
v 162.5 2.2222 -25.0
v 160.0 4.036 -22.5
v 160.0 5.2998 -20.0
v 162.5 5.0763 -20.0
v 160.0 4.036 -22.5
v 162.5 5.0763 -20.0
v 162.5 4.0715 -22.5
v 160.0 5.2998 -20.0
v 160.0 5.9053 -17.5
v 162.5 5.7496 -17.5
v 160.0 5.2998 -20.0
v 162.5 5.7496 -17.5
v 162.5 5.0763 -20.0
v 160.0 5.9053 -17.5
v 160.0 6.0895 -15.0
v 162.5 6.3529 -15.0
v 160.0 5.9053 -17.5
v 162.5 6.3529 -15.0
v 162.5 5.7496 -17.5
v 160.0 6.0895 -15.0
v 160.0 6.0666 -12.5
v 162.5 6.7056 -12.5
v 160.0 6.0895 -15.0
v 162.5 6.7056 -12.5
v 162.5 6.3529 -15.0
v 160.0 6.0666 -12.5
v 160.0 5.8789 -10.0
v 162.5 6.4796 -10.0
v 160.0 6.0666 -12.5
v 162.5 6.4796 -10.0
v 162.5 6.7056 -12.5
v 160.0 5.8789 -10.0
v 160.0 5.3631 -7.5
v 162.5 5.6253 -7.5
v 160.0 5.8789 -10.0
v 162.5 5.6253 -7.5
v 162.5 6.4796 -10.0
v 160.0 5.3631 -7.5
v 160.0 4.2404 -5.0
v 162.5 4.2164 -5.0
v 160.0 5.3631 -7.5
v 162.5 4.2164 -5.0
v 162.5 5.6253 -7.5
v 160.0 4.2404 -5.0
v 160.0 5.6103 -2.5
v 162.5 5.1306 -2.5
v 160.0 4.2404 -5.0
v 162.5 5.1306 -2.5
v 162.5 4.2164 -5.0
v 160.0 5.6103 -2.5
v 160.0 6.3318 0.0
v 162.5 5.9871 0.0
v 160.0 5.6103 -2.5
v 162.5 5.9871 0.0
v 162.5 5.1306 -2.5
v 160.0 6.3318 0.0
v 160.0 6.6319 2.5
v 162.5 6.7147 2.5
v 160.0 6.3318 0.0
v 162.5 6.7147 2.5
v 162.5 5.9871 0.0
v 160.0 6.6319 2.5
v 160.0 6.6882 5.0
v 162.5 7.0993 5.0
v 160.0 6.6319 2.5
v 162.5 7.0993 5.0
v 162.5 6.7147 2.5
v 160.0 6.6882 5.0
v 160.0 6.4669 7.5
v 162.5 6.9086 7.5
v 160.0 6.6882 5.0
v 162.5 6.9086 7.5
v 162.5 7.0993 5.0
v 160.0 6.4669 7.5
v 160.0 8.0975 10.0
v 162.5 8.255 10.0
v 160.0 6.4669 7.5
v 162.5 8.255 10.0
v 162.5 6.9086 7.5
v 160.0 8.0975 10.0
v 160.0 9.2081 12.5
v 162.5 8.834 12.5
v 160.0 8.0975 10.0
v 162.5 8.834 12.5
v 162.5 8.255 10.0
v 160.0 9.2081 12.5
v 160.0 9.485 15.0
v 162.5 8.9685 15.0
v 160.0 9.2081 12.5
v 162.5 8.9685 15.0
v 162.5 8.834 12.5
v 160.0 9.485 15.0
v 160.0 8.9938 17.5
v 162.5 8.876 17.5
v 160.0 9.485 15.0
v 162.5 8.876 17.5
v 162.5 8.9685 15.0
v 160.0 8.9938 17.5
v 160.0 8.168 20.0
v 162.5 8.6289 20.0
v 160.0 8.9938 17.5
v 162.5 8.6289 20.0
v 162.5 8.876 17.5
v 160.0 8.168 20.0
v 160.0 7.3127 22.5
v 162.5 8.021 22.5
v 160.0 8.168 20.0
v 162.5 8.021 22.5
v 162.5 8.6289 20.0
v 160.0 7.3127 22.5
v 160.0 6.7454 25.0
v 162.5 7.0105 25.0
v 160.0 7.3127 22.5
v 162.5 7.0105 25.0
v 162.5 8.021 22.5
v 160.0 6.7454 25.0
v 160.0 8.1256 27.5
v 162.5 7.9406 27.5
v 160.0 6.7454 25.0
v 162.5 7.9406 27.5
v 162.5 7.0105 25.0
v 160.0 8.1256 27.5
v 160.0 8.8346 30.0
v 162.5 8.1638 30.0
v 160.0 8.1256 27.5
v 162.5 8.1638 30.0
v 162.5 7.9406 27.5
v 160.0 8.8346 30.0
v 160.0 8.628 32.5
v 162.5 7.9309 32.5
v 160.0 8.8346 30.0
v 162.5 7.9309 32.5
v 162.5 8.1638 30.0
v 160.0 8.628 32.5
v 160.0 7.7201 35.0
v 162.5 7.501 35.0
v 160.0 8.628 32.5
v 162.5 7.501 35.0
v 162.5 7.9309 32.5
v 160.0 7.7201 35.0
v 160.0 6.64 37.5
v 162.5 6.9014 37.5
v 160.0 7.7201 35.0
v 162.5 6.9014 37.5
v 162.5 7.501 35.0
v 160.0 6.64 37.5
v 160.0 5.4336 40.0
v 162.5 5.7679 40.0
v 160.0 6.64 37.5
v 162.5 5.7679 40.0
v 162.5 6.9014 37.5
v 160.0 5.4336 40.0
v 160.0 3.6353 42.5
v 162.5 3.6737 42.5
v 160.0 2.813 45.0
v 160.0 1.5057 47.5
v 162.5 0 47.5
v 160.0 1.5057 47.5
v 160.0 0 50.0
v 162.5 0 50.0
v 160.0 1.5057 47.5
v 162.5 0 50.0
v 162.5 0 47.5
v 162.5 0 -27.5
v 165.0 1.7486 -25.0
v 165.0 0 -27.5
v 162.5 2.2222 -25.0
v 162.5 4.0715 -22.5
v 165.0 3.5626 -22.5
v 162.5 2.2222 -25.0
v 165.0 3.5626 -22.5
v 165.0 1.7486 -25.0
v 162.5 4.0715 -22.5
v 162.5 5.0763 -20.0
v 165.0 4.7773 -20.0
v 162.5 4.0715 -22.5
v 165.0 4.7773 -20.0
v 165.0 3.5626 -22.5
v 162.5 5.0763 -20.0
v 162.5 5.7496 -17.5
v 165.0 5.8144 -17.5
v 162.5 5.0763 -20.0
v 165.0 5.8144 -17.5
v 165.0 4.7773 -20.0
v 162.5 5.7496 -17.5
v 162.5 6.3529 -15.0
v 165.0 6.5521 -15.0
v 162.5 5.7496 -17.5
v 165.0 6.5521 -15.0
v 165.0 5.8144 -17.5
v 162.5 6.3529 -15.0
v 162.5 6.7056 -12.5
v 165.0 6.6608 -12.5
v 162.5 6.3529 -15.0
v 165.0 6.6608 -12.5
v 165.0 6.5521 -15.0
v 162.5 6.7056 -12.5
v 162.5 6.4796 -10.0
v 165.0 6.0552 -10.0
v 162.5 6.7056 -12.5
v 165.0 6.0552 -10.0
v 165.0 6.6608 -12.5
v 162.5 6.4796 -10.0
v 162.5 5.6253 -7.5
v 165.0 5.0039 -7.5
v 162.5 6.4796 -10.0
v 165.0 5.0039 -7.5
v 165.0 6.0552 -10.0
v 162.5 5.6253 -7.5
v 162.5 4.2164 -5.0
v 165.0 3.731 -5.0
v 162.5 5.6253 -7.5
v 165.0 3.731 -5.0
v 165.0 5.0039 -7.5
v 162.5 4.2164 -5.0
v 162.5 5.1306 -2.5
v 165.0 4.6082 -2.5
v 162.5 4.2164 -5.0
v 165.0 4.6082 -2.5
v 165.0 3.731 -5.0
v 162.5 5.1306 -2.5
v 162.5 5.9871 0.0
v 165.0 5.8167 0.0
v 162.5 5.1306 -2.5
v 165.0 5.8167 0.0
v 165.0 4.6082 -2.5
v 162.5 5.9871 0.0
v 162.5 6.7147 2.5
v 165.0 6.5935 2.5
v 162.5 5.9871 0.0
v 165.0 6.5935 2.5
v 165.0 5.8167 0.0
v 162.5 6.7147 2.5
v 162.5 7.0993 5.0
v 165.0 6.6535 5.0
v 162.5 6.7147 2.5
v 165.0 6.6535 5.0
v 165.0 6.5935 2.5
v 162.5 7.0993 5.0
v 162.5 6.9086 7.5
v 165.0 6.2947 7.5
v 162.5 7.0993 5.0
v 165.0 6.2947 7.5
v 165.0 6.6535 5.0
v 162.5 6.9086 7.5
v 162.5 8.255 10.0
v 165.0 7.3257 10.0
v 162.5 6.9086 7.5
v 165.0 7.3257 10.0
v 165.0 6.2947 7.5
v 162.5 8.255 10.0
v 162.5 8.834 12.5
v 165.0 8.0387 12.5
v 162.5 8.255 10.0
v 165.0 8.0387 12.5
v 165.0 7.3257 10.0
v 162.5 8.834 12.5
v 162.5 8.9685 15.0
v 165.0 8.6952 15.0
v 162.5 8.834 12.5
v 165.0 8.6952 15.0
v 165.0 8.0387 12.5
v 162.5 8.9685 15.0
v 162.5 8.876 17.5
v 165.0 9.094 17.5
v 162.5 8.9685 15.0
v 165.0 9.094 17.5
v 165.0 8.6952 15.0
v 162.5 8.876 17.5
v 162.5 8.6289 20.0
v 165.0 8.8428 20.0
v 162.5 8.876 17.5
v 165.0 8.8428 20.0
v 165.0 9.094 17.5
v 162.5 8.6289 20.0
v 162.5 8.021 22.5
v 165.0 7.767 22.5
v 162.5 8.6289 20.0
v 165.0 7.767 22.5
v 165.0 8.8428 20.0
v 162.5 8.021 22.5
v 162.5 7.0105 25.0
v 165.0 6.0942 25.0
v 162.5 8.021 22.5
v 165.0 6.0942 25.0
v 165.0 7.767 22.5
v 162.5 7.0105 25.0
v 162.5 7.9406 27.5
v 165.0 6.8012 27.5
v 162.5 7.0105 25.0
v 165.0 6.8012 27.5
v 165.0 6.0942 25.0
v 162.5 7.9406 27.5
v 162.5 8.1638 30.0
v 165.0 7.2426 30.0
v 162.5 7.9406 27.5
v 165.0 7.2426 30.0
v 165.0 6.8012 27.5
v 162.5 8.1638 30.0
v 162.5 7.9309 32.5
v 165.0 7.5408 32.5
v 162.5 8.1638 30.0
v 165.0 7.5408 32.5
v 165.0 7.2426 30.0
v 162.5 7.9309 32.5
v 162.5 7.501 35.0
v 165.0 7.4703 35.0
v 162.5 7.9309 32.5
v 165.0 7.4703 35.0
v 165.0 7.5408 32.5
v 162.5 7.501 35.0
v 162.5 6.9014 37.5
v 165.0 6.7162 37.5
v 162.5 7.501 35.0
v 165.0 6.7162 37.5
v 165.0 7.4703 35.0
v 162.5 6.9014 37.5
v 162.5 5.7679 40.0
v 165.0 5.1444 40.0
v 162.5 6.9014 37.5
v 165.0 5.1444 40.0
v 165.0 6.7162 37.5
v 165.0 0 -27.5
v 167.5 0.5696 -25.0
v 167.5 0 -27.5
v 165.0 1.7486 -25.0
v 165.0 3.5626 -22.5
v 167.5 2.988 -22.5
v 165.0 3.5626 -22.5
v 165.0 4.7773 -20.0
v 167.5 4.4909 -20.0
v 165.0 3.5626 -22.5
v 167.5 4.4909 -20.0
v 167.5 2.988 -22.5
v 165.0 4.7773 -20.0
v 165.0 5.8144 -17.5
v 167.5 5.4818 -17.5
v 165.0 4.7773 -20.0
v 167.5 5.4818 -17.5
v 167.5 4.4909 -20.0
v 165.0 5.8144 -17.5
v 165.0 6.5521 -15.0
v 167.5 5.8378 -15.0
v 165.0 5.8144 -17.5
v 167.5 5.8378 -15.0
v 167.5 5.4818 -17.5
v 165.0 6.5521 -15.0
v 165.0 6.6608 -12.5
v 167.5 5.5998 -12.5
v 165.0 6.5521 -15.0
v 167.5 5.5998 -12.5
v 167.5 5.8378 -15.0
v 165.0 6.6608 -12.5
v 165.0 6.0552 -10.0
v 167.5 5.0175 -10.0
v 165.0 6.6608 -12.5
v 167.5 5.0175 -10.0
v 167.5 5.5998 -12.5
v 165.0 6.0552 -10.0
v 165.0 5.0039 -7.5
v 167.5 4.2755 -7.5
v 165.0 6.0552 -10.0
v 167.5 4.2755 -7.5
v 167.5 5.0175 -10.0
v 165.0 5.0039 -7.5
v 165.0 3.731 -5.0
v 167.5 3.2199 -5.0
v 165.0 5.0039 -7.5
v 167.5 3.2199 -5.0
v 167.5 4.2755 -7.5
v 165.0 3.731 -5.0
v 165.0 4.6082 -2.5
v 167.5 3.8709 -2.5
v 165.0 3.731 -5.0
v 167.5 3.8709 -2.5
v 167.5 3.2199 -5.0
v 165.0 4.6082 -2.5
v 165.0 5.8167 0.0
v 167.5 5.0244 0.0
v 165.0 4.6082 -2.5
v 167.5 5.0244 0.0
v 167.5 3.8709 -2.5
v 165.0 5.8167 0.0
v 165.0 6.5935 2.5
v 167.5 5.4311 2.5
v 165.0 5.8167 0.0
v 167.5 5.4311 2.5
v 167.5 5.0244 0.0
v 165.0 6.5935 2.5
v 165.0 6.6535 5.0
v 167.5 5.2098 5.0
v 165.0 6.5935 2.5
v 167.5 5.2098 5.0
v 167.5 5.4311 2.5
v 165.0 6.6535 5.0
v 165.0 6.2947 7.5
v 167.5 5.0879 7.5
v 165.0 6.6535 5.0
v 167.5 5.0879 7.5
v 167.5 5.2098 5.0
v 165.0 6.2947 7.5
v 165.0 7.3257 10.0
v 167.5 6.4798 10.0
v 165.0 6.2947 7.5
v 167.5 6.4798 10.0
v 167.5 5.0879 7.5
v 165.0 7.3257 10.0
v 165.0 8.0387 12.5
v 167.5 7.6774 12.5
v 165.0 7.3257 10.0
v 167.5 7.6774 12.5
v 167.5 6.4798 10.0
v 165.0 8.0387 12.5
v 165.0 8.6952 15.0
v 167.5 8.4758 15.0
v 165.0 8.0387 12.5
v 167.5 8.4758 15.0
v 167.5 7.6774 12.5
v 165.0 8.6952 15.0
v 165.0 9.094 17.5
v 167.5 8.5197 17.5
v 165.0 8.6952 15.0
v 167.5 8.5197 17.5
v 167.5 8.4758 15.0
v 165.0 9.094 17.5
v 165.0 8.8428 20.0
v 167.5 7.7425 20.0
v 165.0 9.094 17.5
v 167.5 7.7425 20.0
v 167.5 8.5197 17.5
v 165.0 8.8428 20.0
v 165.0 7.767 22.5
v 167.5 6.4317 22.5
v 165.0 8.8428 20.0
v 167.5 6.4317 22.5
v 167.5 7.7425 20.0
v 165.0 7.767 22.5
v 167.5 4.8495 25.0
v 167.5 6.4317 22.5
v 165.0 6.0942 25.0
v 165.0 6.8012 27.5
v 167.5 5.8208 27.5
v 165.0 6.0942 25.0
v 167.5 5.8208 27.5
v 167.5 4.8495 25.0
v 165.0 6.8012 27.5
v 165.0 7.2426 30.0
v 167.5 6.6522 30.0
v 165.0 6.8012 27.5
v 167.5 6.6522 30.0
v 167.5 5.8208 27.5
v 165.0 7.2426 30.0
v 165.0 7.5408 32.5
v 167.5 6.973 32.5
v 165.0 7.2426 30.0
v 167.5 6.973 32.5
v 167.5 6.6522 30.0
v 165.0 7.5408 32.5
v 165.0 7.4703 35.0
v 167.5 6.5307 35.0
v 165.0 7.5408 32.5
v 167.5 6.5307 35.0
v 167.5 6.973 32.5
v 165.0 7.4703 35.0
v 165.0 6.7162 37.5
v 167.5 5.3581 37.5
v 165.0 7.4703 35.0
v 167.5 5.3581 37.5
v 167.5 6.5307 35.0
v 165.0 2.7337 42.5
v 167.5 0 45.0
v 167.5 0.9494 42.5
v 167.5 0 -27.5
v 167.5 0.5696 -25.0
v 170.0 0 -25.0
v 167.5 0.5696 -25.0
v 170.0 1.7928 -22.5
v 170.0 0 -25.0
v 167.5 2.988 -22.5
v 167.5 4.4909 -20.0
v 170.0 3.4287 -20.0
v 167.5 2.988 -22.5
v 170.0 3.4287 -20.0
v 170.0 1.7928 -22.5
v 167.5 4.4909 -20.0
v 167.5 5.4818 -17.5
v 170.0 4.1919 -17.5
v 167.5 4.4909 -20.0
v 170.0 4.1919 -17.5
v 170.0 3.4287 -20.0
v 167.5 5.4818 -17.5
v 167.5 5.8378 -15.0
v 170.0 4.4141 -15.0
v 167.5 5.4818 -17.5
v 170.0 4.4141 -15.0
v 170.0 4.1919 -17.5
v 167.5 5.8378 -15.0
v 167.5 5.5998 -12.5
v 170.0 4.3617 -12.5
v 167.5 5.8378 -15.0
v 170.0 4.3617 -12.5
v 170.0 4.4141 -15.0
v 167.5 5.5998 -12.5
v 167.5 5.0175 -10.0
v 170.0 4.1154 -10.0
v 167.5 5.5998 -12.5
v 170.0 4.1154 -10.0
v 170.0 4.3617 -12.5
v 167.5 5.0175 -10.0
v 167.5 4.2755 -7.5
v 170.0 3.4833 -7.5
v 167.5 5.0175 -10.0
v 170.0 3.4833 -7.5
v 170.0 4.1154 -10.0
v 167.5 4.2755 -7.5
v 167.5 3.2199 -5.0
v 170.0 2.0742 -5.0
v 167.5 4.2755 -7.5
v 170.0 2.0742 -5.0
v 170.0 3.4833 -7.5
v 167.5 3.2199 -5.0
v 167.5 3.8709 -2.5
v 170.0 1.9676 -2.5
v 167.5 3.2199 -5.0
v 170.0 1.9676 -2.5
v 170.0 2.0742 -5.0
v 167.5 5.0244 0.0
v 167.5 5.4311 2.5
v 170.0 3.5701 2.5
v 167.5 5.0244 0.0
v 170.0 3.5701 2.5
v 170.0 3.1581 0.0
v 167.5 5.4311 2.5
v 167.5 5.2098 5.0
v 170.0 3.5798 5.0
v 167.5 5.4311 2.5
v 170.0 3.5798 5.0
v 170.0 3.5701 2.5
v 167.5 5.2098 5.0
v 167.5 5.0879 7.5
v 170.0 3.8611 7.5
v 167.5 5.2098 5.0
v 170.0 3.8611 7.5
v 170.0 3.5798 5.0
v 167.5 5.0879 7.5
v 167.5 6.4798 10.0
v 170.0 5.6392 10.0
v 167.5 6.4798 10.0
v 167.5 7.6774 12.5
v 170.0 6.7581 12.5
v 167.5 6.4798 10.0
v 170.0 6.7581 12.5
v 170.0 5.6392 10.0
v 167.5 7.6774 12.5
v 167.5 8.4758 15.0
v 170.0 7.0893 15.0
v 167.5 7.6774 12.5
v 170.0 7.0893 15.0
v 170.0 6.7581 12.5
v 167.5 8.4758 15.0
v 167.5 8.5197 17.5
v 170.0 6.7316 17.5
v 167.5 8.4758 15.0
v 170.0 6.7316 17.5
v 170.0 7.0893 15.0
v 167.5 8.5197 17.5
v 167.5 7.7425 20.0
v 170.0 5.9932 20.0
v 167.5 8.5197 17.5
v 170.0 5.9932 20.0
v 170.0 6.7316 17.5
v 167.5 7.7425 20.0
v 167.5 6.4317 22.5
v 170.0 5.0464 22.5
v 167.5 7.7425 20.0
v 170.0 5.0464 22.5
v 170.0 5.9932 20.0
v 167.5 6.4317 22.5
v 167.5 4.8495 25.0
v 170.0 3.6288 25.0
v 167.5 6.4317 22.5
v 170.0 3.6288 25.0
v 170.0 5.0464 22.5
v 167.5 4.8495 25.0
v 167.5 5.8208 27.5
v 170.0 4.618 27.5
v 167.5 4.8495 25.0
v 170.0 4.618 27.5
v 170.0 3.6288 25.0
v 167.5 5.8208 27.5
v 167.5 6.6522 30.0
v 170.0 5.3025 30.0
v 167.5 5.8208 27.5
v 170.0 5.3025 30.0
v 170.0 4.618 27.5
v 167.5 6.6522 30.0
v 167.5 6.973 32.5
v 170.0 5.2277 32.5
v 167.5 6.6522 30.0
v 170.0 5.2277 32.5
v 170.0 5.3025 30.0
v 167.5 6.973 32.5
v 167.5 6.5307 35.0
v 170.0 4.5368 35.0
v 167.5 6.973 32.5
v 170.0 4.5368 35.0
v 170.0 5.2277 32.5
v 167.5 0.9494 42.5
v 167.5 0 45.0
v 170.0 0 45.0
v 167.5 0.9494 42.5
v 170.0 0 45.0
v 170.0 0 42.5
v 170.0 3.4287 -20.0
v 170.0 4.1919 -17.5
v 172.5 2.4114 -17.5
v 170.0 4.1919 -17.5
v 170.0 4.4141 -15.0
v 172.5 2.9319 -15.0
v 170.0 4.1919 -17.5
v 172.5 2.9319 -15.0
v 172.5 2.4114 -17.5
v 170.0 4.4141 -15.0
v 170.0 4.3617 -12.5
v 172.5 3.1001 -12.5
v 170.0 4.4141 -15.0
v 172.5 3.1001 -12.5
v 172.5 2.9319 -15.0
v 170.0 4.3617 -12.5
v 170.0 4.1154 -10.0
v 172.5 2.7653 -10.0
v 170.0 4.3617 -12.5
v 172.5 2.7653 -10.0
v 172.5 3.1001 -12.5
v 170.0 4.1154 -10.0
v 170.0 3.4833 -7.5
v 172.5 1.6616 -7.5
v 170.0 4.1154 -10.0
v 172.5 1.6616 -7.5
v 172.5 2.7653 -10.0
v 170.0 2.0742 -5.0
v 170.0 1.9676 -2.5
v 172.5 0 -2.5
v 170.0 1.9676 -2.5
v 172.5 0 0.0
v 172.5 0 -2.5
v 170.0 7.0893 15.0
v 170.0 6.7316 17.5
v 172.5 4.7333 17.5
v 170.0 6.7316 17.5
v 170.0 5.9932 20.0
v 172.5 4.3343 20.0
v 170.0 6.7316 17.5
v 172.5 4.3343 20.0
v 172.5 4.7333 17.5
v 170.0 5.9932 20.0
v 170.0 5.0464 22.5
v 172.5 3.3427 22.5
v 170.0 5.9932 20.0
v 172.5 3.3427 22.5
v 172.5 4.3343 20.0
v 170.0 1.5957 40.0
v 170.0 0 42.5
v 172.5 0 42.5
v 170.0 1.5957 40.0
v 172.5 0 42.5
v 172.5 0 40.0
v 172.5 0 -22.5
v 172.5 1.3397 -20.0
v 175.0 0 -20.0
v 172.5 1.3397 -20.0
v 175.0 0 -17.5
v 175.0 0 -20.0
v 172.5 2.7653 -10.0
v 172.5 1.6616 -7.5
v 175.0 0 -7.5
v 172.5 1.6616 -7.5
v 172.5 0 -5.0
v 175.0 0 -5.0
v 172.5 1.6616 -7.5
v 175.0 0 -5.0
v 175.0 0 -7.5
v 172.5 0 0.0
v 172.5 1.0559 2.5
v 175.0 0 2.5
v 172.5 1.0559 2.5
v 172.5 1.181 5.0
v 175.0 0 5.0
v 172.5 1.0559 2.5
v 175.0 0 5.0
v 175.0 0 2.5
v 172.5 1.181 5.0
v 172.5 1.4276 7.5
v 175.0 0 7.5
v 172.5 1.181 5.0
v 175.0 0 7.5
v 175.0 0 5.0
v 172.5 1.4276 7.5
v 175.0 0 10.0
v 175.0 0 7.5
v 172.5 0.8903 25.0
v 175.0 0 27.5
v 175.0 0 25.0
v 172.5 1.9149 27.5
v 175.0 0 30.0
v 175.0 0 27.5
v 172.5 2.0127 35.0
v 172.5 0 37.5
v 175.0 0 37.5
v 172.5 2.0127 35.0
v 175.0 0 37.5
v 175.0 0 35.0
vn -0.18028 0.98362 0.0
vn 0.0 0.98362 -0.18028
vn -0.59034 0.80183 -0.09253
vn -0.60886 0.77459 0.17118
vn -0.58733 0.79774 0.13657
vn -0.35752 0.77025 -0.52811
vn -0.52845 0.7702 -0.35713
vn -0.36871 0.89562 -0.24884
vn -0.41249 0.88868 -0.20027
vn -0.48558 0.8741 0.01269
vn -0.37799 0.91816 -0.11874
vn -0.59283 0.79378 0.1359
vn -0.48554 0.87404 -0.01759
vn -0.58886 0.78847 0.17763
vn -0.23299 0.88225 -0.40908
vn -0.18274 0.87285 -0.45248
vn -0.43096 0.8803 -0.19838
vn -0.23406 0.88631 -0.39958
vn -0.54631 0.83066 -0.10742
vn -0.4248 0.86772 -0.25809
vn -0.50746 0.8615 -0.01733
vn -0.54904 0.83481 0.04051
vn -0.34382 0.91608 0.20637
vn -0.47471 0.8059 0.35379
vn -0.20895 0.83904 0.50235
vn -0.29074 0.77464 0.56161
vn -0.04296 0.99908 0.0
vn 0.0 0.99908 -0.04296
vn -0.58737 0.80932 0.0
vn -0.03549 0.82534 -0.56351
vn -0.57846 0.79703 -0.17356
vn -0.52956 0.84827 0.0
vn -0.1375 0.79625 -0.58913
vn -0.30897 0.84436 -0.43772
vn -0.13932 0.80681 -0.57416
vn -0.36104 0.85015 -0.38328
vn -0.30997 0.8471 -0.43168
vn -0.25204 0.92756 -0.27589
vn -0.38748 0.9124 -0.13182
vn 0.001 0.99882 0.04846
vn -0.25045 0.92174 0.2961
vn 0.08561 0.91229 0.4005
vn 0.00088 0.8829 0.46956
vn -0.02648 0.80933 0.58676
vn 0.08026 0.85531 0.51185
vn -0.02615 0.79934 0.60031
vn -0.56871 0.82254 0.0
vn 0.0 0.82254 -0.56871
vn -0.54896 0.79398 -0.26122
vn -0.55489 0.83192 0.0
vn -0.28436 0.95872 0.0
vn -0.53029 0.79503 0.29448
vn -0.22926 0.77297 -0.59157
vn -0.48666 0.87359 0.0
vn -0.5508 0.81552 -0.17759
vn -0.63181 0.77291 -0.05852
vn -0.54578 0.83704 0.03854
vn -0.55878 0.82733 0.05742
vn -0.59534 0.77507 0.21175
vn -0.54152 0.8305 0.13049
vn -0.04093 0.81407 -0.57932
vn -0.10674 0.83945 -0.53285
vn 0.16974 0.87805 -0.44745
vn -0.04853 0.96526 -0.25676
vn 0.36058 0.92314 -0.13338
vn 0.18955 0.98051 0.05177
vn 0.28277 0.91322 0.29336
vn 0.35505 0.90898 0.21841
vn 0.06821 0.88084 0.46847
vn 0.28437 0.91837 0.27518
vn -0.07353 0.85576 0.51212
vn 0.07083 0.91467 0.39795
vn -0.035 0.79913 0.60014
vn -0.06717 0.78172 0.62
vn -0.51308 0.85834 0.0
vn -0.15637 0.9877 0.0
vn 0.0 0.9877 -0.15637
vn -0.37172 0.77178 -0.51592
vn -0.33467 0.89811 -0.28528
vn -0.42646 0.88544 -0.18474
vn -0.3776 0.92332 -0.06991
vn -0.34728 0.93193 -0.10441
vn -0.47175 0.87961 0.06105
vn -0.37799 0.92426 -0.05357
vn -0.52926 0.83818 0.13169
vn -0.47193 0.87995 0.05456
vn 0.09016 0.90962 -0.40554
vn -0.51908 0.82206 0.23406
vn 0.07989 0.80604 -0.58644
vn 0.39571 0.77536 -0.49217
vn 0.29133 0.86923 -0.39946
vn 0.4828 0.8463 -0.22512
vn 0.44712 0.8761 -0.18037
vn 0.38313 0.92241 0.0487
vn 0.49357 0.86519 -0.08853
vn 0.15964 0.95986 0.23063
vn 0.38357 0.92347 -0.00809
vn 0.07113 0.95549 0.2863
vn 0.16073 0.96636 0.20077
vn 0.18412 0.90129 0.39214
vn 0.06468 0.86885 0.49083
vn -0.50261 0.82623 -0.25441
vn -0.60163 0.78945 -0.1217
vn -0.42954 0.90292 0.01502
vn -0.51554 0.84748 0.12648
vn -0.42567 0.8551 0.296
vn -0.41229 0.86667 0.28087
vn -0.56145 0.81834 0.12288
vn -0.44538 0.89469 -0.03411
vn -0.62103 0.78078 -0.06852
vn -0.53132 0.83132 0.16311
vn -0.2211 0.96942 -0.10652
vn -0.51087 0.82804 0.23102
vn -0.31496 0.9291 -0.19385
vn -0.2123 0.93083 -0.29746
vn -0.43375 0.89543 -0.10032
vn -0.31192 0.92011 -0.23687
vn -0.4546 0.8892 -0.05154
vn -0.43468 0.89736 -0.0761
vn -0.36882 0.92772 0.05752
vn -0.44973 0.87969 0.15454
vn -0.25511 0.92995 0.26478
vn -0.34545 0.86891 0.35448
vn 0.13178 0.80157 -0.58319
vn -0.25484 0.92901 -0.26833
vn 0.2407 0.88193 -0.4053
vn 0.15329 0.9324 -0.32731
vn 0.20121 0.95943 -0.19753
vn 0.25484 0.93377 -0.25126
vn 0.18991 0.9767 -0.09994
vn 0.20391 0.97229 -0.11434
vn 0.3353 0.94207 -0.00825
vn 0.18876 0.97077 0.14826
vn 0.47244 0.86294 0.17928
vn 0.31384 0.88177 0.35211
vn -0.47315 0.82155 -0.3181
vn -0.49049 0.81885 -0.29816
vn -0.58873 0.80467 -0.07686
vn -0.48765 0.84673 -0.21273
vn -0.58925 0.80538 -0.06443
vn -0.42147 0.90684 0.0
vn 0.0 0.90684 -0.42147
vn -0.21929 0.8691 -0.44338
vn -0.37531 0.87879 -0.29475
vn -0.18369 0.97151 -0.14977
vn -0.24371 0.96586 -0.08782
vn -0.28268 0.94871 0.14159
vn -0.18564 0.98182 0.03963
vn -0.40958 0.86784 0.28125
vn -0.28265 0.9486 0.14237
vn -0.54405 0.83844 -0.03196
vn -0.41896 0.88771 -0.19089
vn -0.48635 0.77198 -0.40927
vn -0.50026 0.77095 -0.39417
vn -0.39057 0.87439 -0.28792
vn -0.52902 0.83971 -0.12256
vn -0.24545 0.96941 0.00047
vn -0.40159 0.89906 0.17438
vn -0.21498 0.92108 0.32466
vn -0.23088 0.91184 0.33946
vn -0.32053 0.81221 0.48742
vn -0.209 0.89547 0.393
vn -0.26344 0.92919 0.25924
vn -0.34507 0.87439 0.34112
vn -0.33982 0.89586 -0.28628
vn -0.25329 0.89339 -0.37108
vn -0.30381 0.92265 -0.23753
vn -0.34818 0.9179 -0.19037
vn -0.15252 0.98477 -0.08351
vn -0.31163 0.94641 0.0848
vn -0.02166 0.98469 0.17299
vn -0.1464 0.94525 0.29167
vn -0.04739 0.92487 0.37731
vn -0.02057 0.93498 0.3541
vn -0.18118 0.94483 -0.2729
vn -0.04703 0.91787 -0.39409
vn -0.33952 0.8875 -0.31155
vn -0.16625 0.86699 -0.46977
vn -0.41811 0.8772 -0.23604
vn -0.33837 0.88449 -0.32121
vn -0.32047 0.94078 -0.11064
vn -0.4302 0.90258 0.01661
vn -0.09771 0.98381 0.15025
vn -0.30211 0.8869 0.34947
vn 0.09324 0.92465 0.36923
vn -0.08488 0.85459 0.51231
vn 0.07379 0.8028 0.59166
vn 0.08125 0.80575 0.58665
vn 0.0 0.86407 0.50337
vn 0.05191 0.88461 0.46343
vn -0.5046 0.81125 -0.29539
vn -0.35222 0.81812 -0.45455
vn -0.56307 0.8015 -0.20137
vn -0.50838 0.81733 -0.27116
vn -0.48956 0.86919 -0.06954
vn -0.57417 0.8173 0.04845
vn -0.32495 0.92095 0.2151
vn -0.4577 0.81262 0.36077
vn -0.24418 0.82248 0.51372
vn -0.28003 0.79364 0.54012
vn -0.48762 0.87306 0.0
vn 0.0 0.87306 -0.48762
vn -0.46372 0.83026 -0.30925
vn -0.40546 0.82896 -0.38527
vn 0.02079 0.81464 -0.5796
vn -0.09672 0.86324 -0.49543
vn -0.00944 0.94805 -0.31798
vn 0.02392 0.93732 -0.34764
vn -0.21976 0.97155 -0.08833
vn -0.00952 0.95588 -0.29361
vn -0.36895 0.92869 0.03748
vn -0.21885 0.96753 -0.12648
vn -0.34037 0.92988 0.13956
vn -0.36408 0.91643 0.16617
vn -0.26462 0.9428 -0.20274
vn -0.34122 0.93218 -0.12089
vn -0.065 0.88849 -0.45427
vn -0.25937 0.92409 -0.2807
vn 0.01259 0.98944 -0.14442
vn -0.07283 0.99555 -0.05981
vn -0.09863 0.97692 0.18948
vn 0.01268 0.99671 0.08002
vn -0.28111 0.89937 0.33482
vn -0.09919 0.98247 0.15786
vn -0.36758 0.85159 0.37374
vn -0.28533 0.91288 0.29194
vn -0.1603 0.91957 0.35874
vn -0.34066 0.78922 0.51097
vn -0.03898 0.9228 -0.3833
vn -0.16541 0.94889 -0.2688
vn 0.11178 0.97303 -0.20181
vn -0.04215 0.99785 -0.05017
vn 0.15046 0.98467 0.08823
vn 0.11322 0.98559 0.12568
vn 0.0324 0.95504 0.29469
vn 0.14846 0.97159 0.18429
vn -0.11288 0.9292 0.35191
vn 0.03309 0.97543 0.21783
vn -0.16879 0.9057 -0.38887
vn -0.10826 0.89121 -0.44047
vn -0.12574 0.87225 -0.47262
vn -0.16444 0.88238 -0.44087
vn 0.05481 0.93852 -0.34083
vn -0.14092 0.9775 -0.15699
vn 0.22481 0.97424 0.01793
vn 0.05727 0.98068 0.18707
vn 0.19175 0.91311 0.3598
vn 0.21131 0.9157 0.34181
vn 0.03785 0.85708 0.5138
vn 0.18919 0.90088 0.39066
vn -0.06364 0.80679 0.58741
vn 0.03776 0.85497 0.51729
vn 0.0 0.88581 0.46406
vn -0.01816 0.87808 0.47817
vn -0.32413 0.82695 -0.45945
vn -0.18581 0.9326 -0.3094
vn -0.36191 0.92333 -0.12838
vn 0.00635 0.99823 0.05917
vn -0.18912 0.94922 0.25143
vn 0.00614 0.91396 0.40576
vn 0.00581 0.91384 0.40604
vn -0.1384 0.81875 0.55721
vn 0.006 0.89269 0.45063
vn -0.13672 0.80882 0.57194
vn -0.37578 0.8471 0.37578
vn -0.06013 0.99819 0.0
vn 0.0 0.99819 -0.06013
vn -0.62505 0.77327 -0.10656
vn -0.59695 0.79703 0.0916
vn -0.62294 0.77066 0.13431
vn -0.59946 0.80039 -0.00528
vn 0.08428 0.86423 -0.496
vn 0.16127 0.81861 -0.55125
vn -0.07963 0.93462 -0.34663
vn 0.08501 0.87172 -0.48258
vn -0.14475 0.94585 -0.29053
vn -0.07952 0.93336 -0.35001
vn -0.03314 0.99102 -0.12955
vn -0.15127 0.98843 -0.01099
vn 0.15631 0.97186 0.17622
vn -0.03129 0.93569 0.35144
vn 0.21637 0.9682 -0.12556
vn 0.15845 0.98516 -0.06604
vn 0.19176 0.93907 -0.28525
vn 0.20801 0.93077 -0.30067
vn -0.01465 0.99809 -0.05997
vn 0.19299 0.94512 -0.26365
vn -0.22969 0.97014 0.07788
vn -0.01453 0.98999 -0.14038
vn -0.24332 0.95766 0.15388
vn -0.22818 0.96377 0.13817
vn -0.07496 0.9498 0.30375
vn -0.22203 0.87386 0.43252
vn 0.08136 0.83664 0.54168
vn -0.06081 0.77048 0.63456
vn 0.28917 0.92104 -0.26091
vn 0.09657 0.99313 -0.0661
vn 0.25906 0.96464 -0.0485
vn 0.2983 0.95013 -0.09091
vn 0.08759 0.98815 0.12601
vn 0.25904 0.96454 -0.05054
vn -0.05118 0.98119 0.18611
vn 0.08819 0.99492 0.04863
vn -0.02537 0.97565 0.21788
vn -0.05054 0.96902 0.24175
vn 0.18712 0.88065 -0.43525
vn -0.02518 0.96851 -0.24771
vn 0.33687 0.84227 -0.42083
vn 0.19878 0.93552 -0.29203
vn 0.43841 0.8874 -0.14252
vn 0.37065 0.92672 -0.06165
vn 0.33412 0.92584 0.17661
vn 0.44234 0.89536 0.05157
vn 0.12997 0.92891 0.34674
vn 0.33602 0.93111 0.14183
vn 0.05182 0.91622 0.39731
vn 0.13092 0.93565 0.32774
vn 0.14582 0.84644 0.51213
vn 0.04584 0.81039 0.5841
vn 0.0 0.87823 0.47825
vn 0.47825 0.87823 0.0
vn 0.30683 0.9427 -0.13107
vn 0.22658 0.97294 -0.04518
vn 0.15996 0.95422 0.25275
vn 0.30791 0.94601 0.10126
vn -0.06453 0.91195 0.4052
vn 0.16203 0.96651 0.19902
vn -0.14541 0.88322 0.44585
vn -0.06531 0.92298 0.37927
vn -0.05225 0.81538 0.57657
vn -0.12704 0.77164 0.62324
vn -0.41657 0.90308 0.10447
vn -0.24768 0.96884 0.0
vn -0.24041 0.94043 0.24041
vn -0.47455 0.78215 -0.40378
vn -0.39892 0.88203 -0.25078
vn -0.51555 0.84973 -0.11036
vn -0.35772 0.9333 -0.03136
vn -0.41188 0.91067 0.03224
vn -0.4116 0.89783 0.15647
vn -0.35637 0.92979 0.09216
vn -0.28484 0.95855 -0.00633
vn -0.41268 0.90017 0.13924
vn 0.10359 0.825 -0.55556
vn -0.27697 0.93204 -0.23364
vn 0.13346 0.86706 -0.48
vn 0.11048 0.87989 -0.46215
vn 0.31498 0.88867 -0.33325
vn 0.14992 0.97398 -0.16994
vn 0.46119 0.88725 -0.00987
vn 0.3306 0.93274 0.14387
vn 0.4198 0.84966 0.31913
vn 0.44048 0.84739 0.29649
vn 0.26457 0.96221 -0.06451
vn 0.42907 0.86842 -0.24851
vn 0.0645 0.9496 -0.30676
vn 0.23607 0.85857 -0.45511
vn -0.02119 0.96301 -0.26864
vn 0.06359 0.9363 -0.34538
vn 0.08664 0.98637 -0.13987
vn -0.02198 0.99925 -0.03194
vn 0.28394 0.94914 0.13607
vn 0.0825 0.93926 0.33314
vn 0.35416 0.83814 0.41484
vn 0.24659 0.82426 0.50969
vn 0.26704 0.96156 -0.064
vn 0.34149 0.92857 -0.14541
vn 0.13365 0.98652 -0.09439
vn 0.26083 0.93917 -0.22345
vn 0.09712 0.99391 -0.05208
vn 0.13372 0.98702 -0.08899
vn 0.19646 0.97934 0.04787
vn 0.09617 0.9841 0.14935
vn 0.31683 0.92027 0.22959
vn 0.18352 0.91485 0.35968
vn 0.51825 0.82856 -0.21191
vn 0.32543 0.94526 0.02405
vn 0.48633 0.83408 -0.26037
vn 0.50784 0.81193 -0.28788
vn 0.38654 0.92024 -0.06121
vn 0.49409 0.84737 -0.19452
vn 0.26066 0.96383 0.05552
vn 0.38588 0.91867 -0.08452
vn 0.26967 0.95197 0.145
vn 0.25781 0.95328 0.15744
vn 0.39014 0.86899 0.30439
vn 0.24413 0.86179 0.44465
vn 0.25997 0.96458 -0.04479
vn 0.41032 0.88684 -0.21249
vn 0.0709 0.99182 0.10616
vn 0.25924 0.96184 -0.08753
vn 0.06844 0.97715 0.20122
vn 0.06986 0.97733 0.19985
vn 0.22303 0.90165 0.37051
vn 0.06026 0.86037 0.5061
vn 0.03747 0.7774 0.62789
vn 0.20675 0.83581 0.50861
vn 0.04799 0.99556 -0.08104
vn -0.56202 0.82713 0.0
vn 0.0 0.82713 -0.56202
vn -0.27628 0.79399 -0.54153
vn -0.42139 0.80831 -0.41117
vn -0.19822 0.91345 -0.35541
vn -0.31928 0.91758 -0.23685
vn -0.22865 0.9654 -0.12539
vn -0.20983 0.96696 -0.14477
vn -0.36579 0.93011 0.03293
vn -0.22888 0.9664 -0.11697
vn -0.47229 0.87714 0.08694
vn -0.36566 0.92976 -0.04281
vn -0.47616 0.86903 0.13442
vn -0.47026 0.87337 0.12681
vn 0.10827 0.96429 -0.24173
vn -0.45224 0.82537 0.33801
vn 0.39638 0.81279 -0.42691
vn 0.11036 0.98292 -0.14728
vn 0.54805 0.82399 -0.14377
vn 0.43833 0.89881 0.00266
vn 0.50616 0.85236 0.13147
vn 0.55249 0.83066 0.06891
vn 0.33459 0.88949 0.31122
vn 0.50733 0.85432 0.11294
vn 0.23157 0.93528 -0.26764
vn 0.32822 0.87254 -0.36186
vn 0.22084 0.86173 -0.45678
vn 0.21444 0.86608 -0.45157
vn 0.39173 0.86322 -0.31843
vn 0.24491 0.95562 -0.16375
vn 0.54413 0.83857 -0.0268
vn 0.40876 0.90074 0.14693
vn 0.52779 0.80051 0.28393
vn 0.52046 0.80209 0.29286
vn 0.39915 0.77984 0.48222
vn 0.51228 0.77699 0.36587
vn 0.25906 0.95423 -0.14943
vn 0.37524 0.88566 -0.27349
vn 0.29466 0.92965 -0.22118
vn 0.25759 0.94884 -0.1826
vn 0.38821 0.91785 -0.08275
vn 0.30211 0.95315 0.0151
vn 0.40313 0.90478 0.13731
vn 0.38462 0.90936 0.15856
vn 0.28247 0.89276 0.351
vn 0.39565 0.88798 0.23443
vn 0.52168 0.85287 0.0217
vn 0.28848 0.91174 0.29241
vn 0.48584 0.8238 -0.29209
vn 0.49681 0.81221 -0.30578
vn 0.4548 0.86801 -0.19926
vn 0.49231 0.83477 -0.24656
vn 0.52551 0.84721 -0.07794
vn 0.46411 0.88577 0.00383
vn 0.61472 0.7782 0.12853
vn 0.50699 0.81736 0.27365
vn 0.0 0.82005 -0.57229
vn 0.27731 0.93434 -0.22387
vn 0.32721 0.9039 -0.27551
vn 0.38585 0.91877 -0.08361
vn 0.2844 0.95821 0.03082
vn 0.51646 0.83895 0.17155
vn 0.36327 0.86501 0.34611
vn 0.23105 0.83861 0.4933
vn 0.5129 0.83318 0.20676
vn 0.25607 0.9294 -0.26581
vn -0.58748 0.80657 -0.06566
vn -0.51954 0.83931 -0.16011
vn -0.58737 0.80643 -0.06822
vn -0.28001 0.79404 -0.53953
vn -0.27386 0.7766 -0.56735
vn -0.06921 0.88917 -0.4523
vn -0.13296 0.9072 -0.39913
vn -0.17551 0.95323 -0.24605
vn -0.07294 0.93706 -0.34146
vn -0.35017 0.92636 -0.1387
vn -0.17155 0.93171 -0.32014
vn -0.42554 0.89838 -0.10874
vn -0.34653 0.91676 -0.19868
vn -0.34537 0.93748 -0.04316
vn -0.42747 0.90245 0.05346
vn -0.17193 0.97489 0.14155
vn -0.32958 0.89462 0.3017
vn -0.07379 0.92288 0.37794
vn -0.15545 0.88146 0.44595
vn -0.10422 0.98357 -0.14738
vn -0.07851 0.98185 -0.17265
vn -0.24786 0.96879 0.00287
vn -0.10426 0.98399 -0.14457
vn -0.37491 0.92389 0.07665
vn -0.24734 0.96676 -0.06477
vn -0.38682 0.9142 0.12086
vn -0.37391 0.92141 0.10585
vn 0.31371 0.87708 -0.36374
vn -0.36925 0.87269 0.31947
vn 0.33582 0.93887 -0.07582
vn 0.62222 0.77941 -0.07326
vn 0.61422 0.77884 0.12704
vn 0.50539 0.81055 0.29595
vn 0.61174 0.77569 0.15514
vn 0.47325 0.79699 0.37529
vn 0.49551 0.7947 0.35059
vn -0.24165 0.80218 0.546
vn 0.50211 0.84559 -0.18129
vn -0.25714 0.92335 -0.28513
vn -0.27819 0.92349 -0.26415
vn -0.16085 0.9692 -0.18651
vn -0.26748 0.9605 -0.07676
vn -0.12124 0.9925 0.01572
vn -0.16344 0.9848 0.05873
vn -0.18061 0.96894 0.16894
vn -0.12054 0.98674 0.10866
vn -0.28915 0.92557 0.24435
vn -0.18158 0.97414 0.13443
vn -0.34801 0.8927 0.28631
vn -0.29046 0.92977 0.22619
vn 0.38974 0.86187 -0.32448
vn -0.33322 0.85476 0.39794
vn 0.38345 0.84796 0.36598
vn 0.19084 0.80498 -0.56178
vn 0.0 0.90821 -0.41851
vn 0.56414 0.8134 -0.14186
vn 0.29942 0.88584 0.35444
vn -0.40557 0.88715 0.22016
vn 0.2843 0.84112 -0.46009
vn -0.5228 0.81959 -0.2344
vn -0.38272 0.83717 -0.39073
vn -0.60134 0.78484 -0.14972
vn -0.51932 0.81414 -0.25978
vn -0.57064 0.81828 -0.06923
vn -0.60815 0.79372 -0.01251
vn -0.44795 0.8843 0.13169
vn -0.55102 0.79014 0.26843
vn -0.34029 0.84365 0.41528
vn -0.39908 0.78783 0.4691
vn -0.08505 0.99638 0.0
vn 0.0 0.99638 -0.08505
vn -0.00966 0.80743 -0.58988
vn -0.02317 0.81361 -0.58095
vn -0.13303 0.90719 -0.39913
vn -0.01037 0.86699 -0.49821
vn -0.25829 0.90768 -0.33076
vn -0.12993 0.88602 -0.44507
vn -0.25181 0.91526 -0.31448
vn -0.26057 0.91568 -0.30599
vn -0.1105 0.97133 -0.21051
vn -0.26489 0.96281 -0.0533
vn 0.08585 0.99456 0.05892
vn -0.10946 0.96217 0.24951
vn 0.10703 0.94212 0.31772
vn 0.08083 0.93645 0.34136
vn -0.02412 0.89204 0.4513
vn 0.1061 0.93399 0.34117
vn -0.20601 0.96376 -0.16947
vn -0.02541 0.93981 -0.34074
vn -0.31519 0.93895 -0.13795
vn -0.20217 0.94577 -0.25426
vn -0.24297 0.96786 -0.06485
vn -0.31818 0.94788 0.01672
vn -0.06626 0.99128 0.11388
vn -0.23385 0.93151 0.27859
vn 0.04008 0.9383 0.34349
vn -0.06025 0.90141 0.42875
vn 0.56703 0.82102 -0.06631
vn 0.03713 0.86924 0.493
vn 0.56102 0.81231 0.15941
vn 0.04865 0.91384 0.40315
vn -0.10105 0.97277 -0.20856
vn 0.04984 0.93623 -0.34783
vn -0.00315 0.96144 -0.27501
vn -0.10161 0.97815 -0.18139
vn -0.03037 0.99636 -0.07963
vn -0.00326 0.99431 -0.10651
vn -0.17098 0.98353 0.05866
vn -0.03036 0.99605 -0.08339
vn -0.28159 0.95377 0.10503
vn -0.17126 0.98516 -0.01111
vn -0.28309 0.95009 0.13111
vn -0.2808 0.9511 0.12867
vn -0.19091 0.95379 0.23204
vn -0.27142 0.91093 0.3107
vn -0.11431 0.90063 0.4193
vn -0.17354 0.86699 0.46713
vn 0.19813 0.89993 0.38841
vn -0.09964 0.78508 0.61133
vn 0.54081 0.83857 0.06584
vn 0.19296 0.87646 0.44111
vn 0.0 0.84039 0.54198
vn 0.54198 0.84039 0.0
vn 0.38606 0.8378 -0.38606
vn 0.39985 0.86772 -0.29527
vn 0.24796 0.9559 0.15738
vn -0.34252 0.91789 -0.20039
vn -0.42369 0.79469 -0.43469
vn -0.29147 0.78108 -0.55223
vn -0.45352 0.80761 -0.37693
vn -0.43112 0.80861 -0.40036
vn -0.34982 0.89249 -0.28477
vn -0.48553 0.86461 -0.12924
vn -0.15797 0.98732 -0.01556
vn -0.35775 0.91273 0.19733
vn -0.08105 0.94374 0.32061
vn -0.14625 0.91407 0.37828
vn -0.18681 0.84409 0.50261
vn -0.07778 0.90574 0.41664
vn -0.18977 0.85743 0.47834
vn 0.0 0.80636 0.59142
vn -0.63168 0.77523 0.0
vn 0.0 0.77523 -0.63168
vn -0.03715 0.81327 -0.5807
vn -0.49828 0.85387 -0.15042
vn -0.08604 0.86383 -0.49639
vn -0.03865 0.84601 -0.53177
vn 0.01087 0.89354 -0.44884
vn -0.09238 0.92749 -0.36224
vn 0.20066 0.92916 -0.31049
vn 0.01206 0.99154 -0.12926
vn 0.315 0.94764 -0.05246
vn 0.21072 0.97573 0.0596
vn 0.20575 0.94727 0.24565
vn 0.31252 0.9402 0.1355
vn 0.01507 0.93942 0.34244
vn 0.2096 0.965 0.15764
vn -0.10266 0.93433 0.34129
vn 0.0156 0.97241 0.23276
vn -0.1012 0.93529 -0.3391
vn -0.10281 0.93564 -0.33765
vn 0.05496 0.96425 -0.25923
vn -0.10701 0.98896 -0.1025
vn 0.21125 0.97728 0.01724
vn 0.05604 0.98318 0.17383
vn 0.22505 0.93349 0.27919
vn 0.20142 0.93182 0.30191
vn 0.11337 0.89723 0.42676
vn 0.22115 0.91732 0.33108
vn 0.00407 0.86983 0.49333
vn 0.11466 0.90744 0.40424
vn 0.49079 0.85497 0.16778
vn 0.00372 0.79401 0.60789
vn 0.121 0.95157 0.28262
vn 0.05616 0.90003 -0.43219
vn 0.11097 0.87266 -0.47556
vn 0.0971 0.93297 -0.34662
vn 0.05916 0.94801 -0.31269
vn 0.01553 0.98312 -0.18231
vn 0.09989 0.9597 -0.26269
vn -0.14027 0.98448 -0.10546
vn 0.01527 0.96643 -0.25649
vn -0.21956 0.9722 -0.08139
vn -0.13916 0.97673 -0.16319
vn -0.14 0.99009 -0.01117
vn -0.21973 0.97296 0.07118
vn 0.01035 0.99092 0.13405
vn -0.13467 0.95241 0.27346
vn 0.08761 0.94282 0.32158
vn 0.00961 0.92077 0.39
vn 0.30814 0.83751 0.45125
vn 0.07188 0.77361 0.62957
vn 0.0 0.89325 0.44956
vn 0.35529 0.92805 0.11177
vn 0.30662 0.90109 -0.30662
vn 0.15011 0.93583 -0.31889
vn 0.28895 0.84915 -0.4421
vn -0.18393 0.80261 -0.56744
vn -0.26457 0.82175 -0.50472
vn -0.00713 0.89615 -0.4437
vn -0.21581 0.94174 -0.25796
vn 0.12122 0.98172 -0.14675
vn -0.00796 0.99981 -0.01804
vn 0.05769 0.97579 0.21097
vn 0.12118 0.98138 0.14901
vn -0.14403 0.91437 0.3784
vn 0.05791 0.97946 0.19315
vn -0.27784 0.87272 0.40145
vn -0.14922 0.94732 0.2834
vn -0.24754 0.84612 0.47203
vn -0.26511 0.83275 0.48606
vn -0.55736 0.81768 -0.14404
vn 0.22964 0.82402 -0.51794
vn -0.5432 0.7969 0.26438
vn 0.35699 0.8701 -0.33983
vn 0.26047 0.93465 -0.24204
vn 0.37583 0.91891 -0.11979
vn 0.37679 0.91838 -0.12089
vn 0.24167 0.96855 0.05916
vn 0.377 0.92176 -0.0907
vn 0.06487 0.98769 0.14235
vn 0.24192 0.96953 -0.03851
vn 0.03188 0.98642 0.16114
vn 0.06499 0.98956 0.12864
vn 0.14073 0.96285 0.23047
vn 0.03046 0.94248 0.33288
vn 0.28402 0.90189 -0.32547
vn 0.14208 0.97208 -0.18676
vn 0.39179 0.91515 -0.09485
vn 0.30036 0.95378 0.00912
vn 0.33162 0.92901 0.16425
vn 0.39173 0.91499 0.09666
vn 0.17016 0.93744 0.30373
vn 0.33294 0.93271 0.13856
vn 0.07209 0.93816 0.3386
vn 0.17318 0.95407 0.24447
vn 0.12225 0.90661 0.40388
vn 0.06847 0.89108 0.44864
vn 0.0 0.79862 0.60184
vn 0.3267 0.88249 0.33835
vn 0.0 0.80114 -0.59848
vn 0.13541 0.86999 -0.47411
vn 0.15735 0.85686 -0.49095
vn 0.0419 0.94884 -0.31297
vn 0.14097 0.90573 -0.39972
vn -0.058 0.9629 -0.26356
vn 0.04127 0.93457 -0.35338
vn -0.03551 0.96593 -0.25636
vn -0.05845 0.9703 -0.23474
vn 0.11054 0.98028 -0.16379
vn -0.03673 0.99917 -0.01755
vn 0.22841 0.97097 0.07104
vn 0.10999 0.97544 0.19084
vn 0.22758 0.93594 0.26873
vn 0.22009 0.93561 0.27604
vn 0.20118 0.90198 0.38204
vn 0.21998 0.90466 0.36497
vn 0.09392 0.77985 0.61889
vn 0.50547 0.82598 0.24951
vn 0.0 0.99283 0.11958
vn 0.11958 0.99283 0.0
vn 0.13423 0.87896 -0.45762
vn 0.0 0.9385 -0.34529
vn -0.00087 0.7777 -0.62863
vn 0.25039 0.82496 -0.50669
vn 0.11021 0.9126 -0.39373
vn 0.30861 0.91739 -0.25129
vn 0.28301 0.93241 -0.22475
vn 0.1607 0.98684 -0.0178
vn 0.31371 0.93256 -0.17868
vn -0.09226 0.98445 0.14948
vn 0.15987 0.98177 -0.10281
vn -0.17158 0.96656 0.1906
vn -0.09272 0.98935 0.11219
vn -0.03596 0.95743 0.28642
vn -0.16043 0.90375 0.39686
vn 0.13033 0.85628 0.4998
vn -0.0297 0.79066 0.61153
vn -0.57581 0.81758 0.0
vn 0.0 0.81758 -0.57581
vn -0.58364 0.77328 -0.24779
vn -0.58401 0.77316 -0.24729
vn -0.50883 0.85003 -0.13614
vn -0.60243 0.79817 -0.00319
vn -0.39285 0.91402 0.1012
vn -0.49945 0.83436 0.23322
vn -0.30074 0.90519 0.30031
vn -0.36733 0.85466 0.36692
vn 0.38018 0.89538 -0.23187
vn -0.28508 0.85804 0.4272
vn 0.25203 0.95944 -0.1263
vn 0.3773 0.88859 -0.26086
vn 0.1742 0.97998 -0.09643
vn 0.25016 0.95233 -0.17458
vn 0.24378 0.96907 -0.03849
vn 0.17492 0.98401 0.03354
vn 0.38013 0.91721 0.11924
vn 0.23468 0.93289 0.27322
vn 0.42931 0.8516 0.30079
vn 0.35435 0.85501 0.37867
vn 0.44644 0.87874 -0.16882
vn 0.44393 0.8806 -0.16573
vn 0.36152 0.93232 0.00891
vn 0.45075 0.88723 -0.09823
vn 0.23376 0.96691 0.10214
vn 0.36128 0.9317 -0.0376
vn 0.20475 0.96819 0.14383
vn 0.23345 0.96564 0.11422
vn 0.30073 0.92386 0.23673
vn 0.19453 0.91986 0.34061
vn 0.40669 0.81598 0.41083
vn 0.26034 0.79976 0.54093
vn 0.0 0.93373 0.35799
vn 0.35799 0.93373 0.0
vn 0.24469 0.77678 -0.58029
vn 0.0 0.91799 -0.39661
vn 0.1297 0.86034 -0.49294
vn 0.24577 0.78023 -0.57519
vn 0.0842 0.91162 -0.40232
vn 0.13365 0.8865 -0.443
vn 0.15408 0.9242 -0.34946
vn 0.08803 0.95312 -0.28952
vn 0.29275 0.92938 -0.22484
vn 0.16375 0.9822 -0.09197
vn 0.36569 0.93059 -0.01634
vn 0.29995 0.95222 0.05751
vn 0.3002 0.93613 0.18314
vn 0.36335 0.92464 0.11406
vn 0.16899 0.94533 0.27891
vn 0.30217 0.94227 0.14428
vn 0.0 0.95728 0.28917
vn 0.28917 0.95728 0.0
vn 0.32638 0.8871 -0.32638
vn 0.33774 0.86423 -0.37287
vn 0.39144 0.81638 -0.42462
vn 0.17515 0.95713 -0.23071
vn 0.33583 0.85933 -0.3857
vn 0.0456 0.98111 -0.18798
vn 0.17131 0.93611 -0.30716
vn 0.10613 0.98894 -0.10356
vn 0.04639 0.99796 -0.04379
vn 0.29601 0.9491 0.10763
vn 0.10174 0.94804 0.30144
vn 0.39509 0.84112 0.36935
vn 0.25868 0.82942 0.49513
vn -0.39002 0.81085 -0.43637
vn -0.47286 0.80826 -0.35088
vn -0.25369 0.92131 -0.29467
vn -0.43119 0.89644 -0.10237
vn -0.14915 0.98881 -0.00396
vn -0.2637 0.95767 0.11542
vn -0.20897 0.94182 0.26326
vn -0.14608 0.96845 0.2019
vn -0.35694 0.85836 0.36851
vn -0.21111 0.95146 0.22394
vn -0.43983 0.80395 0.40027
vn -0.36369 0.87459 0.32066
vn -0.29194 0.91771 -0.2694
vn -0.47918 0.87589 -0.05658
vn -0.17291 0.96879 -0.1776
vn -0.30289 0.95212 -0.04159
vn 0.01986 0.99922 0.03405
vn -0.17128 0.95964 0.22306
vn 0.12511 0.95215 0.27886
vn 0.01843 0.92691 0.37484
vn 0.1877 0.89809 0.39775
vn 0.11577 0.88108 0.45858
vn 0.41747 0.89301 -0.16807
vn 0.2041 0.97654 0.06863
vn 0.3604 0.92713 -0.10265
vn 0.41739 0.89284 -0.16918
vn 0.40271 0.91458 -0.03691
vn 0.36229 0.93201 0.01048
vn 0.49924 0.86046 0.10178
vn 0.39219 0.89068 0.22994
vn 0.55611 0.77939 0.28859
vn 0.46009 0.79299 0.39935
vn 0.36867 0.85333 -0.36867
vn 0.33069 0.8442 -0.42186
vn 0.32432 0.84953 -0.41607
vn 0.40396 0.87529 -0.26588
vn 0.35638 0.90977 -0.21285
vn 0.41147 0.90745 -0.08497
vn 0.41727 0.90412 -0.09197
vn 0.32409 0.94431 0.05704
vn 0.41254 0.90981 -0.04534
vn 0.22093 0.96795 0.11941
vn 0.3246 0.94582 0.00794
vn 0.57718 0.80721 0.1236
vn 0.18879 0.82716 0.52931
vn 0.0 0.81261 0.58281
vn 0.57876 0.81548 0.0061
vn 0.0 0.80986 -0.58663
vn 0.26775 0.85478 -0.44459
vn 0.2486 0.88368 -0.39663
vn 0.27169 0.86735 -0.41699
vn 0.3895 0.87512 -0.28714
vn 0.26748 0.95081 -0.15627
vn 0.54554 0.83728 -0.03674
vn 0.40221 0.90368 0.14694
vn 0.56083 0.78901 0.25087
vn 0.52053 0.7989 0.30134
vn -0.12782 0.80555 -0.57858
vn -0.27825 0.84276 -0.46079
vn 0.01559 0.91718 -0.39817
vn -0.15185 0.95696 -0.24732
vn 0.0068 0.99352 -0.11346
vn 0.01687 0.99221 -0.12339
vn -0.19326 0.9741 0.1174
vn 0.00682 0.99641 -0.08442
vn -0.36658 0.9108 0.18988
vn -0.19461 0.98087 0.00432
vn -0.39473 0.89436 0.2105
vn -0.36732 0.91264 0.17932
vn -0.277 0.90215 0.33076
vn -0.36707 0.83167 0.41663
vn -0.35163 0.93419 -0.06035
vn -0.29114 0.94821 -0.12702
vn -0.2398 0.9699 -0.04237
vn -0.35115 0.93292 0.07975
vn -0.26661 0.93878 0.21821
vn -0.2358 0.95371 0.18662
vn -0.38268 0.8565 0.34637
vn -0.2661 0.93699 0.22638
vn -0.465 0.78531 0.40874
vn -0.38592 0.86375 0.32404
vn 0.04015 0.99674 0.07005
vn 0.03465 0.8603 0.50861
vn 0.6325 0.77044 0.07979
vn 0.49604 0.7798 -0.38191
vn 0.45635 0.8664 -0.2027
vn 0.51553 0.81043 -0.27827
vn 0.37989 0.92028 -0.09361
vn 0.45777 0.86909 -0.18741
vn 0.33775 0.94007 -0.04685
vn 0.37984 0.92015 -0.09511
vn 0.52938 0.84836 0.00713
vn 0.32747 0.91148 0.24894
vn 0.54725 0.78349 -0.29437
vn 0.62557 0.77854 -0.05045
vn 0.55442 0.77868 0.29372
vn -0.03071 0.79243 -0.60919
vn 0.17385 0.86405 -0.47243
vn 0.10252 0.90406 -0.41493
vn 0.08478 0.9647 -0.24932
vn 0.18532 0.92109 -0.34242
vn -0.15505 0.98035 -0.12192
vn 0.08213 0.93457 -0.34617
vn -0.29847 0.95101 -0.08057
vn -0.15199 0.961 -0.23103
vn -0.21847 0.97583 0.00429
vn -0.29823 0.95027 0.08967
vn 0.0031 0.98123 0.19279
vn -0.20191 0.90186 0.38195
vn -0.05873 0.89254 0.44713
vn 0.0029 0.918 0.39658
vn -0.06177 0.98925 -0.13252
vn -0.06511 0.98948 -0.12923
vn -0.21423 0.97323 0.08319
vn -0.06216 0.99548 -0.07187
vn -0.37347 0.91038 0.17814
vn -0.21497 0.97661 0.00543
vn -0.41616 0.88386 0.21354
vn -0.37433 0.91247 0.16516
vn -0.33364 0.88263 0.33113
vn -0.39227 0.83313 0.3899
vn -0.2325 0.79578 0.55918
vn 0.30726 0.81918 0.4843
vn 0.56991 0.81734 0.08464
vn 0.32622 0.86974 0.3703
vn 0.27643 0.89575 0.34816
vn 0.57196 0.82028 0.0
vn 0.0 0.95553 0.29488
vn 0.29488 0.95553 0.0
vn 0.53927 0.84114 -0.04075
vn 0.57829 0.7975 -0.17197
vn 0.62128 0.77944 -0.08056
vn 0.58684 0.8093 -0.02541
vn 0.0 0.98658 0.1633
vn 0.1633 0.98658 0.0
vn 0.0 0.96913 0.24655
vn 0.24655 0.96913 0.0
vn 0.21922 0.77352 -0.59465
vn 0.1056 0.90377 -0.41479
vn 0.23362 0.82434 -0.51564
vn -0.05955 0.93566 -0.34784
vn 0.10175 0.87084 -0.48091
vn -0.05688 0.93622 -0.34678
vn -0.05963 0.93695 -0.34435
vn 0.14032 0.96268 -0.23143
vn -0.06061 0.99759 -0.0338
vn 0.33042 0.93966 0.08867
vn 0.13826 0.94856 0.2848
vn 0.34481 0.86435 0.36607
vn 0.30317 0.86216 0.40591
vn 0.03633 0.9174 0.39631
vn 0.36968 0.92671 0.06735
vn -0.17749 0.97584 -0.12744
vn 0.03733 0.94259 -0.33187
vn -0.33664 0.93919 -0.06781
vn -0.17381 0.95565 -0.23773
vn -0.2816 0.95952 0.00533
vn -0.33668 0.93929 0.06624
vn -0.09144 0.97989 0.17736
vn -0.26447 0.90115 0.34348
vn 0.05019 0.90458 0.42334
vn -0.07918 0.84845 0.52332
vn 0.02352 0.78503 0.61901
vn 0.04406 0.79424 0.606
vn 0.0 0.92008 0.39173
vn -0.12672 0.86066 0.49316
vn 0.04833 0.99766 -0.04833
vn 0.40037 0.84288 -0.35954
vn 0.04838 0.99883 0.0
vn 0.4516 0.89178 -0.028
vn 0.42906 0.90328 0.0
vn 0.10104 0.92464 0.36719
vn 0.45178 0.89213 0.0
vn 0.0 0.99408 0.10863
vn 0.10863 0.99408 0.0
vn 0.18709 0.96436 -0.18709
vn 0.19045 0.9817 0.0
vn 0.57417 0.7714 0.27437
vn 0.0 0.80218 0.59708
vn 0.59708 0.80218 0.0
vn 0.11697 0.84198 -0.52668
vn 0.1947 0.79122 -0.57971
vn 0.20002 0.8577 -0.47365
vn 0.12531 0.90203 -0.41309
vn 0.39848 0.86088 -0.31639
vn 0.22509 0.96521 -0.13304
vn 0.52054 0.85335 -0.02891
vn 0.41786 0.90274 0.10223
vn 0.45356 0.85358 0.25628
vn 0.51168 0.83883 0.18588
vn 0.27887 0.86885 0.40906
vn 0.4573 0.86061 0.2241
vn -0.08731 0.99356 0.07221
vn 0.29106 0.90684 -0.30484
vn -0.11373 0.93712 -0.32994
vn -0.08172 0.92993 -0.35854
vn 0.04854 0.96928 -0.24112
vn -0.12012 0.9898 -0.07653
vn 0.23616 0.96931 0.06836
vn 0.04836 0.96572 0.25503
vn 0.2823 0.89642 0.34168
vn 0.2167 0.88944 0.40242
vn 0.17741 0.83762 0.51664
vn 0.26974 0.85654 0.43999
vn 0.06063 0.79355 0.60548
vn 0.17658 0.8337 0.52323
vn 0.0 0.86766 0.49717
vn 0.14164 0.91336 0.38171
vn 0.44559 0.81395 -0.37275
vn 0.38566 0.86977 -0.30783
vn 0.46807 0.87542 -0.12067
vn 0.47606 0.86961 -0.13096
vn 0.32115 0.94101 0.10656
vn 0.47034 0.87966 -0.07051
vn 0.09586 0.97182 0.21536
vn 0.32292 0.94622 -0.01991
vn -0.01026 0.96768 0.25198
vn 0.09707 0.9841 0.14876
vn 0.14565 0.93777 -0.31524
vn -0.01045 0.98576 -0.16782
vn 0.3208 0.88374 -0.34073
vn 0.15116 0.97323 -0.17312
vn 0.46339 0.88352 -0.06831
vn 0.34015 0.93706 0.07886
vn 0.41851 0.87811 0.23189
vn 0.45619 0.86979 0.18805
vn 0.2541 0.88118 0.39868
vn 0.4185 0.87809 0.23199
vn 0.13672 0.88115 0.45263
vn 0.26023 0.90243 0.34336
vn 0.18505 0.83238 0.5224
vn 0.1264 0.81466 0.56599
vn 0.0 0.92267 0.3856
vn 0.3856 0.92267 0.0
vn -0.20986 0.79455 -0.56979
vn -0.36189 0.82025 -0.44297
vn -0.26327 0.90944 -0.32187
vn -0.23975 0.90774 -0.34429
vn -0.43014 0.8927 -0.13444
vn -0.2641 0.91233 -0.31289
vn -0.54499 0.83576 -0.06699
vn -0.42344 0.87879 -0.22005
vn -0.53469 0.84486 -0.01778
vn -0.54621 0.83765 -0.00154
vn -0.4133 0.90037 0.1361
vn -0.51569 0.81482 0.26482
vn 0.28151 0.94595 -0.16104
vn -0.36817 0.80203 0.47031
vn 0.54156 0.82767 -0.14723
vn 0.28114 0.94468 0.16895
vn 0.46791 0.88066 0.07412
vn 0.54724 0.83635 -0.03248
vn 0.32252 0.92519 0.20003
vn 0.469 0.8827 0.02955
vn 0.26841 0.93135 0.24606
vn 0.32324 0.92726 0.18897
vn 0.36308 0.87085 0.33134
vn 0.24875 0.86311 0.4395
vn -0.20107 0.86192 -0.46547
vn -0.1137 0.83772 -0.53413
vn -0.37312 0.86748 -0.32902
vn -0.19813 0.84931 -0.4893
vn -0.4405 0.8492 -0.29124
vn -0.36731 0.85397 -0.36854
vn -0.35454 0.90704 -0.22712
vn -0.45776 0.88247 -0.10816
vn -0.14203 0.98986 -0.00182
vn -0.35489 0.90793 0.22295
vn -0.01609 0.95091 0.30905
vn -0.12966 0.90369 0.40807
vn -0.08857 0.85924 0.50386
vn -0.01513 0.89424 0.44733
vn 0.2679 0.9484 0.16961
vn -0.08941 0.86738 0.48955
vn 0.44614 0.89429 -0.03473
vn 0.26796 0.94859 0.16843
vn 0.47497 0.87951 0.02945
vn 0.44542 0.89284 0.06664
vn 0.57351 0.8027 0.16359
vn 0.45086 0.83487 0.31578
vn 0.0 0.837 0.5472
vn 0.5472 0.837 0.0
vn -0.23245 0.82009 -0.52289
vn -0.1268 0.78957 -0.60042
vn -0.20165 0.84869 -0.48895
vn -0.24291 0.85701 -0.45445
vn -0.02625 0.91783 -0.3961
vn -0.22593 0.95088 -0.21163
vn 0.14888 0.98151 -0.12029
vn -0.02854 0.99793 0.0576
vn 0.15414 0.95954 0.23563
vn 0.14543 0.9588 0.24403
vn -0.02587 0.91108 0.41141
vn 0.15353 0.95576 0.25091
vn -0.18828 0.87835 0.43938
vn -0.02708 0.95365 0.29971
vn -0.20155 0.853 0.48143
vn -0.18516 0.86379 0.46859
vn 0.47761 0.86504 0.1536
vn 0.0 0.82617 0.56342
vn 0.56342 0.82617 0.0
vn -0.49294 0.87006 0.0
vn 0.0 0.87006 -0.49294
vn -0.45646 0.80566 -0.37757
vn 0.07095 0.79399 -0.60378
vn -0.02055 0.83957 -0.54286
vn 0.2531 0.85471 -0.45323
vn 0.08472 0.94803 -0.30671
vn 0.35861 0.91119 -0.2028
vn 0.28191 0.95202 -0.11912
vn 0.26521 0.96259 0.05556
vn 0.36564 0.92907 -0.05604
vn 0.00771 0.96907 0.24665
vn 0.2656 0.964 -0.01257
vn -0.12351 0.95982 0.25197
vn 0.0079 0.99214 0.12489
vn -0.04399 0.95307 0.29953
vn -0.11876 0.92292 0.36621
vn 0.11684 0.87297 0.47357
vn -0.03739 0.81001 0.58522
vn 0.0 0.84334 0.53738
vn 0.53738 0.84334 0.0
vn -0.14524 0.9894 0.0
vn 0.0 0.9894 -0.14524
vn -0.17753 0.98411 0.0
vn -0.14516 0.98885 -0.03323
vn -0.1748 0.96896 0.1748
vn -0.32414 0.94601 0.0
vn 0.0 0.94601 -0.32414
vn -0.18621 0.98251 0.0
vn -0.32079 0.93624 0.14336
vn -0.18306 0.96591 0.18306
vn 0.38044 0.7766 -0.50215
vn 0.3285 0.82605 -0.45796
vn 0.39513 0.87402 -0.28276
vn 0.41845 0.85419 -0.30864
vn 0.25305 0.95997 -0.12011
vn 0.39609 0.87614 -0.27476
vn 0.08363 0.99469 -0.06
vn 0.2483 0.94197 -0.22592
vn 0.07502 0.9971 -0.013
vn 0.08376 0.99625 -0.0218
vn 0.23595 0.96416 0.12137
vn 0.07197 0.95656 0.28253
vn 0.36672 0.86474 0.34313
vn 0.20743 0.84763 0.48837
vn 0.3821 0.7877 0.48324
vn 0.14374 0.97912 -0.14374
vn -0.03655 0.99877 -0.03356
vn 0.14201 0.96735 -0.20992
vn 0.0 0.98411 0.17753
vn -0.03574 0.97663 0.21193
vn -0.29553 0.90375 -0.30966
vn 0.0 0.83091 -0.55641
vn -0.33539 0.93123 0.14259
vn -0.3088 0.94436 0.11328
vn -0.29016 0.94024 0.17819
vn -0.33046 0.91753 0.2212
vn -0.28284 0.91652 0.28284
vn -0.55861 0.82943 0.0
vn 0.0 0.82943 -0.55861
vn -0.48357 0.85405 -0.19172
vn -0.57952 0.81252 -0.06292
vn -0.39335 0.91742 0.06018
vn -0.48519 0.85692 0.17399
vn -0.34223 0.89729 0.27884
vn -0.37431 0.87301 0.31264
vn 0.05052 0.87347 -0.48425
vn -0.35432 0.92899 -0.10698
vn -0.03459 0.93993 -0.33961
vn 0.05255 0.90862 -0.4143
vn -0.01141 0.95412 -0.29921
vn -0.03533 0.96015 -0.27725
vn 0.22627 0.9472 -0.22718
vn -0.01196 0.99987 0.011
vn 0.49085 0.87104 -0.01906
vn 0.22288 0.93302 0.28248
vn 0.54088 0.80665 0.23825
vn 0.4633 0.82215 0.3308
vn 0.0 0.85238 0.52292
vn 0.52292 0.85238 0.0
vn 0.20745 0.956 -0.20745
vn -0.07275 0.97467 0.2115
vn 0.2115 0.97467 -0.07275
vn -0.14917 0.82161 -0.55018
vn -0.05885 0.78845 -0.61228
vn -0.15126 0.98146 0.11774
vn -0.17679 0.97373 0.14353
vn -0.18559 0.95526 0.23029
vn -0.1494 0.9694 0.19477
vn -0.18818 0.93846 0.28961
vn -0.18283 0.94107 0.28454
vn -0.19291 0.96206 0.19291
vn -0.32524 0.78858 -0.52188
vn -0.41738 0.79623 -0.43796
vn -0.21633 0.90649 -0.3626
vn -0.37321 0.90489 -0.20469
vn -0.15861 0.98439 -0.07623
vn -0.23212 0.97269 8e-05
vn -0.24044 0.95125 0.19314
vn -0.15812 0.98135 0.10932
vn -0.37218 0.87382 0.31293
vn -0.24121 0.95429 0.17651
vn -0.48251 0.87014 -0.10021
vn -0.38236 0.89773 -0.21883
vn -0.45186 0.8117 -0.3701
vn -0.45017 0.81181 -0.37191
vn -0.35074 0.89971 -0.2598
vn -0.48366 0.86882 -0.10593
vn -0.18961 0.9818 0.0108
vn -0.3566 0.91473 0.19001
vn -0.10978 0.95131 0.28802
vn -0.17763 0.91977 0.34995
vn -0.07615 0.92503 0.37219
vn -0.10522 0.91176 0.39702
vn -0.03188 0.88544 0.46365
vn -0.07134 0.86658 0.49392
vn 0.23039 0.7949 0.5613
vn -0.0631 0.99524 -0.07428
vn 0.0 0.99061 -0.13674
vn -0.03981 0.78919 -0.61286
vn -0.05033 0.79377 -0.60613
vn -0.08262 0.98593 0.14533
vn -0.05005 0.99231 0.11316
vn -0.13404 0.97156 0.19521
vn -0.08263 0.98602 0.14471
vn -0.17868 0.9418 0.28476
vn -0.13264 0.96143 0.24094
vn 0.0 0.98048 0.19661
vn -0.17404 0.91736 0.35799
vn -0.19854 0.77857 -0.59533
vn 0.02925 0.87583 -0.48174
vn -0.09687 0.92045 -0.37867
vn 0.0016 0.97536 -0.22063
vn 0.03232 0.9678 -0.24965
vn -0.20522 0.97872 8e-05
vn 0.0016 0.97841 -0.20668
vn -0.34946 0.93119 0.10373
vn -0.20493 0.97734 -0.05297
vn -0.34024 0.92466 0.17102
vn -0.34579 0.92143 0.17717
vn -0.22244 0.94721 -0.23089
vn -0.34348 0.93346 -0.10328
vn -0.03275 0.90865 -0.41627
vn -0.22167 0.9439 -0.24477
vn 0.05985 0.99087 -0.12081
vn -0.036 0.99903 -0.02546
vn -0.02212 0.97886 0.20333
vn 0.05983 0.99053 0.12354
vn -0.20239 0.91529 0.34825
vn -0.02223 0.9836 0.17898
vn -0.30314 0.87371 0.38045
vn -0.20667 0.93464 0.28937
vn -0.2584 0.83929 0.47836
vn -0.28412 0.81887 0.49873
vn 0.13548 0.98147 -0.13548
vn 0.0287 0.79445 -0.60665
vn -0.10247 0.98833 0.11271
vn 0.03608 0.99902 -0.02573
vn -0.09741 0.9847 0.14451
vn -0.10198 0.98356 0.14903
vn -0.06917 0.96768 0.2425
vn -0.09487 0.95911 0.26667
vn 0.0 0.93158 0.36354
vn -0.06476 0.90599 0.41831
vn 0.1528 0.78505 -0.60028
vn 0.11309 0.81032 -0.57497
vn 0.08448 0.92149 -0.3791
vn 0.17055 0.87623 -0.4507
vn -0.09859 0.96358 -0.24857
vn 0.08325 0.90809 -0.41042
vn -0.18396 0.96171 -0.20315
vn -0.09753 0.95321 -0.28615
vn -0.09223 0.99428 -0.05389
vn -0.1877 0.98126 0.04349
vn 0.10295 0.97679 0.18782
vn -0.08609 0.92806 0.36235
vn 0.24209 0.96437 -0.1067
vn 0.10476 0.99389 0.03479
vn 0.23883 0.93997 -0.24375
vn 0.23629 0.94126 -0.24123
vn 0.07004 0.99722 -0.02541
vn 0.24134 0.94986 -0.19882
vn -0.14884 0.98126 0.12238
vn 0.06974 0.99289 -0.09651
vn -0.18849 0.96621 0.17581
vn -0.14858 0.97954 0.13573
vn -0.04478 0.95431 0.29545
vn -0.17465 0.89529 0.40983
vn 0.09866 0.8499 0.51762
vn -0.03711 0.791 0.61069
vn -0.01835 0.9995 -0.02575
vn 0.01988 0.99776 -0.0639
vn 0.03577 0.98808 0.14971
vn -0.01798 0.97926 0.20181
vn 0.05111 0.96219 0.26753
vn 0.0347 0.95857 0.28274
vn 0.0 0.9079 0.41919
vn 0.04911 0.92459 0.37779
vn 0.15196 0.80608 -0.57196
vn 0.04502 0.88836 -0.45694
vn 0.15597 0.82735 -0.5396
vn 0.07115 0.90894 -0.41081
vn 0.0466 0.91954 -0.39022
vn 0.25705 0.92559 -0.27786
vn 0.07765 0.99196 -0.09995
vn 0.40608 0.91294 0.04046
vn 0.26221 0.94415 0.19959
vn 0.37987 0.86169 0.33644
vn 0.38322 0.86155 0.33297
vn 0.29913 0.95363 0.03338
vn 0.40196 0.9118 -0.08403
vn 0.11634 0.96212 -0.24657
vn 0.27511 0.87705 -0.39383
vn 0.01812 0.97863 -0.20485
vn 0.11468 0.94839 -0.29563
vn 0.09767 0.99055 -0.09628
vn 0.01851 0.99968 -0.01711
vn 0.27778 0.95155 0.13185
vn 0.09317 0.94497 0.31362
vn 0.35614 0.84965 0.38893
vn 0.24433 0.83699 0.48964
vn 0.3163 0.81808 0.48031
vn 0.1353 0.98878 -0.06332
vn 0.01405 0.99818 0.05861
vn 0.13024 0.97108 0.20012
vn 0.13291 0.97125 0.19751
vn 0.11182 0.95313 0.28114
vn 0.12815 0.95548 0.26578
vn 0.0 0.92571 0.37824
vn 0.11193 0.95407 0.2779
vn -0.13082 0.79902 -0.5869
vn 0.18641 0.82292 -0.53671
vn -0.0268 0.92915 -0.36872
vn 0.46312 0.81587 -0.34622
vn 0.2202 0.97209 -0.08092
vn 0.54751 0.83258 -0.08389
vn 0.49363 0.86962 -0.00939
vn 0.48452 0.85586 0.18093
vn 0.54671 0.83137 0.0997
vn 0.34412 0.87579 0.33848
vn 0.48438 0.85561 0.18249
vn 0.25824 0.962 -0.08866
vn 0.35849 0.91237 -0.19766
vn 0.23152 0.88746 -0.39851
vn 0.23722 0.8837 -0.4035
vn 0.37982 0.88315 -0.27529
vn 0.25006 0.95854 -0.13661
vn 0.52309 0.85215 -0.01459
vn 0.39054 0.90806 0.15132
vn 0.52097 0.81012 0.26886
vn 0.5 0.81454 0.29415
vn 0.4139 0.78575 0.45966
vn 0.5032 0.78249 0.36674
vn 0.0 0.86235 0.50631
vn 0.50631 0.86235 0.0
vn -0.10907 0.99403 0.0
vn 0.0 0.99403 -0.10907
vn -0.09372 0.8542 -0.51143
vn 0.18021 0.98194 0.05766
vn 0.12131 0.98564 0.11745
vn 0.15096 0.96871 0.197
vn 0.17787 0.96921 0.17027
vn 0.27019 0.92759 0.25802
vn 0.14254 0.91464 0.3783
vn 0.0 0.9601 0.27966
vn 0.27966 0.9601 0.0
vn -0.32926 0.87766 -0.34829
vn -0.46697 0.86175 -0.19831
vn -0.32796 0.94144 -0.07837
vn -0.35077 0.93498 -0.05277
vn -0.30614 0.95193 -0.01028
vn -0.32893 0.94423 0.01507
vn -0.3073 0.94484 0.11331
vn -0.3043 0.9462 0.11002
vn -0.18217 0.96164 0.2051
vn -0.29354 0.90254 0.31506
vn 0.54261 0.82094 -0.17785
vn -0.158 0.83405 0.52859
vn 0.52848 0.79957 -0.28529
vn 0.6047 0.79486 -0.05046
vn 0.60743 0.78357 0.13057
vn 0.51435 0.8066 0.29128
vn 0.60332 0.77828 0.17402
vn 0.49498 0.78678 0.36875
vn 0.50126 0.78608 0.36169
vn -0.29 0.95132 -0.10438
vn 0.0 0.92377 -0.38296
vn -0.00439 0.85797 -0.51368
vn -0.28035 0.91967 -0.27498
vn 0.03469 0.99238 0.11825
vn -0.00506 0.98754 0.15726
vn 0.24193 0.95566 0.16789
vn 0.03251 0.92994 0.36628
vn 0.0 0.92408 0.3822
vn 0.2425 0.9579 0.15369
vn -0.12655 0.87036 -0.47588
vn -0.22711 0.89218 -0.39042
vn -0.22461 0.94963 -0.21853
vn -0.13712 0.94309 -0.30296
vn -0.41134 0.91004 -0.05136
vn -0.22251 0.94077 -0.25581
vn -0.49949 0.86621 0.01382
vn -0.40987 0.9068 -0.09855
vn -0.44638 0.88885 0.10336
vn -0.49286 0.8547 0.16301
vn -0.30251 0.89989 0.31413
vn -0.40767 0.81176 0.41815
vn -0.16515 0.83306 0.52796
vn 0.35763 0.86267 -0.35763
vn -0.26695 0.92332 -0.27607
vn -0.27022 0.95082 0.15141
vn -0.27435 0.94893 0.15578
vn -0.30945 0.88476 0.34849
vn -0.26068 0.91725 0.30115
vn 0.0 0.98737 0.15841
vn -0.29745 0.85044 0.4339
vn -0.01624 0.79007 -0.61281
vn -0.05117 0.8056 -0.59025
vn -0.15215 0.90546 -0.39623
vn -0.01774 0.86299 -0.50492
vn -0.32452 0.90055 -0.28929
vn -0.14784 0.87978 -0.45182
vn -0.36776 0.89734 -0.244
vn -0.32451 0.90051 -0.28943
vn -0.21592 0.97069 -0.1055
vn -0.37822 0.92286 0.07265
vn 0.00173 0.98229 0.18734
vn -0.20125 0.90475 0.3754
vn 0.05001 0.88787 0.45736
vn 0.00153 0.8689 0.49499
vn -0.05145 0.79064 0.61012
vn 0.04716 0.8374 0.54455
vn 0.54541 0.78912 0.28251
vn 0.0 0.82263 0.56857
vn 0.56857 0.82263 0.0
vn -0.08421 0.98329 0.16142
vn -0.14096 0.96598 0.21681
vn -0.09605 0.94571 0.3105
vn -0.08147 0.95133 0.2972
vn -0.08256 0.88772 0.45292
vn -0.08979 0.88408 0.45863
vn -0.09221 0.99146 0.09221
vn -0.04956 0.80566 -0.59029
vn -0.13301 0.85545 -0.50051
vn -0.05083 0.82623 -0.56104
vn -0.05142 0.88837 -0.45623
vn -0.1421 0.91394 -0.38016
vn 0.16978 0.93821 -0.30154
vn -0.05759 0.99496 -0.08214
vn 0.30175 0.95045 0.07482
vn 0.1742 0.96266 0.2072
vn 0.21838 0.90136 0.37399
vn 0.28788 0.90677 0.30805
vn 0.04455 0.86803 0.4945
vn 0.22097 0.91206 0.34542
vn -0.05117 0.83724 0.54444
vn 0.04515 0.8798 0.47319
vn 0.02673 0.97538 0.21891
vn 0.05195 0.97948 0.19472
vn -0.03022 0.95407 0.29805
vn 0.02655 0.96904 0.24548
vn -0.06459 0.88581 0.45952
vn -0.02858 0.90203 0.43074
vn 0.0 0.9957 0.0926
vn -0.07175 0.98397 0.16326
vn 0.22564 0.80596 -0.54728
vn 0.13148 0.86843 -0.47806
vn 0.39512 0.84818 -0.35281
vn 0.26321 0.94017 -0.21632
vn 0.45398 0.88799 -0.07331
vn 0.42203 0.90596 -0.03367
vn 0.31445 0.92802 0.19975
vn 0.45487 0.88974 0.03812
vn 0.11564 0.9405 0.31951
vn 0.31873 0.94066 0.11649
vn 0.06558 0.93317 0.35341
vn 0.11611 0.94431 0.30788
vn 0.17874 0.86652 0.46605
vn 0.05818 0.82789 0.55787
vn 0.39047 0.82615 0.4062
vn 0.02514 0.9805 0.19492
vn 0.09122 0.98726 0.13036
vn 0.02907 0.96897 0.24546
vn 0.02482 0.96807 0.24945
vn 0.14807 0.89245 0.42616
vn 0.02556 0.85212 0.52272
vn 0.0 0.98651 0.16368
vn 0.16368 0.98651 0.0
vn 0.0 0.94631 -0.32326
vn 0.4736 0.7823 -0.40461
vn 0.47939 0.85526 -0.19678
vn 0.52097 0.8157 -0.25143
vn 0.35399 0.9346 -0.03473
vn 0.48027 0.85683 -0.18758
vn 0.24433 0.9688 0.0415
vn 0.35312 0.93232 -0.07805
vn 0.28866 0.95017 0.11767
vn 0.24108 0.95591 0.1677
vn 0.41726 0.86403 0.28171
vn 0.26171 0.86147 0.43518
vn 0.36613 0.77171 0.52001
vn 0.37303 0.77246 0.51396
vn 0.0 0.89739 0.44123
vn 0.0422 0.91266 0.40654
vn 0.12519 0.9836 0.12987
vn 0.09464 0.98254 0.16015
vn 0.20386 0.94803 0.24429
vn 0.11944 0.93843 0.32417
vn 0.0 0.8524 0.52289
vn 0.1959 0.91099 0.36294
vn 0.08201 0.94312 -0.32217
vn 0.0 0.96908 -0.24677
vn 0.22311 0.86584 -0.44781
vn 0.24739 0.84861 -0.46762
vn 0.10916 0.94992 -0.2928
vn 0.22867 0.88743 -0.40023
vn 0.02125 0.97664 -0.21381
vn 0.10905 0.9489 -0.29613
vn 0.04345 0.99557 -0.08335
vn 0.02171 0.99786 -0.06171
vn 0.07894 0.98188 0.17226
vn 0.04265 0.97733 0.20739
vn -0.03935 0.89189 0.45055
vn 0.07493 0.93196 0.35474
vn 0.0 0.91347 0.4069
vn 0.4069 0.91347 0.0
vn 0.0 0.84308 -0.53779
vn 0.32317 0.93401 0.15224
vn 0.25302 0.94074 0.22581
vn 0.35241 0.88456 0.30556
vn 0.30606 0.88458 0.35192
vn 0.0 0.92899 0.37011
vn 0.37011 0.92899 0.0
vn -0.25565 0.93687 -0.23856
vn 0.0 0.88448 -0.46658
vn -0.24799 0.84847 -0.46754
vn -0.17868 0.83293 -0.52374
vn -0.23799 0.88539 -0.39931
vn -0.25954 0.88799 -0.37963
vn -0.12655 0.94692 -0.29551
vn -0.25588 0.95193 -0.16841
vn -0.00507 0.99808 -0.06172
vn -0.13217 0.98903 0.06599
vn 0.00681 0.9782 0.20757
vn -0.00496 0.97576 0.2188
vn -0.10844 0.92907 0.35364
vn 0.00674 0.96851 0.24887
vn 0.36079 0.90688 0.21769
vn 0.52583 0.85042 0.01663
vn 0.0 0.92917 0.36966
vn 0.36966 0.92917 0.0
vn -0.01606 0.88436 -0.46652
vn 0.0 0.87781 -0.479
vn -0.00444 0.84654 -0.5323
vn -0.07027 0.87275 -0.48308
vn 0.12854 0.91187 -0.38984
vn -0.00504 0.96262 -0.2708
vn 0.19932 0.96495 -0.17072
vn 0.13874 0.98425 -0.10957
vn 0.10808 0.99194 0.06618
vn 0.2022 0.97888 -0.03023
vn -0.06578 0.97365 0.21833
vn 0.1082 0.993 0.04739
vn -0.14505 0.95829 0.24624
vn -0.06642 0.98316 0.17024
vn -0.46547 0.88506 0.0
vn 0.0 0.88506 -0.46547
vn 0.26557 0.8435 -0.46689
vn 0.07345 0.95097 -0.30043
vn 0.27163 0.92644 -0.26063
vn 0.2885 0.91635 -0.27762
vn 0.15727 0.98149 -0.10926
vn 0.27393 0.93428 -0.22823
vn 0.02997 0.99907 -0.03085
vn 0.15626 0.97514 -0.15711
vn 0.01694 0.99872 0.04766
vn 0.02997 0.99895 0.03464
vn 0.13562 0.97623 0.16904
vn 0.01626 0.95898 0.28301
vn -0.63662 0.77118 0.0
vn 0.0 0.77118 -0.63662
vn -0.58024 0.81239 -0.05774
vn -0.57382 0.79919 0.17895
vn -0.5721 0.801 0.17635
vn -0.08218 0.95032 -0.30023
vn -0.56496 0.78686 0.24833
vn 0.20897 0.93591 -0.28354
vn -0.08616 0.99626 0.00677
vn 0.16301 0.95844 -0.23413
vn 0.20927 0.93727 -0.27882
vn 0.24558 0.95703 -0.1542
vn 0.16722 0.98319 -0.07335
vn 0.372 0.92768 0.03217
vn 0.24489 0.95437 0.17091
vn 0.41348 0.87328 0.25772
vn 0.35225 0.87843 0.32291
vn -0.42278 0.90623 0.0
vn 0.0 0.90623 -0.42278
vn -0.39407 0.81433 -0.42612
vn -0.54379 0.79796 -0.25991
vn -0.34872 0.91826 -0.18762
vn -0.43384 0.89651 -0.08979
vn -0.41445 0.90816 0.05889
vn -0.355 0.9348 -0.01099
vn -0.52792 0.82943 0.18261
vn -0.4149 0.90914 0.0364
vn -0.58789 0.77143 0.24346
vn -0.53018 0.83298 0.15827
vn -0.27444 0.96158 0.00654
vn -0.1178 0.95182 -0.28315
vn -0.27213 0.9535 -0.12952
vn 0.04702 0.99613 -0.07431
vn -0.12227 0.98792 0.0952
vn 0.10703 0.97869 0.17526
vn 0.04584 0.97109 0.23427
vn 0.05809 0.93701 0.34444
vn 0.10359 0.94723 0.30334
vn -0.17916 0.8148 -0.55136
vn -0.33588 0.84308 -0.41999
vn -0.20232 0.93117 -0.3033
vn -0.20479 0.93139 -0.30095
vn -0.37031 0.92429 -0.09258
vn -0.20462 0.94172 -0.267
vn -0.51265 0.85854 -0.0101
vn -0.36514 0.9114 -0.18979
vn -0.52634 0.84959 0.03402
vn -0.51262 0.85848 0.01514
vn -0.41956 0.89177 0.16944
vn -0.50605 0.81684 0.27694
vn -0.28387 0.86326 0.41737
vn -0.37055 0.78759 0.49234
vn -0.14337 0.98066 -0.13321
vn -0.31208 0.94902 0.04441
vn -0.19787 0.97571 0.09402
vn -0.14455 0.98872 0.03931
vn -0.31724 0.9219 0.2224
vn -0.19781 0.97538 0.09746
vn -0.38779 0.87783 0.28112
vn -0.31842 0.9253 0.20597
vn -0.15646 0.77778 -0.60875
vn -0.13077 0.8874 -0.44207
vn -0.0563 0.86354 -0.50113
vn -0.32301 0.90055 -0.29099
vn -0.12888 0.87459 -0.46742
vn -0.43087 0.8682 -0.24615
vn -0.31386 0.87504 -0.3685
vn -0.37112 0.90908 -0.18931
vn -0.44199 0.89061 -0.10705
vn -0.15581 0.98763 0.01742
vn -0.36683 0.89855 0.24092
vn 0.00167 0.94705 0.32109
vn -0.1398 0.88615 0.4418
vn -0.04067 0.84725 0.52963
vn 0.00153 0.86677 0.49871
vn -0.14973 0.98765 0.04622
vn -0.04787 0.99725 -0.05664
vn -0.30065 0.95298 0.03789
vn -0.14877 0.98134 -0.1218
vn -0.31399 0.94472 0.0944
vn -0.29992 0.95069 0.07895
vn -0.20872 0.95461 0.2125
vn -0.30046 0.90403 0.30404
vn -0.0661 0.78576 -0.615
vn -0.19967 0.84749 -0.49182
vn -0.06773 0.80514 -0.5892
vn -0.20169 0.86382 -0.46166
vn -0.20361 0.86423 -0.46005
vn -0.0378 0.92095 -0.38783
vn -0.22193 0.95053 -0.21737
vn 0.17414 0.97768 -0.11752
vn -0.04081 0.99431 0.0984
vn 0.21352 0.94361 0.253
vn 0.16743 0.93999 0.2973
vn 0.05864 0.8934 0.44541
vn 0.20961 0.92633 0.31302
vn -0.10915 0.86159 0.49573
vn 0.06118 0.93209 0.35703
vn -0.17268 0.98339 -0.05586
vn -0.12499 0.98666 -0.10431
vn -0.11214 0.98613 -0.1224
vn -0.17263 0.98308 -0.06119
vn 0.05052 0.9953 0.08265
vn -0.10972 0.96485 0.23882
vn 0.15104 0.93696 0.31512
vn 0.0463 0.91205 0.40747
vn 0.0718 0.80491 -0.58903
vn 0.00416 0.83937 -0.54354
vn 0.25835 0.85276 -0.45394
vn 0.08469 0.9494 -0.30244
vn 0.40085 0.89309 -0.20423
vn 0.28904 0.95405 -0.079
vn 0.34384 0.93446 0.09247
vn 0.40943 0.91219 0.01649
vn 0.10618 0.94806 0.29985
vn 0.34477 0.93698 0.05652
vn -0.05181 0.9461 0.31971
vn 0.10973 0.97971 0.16769
vn -0.00975 0.93379 0.35768
vn -0.05029 0.91838 0.39248
vn 0.17973 0.97826 -0.10342
vn -0.0104 0.99606 0.08809
vn 0.32611 0.94351 -0.05872
vn 0.17983 0.97885 0.09757
vn 0.33471 0.91472 0.22641
vn 0.31669 0.91624 0.24537
vn 0.22645 0.88931 0.39731
vn 0.32776 0.8957 0.30049
vn 0.34937 0.82392 -0.4462
vn 0.45273 0.84958 -0.27064
vn 0.4511 0.85106 -0.2687
vn 0.34524 0.93531 -0.07744
vn 0.45952 0.86234 -0.21262
vn 0.16634 0.98591 0.01783
vn 0.34133 0.9247 -0.16859
vn 0.11389 0.99169 0.05982
vn 0.16637 0.98604 0.00635
vn 0.24236 0.95628 0.16368
vn 0.10904 0.94953 0.29413
vn 0.0537 0.91822 0.39241
vn 0.23967 0.94565 0.21977
vn -0.17683 0.98042 0.08671
vn 0.05773 0.98723 -0.14848
vn -0.25713 0.96161 0.09585
vn -0.17748 0.98405 0.01244
vn -0.3901 0.88943 0.23819
vn -0.25721 0.96188 0.09292
vn -0.44221 0.85034 0.28527
vn -0.39122 0.89197 0.2266
vn -0.31471 0.94919 0.0
vn 0.0 0.94919 -0.31471
vn -0.37166 0.84087 -0.39346
vn 0.2299 0.85578 -0.46346
vn 0.04194 0.95242 -0.30188
vn 0.30077 0.90945 -0.28713
vn 0.25199 0.93803 -0.23792
vn 0.2909 0.92893 -0.22904
vn 0.30456 0.92091 -0.24323
vn 0.35353 0.92026 -0.16778
vn 0.29718 0.94896 -0.10564
vn 0.49606 0.86827 0.00559
vn 0.35289 0.91861 0.17784
vn 0.24013 0.92727 0.28723
vn 0.49607 0.86828 -0.00226
vn -0.31973 0.92291 0.21448
vn 0.23579 0.91053 -0.33963
vn -0.42029 0.8973 -0.13495
vn -0.31702 0.91508 -0.24923
vn -0.56199 0.82708 0.01045
vn -0.41749 0.8913 -0.17687
vn -0.60984 0.78885 0.0762
vn -0.56201 0.82712 0.00248
vn -0.55559 0.80586 0.20472
vn -0.32489 0.89769 -0.29764
vn 0.0 0.82174 -0.56986
vn -0.21107 0.88534 -0.41427
vn -0.14127 0.86967 -0.47299
vn -0.33906 0.89679 -0.28425
vn -0.21193 0.88898 -0.40595
vn -0.37583 0.89825 -0.22783
vn -0.34099 0.90191 -0.26512
vn -0.14761 0.95625 -0.25257
vn -0.38598 0.92251 -7e-05
vn 0.2368 0.96559 -0.10749
vn -0.14671 0.95047 0.274
vn 0.40089 0.89942 0.17413
vn 0.22245 0.90705 0.35745
vn -0.20544 0.97867 -0.00254
vn 0.34891 0.78279 -0.51527
vn -0.35463 0.87605 -0.32677
vn -0.17957 0.85543 -0.48578
vn -0.50129 0.83487 -0.22738
vn -0.34423 0.85037 -0.39797
vn -0.49834 0.8504 -0.16875
vn -0.50849 0.84685 -0.15582
vn -0.33875 0.94087 0.00282
vn -0.496 0.84642 0.1938
vn -0.14724 0.93711 0.31644
vn -0.30194 0.83863 0.45336
vn -0.05445 0.82052 -0.56902
vn 0.0 0.79622 -0.605
vn -0.10847 0.78558 -0.60917
vn -0.18426 0.86344 -0.46961
vn -0.1166 0.84441 -0.52286
vn -0.1388 0.90084 -0.41136
vn -0.19453 0.91158 -0.36219
vn 0.00622 0.95939 -0.28202
vn -0.15098 0.97986 -0.13071
vn 0.12497 0.99216 -8e-05
vn 0.00643 0.99293 0.11856
vn 0.08836 0.95711 0.27592
vn 0.12117 0.96194 0.24495
vn -0.11369 0.92433 0.36426
vn 0.09051 0.98036 0.17525
vn -0.23999 0.81087 -0.53375
vn -0.30796 0.82731 -0.46981
vn -0.24145 0.81581 -0.52551
vn -0.21167 0.8852 -0.41427
vn -0.33285 0.89417 -0.29944
vn -0.0011 0.98349 -0.18096
vn -0.23224 0.97124 0.05245
vn 0.14256 0.96482 0.22091
vn -0.00105 0.93545 0.35345
vn 0.04194 0.87891 0.47514
vn 0.134 0.90687 0.39953
vn -0.17368 0.9848 0.0
vn 0.0 0.9848 -0.17368
vn -0.14056 0.79702 -0.58737
vn -0.566 0.8244 0.0
vn 0.0953 0.7926 -0.60225
vn 0.0 0.84242 -0.53881
vn 0.10972 0.84507 -0.52327
vn 0.03252 0.88452 -0.46536
vn 0.2493 0.89999 -0.35758
vn 0.12497 0.9625 -0.24078
vn 0.30577 0.94374 -0.1259
vn 0.26603 0.96039 -0.08298
vn 0.18998 0.97486 0.1164
vn 0.30821 0.95127 -0.00925
vn 0.00791 0.96904 0.24676
vn 0.19086 0.97936 0.06652
vn -0.06456 0.98234 0.1756
vn 0.00812 0.99451 0.1043
vn -0.05116 0.77851 -0.62555
vn 0.14389 0.83193 -0.5359
vn -0.03488 0.91706 -0.39723
vn 0.34227 0.89097 -0.29837
vn 0.16918 0.97813 -0.12098
vn 0.35721 0.93266 0.05036
vn 0.35817 0.93235 0.04927
vn 0.12562 0.92804 0.35065
vn 0.35505 0.92702 0.1207
vn -0.07708 0.9124 0.40197
vn 0.13104 0.96808 0.21367
vn -0.42666 0.90441 0.0
vn 0.0 0.90441 -0.42666
vn -0.59192 0.80599 0.0
vn -0.41511 0.87993 -0.2311
vn -0.59047 0.80706 0.0
vn -0.59192 0.80599 0.00222
vn -0.45636 0.8898 0.0
vn -0.58148 0.79476 0.17386
vn -0.53781 0.84307 0.0
vn -0.45356 0.88434 -0.11058
vn 0.35563 0.82713 -0.43517
vn 0.3336 0.84645 -0.415
vn 0.34245 0.91145 -0.22801
vn 0.3804 0.88474 -0.26931
vn 0.22406 0.97096 -0.08389
vn 0.34374 0.9149 -0.21167
vn 0.11906 0.99284 -0.00965
vn 0.22332 0.96774 -0.11667
vn 0.14727 0.98682 0.06702
vn 0.11852 0.98829 0.0961
vn 0.32844 0.93937 0.09852
vn 0.1413 0.94683 0.28905
vn 0.27879 0.79736 -0.53525
vn 0.45379 0.81769 -0.35419
vn 0.41293 0.85691 -0.30855
vn 0.39589 0.91135 -0.11272
vn 0.47454 0.8551 -0.20885
vn 0.19691 0.97906 0.05173
vn 0.39308 0.90489 -0.16328
vn 0.06389 0.9896 0.12885
vn 0.19717 0.98035 -0.00624
vn 0.14916 0.96557 0.21312
vn 0.06154 0.95317 0.29609
vn -0.28689 0.95796 0.0
vn 0.0 0.95796 -0.28689
vn -0.23659 0.79002 -0.56559
vn -0.56383 0.7988 -0.2098
vn -0.55776 0.83 0.00229
vn -0.5764 0.81662 0.02989
vn -0.60393 0.77862 0.17033
vn -0.55523 0.82624 0.09512
vn -0.60269 0.77703 -0.18164
vn -0.47447 0.84007 -0.26298
vn -0.58918 0.80004 -0.11313
vn -0.39685 0.91728 -0.03324
vn -0.49008 0.8677 0.08323
vn -0.40943 0.88859 0.20683
vn -0.39025 0.90202 0.18459
vn -0.49822 0.7995 0.33553
vn -0.4075 0.8844 0.22754
vn -0.50024 0.80275 0.32457
vn 0.0 0.8923 -0.45143
vn 0.39261 0.82579 -0.40487
vn 0.30859 0.90997 -0.277
vn 0.39894 0.8391 -0.36981
vn 0.28885 0.93274 -0.2158
vn 0.31179 0.9194 -0.23978
vn 0.37859 0.91891 -0.11078
vn 0.29577 0.9551 -0.01742
vn 0.42594 0.9005 0.08757
vn 0.37692 0.91486 0.14477
vn 0.45617 0.85112 0.25983
vn 0.40569 0.8577 0.31584
vn 0.42566 0.7942 -0.43366
vn 0.40759 0.85916 -0.30937
vn 0.28904 0.92998 -0.22714
vn 0.40218 0.84777 -0.34575
vn 0.3031 0.93781 -0.16922
vn 0.29305 0.94288 -0.15844
vn 0.44983 0.89309 -0.00568
vn 0.3034 0.93874 0.16345
vn 0.54777 0.79897 0.24819
vn 0.41176 0.8175 0.40267
vn -0.11087 0.99383 0.0
vn 0.0 0.99383 -0.11087
vn -0.3521 0.88959 -0.29097
vn -0.44745 0.87496 -0.18504
vn -0.38673 0.91782 -0.08973
vn -0.36563 0.92376 -0.11392
vn -0.47236 0.88081 0.03224
vn -0.38729 0.91914 -0.07199
vn -0.52791 0.84373 0.09713
vn -0.47249 0.88105 0.02266
vn -0.50416 0.84094 -0.19658
vn -0.52239 0.83491 -0.17333
vn -0.46193 0.77049 -0.43927
vn -0.233 0.88796 -0.39653
vn -0.39517 0.88817 -0.23451
vn -0.2051 0.9691 -0.13703
vn -0.25284 0.96356 -0.08734
vn -0.32652 0.94087 0.09025
vn -0.2069 0.9776 -0.0386
vn -0.46933 0.86509 0.17703
vn -0.32785 0.94469 0.00865
vn -0.51881 0.82793 0.21301
vn -0.47143 0.86897 0.15047
vn -0.46627 0.82014 0.3316
vn -0.49439 0.78896 0.36485
vn -0.28557 0.91482 0.28557
vn 0.41145 0.81327 -0.41145
vn 0.43207 0.85403 -0.28975
vn -0.04855 0.91399 -0.40281
vn -0.3645 0.90106 -0.235
vn -0.04526 0.85199 -0.52159
vn -0.50248 0.86444 -0.01577
vn -0.36902 0.91224 -0.17789
vn -0.55513 0.82154 0.13
vn -0.50178 0.86324 0.05507
vn -0.55023 0.81428 0.18491
vn 0.16735 0.8653 -0.47249
vn 0.18903 0.97742 -0.09438
vn 0.54554 0.77602 -0.31649
vn 0.51942 0.80691 -0.28126
vn 0.57511 0.81807 -0.00304
vn -0.56963 0.81684 -0.09113
vn 0.0 0.77747 -0.62891
vn -0.23124 0.89462 -0.38233
vn -0.28321 0.89921 -0.3335
vn -0.32756 0.92438 -0.19549
vn -0.23986 0.92796 -0.28522
vn -0.43401 0.89413 -0.11026
vn -0.3248 0.91659 -0.23314
vn -0.45413 0.88822 -0.06957
vn -0.43477 0.89569 -0.09333
vn -0.37687 0.92596 0.02382
vn -0.45221 0.88447 0.11498
vn -0.16956 0.96495 -0.20032
vn -0.37688 0.926 0.02193
vn -0.04052 0.86802 -0.49487
vn -0.15874 0.90335 -0.39845
vn -0.10618 0.9614 -0.25385
vn -0.04431 0.94932 -0.31119
vn -0.31852 0.94405 -0.08557
vn -0.10468 0.94785 -0.30104
vn -0.46012 0.88717 -0.03503
vn -0.31292 0.92746 -0.20471
vn -0.43151 0.90207 0.00826
vn -0.45996 0.88686 0.04385
vn -0.26663 0.94967 0.16444
vn -0.40924 0.85552 0.31719
vn -0.11259 0.90188 0.41706
vn -0.23226 0.82727 0.51155
vn -0.12166 0.77648 0.61829
vn -0.0987 0.79058 0.60435
vn 0.0 0.95457 0.29798
vn -0.2749 0.82001 -0.50201
vn -0.39695 0.83078 -0.39017
vn -0.37354 0.91046 -0.17754
vn -0.30792 0.91851 -0.24803
vn -0.51489 0.85552 0.05458
vn -0.37695 0.91877 -0.11738
vn -0.56977 0.8014 0.18198
vn -0.51304 0.85245 0.10056
vn -0.52583 0.77151 0.35816
vn 0.35407 0.93089 -0.08989
vn 0.30727 0.80784 0.50296
vn -0.16512 0.84368 -0.51083
vn -0.18477 0.84884 -0.49531
vn -0.2794 0.90025 -0.33389
vn -0.1734 0.88595 -0.43015
vn -0.3541 0.89393 -0.27476
vn -0.2775 0.89412 -0.3515
vn -0.31624 0.9194 -0.23386
vn -0.36194 0.91371 -0.18475
vn -0.17881 0.97859 -0.10197
vn -0.32479 0.94425 0.05386
vn -0.05849 0.98996 0.12869
vn -0.1744 0.95445 0.24209
vn 0.06433 0.99765 0.02362
vn -0.05835 0.98765 0.14542
vn -0.06297 0.91313 -0.40277
vn 0.05582 0.86573 -0.49738
vn -0.25369 0.91916 -0.3013
vn -0.0607 0.88017 -0.47075
vn -0.32338 0.90188 -0.28644
vn -0.24823 0.89937 -0.35989
vn -0.20923 0.95488 -0.21076
vn -0.33654 0.93858 -0.07629
vn 0.03848 0.99804 0.04934
vn -0.20501 0.93563 0.28735
vn 0.14164 0.92818 0.34413
vn 0.03468 0.89929 0.43598
vn 0.0512 0.84941 0.52524
vn 0.13384 0.87706 0.46137
vn -0.08426 0.79163 0.60516
vn 0.05167 0.85721 0.51237
vn 0.0 0.78944 0.61383
vn -0.22978 0.88093 -0.41372
vn -0.09666 0.84729 -0.52227
vn -0.41698 0.87748 -0.23696
vn -0.22854 0.87616 -0.42441
vn -0.44992 0.88587 -0.11318
vn -0.42477 0.89387 -0.14341
vn -0.29722 0.94824 0.11185
vn -0.43622 0.8589 0.26832
vn -0.12197 0.89 0.43934
vn -0.25199 0.80395 0.53868
vn 0.53235 0.82204 0.20212
vn 0.0 0.83936 0.54357
vn 0.54357 0.83936 0.0
vn -0.18172 0.84933 -0.4956
vn -0.10819 0.82716 -0.55145
vn -0.19197 0.88285 -0.42864
vn -0.18875 0.8822 -0.43139
vn -0.08605 0.92722 -0.36451
vn -0.20552 0.94518 -0.25376
vn 0.05024 0.97893 -0.19794
vn -0.09225 0.99406 -0.05774
vn 0.08211 0.99501 0.05676
vn 0.05105 0.99483 0.08778
vn -0.02279 0.96905 0.24579
vn 0.08136 0.986 0.14553
vn -0.00443 0.98932 0.14567
vn -0.0232 0.98619 0.16398
vn -0.10643 0.86216 -0.49533
vn -0.00368 0.82174 -0.56986
vn -0.05441 0.88049 -0.47092
vn -0.11089 0.89833 -0.42509
vn 0.15934 0.91656 -0.36677
vn -0.06087 0.98491 -0.16204
vn 0.35067 0.93342 -0.07587
vn 0.17008 0.97835 0.11795
vn 0.30402 0.91068 0.27969
vn 0.34131 0.90852 0.24101
vn 0.11738 0.89361 0.43322
vn 0.30588 0.91625 0.25868
vn -0.03849 0.88436 0.46521
vn 0.123 0.93635 0.32881
vn -0.03479 0.85784 0.51275
vn -0.03728 0.85664 0.51457
vn -0.15691 0.84073 -0.51822
vn -0.06633 0.80933 -0.58359
vn -0.08002 0.89709 -0.43455
vn -0.17148 0.9188 -0.35554
vn 0.13436 0.97842 -0.15698
vn -0.08866 0.99389 0.06568
vn 0.24296 0.92591 0.28925
vn 0.12482 0.909 0.39767
vn 0.15748 0.82039 0.54969
vn 0.21955 0.83672 0.5017
vn 0.14905 0.77649 0.61225
vn 0.03601 0.82744 0.56041
vn -0.34085 0.94012 0.0
vn -0.32262 0.88985 0.32262
vn -0.62534 0.78035 0.0
vn 0.0 0.78035 -0.62534
vn -0.6133 0.78985 0.0
vn -0.27373 0.96181 0.0
vn -0.26402 0.92768 0.26402
vn 0.00759 0.83202 -0.55469
vn -0.02174 0.84519 -0.53402
vn 0.12787 0.89097 -0.43568
vn 0.0086 0.94246 -0.3342
vn 0.22366 0.94133 -0.25273
vn 0.13999 0.97543 -0.17011
vn 0.18147 0.98174 -0.05702
vn 0.22983 0.96731 -0.10722
vn 0.01347 0.99604 0.08789
vn 0.18116 0.98008 -0.08142
vn -0.12137 0.98197 0.14494
vn 0.01352 0.99985 0.01048
vn -0.09704 0.9818 0.16325
vn -0.12052 0.97508 0.18628
vn 0.20497 0.80429 -0.55776
vn -0.09318 0.94271 -0.32033
vn 0.37678 0.83729 -0.39621
vn 0.23844 0.93566 -0.26015
vn 0.46755 0.87224 -0.1435
vn 0.40932 0.9096 -0.07139
vn 0.3729 0.9212 0.11106
vn 0.47242 0.88132 -0.00941
vn 0.15973 0.95416 0.25312
vn 0.3751 0.92663 0.02583
vn 0.04975 0.96119 0.27136
vn 0.16292 0.97321 0.16222
vn 0.13327 0.9351 0.32837
vn 0.04729 0.91364 0.40376
vn 0.27196 0.82492 0.49552
vn 0.11126 0.78063 0.61501
vn 0.51289 0.83757 0.18819
vn -0.1607 0.84653 -0.50751
vn 0.26449 0.78223 -0.56405
vn 0.17285 0.84964 -0.49823
vn 0.4517 0.83205 -0.32197
vn 0.31564 0.93351 -0.17009
vn 0.4951 0.86695 0.05729
vn 0.47548 0.87584 0.08257
vn 0.33193 0.86422 0.37808
vn 0.48458 0.84853 0.21254
vn 0.18065 0.84353 0.50578
vn 0.33277 0.86641 0.37228
vn 0.0804 0.78272 0.61716
vn 0.17461 0.81534 0.55202
vn 0.09749 0.94909 -0.29953
vn -0.61538 0.78075 -0.10834
vn -0.59114 0.79768 0.1194
vn -0.61176 0.77615 0.15275
vn -0.57246 0.77247 0.27491
vn 0.0 0.94012 0.34085
vn -0.5283 0.81663 0.23241
vn -0.34958 0.93691 0.0
vn -0.52936 0.81828 0.22404
vn -0.28566 0.95833 0.0
vn -0.34872 0.9346 0.07013
vn -0.12376 0.99231 0.0
vn -0.2818 0.94537 0.16389
vn -0.12282 0.9848 0.12282
vn 0.25161 0.81819 -0.51697
vn 0.21841 0.84289 -0.49177
vn 0.27955 0.90492 -0.32089
vn 0.27849 0.90561 -0.31986
vn 0.18697 0.96776 -0.16878
vn 0.28443 0.92073 -0.26712
vn 0.05181 0.99258 -0.11002
vn 0.18415 0.95314 -0.24004
vn 0.01578 0.99644 -0.08278
vn 0.05176 0.99161 -0.11844
vn 0.11561 0.99324 0.01041
vn 0.01574 0.99377 0.11035
vn 0.24865 0.95139 0.18175
vn 0.10967 0.9422 0.31658
vn 0.51485 0.8117 -0.27582
vn 0.25274 0.967 0.03203
vn 0.48996 0.83989 -0.23352
vn 0.51608 0.81365 -0.26766
vn 0.37379 0.92467 -0.07257
vn 0.49186 0.84315 -0.2172
vn 0.23637 0.97161 -0.01038
vn 0.37012 0.91559 -0.15715
vn 0.24281 0.9697 0.02704
vn 0.23625 0.9711 0.03399
vn 0.3795 0.9126 0.15211
vn 0.2312 0.92332 0.30665
vn 0.47279 0.80598 0.35618
vn 0.33419 0.80366 0.49239
vn 0.0 0.97568 0.21922
vn 0.21922 0.97568 0.0
vn -0.53886 0.84239 0.0
vn 0.0 0.84239 -0.53886
vn -0.36977 0.79072 -0.48788
vn -0.44999 0.79318 -0.41033
vn -0.09636 0.85368 -0.5118
vn -0.41357 0.88437 -0.21646
vn 0.34075 0.811 -0.47557
vn -0.11201 0.9923 -0.05295
vn 0.52874 0.83503 -0.15214
vn 0.3872 0.92156 0.02842
vn 0.46439 0.88172 0.08313
vn 0.53494 0.84482 -0.01034
vn 0.38197 0.89648 0.22455
vn 0.46195 0.87711 0.13146
vn 0.44434 0.82309 0.35367
vn 0.35061 0.82287 0.44718
vn 0.44424 0.82291 -0.35421
vn -0.37157 0.88536 -0.27942
vn -0.48849 0.86056 -0.14426
vn -0.33501 0.94158 -0.03465
vn -0.38686 0.9218 0.02496
vn -0.38916 0.90384 0.17787
vn -0.33302 0.93598 0.11423
vn -0.47596 0.82856 0.29487
vn -0.38817 0.90155 0.19113
vn -0.29491 0.94403 -0.14776
vn -0.42598 0.90473 0.00174
vn -0.24841 0.96118 0.12011
vn -0.29393 0.94088 0.16834
vn -0.32018 0.89475 0.3113
vn -0.24328 0.94132 0.23394
vn -0.42046 0.81415 0.40046
vn -0.32146 0.89834 0.2994
vn -0.4077 0.78945 0.45886
vn -0.47986 0.8462 0.23169
vn -0.53853 0.78407 0.30858
vn -0.57955 0.81265 0.06098
vn -0.49235 0.86821 -0.06168
vn -0.62162 0.77181 0.1338
vn -0.57937 0.8124 0.0659
vn -0.5255 0.84425 0.1053
vn -0.45616 0.8899 0.0
vn -0.52615 0.84531 0.09285
vn -0.24895 0.96852 0.0
vn -0.4448 0.86774 0.22176
vn -0.24157 0.93983 0.24157
vn 0.0 0.93339 -0.35887
vn 0.31043 0.82107 -0.47904
vn 0.22131 0.91953 -0.32478
vn 0.32142 0.85014 -0.41708
vn 0.14757 0.94988 -0.27558
vn 0.21981 0.9133 -0.34289
vn 0.19765 0.95059 -0.2394
vn 0.15063 0.96953 -0.19321
vn 0.33394 0.93594 -0.11179
vn 0.20348 0.97865 0.02881
vn 0.41836 0.90273 0.10024
vn 0.3292 0.92265 0.20084
vn 0.38617 0.87439 0.2938
vn 0.40437 0.87254 0.27415
vn 0.16716 0.98539 0.03264
vn 0.39468 0.89367 -0.21348
vn -0.14475 0.93992 -0.3092
vn 0.14065 0.82912 -0.54109
vn -0.29505 0.92527 -0.23835
vn -0.14045 0.91203 -0.38532
vn -0.21914 0.96163 -0.16505
vn -0.30291 0.94993 -0.0766
vn 0.03986 0.99859 0.03495
vn -0.21309 0.9351 0.28315
vn 0.27902 0.91134 0.30267
vn 0.03424 0.85761 0.51316
vn 0.42118 0.77337 0.47383
vn -0.31866 0.79848 -0.51077
vn -0.31019 0.77727 -0.54739
vn -0.08959 0.88462 -0.45763
vn -0.21619 0.91219 -0.34809
vn -0.08809 0.96755 -0.23682
vn -0.09813 0.96889 -0.22722
vn -0.22894 0.97206 -0.05187
vn -0.08895 0.9771 -0.19331
vn -0.37149 0.92799 0.02862
vn -0.22732 0.9652 -0.1293
vn -0.32432 0.94588 -0.01158
vn -0.37132 0.92756 0.04193
vn -0.191 0.97075 0.1455
vn -0.31233 0.91091 0.26963
vn -0.22836 0.85542 0.46487
vn -0.1751 0.88993 0.42115
vn -0.15396 0.90757 -0.39065
vn -0.24552 0.9197 -0.30637
vn -0.18744 0.96876 -0.1624
vn -0.16435 0.9688 -0.18551
vn -0.32826 0.94424 0.02557
vn -0.1885 0.97424 -0.12381
vn -0.42856 0.89686 0.10945
vn -0.32835 0.94452 -0.00771
vn -0.42181 0.88697 0.18804
vn -0.42331 0.88588 0.18983
vn -0.12661 0.99195 0.0019
vn -0.06901 0.99603 -0.05622
vn -0.28159 0.94454 0.169
vn -0.12661 0.99192 0.00837
vn -0.38261 0.89663 0.22283
vn -0.28383 0.95205 0.11417
vn -0.36557 0.88303 0.2943
vn -0.374 0.87645 0.30325
vn -0.27869 0.83031 0.48261
vn -0.32664 0.78898 0.52041
vn -0.16641 0.91755 0.36111
vn -0.28238 0.84132 0.46091
vn -0.14059 0.98758 -0.07016
vn -0.17836 0.98346 -0.03151
vn -0.17785 0.98084 0.07957
vn -0.14082 0.98916 0.0417
vn -0.41581 0.86924 0.26745
vn -0.1784 0.9839 0.01047
vn -0.41551 0.86862 -0.2699
vn -0.55193 0.83389 0.0
vn -0.2149 0.97664 0.0
vn -0.5179 0.78247 0.34573
vn -0.2101 0.95484 0.2101
vn 0.33778 0.87853 -0.33778
vn 0.31383 0.81624 -0.48504
vn 0.34433 0.84288 -0.41352
vn 0.41442 0.77445 -0.47799
vn 0.39437 0.86032 -0.323
vn 0.36209 0.88635 -0.28856
vn 0.48323 0.85861 -0.1711
vn 0.41516 0.90568 -0.08593
vn 0.50936 0.86018 0.02532
vn 0.48982 0.87032 0.05117
vn 0.44756 0.87379 0.19021
vn 0.50599 0.85448 0.11768
vn 0.00626 0.954 0.29975
vn 0.4494 0.8774 -0.16797
vn -0.57486 0.79586 -0.19011
vn -0.45534 0.82013 -0.34649
vn -0.56987 0.79511 -0.20749
vn -0.33702 0.93845 -0.07568
vn -0.48295 0.86987 0.10042
vn -0.28935 0.91614 0.27741
vn -0.32137 0.89488 0.3097
vn -0.37028 0.79712 0.47696
vn -0.2768 0.8764 0.3941
vn -0.3651 0.78597 0.49896
vn 0.02802 0.81728 -0.57556
vn -0.04903 0.85177 -0.52162
vn -0.02216 0.93406 -0.35644
vn 0.03137 0.915 -0.40223
vn -0.18323 0.9571 -0.22446
vn -0.022 0.92753 -0.37309
vn -0.2978 0.93648 -0.18527
vn -0.17915 0.93581 -0.30358
vn -0.25242 0.95905 -0.12847
vn -0.30219 0.95028 -0.07522
vn -0.06976 0.99655 0.04504
vn -0.24803 0.94234 0.22465
vn 0.05751 0.95729 0.28336
vn -0.06426 0.91807 0.39117
vn -0.01182 0.90383 0.42773
vn 0.05569 0.92701 0.37088
vn -0.09969 0.94402 -0.31447
vn -0.01203 0.92005 -0.39161
vn -0.27271 0.94493 -0.18094
vn -0.09841 0.93194 -0.34899
vn -0.35673 0.92676 -0.11777
vn -0.27111 0.93939 -0.20986
vn -0.259 0.96584 -0.00788
vn -0.3574 0.92849 0.10083
vn -0.08824 0.97399 0.20871
vn -0.24224 0.90334 0.35397
vn -0.26222 0.96347 -0.05438
vn -0.05325 0.96325 -0.26328
vn -0.30684 0.95173 0.00803
vn -0.26239 0.96412 -0.0403
vn -0.18944 0.97491 0.11691
vn -0.29864 0.9263 0.22972
vn -0.02192 0.9448 0.3269
vn -0.17009 0.87532 0.45264
vn 0.02217 0.83456 0.55047
vn -0.01892 0.81548 0.57847
vn -0.03737 0.8764 0.48013
vn 0.02395 0.90174 0.43161
vn -0.12272 0.99193 -0.03178
vn -0.04233 0.99277 -0.1123
vn -0.1907 0.98078 0.04135
vn -0.12273 0.99204 -0.02833
vn -0.19361 0.98102 0.01044
vn -0.19086 0.98159 0.00758
vn -0.14287 0.94517 -0.29368
vn -0.18742 0.94962 -0.25119
vn -0.07633 0.98268 -0.16886
vn -0.14876 0.98412 -0.0968
vn -0.39073 0.84883 0.3561
vn -0.07739 0.99632 0.03674
vn -0.41583 0.90335 0.10508
vn -0.60913 0.77454 0.17043
vn -0.28703 0.95792 0.0
vn -0.27589 0.92074 0.27589
vn 0.49848 0.83885 -0.21877
vn 0.58316 0.80873 -0.07673
vn 0.61776 0.77515 -0.13236
vn 0.5309 0.84597 0.04974
vn 0.58465 0.8108 -0.02815
vn 0.51318 0.85026 0.1171
vn 0.52911 0.84312 0.09588
vn -0.40833 0.89655 -0.17164
vn -0.12754 0.83274 -0.53878
vn -0.30921 0.86906 -0.38617
vn -0.03987 0.96683 -0.2523
vn -0.14978 0.97792 -0.14575
vn -0.13532 0.98427 0.11362
vn -0.0412 0.99897 0.01918
vn -0.30815 0.89902 0.31113
vn -0.13489 0.98118 0.13815
vn -0.39982 0.83596 0.37591
vn -0.31081 0.90678 0.28487
vn -0.35351 0.78973 0.50135
vn -0.36993 0.77345 0.51472
vn 0.0 0.8112 0.58477
vn 0.02779 0.85246 -0.52205
vn 0.10337 0.81213 -0.57424
vn -0.08592 0.91206 -0.40094
vn 0.02835 0.86977 -0.49264
vn -0.09809 0.92328 -0.37138
vn -0.0867 0.92038 -0.38129
vn 0.04424 0.95027 -0.30827
vn -0.10414 0.98024 -0.16821
vn 0.22108 0.97221 -0.07696
vn 0.04627 0.9938 0.10105
vn 0.24618 0.9428 0.22476
vn 0.21432 0.94249 0.25647
vn 0.13326 0.91177 0.38849
vn 0.24193 0.92649 0.28825
vn -0.02213 0.92822 0.37136
vn 0.14102 0.9648 0.22198
vn -0.1293 0.91239 -0.38835
vn -0.02094 0.87842 -0.47744
vn -0.10822 0.93099 -0.34864
vn -0.13262 0.93581 -0.3266
vn 0.05749 0.97433 -0.21767
vn -0.11533 0.99218 -0.04778
vn 0.19958 0.97415 0.10579
vn 0.05708 0.96753 0.24622
vn 0.18703 0.91464 0.35839
vn 0.1874 0.9147 0.35805
vn -0.04433 0.96367 -0.26339
vn -0.11027 0.97345 -0.20057
vn 0.12447 0.99136 -0.04144
vn -0.04557 0.99066 0.12855
vn 0.25002 0.93977 0.23306
vn 0.11625 0.92581 0.35966
vn 0.21797 0.8669 0.44829
vn 0.23127 0.8693 0.43684
vn 0.10759 0.81089 0.57522
vn 0.2116 0.84155 0.49702
vn -0.04984 0.90088 0.4312
vn 0.12639 0.95256 0.27685
vn -0.10052 0.98863 -0.11183
vn -0.05455 0.98605 -0.15726
vn -0.06138 0.99771 -0.02849
vn -0.10115 0.9948 0.01154
vn 0.02203 0.99973 0.00772
vn -0.06115 0.994 0.09073
vn 0.09878 0.96202 -0.25447
vn 0.02167 0.98328 -0.18081
vn 0.10377 0.98982 -0.09736
vn 0.10168 0.99025 -0.09526
vn 0.01111 0.99926 0.03685
vn 0.1041 0.99296 -0.05644
vn -0.08963 0.9893 0.11508
vn 0.01112 0.99983 0.0146
vn -0.15088 0.97091 0.18595
vn -0.08952 0.98808 0.12521
vn -0.32801 0.83473 0.44231
vn -0.14753 0.94933 0.27751
vn -0.33786 0.84625 0.41196
vn -0.33387 0.84962 0.40826
vn 0.0 0.95792 0.28703
vn -0.31101 0.77901 0.54444
vn 0.24469 0.93822 -0.24469
vn 0.25236 0.96763 0.0
vn 0.59486 0.80383 0.0
vn 0.18649 0.97617 0.11101
vn 0.00875 0.81655 -0.5772
vn 0.16761 0.90091 -0.40033
vn 0.15602 0.90733 -0.3904
vn -0.01353 0.98898 -0.1474
vn 0.17301 0.92998 -0.32434
vn -0.2445 0.96947 0.01861
vn -0.01336 0.9767 -0.21421
vn -0.2778 0.95125 0.13394
vn -0.24338 0.96503 0.09743
vn -0.12136 0.94698 0.2975
vn -0.25479 0.87244 0.41706
vn 0.04146 0.83179 0.55354
vn 0.0 0.80738 -0.59003
vn 0.08645 0.81345 -0.57517
vn 0.12613 0.86317 -0.4889
vn 0.09363 0.88094 -0.46387
vn 0.26993 0.88956 -0.36853
vn 0.14013 0.95898 -0.24642
vn 0.38691 0.90883 -0.15596
vn 0.29004 0.95585 -0.04714
vn 0.35016 0.93188 0.09475
vn 0.39126 0.91905 0.04753
vn 0.18638 0.94801 0.25797
vn 0.35042 0.93257 0.08669
vn 0.06677 0.95272 0.29641
vn 0.18982 0.96551 0.17823
vn 0.0898 0.9706 0.22332
vn 0.06779 0.96733 0.24427
vn 0.15251 0.86833 -0.47196
vn 0.08375 0.90516 -0.41674
vn 0.31586 0.89582 -0.31264
vn 0.17056 0.97108 -0.16706
vn 0.40449 0.91348 -0.04399
vn 0.33227 0.94235 0.03962
vn 0.31025 0.92129 0.23445
vn 0.4012 0.90606 0.1345
vn 0.151 0.92052 0.36033
vn 0.31251 0.92798 0.20297
vn 0.38893 0.90231 -0.18591
vn 0.22946 0.97326 -0.01047
vn 0.34597 0.80265 0.48586
vn 0.41467 0.78352 0.46275
vn 0.53321 0.77633 0.33615
vn 0.30743 0.91376 0.26558
vn 0.46603 0.88056 0.08615
vn 0.39678 0.90646 -0.14456
vn 0.31839 0.94636 -0.05508
vn 0.43811 0.89886 0.01043
vn 0.40036 0.91464 0.05605
vn 0.41952 0.90399 0.08252
vn 0.43731 0.89724 0.06098
vn 0.42431 0.89059 -0.16376
vn 0.41595 0.8963 -0.15373
vn 0.39383 0.91496 -0.08802
vn 0.42662 0.89542 -0.12733
vn 0.37403 0.92592 -0.05263
vn 0.39422 0.91584 -0.07631
vn 0.38929 0.92102 0.01345
vn 0.37438 0.92676 0.03088
vn 0.41492 0.90264 0.11438
vn 0.38498 0.9108 0.14912
vn 0.38212 0.88699 0.25929
vn 0.40619 0.88364 0.23279
vn 0.26679 0.86867 0.41741
vn 0.37597 0.87273 0.31143
vn 0.0 0.81966 0.57285
vn 0.27494 0.89522 0.35071
vn 0.27063 0.81056 -0.51938
vn 0.0 0.956 -0.29338
vn 0.23533 0.79365 -0.56102
vn 0.08712 0.91508 -0.39374
vn 0.24318 0.8201 -0.51798
vn -0.01801 0.94407 -0.32925
vn 0.08607 0.90407 -0.41862
vn 0.07698 0.97389 -0.21359
vn -0.01894 0.99256 -0.1203
vn 0.27177 0.95749 0.09667
vn 0.07537 0.95358 0.29157
vn 0.35711 0.84272 0.40285
vn 0.23471 0.82692 0.511
vn 0.38876 0.81523 -0.42927
vn 0.37441 0.82892 -0.41559
vn 0.32943 0.91447 -0.23498
vn 0.40787 0.8553 -0.31954
vn 0.16065 0.98581 -0.04862
vn 0.33015 0.91647 -0.226
vn -0.0527 0.99728 0.05158
vn 0.15877 0.97429 -0.15986
vn -0.13857 0.9861 0.09167
vn -0.05277 0.99859 0.00527
vn -0.04323 0.98247 0.18136
vn -0.13406 0.95399 0.26819
vn 0.2712 0.93323 0.23566
vn -0.03792 0.86173 0.50594
vn 0.44549 0.81324 -0.37441
vn 0.27389 0.9425 -0.19152
vn 0.46388 0.87307 -0.1502
vn 0.474 0.86528 -0.16312
vn 0.36771 0.92912 0.03906
vn 0.46761 0.88009 -0.08231
vn 0.25005 0.95774 0.14217
vn 0.36796 0.92975 0.01279
vn 0.25168 0.94546 0.20679
vn 0.24689 0.94564 0.21167
vn 0.31014 0.95064 -0.01023
vn 0.38825 0.9162 -0.09921
vn 0.05208 0.85432 0.51714
vn 0.29511 0.90459 0.3076
vn 0.52398 0.7877 0.324
vn 0.54378 0.81224 0.21112
vn 0.54092 0.81317 0.21484
vn 0.33441 0.86483 0.37447
vn 0.55203 0.82457 0.12385
vn 0.45677 0.88536 0.08662
vn 0.35283 0.91246 0.2072
vn 0.50114 0.86391 -0.05028
vn 0.45849 0.88868 0.0053
vn 0.47457 0.87857 0.05384
vn 0.50168 0.86485 0.01847
vn 0.44873 0.89161 0.06059
vn 0.47508 0.87952 0.02734
vn 0.50101 0.85299 -0.1463
vn 0.44819 0.89054 -0.07787
vn 0.55043 0.82657 -0.11754
vn 0.5057 0.86097 -0.05479
vn 0.59333 0.80218 -0.06684
vn 0.55425 0.83231 -0.00799
vn 0.59962 0.79984 0.02665
vn 0.59429 0.80349 0.03484
vn 0.5479 0.82555 0.13516
vn 0.59868 0.79858 0.06207
vn 0.4376 0.8695 0.22906
vn 0.55095 0.83014 0.08554
vn 0.29526 0.89984 0.3211
vn 0.44375 0.88172 0.16019
vn 0.0 0.9311 0.36477
vn 0.3112 0.94843 0.06036
vn 0.03025 0.89072 -0.45355
vn 0.2364 0.82152 -0.51887
vn 0.25917 0.80376 -0.53553
vn 0.38729 0.83662 -0.38739
vn 0.26653 0.92621 -0.26664
vn 0.5548 0.82594 -0.1001
vn 0.41877 0.90463 0.07925
vn 0.55899 0.79294 0.24245
vn 0.53675 0.79907 0.27089
vn 0.0 0.77828 0.62792
vn 0.62792 0.77828 0.0
vn -0.07368 0.99728 0.0
vn 0.0 0.99728 -0.07368
vn -0.29864 0.85315 -0.42773
vn -0.19918 0.83548 -0.51215
vn -0.39857 0.85914 -0.32097
vn -0.30014 0.85744 -0.41799
vn -0.50409 0.83853 -0.20678
vn -0.39743 0.85669 -0.32883
vn -0.50574 0.8513 -0.13968
vn -0.51062 0.8494 -0.13336
vn -0.40187 0.91568 0.00483
vn -0.50596 0.85166 0.13667
vn -0.27695 0.92503 0.26004
vn -0.37503 0.85451 0.35941
vn -0.2923 0.82469 0.48419
vn -0.25554 0.8535 0.45413
vn -0.55573 0.81471 -0.16555
vn -0.29876 0.84291 -0.44748
vn -0.54181 0.7943 -0.27483
vn -0.49721 0.86755 0.01194
vn -0.06513 0.97378 0.21797
vn -0.32753 0.93935 -0.10171
vn -0.15539 0.94799 -0.2778
vn -0.33707 0.89135 0.3031
vn -0.31594 0.90609 0.2814
vn 0.58417 0.78471 0.20732
vn 0.50664 0.85259 0.12806
vn 0.59714 0.80214 0.0
vn 0.33709 0.9181 0.20848
vn 0.51085 0.85967 0.0
vn 0.33971 0.94051 0.00561
vn 0.34466 0.93873 0.0
vn 0.3217 0.94663 0.02022
vn 0.33972 0.94053 0.0
vn 0.29489 0.95507 0.02968
vn 0.32177 0.94682 0.0
vn 0.36713 0.92663 -0.08102
vn 0.29502 0.95549 0.0
vn 0.41709 0.90703 -0.05772
vn 0.36834 0.92969 0.0
vn 0.42493 0.90518 -0.00869
vn 0.41779 0.90855 0.0
vn 0.39167 0.91924 0.03986
vn 0.42495 0.90522 0.0
vn 0.32809 0.94181 0.0732
vn 0.39198 0.91997 0.0
vn 0.23707 0.96638 0.09958
vn 0.32897 0.94434 0.0
vn 0.06249 0.98197 0.1784
vn 0.23826 0.9712 0.0
vn 0.0 0.99798 0.06351
vn 0.06351 0.99798 0.0
vn -0.60529 0.79601 0.0
vn 0.0 0.79601 -0.60529
vn -0.42147 0.79051 -0.44436
vn -0.394 0.78945 -0.47067
vn -0.32867 0.84162 -0.42855
vn -0.44763 0.83959 -0.30776
vn 0.14447 0.82347 -0.54866
vn -0.36219 0.92745 -0.09304
vn 0.48186 0.84205 -0.24241
vn 0.17181 0.97934 0.10667
vn 0.56397 0.82264 0.07206
vn 0.48929 0.85504 0.17179
vn 0.48508 0.82818 0.28075
vn 0.55475 0.8092 0.19353
vn 0.3887 0.83098 0.39797
vn 0.48254 0.82385 0.29738
vn 0.3285 0.77019 0.54671
vn 0.36242 0.77479 0.51803
vn -0.46873 0.88094 -0.06508
vn 0.0 0.85524 -0.51824
vn -0.29939 0.81346 -0.49865
vn -0.20499 0.79331 -0.57327
vn -0.36137 0.83814 -0.40858
vn -0.30685 0.83373 -0.45905
vn -0.10714 0.94951 0.29488
vn -0.17931 0.84501 -0.50379
vn -0.29072 0.86515 -0.40866
vn -0.06114 0.93715 -0.34352
vn -0.20295 0.9564 -0.21003
vn -0.04525 0.99399 -0.09972
vn -0.06489 0.99467 -0.08017
vn -0.17694 0.97843 0.10657
vn -0.04546 0.99862 -0.02636
vn -0.31931 0.92908 0.18667
vn -0.17783 0.98335 0.03745
vn -0.35931 0.90762 0.21707
vn -0.32006 0.93126 0.17411
vn -0.28723 0.90096 0.32521
vn -0.3409 0.86111 0.3772
vn -0.21111 0.81257 0.54329
vn -0.24962 0.78301 0.56972
vn -0.09815 0.85111 -0.51574
vn 0.0 0.81104 -0.58499
vn -0.13233 0.80339 -0.58056
vn -0.15147 0.80967 -0.567
vn -0.00217 0.87599 -0.48232
vn -0.15177 0.92137 -0.35782
vn 0.01706 0.78422 -0.62025
vn -0.08644 0.82959 -0.55164
vn 0.10097 0.89958 -0.42493
vn 0.02032 0.93401 -0.35668
vn 0.04344 0.9758 -0.21429
vn 0.10725 0.95557 -0.27455
vn -0.15092 0.98535 -0.07942
vn 0.04285 0.96251 -0.26785
vn -0.28469 0.95829 -0.0253
vn -0.14929 0.97476 -0.16602
vn -0.23575 0.97111 0.03698
vn -0.28367 0.95485 0.08823
vn -0.07185 0.98043 0.1833
vn -0.22291 0.91825 0.3273
vn 0.04553 0.91503 0.40082
vn -0.06378 0.87033 0.48832
vn 0.01785 0.80848 0.58825
vn 0.04073 0.81858 0.57294
vn -0.1793 0.96732 0.1793
vn 0.15587 0.80113 -0.57784
vn 0.0 0.88477 -0.46603
vn 0.21295 0.80034 -0.56046
vn 0.12027 0.86103 -0.49413
vn 0.29834 0.88972 -0.34553
vn 0.24571 0.92346 -0.29469
vn 0.16521 0.82126 -0.54611
vn 0.16206 0.82333 -0.54393
vn 0.07734 0.9314 -0.35568
vn 0.17708 0.88029 -0.44015
vn -0.06858 0.95885 -0.2755
vn 0.07574 0.91205 -0.40302
vn -0.09247 0.95927 -0.26694
vn -0.06828 0.95476 -0.28944
vn 0.04463 0.98482 -0.16773
vn -0.09592 0.99498 -0.02846
vn 0.20797 0.97399 0.09
vn 0.04381 0.96675 0.25194
vn 0.25014 0.91201 0.32508
vn 0.19334 0.90549 0.37777
vn 0.16099 0.86073 0.48294
vn 0.24058 0.87714 0.41562
vn 0.06566 0.81749 0.57218
vn 0.15882 0.84915 0.50371
vn 0.0 0.98325 0.18226
vn 0.18226 0.98325 0.0
vn 0.42241 0.80196 -0.42241
vn 0.34161 0.81515 -0.4678
vn 0.37327 0.78478 -0.49476
vn 0.24807 0.92289 -0.29451
vn 0.3547 0.84638 -0.39729
vn 0.0 0.82428 -0.56618
vn 0.14929 0.82501 -0.54504
vn 0.07251 0.89207 -0.44604
vn 0.15336 0.84747 -0.50821
vn 0.1257 0.90743 -0.40097
vn 0.07564 0.93066 -0.35797
vn 0.29479 0.91446 -0.27723
vn 0.13626 0.9837 -0.11737
vn 0.41584 0.90906 -0.026
vn 0.30525 0.94692 0.10083
vn 0.37189 0.89828 0.23409
vn 0.4081 0.89214 0.19374
vn 0.22956 0.89826 0.37475
vn 0.37203 0.89862 0.23253
vn 0.1345 0.89547 0.42431
vn 0.23319 0.91246 0.33622
vn 0.19379 0.84376 0.50052
vn 0.12367 0.82337 0.55386
vn 0.04 0.84525 -0.53288
vn 0.12276 0.799 -0.58867
vn -0.02809 0.90488 -0.42475
vn 0.04147 0.87629 -0.48
vn 0.22584 0.82691 0.515
vn 0.34114 0.80617 -0.48344
vn 0.32893 0.81725 -0.47319
vn 0.44837 0.83426 -0.32089
vn 0.37816 0.89366 -0.24161
vn 0.4952 0.86266 -0.10293
vn 0.47215 0.87852 -0.07267
vn 0.27517 0.95599 0.10179
vn 0.49191 0.85692 -0.15401
vn -0.04826 0.97608 0.21197
vn 0.27478 0.95464 -0.11467
vn -0.27137 0.93178 0.24111
vn -0.04937 0.99864 0.01694
vn -0.34939 0.87919 0.32396
vn -0.27115 0.93104 0.24423
vn -0.3285 0.82661 0.45695
vn -0.18347 0.98302 0.0
vn 0.0 0.98302 -0.18347
vn -0.2867 0.77129 -0.56826
vn -0.30334 0.77447 -0.55514
vn -0.21031 0.85743 -0.46967
vn -0.32407 0.87181 -0.36731
vn 0.0 0.84727 -0.53117
vn -0.03214 0.78545 0.61809
vn 0.61614 0.7871 -0.02897
vn 0.0 0.84884 0.52866
vn -0.03407 0.8327 0.55268
vn 0.0 0.85168 -0.52406
vn 0.17719 0.85171 -0.49314
vn -0.02459 0.96505 -0.26091
vn 0.18266 0.87801 -0.44241
vn -0.33176 0.94015 -0.07777
vn -0.02357 0.92496 -0.37934
vn -0.44856 0.87966 -0.15809
vn -0.31716 0.89878 -0.30267
vn -0.46692 0.87799 -0.10546
vn -0.45068 0.88382 -0.1255
vn -0.36659 0.93025 0.01578
vn -0.46522 0.87479 0.13531
vn -0.23145 0.94101 0.24685
vn -0.34252 0.86915 0.35673
vn -0.20618 0.85637 0.4734
vn -0.21 0.85378 0.47641
vn -0.19331 0.8029 0.5639
vn 0.0 0.84998 0.52682
vn -0.22835 0.95705 -0.17862
vn 0.0 0.92025 -0.39133
vn 0.00761 0.81274 -0.58257
vn -0.11022 0.86003 -0.4982
vn 0.09606 0.91729 -0.38647
vn 0.0089 0.95073 -0.3099
vn -0.11091 0.84204 -0.52789
vn 0.0 0.79668 -0.6044
vn -0.14998 0.98802 -0.03636
vn -0.13038 0.98986 -0.0563
vn 0.0 0.83318 0.553
vn -0.17746 0.83817 -0.51574
vn 0.0 0.7706 -0.63732
vn -0.24411 0.86602 -0.43637
vn -0.13264 0.83946 -0.52698
vn -0.32463 0.8751 -0.3589
vn -0.24454 0.86755 -0.43308
vn -0.27953 0.90993 -0.30643
vn -0.33694 0.90829 -0.24796
vn -0.12441 0.98238 -0.1395
vn -0.29346 0.95526 0.03683
vn 0.01391 0.98815 0.15285
vn -0.12057 0.95204 0.28123
vn -0.02382 0.92485 0.37959
vn 0.0132 0.9376 0.34747
vn -0.14955 0.86343 0.48179
vn -0.02382 0.92481 0.37969
vn -0.22329 0.79768 0.56023
vn -0.14719 0.8498 0.50614
vn 0.18577 0.90423 -0.38452
vn 0.0 0.97669 -0.21468
vn 0.17397 0.85211 -0.49361
vn 0.16611 0.85711 -0.48762
vn 0.07456 0.94812 -0.30905
vn 0.18293 0.89604 -0.40454
vn -0.13455 0.78944 -0.5989
vn -0.09887 0.99349 -0.05651
vn -0.168 0.98569 0.01384
vn 0.0 0.77497 0.632
vn -0.02514 0.77036 -0.63712
vn -0.11317 0.84151 -0.52826
vn -0.11077 0.8407 -0.53005
vn 0.00902 0.89468 -0.44662
vn -0.12574 0.93501 -0.33159
vn 0.17097 0.95049 -0.25948
vn 0.01003 0.99467 -0.10265
vn 0.20136 0.97879 0.03774
vn 0.17668 0.98223 0.06326
vn 0.05623 0.95751 0.28285
vn 0.1994 0.9693 0.14384
vn -0.10599 0.9324 0.34555
vn 0.0575 0.9793 0.1941
vn -0.14294 0.91557 0.3759
vn -0.10608 0.93314 0.34351
vn -0.05685 0.85777 0.51089
vn -0.12772 0.81808 0.56074
vn 0.20989 0.95493 -0.20989
vn 0.13734 0.86094 -0.48981
vn 0.24538 0.78616 -0.56723
vn 0.0558 0.91 -0.41084
vn 0.13845 0.8679 -0.47706
vn 0.06684 0.99767 0.01401
vn 0.07586 0.99711 0.00495
vn 0.0 0.83671 -0.54764
vn 0.22579 0.82406 -0.51956
vn 0.13534 0.88271 -0.45001
vn 0.32536 0.89121 -0.31606
vn 0.25612 0.93473 -0.24636
vn 0.29001 0.95197 -0.09824
vn 0.33896 0.92845 -0.15193
vn 0.12277 0.99038 0.06378
vn 0.28963 0.95073 -0.11055
vn -0.0197 0.98898 0.14676
vn 0.12302 0.99239 0.00449
vn 0.01648 0.98079 0.19439
vn -0.01939 0.97332 0.22865
vn 0.15432 0.92719 0.34132
vn 0.01492 0.88793 0.45974
vn 0.22225 0.8042 0.55123
vn 0.12917 0.77608 0.61726
vn 0.0 0.89307 -0.44993
vn 0.27409 0.77989 -0.56271
vn 0.33793 0.82478 -0.45337
vn 0.30081 0.85593 -0.4206
vn 0.0 0.91964 -0.39276
vn 0.1718 0.98512 0.00489
vn 0.38215 0.89723 -0.22122
vn 0.14315 0.82083 0.55294
vn 0.37482 0.82596 -0.42107
vn 0.39584 0.80553 -0.44095
vn 0.29971 0.92253 -0.24314
vn 0.38913 0.8575 -0.33655
vn 0.1758 0.9715 -0.15898
vn 0.29656 0.91282 -0.28075
vn 0.15443 0.98139 -0.11412
vn 0.1764 0.97483 -0.13636
vn 0.26784 0.96345 0.00435
vn 0.15427 0.98038 0.1227
vn 0.38598 0.89806 0.21097
vn 0.25099 0.90283 0.34914
vn 0.39595 0.81545 0.42221
vn 0.34934 0.81281 0.46616
vn 0.3946 0.78102 0.48404
vn 0.41031 0.81443 -0.41031
vn 0.40086 0.79567 -0.45411
vn 0.36557 0.85599 -0.36557
vn 0.1958 0.95213 -0.23476
vn 0.36077 0.84473 -0.39533
vn 0.0 0.82937 0.5587
vn 0.1831 0.89041 0.41671
vn -0.50314 0.8642 0.0
vn 0.0 0.8642 -0.50314
vn -0.18039 0.86279 -0.47229
vn -0.2018 0.86758 -0.45451
vn -0.16832 0.91759 -0.36014
vn -0.19261 0.92124 -0.33795
vn 0.00256 0.95581 -0.29397
vn -0.17916 0.97665 -0.1186
vn 0.30145 0.94429 -0.13209
vn 0.00264 0.98474 0.17398
vn 0.51402 0.85114 0.10653
vn 0.28329 0.8874 0.36369
vn 0.51243 0.80092 0.30973
vn 0.48613 0.80496 0.34018
vn 0.0 0.84999 0.52679
vn 0.52679 0.84999 0.0
vn 0.44411 0.77816 -0.44411
vn 0.49567 0.86851 0.0
vn -0.10003 0.90118 -0.42175
vn 0.0 0.86541 -0.50107
vn 0.0 0.90572 0.42388
vn -0.09562 0.86144 0.49877
vn -0.3307 0.81558 -0.47483
vn -0.35557 0.82792 -0.43373
vn -0.33955 0.82671 -0.44861
vn -0.29561 0.89687 -0.32901
vn -0.38326 0.89239 -0.23823
vn -0.17753 0.97694 -0.11864
vn -0.31294 0.94944 0.0251
vn -0.1187 0.97779 0.17276
vn -0.17412 0.95818 0.22709
vn -0.19071 0.90832 0.37227
vn -0.11482 0.94577 0.30386
vn -0.18356 0.90547 0.38265
vn -0.1894 0.90209 0.38776
vn 0.01704 0.87664 0.48085
vn -0.15854 0.78205 0.60271
vn 0.0 0.77327 0.63408
vn 0.01517 0.78057 0.62489
vn -0.08283 0.86243 -0.49935
vn 0.0 0.82883 -0.5595
vn 0.0 0.86541 0.50107
vn -0.07935 0.82622 0.55773
vn -0.12432 0.77915 -0.61438
vn -0.15769 0.79052 -0.59178
vn -0.0186 0.87878 -0.47686
vn -0.14634 0.91713 -0.37074
vn 0.07706 0.96329 -0.25716
vn -0.02087 0.98632 -0.16353
vn 0.01919 0.99947 0.02643
vn 0.0797 0.99623 -0.03423
vn -0.11903 0.96613 0.22897
vn 0.01911 0.99537 0.09416
vn -0.21965 0.92882 0.29841
vn -0.11975 0.972 0.20218
vn -0.19597 0.90091 0.38725
vn -0.2109 0.89181 0.40024
vn -0.12077 0.78627 0.60596
vn 0.0 0.78066 0.62496
vn 0.05413 0.82762 -0.55868
vn 0.0 0.85384 -0.52054
vn 0.0 0.82883 0.5595
vn 0.05575 0.85251 0.51973
vn 0.17317 0.78844 -0.59023
vn 0.11204 0.82771 -0.54986
vn 0.22586 0.90316 -0.36509
vn 0.20152 0.91748 -0.34295
vn 0.1405 0.97675 -0.16194
vn 0.23458 0.93801 -0.25518
vn -0.00744 0.99938 -0.03434
vn 0.14003 0.97351 -0.18072
vn -0.08263 0.99215 0.09386
vn -0.00744 0.9998 0.01876
vn 0.00991 0.979 0.20363
vn -0.07948 0.95443 0.28766
vn 0.13253 0.90428 0.40584
vn 0.00873 0.86303 0.50508
vn 0.15334 0.787 0.59759
vn 0.11136 0.84853 -0.5173
vn 0.0 0.90209 -0.43156
vn 0.0 0.85384 0.52054
vn 0.11757 0.89583 0.42856
vn 0.0 0.86223 -0.50651
vn 0.28288 0.79893 -0.53074
vn 0.19982 0.91781 -0.34308
vn 0.3008 0.84952 -0.43339
vn 0.11756 0.95824 -0.26068
vn 0.20025 0.91974 -0.33762
vn 0.16463 0.96979 -0.18003
vn 0.12063 0.9833 -0.13625
vn 0.29619 0.95496 0.01792
vn 0.16534 0.97398 0.15502
vn 0.37107 0.8891 0.26797
vn 0.27597 0.88976 0.36356
vn 0.33676 0.81265 0.4756
vn 0.33928 0.81292 0.47335
vn 0.0 0.79642 0.60474
vn 0.43884 0.87064 0.22226
vn 0.29795 0.86112 -0.41196
vn 0.0 0.99135 -0.13125
vn 0.0 0.90209 0.43156
vn 0.32445 0.93772 0.12415
vn 0.3263 0.84202 -0.42957
vn 0.38527 0.78704 -0.4818
vn 0.39566 0.86215 -0.31648
vn 0.34834 0.8989 -0.26579
vn 0.50311 0.85604 -0.11861
vn 0.41708 0.90883 -0.00887
vn 0.52798 0.8387 0.13349
vn 0.49925 0.84947 0.17071
vn 0.46441 0.81982 0.33498
vn 0.51133 0.81225 0.28068
vn 0.44623 0.77337 0.45032
vn 0.43805 0.77329 0.45841
vn 0.0 0.96893 0.24735
vn 0.24735 0.96893 0.0
vn 0.13014 0.98292 -0.13014
vn -0.06458 0.98928 0.13098
vn 0.13098 0.98928 -0.06458
vn -0.19917 0.97997 0.0
vn -0.06453 0.98855 -0.13638
vn -0.2546 0.96705 0.0
vn -0.19882 0.97827 -0.05874
vn -0.2765 0.96101 0.0
vn -0.25453 0.96678 -0.02363
vn -0.25876 0.96594 0.0
vn -0.27645 0.96084 0.01906
vn -0.23065 0.97304 0.0
vn -0.25864 0.96551 0.02978
vn -0.25872 0.96595 0.0
vn -0.23055 0.9726 -0.02996
vn -0.26598 0.96398 0.0
vn -0.25871 0.96592 -0.0078
vn -0.2621 0.96504 0.0
vn -0.26598 0.96397 0.00416
vn -0.25413 0.96717 0.0
vn -0.2621 0.965 0.00853
vn -0.24034 0.97069 0.0
vn -0.25411 0.96707 0.01466
vn -0.20964 0.97778 0.0
vn -0.24022 0.97018 0.03221
vn -0.15004 0.98868 0.0
vn -0.20924 0.97595 0.06113
vn -0.04132 0.99915 0.0
vn -0.14916 0.98284 0.10851
vn -0.04129 0.99829 0.04129
vn 0.63304 0.77408 -0.00756
vn 0.59383 0.78882 0.15852
vn 0.0 0.83814 0.54546
vn 0.54546 0.83814 0.0
vn 0.065 0.99577 -0.065
vn 0.19737 0.97113 -0.13398
vn 0.06514 0.99788 0.0
vn 0.25418 0.96542 -0.05796
vn 0.19917 0.97997 0.0
vn -0.10715 0.99395 -0.02429
vn 0.2378 0.90323 -0.35725
vn -0.3713 0.92833 0.01842
vn -0.10345 0.95969 -0.26134
vn -0.50291 0.86393 0.02664
vn -0.36775 0.91946 -0.13913
vn -0.53708 0.84313 -0.02597
vn -0.50171 0.86188 -0.07385
vn -0.57257 0.81983 -0.00662
vn -0.53634 0.84197 -0.0585
vn -0.6057 0.79568 0.00344
vn -0.57192 0.81891 -0.04792
vn -0.60976 0.79256 0.00701
vn -0.60571 0.79569 0.00057
vn -0.57526 0.81788 0.0124
vn -0.60852 0.79094 0.06419
vn -0.49195 0.87015 0.02889
vn -0.56975 0.81004 0.13868
vn -0.35858 0.93167 0.05836
vn -0.48149 0.85165 0.20705
vn -0.15422 0.98207 0.10842
vn -0.34253 0.88997 0.30103
vn 0.0 0.99915 0.04132
vn -0.15224 0.96945 0.19234
vn 0.43619 0.78707 -0.43619
vn 0.48474 0.87466 0.0
vn 0.32004 0.85941 0.39873
vn 0.0 0.93713 0.34899
vn 0.34899 0.93713 0.0
vn -0.19489 0.91208 -0.36074
vn 0.0 0.85401 -0.52026
vn -0.32893 0.91117 -0.24813
vn -0.19332 0.90471 -0.37965
vn -0.42981 0.89276 -0.13509
vn -0.32897 0.91129 -0.24765
vn -0.53461 0.84201 -0.07214
vn -0.42405 0.8808 -0.21065
vn -0.61161 0.78926 -0.05484
vn -0.52782 0.83131 -0.17414
vn -0.62986 0.77538 -0.04538
vn -0.61078 0.78818 -0.0756
vn -0.58618 0.81018 0.00058
vn -0.62899 0.77432 0.06932
vn -0.49219 0.86763 0.07042
vn -0.57563 0.7956 0.18887
vn -0.38847 0.90825 0.15549
vn -0.47632 0.83966 0.26093
vn -0.28972 0.93002 0.22611
vn -0.37341 0.87302 0.31369
vn -0.08851 0.94356 0.31915
vn -0.26271 0.84331 0.46885
vn 0.0 0.98088 0.19461
vn -0.08967 0.956 0.27934
vn 0.1791 0.8402 -0.51185
vn 0.0 0.92974 -0.36821
vn 0.12915 0.91438 -0.38371
vn 0.18789 0.88145 -0.43329
vn 0.05062 0.96376 -0.26191
vn 0.13171 0.93255 -0.33616
vn 0.01291 0.97249 -0.23258
vn 0.05053 0.96213 -0.26786
vn 0.07698 0.97585 -0.20442
vn 0.01314 0.98972 -0.1424
vn 0.19213 0.97689 -0.0937
vn 0.07862 0.99667 0.02181
vn 0.24381 0.96596 0.08647
vn 0.19105 0.97139 0.14108
vn 0.19817 0.95366 0.2264
vn 0.24056 0.95308 0.18375
vn 0.11302 0.94883 0.29486
vn 0.19881 0.95673 0.21247
vn 0.0854 0.93765 0.33692
vn 0.11236 0.94326 0.31248
vn 0.24744 0.84683 0.4708
vn 0.07243 0.79519 0.60202
vn 0.0 0.95986 0.28047
vn 0.28047 0.95986 0.0
vn 0.34553 0.87247 -0.34553
vn 0.17296 0.88391 -0.4345
vn 0.30967 0.78192 -0.54102
vn 0.15578 0.92926 -0.33498
vn 0.17944 0.91699 -0.35627
vn 0.22205 0.93931 -0.2615
vn 0.16191 0.96581 -0.20247
vn 0.30206 0.94357 -0.13576
vn 0.22967 0.97151 -0.05845
vn 0.30926 0.95075 0.0208
vn 0.30478 0.95208 0.02574
vn 0.23246 0.96251 0.13979
vn 0.3088 0.94933 0.05837
vn 0.15069 0.9707 0.18715
vn 0.23352 0.96688 0.10299
vn 0.15169 0.96492 0.21429
vn 0.14978 0.9648 0.21615
vn 0.25227 0.91856 0.3043
vn 0.14197 0.90312 0.40525
vn 0.0 0.79728 0.60361
vn 0.24012 0.87431 0.4218
vn 0.0 0.98591 -0.16729
vn 0.35766 0.87046 -0.33819
vn 0.42323 0.81041 -0.40511
vn 0.37175 0.90858 -0.19047
vn 0.37299 0.90778 -0.19187
vn 0.33811 0.93941 -0.05651
vn 0.37676 0.92082 -0.10074
vn 0.26532 0.96381 0.02606
vn 0.33816 0.93953 -0.05412
vn 0.22611 0.97227 0.05977
vn 0.26536 0.96398 0.01808
vn 0.26947 0.95759 0.102
vn 0.22397 0.96304 0.14962
vn 0.36597 0.90811 0.20345
vn 0.25703 0.91338 0.3157
vn 0.40286 0.83505 0.3747
vn 0.33567 0.83294 0.43993
vn 0.0 0.90066 0.43452
vn 0.43452 0.90066 0.0
vn 0.165 0.9724 -0.165
vn 0.16729 0.98591 0.0
vn 0.44339 0.87696 -0.18535
vn 0.53113 0.79326 -0.29773
vn 0.38237 0.91853 -0.10049
vn 0.44428 0.87871 -0.17462
vn 0.38037 0.92331 -0.05318
vn 0.38368 0.9217 -0.05707
vn 0.43766 0.89898 0.01686
vn 0.37948 0.92117 0.08626
vn 0.5239 0.84168 0.13076
vn 0.42347 0.86984 0.25309
vn 0.44663 0.84563 0.29228
vn 0.5168 0.83028 0.2087
vn 0.0 0.88425 0.46702
vn 0.46702 0.88425 0.0
vn 0.33152 0.88329 -0.33152
vn 0.49061 0.85467 -0.16984
vn 0.35139 0.93623 0.0
vn 0.5359 0.84267 -0.05218
vn 0.49785 0.86727 0.0
vn 0.47512 0.87609 0.08204
vn 0.53663 0.84382 0.0
vn 0.23461 0.93338 0.27158
vn 0.47673 0.87905 0.0
vn 0.0 0.96983 0.24378
vn 0.24378 0.96983 0.0
vn -0.19657 0.98049 0.0
vn 0.0 0.98049 -0.19657
vn -0.25793 0.96616 0.0
vn 0.0 0.96616 -0.25793
vn -0.57995 0.81116 -0.07531
vn -0.58425 0.80864 -0.06896
vn -0.58137 0.81316 0.02791
vn -0.52483 0.77163 -0.35936
vn -0.57574 0.79853 -0.17568
vn -0.61237 0.78101 -0.12256
vn -0.47237 0.88102 0.02594
vn -0.5762 0.79917 0.17125
vn -0.37039 0.86871 0.32886
vn -0.43403 0.80952 0.39534
vn -0.37029 0.87424 0.31399
vn -0.37212 0.87277 0.31591
vn -0.44614 0.8634 -0.23557
vn -0.36959 0.87259 -0.31937
vn -0.56396 0.82282 -0.07017
vn -0.4478 0.86662 -0.22009
vn -0.59553 0.80286 0.02755
vn -0.56526 0.82471 -0.01818
vn -0.53795 0.8212 0.19039
vn -0.57717 0.77811 0.24784
vn -0.32765 0.85647 -0.39888
vn -0.45526 0.84981 -0.26562
vn -0.17881 0.97199 -0.15252
vn -0.35704 0.93328 0.0389
vn -0.11608 0.97119 0.20811
vn -0.17449 0.94851 0.26437
vn -0.22028 0.8765 0.42805
vn -0.11187 0.936 0.33374
vn -0.36033 0.87714 0.31749
vn -0.23917 0.95166 0.19269
vn -0.46008 0.83379 -0.30517
vn -0.34403 0.83747 -0.4246
vn -0.44919 0.86595 -0.21992
vn -0.47434 0.85962 -0.18987
vn -0.29993 0.95373 -0.02102
vn -0.45455 0.87629 0.15966
vn -0.14629 0.94258 0.30023
vn -0.27298 0.86803 0.41474
vn -0.15725 0.82606 0.5412
vn -0.13077 0.8426 0.52241
vn -0.1476 0.77536 0.61403
vn -0.08157 0.99667 0.0
vn 0.0 0.99667 -0.08157
vn -0.34095 0.94008 0.0
vn -0.07855 0.95978 -0.26954
vn -0.39741 0.91764 0.0
vn -0.3402 0.93803 -0.06604
vn -0.32465 0.94583 0.0
vn -0.39607 0.91454 0.08216
vn -0.30878 0.89961 0.30878
vn -0.356 0.93449 0.0
vn 0.0 0.93449 -0.356
vn -0.0011 0.83568 -0.54921
vn -0.17611 0.89379 -0.41247
vn 0.11641 0.94797 -0.2963
vn -0.0013 0.9827 -0.18518
vn 0.01914 0.99895 0.04164
vn 0.12165 0.99067 -0.06138
vn -0.17559 0.94832 0.26431
vn 0.0191 0.99706 0.07418
vn -0.3003 0.89844 0.32035
vn -0.17839 0.96344 0.19989
vn -0.27131 0.94335 0.19101
vn -0.30851 0.92301 0.22994
vn -0.1357 0.88367 -0.44802
vn -0.26019 0.90469 -0.33741
vn 0.031 0.97599 -0.21558
vn -0.15169 0.9878 -0.03513
vn 0.12306 0.97633 0.17789
vn 0.0306 0.96339 0.26636
vn 0.01018 0.90225 0.43109
vn 0.11765 0.93345 0.33888
vn -0.13772 0.8418 0.52192
vn 0.0103 0.91353 0.40663
vn -0.1726 0.77218 0.61151
vn -0.13088 0.79998 0.58558
vn 0.0 0.79241 -0.60999
vn 0.29089 0.84433 -0.44999
vn 0.27555 0.85627 -0.4369
vn 0.21272 0.9517 -0.2214
vn 0.30892 0.89667 -0.3171
vn 0.0598 0.99603 -0.06594
vn 0.21286 0.95229 -0.21872
vn -0.01524 0.995 0.0987
vn 0.05992 0.99792 0.02379
vn 0.09327 0.96314 0.2523
vn -0.01435 0.9365 0.35036
vn 0.1221 0.97185 -0.20148
vn 0.0949 0.97999 -0.17495
vn 0.24032 0.88017 -0.40932
vn 0.11889 0.94631 -0.30059
vn 0.23962 0.95679 -0.16472
vn 0.25887 0.9481 -0.18465
vn 0.05673 0.998 0.02794
vn 0.23986 0.95776 -0.15861
vn -0.15092 0.97747 0.1476
vn 0.05665 0.99659 -0.06003
vn -0.16769 0.97065 0.17239
vn -0.15074 0.97627 0.15546
vn -0.01555 0.95726 0.28882
vn -0.15515 0.89809 0.41154
vn 0.11716 0.85665 0.50241
vn -0.01306 0.80397 0.59452
vn 0.13655 0.93373 0.33091
vn -0.39963 0.91667 0.0
vn 0.0 0.91667 -0.39963
vn -0.54875 0.8332 -0.06819
vn -0.38492 0.88293 -0.26883
vn -0.44734 0.86105 -0.24182
vn -0.54621 0.82935 -0.11757
vn -0.41221 0.90884 -0.06398
vn -0.46101 0.88738 -0.00394
vn -0.41153 0.90774 0.08155
vn -0.41168 0.90766 0.08173
vn -0.51879 0.80859 0.27754
vn -0.40885 0.90183 0.13978
vn -0.34707 0.93784 0.0
vn -0.52644 0.82051 0.22278
vn -0.57344 0.81925 0.0
vn -0.33157 0.89594 -0.29555
vn -0.56653 0.80937 -0.15478
vn -0.54433 0.83887 0.0
vn -0.16372 0.98651 0.0
vn -0.5045 0.7775 0.37547
vn 0.12208 0.80297 -0.58338
vn 0.26916 0.87447 -0.40355
vn 0.25224 0.88628 -0.38844
vn 0.14004 0.97302 -0.18336
vn 0.2788 0.90578 -0.31912
vn -0.06025 0.99627 -0.06173
vn 0.13775 0.9571 -0.25493
vn -0.14315 0.98697 0.07343
vn -0.06037 0.99812 -0.01014
vn -0.00427 0.97914 0.20315
vn -0.13571 0.93566 0.32576
vn 0.20746 0.94923 0.23647
vn -0.00394 0.90431 0.42687
vn 0.32796 0.88513 -0.33012
vn 0.20871 0.95494 -0.21104
vn 0.33006 0.94336 -0.03355
vn 0.34696 0.9364 -0.05263
vn 0.11425 0.95753 0.26474
vn 0.32994 0.94301 0.0433
vn -0.05163 0.93872 0.34079
vn 0.11645 0.97597 0.18418
vn -0.02999 0.91317 0.40647
vn -0.04977 0.90485 0.42282
vn 0.09931 0.80293 0.58774
vn 0.29216 0.85188 -0.43467
vn 0.21922 0.91985 -0.3253
vn 0.29765 0.86788 -0.39773
vn 0.27857 0.93604 -0.21499
vn 0.22871 0.95966 -0.16353
vn 0.41727 0.90853 0.02166
vn 0.28083 0.94366 0.17507
vn 0.47398 0.82471 0.30854
vn 0.38133 0.83028 0.40647
vn 0.36519 0.91645 -0.1636
vn 0.47627 0.8287 -0.29399
vn 0.25945 0.92044 -0.29237
vn 0.34329 0.86151 -0.3741
vn 0.08846 0.97771 -0.19042
vn 0.25431 0.90219 -0.34839
vn 0.00655 0.98654 -0.16337
vn 0.08745 0.96655 -0.2411
vn 0.10192 0.99299 -0.05982
vn 0.00664 0.99934 0.03574
vn 0.28068 0.94786 0.15094
vn 0.09634 0.93867 0.33109
vn 0.34638 0.85282 0.3908
vn 0.24932 0.84196 0.47847
vn 0.27927 0.77205 0.57092
vn 0.31638 0.77896 0.54141
vn 0.34012 0.94028 -0.0138
vn -0.55545 0.83027 0.0462
vn -0.35166 0.85813 -0.37411
vn -0.28182 0.91786 -0.27947
vn -0.37276 0.90961 -0.18349
vn -0.22885 0.96383 -0.13663
vn -0.29282 0.95369 -0.06882
vn -0.23348 0.97235 -0.00432
vn -0.23101 0.97293 -0.00693
vn -0.29115 0.95282 0.08579
vn -0.23342 0.97208 0.02391
vn -0.34813 0.92638 0.14359
vn -0.29127 0.95322 0.0808
vn -0.44869 0.86246 0.23418
vn -0.34932 0.92953 0.11812
vn -0.4337 0.8557 -0.28228
vn -0.44434 0.85411 -0.27031
vn -0.3738 0.911 -0.17422
vn -0.45048 0.88881 -0.08419
vn -0.34339 0.93896 0.02103
vn -0.37888 0.92338 0.06187
vn -0.37895 0.90382 0.19877
vn -0.33935 0.92791 0.15437
vn -0.35268 0.84116 -0.40995
vn 0.10395 0.87176 -0.47877
vn 0.10829 0.90821 -0.40426
vn 0.19137 0.89897 -0.394
vn 0.32155 0.80259 -0.50245
vn 0.08839 0.93948 -0.331
vn 0.1891 0.88831 -0.4185
vn 0.16851 0.95249 -0.25371
vn 0.09214 0.97939 -0.17974
vn 0.35452 0.935 -0.0095
vn 0.17118 0.96755 0.18585
vn 0.44159 0.84733 0.29501
vn 0.32229 0.85002 0.41665
vn 0.42661 0.81789 0.38608
vn 0.42626 0.8179 0.38644
vn 0.36356 0.90962 -0.20103
vn 0.44247 0.84829 -0.2909
vn 0.21268 0.97558 -0.05483
vn 0.3624 0.90672 -0.21569
vn 0.13944 0.98919 0.04542
vn 0.2129 0.9766 -0.03039
vn 0.2367 0.95473 0.18018
vn 0.13396 0.95032 0.28099
vn 0.36038 0.84509 0.3949
vn 0.20389 0.82241 0.53111
vn 0.0 0.97148 -0.23712
vn 0.52656 0.77285 -0.35418
vn 0.51056 0.7924 -0.33382
vn 0.62004 0.77342 -0.13179
vn 0.56257 0.82571 -0.04132
vn 0.20014 0.87997 0.4308
vn 0.12474 0.93509 -0.33173
vn 0.20317 0.8933 -0.40091
vn 0.19213 0.90016 -0.39089
vn 0.12476 0.93525 -0.33127
vn 0.21431 0.91119 -0.35186
vn 0.19663 0.92122 -0.33569
vn 0.37374 0.89996 -0.22449
vn 0.22843 0.97123 -0.06736
vn 0.50486 0.86265 0.03085
vn 0.37678 0.9073 0.18665
vn 0.48935 0.82243 0.29009
vn 0.48206 0.82369 0.29857
vn 0.37948 0.80439 0.45712
vn 0.47759 0.80268 0.35722
vn 0.41299 0.87542 -0.25117
vn -0.56902 0.82224 -0.01207
vn -0.44766 0.87742 -0.17243
vn -0.55418 0.83111 0.04624
vn -0.56781 0.82048 0.06636
vn -0.49185 0.82793 0.26947
vn -0.52663 0.78978 0.31449
vn -0.29726 0.87885 0.37316
vn -0.12748 0.97226 -0.19612
vn -0.3204 0.94727 0.00512
vn -0.17903 0.98129 -0.07081
vn -0.12904 0.98416 -0.12152
vn -0.2608 0.96537 -0.00687
vn -0.1787 0.97951 -0.0929
vn -0.29399 0.95552 0.02351
vn -0.26079 0.96532 -0.01247
vn -0.25865 0.96252 0.08158
vn -0.29204 0.94917 0.11743
vn -0.27249 0.95448 0.1213
vn -0.25805 0.9603 0.10594
vn -0.17886 0.93802 -0.29686
vn -0.26848 0.94045 -0.20848
vn -0.182 0.97892 -0.09272
vn -0.18658 0.97849 -0.08802
vn -0.25649 0.96439 0.06461
vn -0.18277 0.98307 -0.01282
vn -0.45093 0.88046 0.14647
vn -0.25626 0.96354 -0.07693
vn -0.47896 0.83378 -0.27461
vn -0.60307 0.78994 -0.11088
vn -0.41167 0.91133 0.00299
vn -0.49516 0.86199 0.10861
vn -0.43779 0.85855 0.2669
vn -0.40117 0.88809 0.2244
vn -0.43461 0.85232 0.29098
vn 0.09635 0.90933 -0.40476
vn -0.54902 0.78674 0.28219
vn 0.26928 0.81629 -0.51103
vn 0.09784 0.92335 -0.3713
vn 0.431 0.8163 -0.38457
vn 0.30325 0.91927 -0.25096
vn 0.57486 0.80481 -0.1477
vn 0.46691 0.8843 0.00244
vn 0.59924 0.7862 0.15101
vn 0.57046 0.79865 0.19168
vn 0.50134 0.77694 0.38082
vn 0.43082 0.81595 0.38552
vn 0.51955 0.80516 0.28599
vn 0.35351 0.88485 -0.30343
vn 0.43097 0.81622 -0.38477
vn 0.38991 0.89585 -0.21311
vn 0.36464 0.91269 -0.18451
vn 0.51305 0.85794 -0.0267
vn 0.3962 0.91031 0.11983
vn 0.57686 0.78332 0.23161
vn 0.48094 0.80424 0.34914
vn 0.23072 0.94527 -0.23072
vn 0.23712 0.97148 0.0
vn 0.23904 0.94765 0.21171
vn -0.28119 0.95253 -0.11674
vn 0.2051 0.81311 -0.54478
vn -0.30762 0.86809 -0.3896
vn -0.25452 0.86221 -0.43797
vn -0.25448 0.91159 -0.32288
vn -0.32303 0.91158 -0.25433
vn 0.08207 0.93639 -0.34122
vn -0.26888 0.96317 0.00231
vn 0.36546 0.9286 -0.06441
vn 0.08498 0.96962 0.22937
vn 0.4398 0.87967 0.18097
vn 0.35169 0.8936 0.27891
vn 0.42458 0.8512 0.30854
vn 0.42552 0.8511 0.30752
vn -0.33065 0.86222 0.38372
vn 0.41567 0.83334 -0.36437
vn -0.43329 0.8663 -0.24856
vn -0.33505 0.87372 -0.35263
vn -0.35824 0.91611 -0.18003
vn -0.44597 0.89165 -0.07793
vn -0.21757 0.97287 0.07869
vn -0.35482 0.90738 0.22529
vn -0.16383 0.9165 0.36495
vn -0.20032 0.89574 0.39689
vn -0.23889 0.80282 0.54627
vn -0.154 0.86149 0.48385
vn -0.15518 0.98787 0.00533
vn -0.28245 0.94923 0.13847
vn -0.22779 0.96637 -0.11933
vn -0.15217 0.96876 -0.19581
vn -0.22349 0.97035 -0.09203
vn -0.22857 0.96966 -0.08673
vn -0.13514 0.99074 -0.0128
vn -0.22375 0.97147 0.07869
vn -0.05023 0.99118 0.12263
vn -0.13233 0.97016 0.20319
vn -0.045 0.99296 0.10954
vn -0.05028 0.99212 0.11477
vn -0.0883 0.97249 -0.21558
vn -0.04374 0.96519 -0.25786
vn -0.20678 0.97445 -0.08766
vn -0.08849 0.97455 -0.20598
vn -0.26309 0.96469 -0.01258
vn -0.20704 0.9757 -0.07177
vn -0.51155 0.85653 -0.06839
vn -0.24512 0.89879 -0.36344
vn -0.20598 0.87667 -0.43476
vn -0.37112 0.88639 -0.27673
vn -0.20747 0.96875 -0.13597
vn -0.2272 0.96696 -0.11561
vn -0.35476 0.92762 0.11688
vn -0.20923 0.97699 -0.04131
vn -0.48956 0.8454 0.21362
vn -0.35672 0.93275 0.05227
vn -0.51595 0.81068 0.27677
vn -0.48664 0.84036 0.2387
vn -0.48591 0.82269 0.29508
vn -0.50815 0.79843 0.32295
vn -0.36909 0.86229 -0.34674
vn -0.49808 0.84328 -0.20198
vn -0.11223 0.9586 -0.2617
vn -0.39327 0.91876 0.03488
vn 0.06911 0.9976 0.00275
vn -0.11429 0.97614 0.18461
vn 0.09555 0.96794 0.23231
vn 0.06675 0.96341 0.25958
vn 0.15154 0.92605 0.34564
vn 0.09005 0.91221 0.3997
vn 0.52833 0.80007 0.28418
vn 0.54078 0.81892 -0.19218
vn 0.28441 0.91555 -0.28441
vn 0.25187 0.94903 -0.1895
vn 0.28886 0.92989 -0.22775
vn -0.09849 0.79556 -0.59782
vn -0.09638 0.8269 -0.55402
vn -0.10265 0.82915 -0.54953
vn 0.01491 0.89147 -0.45283
vn -0.10851 0.9309 -0.34879
vn 0.148 0.95261 -0.26578
vn 0.01656 0.99016 -0.13898
vn 0.14919 0.98881 0.00237
vn 0.15352 0.98814 -0.00206
vn 0.00623 0.97312 0.2302
vn 0.14858 0.98474 0.09067
vn -0.13525 0.94581 0.29521
vn 0.00632 0.987 0.1606
vn -0.15091 0.92972 0.33593
vn -0.13408 0.93765 0.32068
vn -0.18213 0.90092 -0.39392
vn -0.14495 0.89302 -0.42604
vn -0.04831 0.92624 -0.37383
vn -0.1923 0.95122 -0.24123
vn 0.04887 0.99501 -0.08696
vn -0.05208 0.99855 0.01386
vn 0.02868 0.97013 0.24087
vn 0.04783 0.97371 0.22271
vn -0.10518 0.9092 0.40285
vn 0.02832 0.95801 0.28533
vn -0.1867 0.85657 0.48108
vn -0.10454 0.90373 0.41514
vn -0.13742 0.98014 0.14298
vn -0.20805 0.95454 0.21347
vn -0.08151 0.97692 -0.19745
vn -0.13743 0.98021 -0.14248
vn 0.01115 0.99596 -0.08908
vn -0.08315 0.99652 0.00518
vn 0.07 0.99429 0.08054
vn 0.01109 0.99025 0.13883
vn 0.0272 0.9784 0.20492
vn 0.06927 0.984 0.16417
vn -0.01188 0.99331 0.11491
vn 0.02771 0.99675 0.07567
vn -0.09376 0.96186 -0.25697
vn -0.01128 0.94301 -0.33258
vn -0.0966 0.97381 -0.20582
vn -0.09491 0.97363 -0.20746
vn -0.00275 0.9973 -0.07336
vn -0.09869 0.99486 0.02276
vn -0.10743 0.92171 -0.3727
vn -0.00245 0.88788 -0.46006
vn 0.00127 0.83294 -0.55337
vn -0.10176 0.87304 -0.47692
vn -0.08937 0.95074 -0.29682
vn 0.00141 0.92599 -0.37754
vn -0.32773 0.93809 -0.11216
vn -0.08768 0.93275 -0.34971
vn -0.45784 0.88824 -0.03755
vn -0.32361 0.9263 -0.193
vn -0.39199 0.91853 0.05147
vn -0.45441 0.88161 0.12759
vn -0.19776 0.94295 0.26784
vn -0.35648 0.83531 0.41856
vn -0.1047 0.92194 0.37291
vn -0.18432 0.87888 0.44
vn -0.07135 0.97001 -0.23234
vn -0.11068 0.97465 -0.19446
vn -0.21363 0.97621 0.03706
vn -0.07295 0.99164 -0.10642
vn -0.36617 0.91434 0.17292
vn -0.21378 0.97686 0.00731
vn -0.40839 0.88137 0.23748
vn -0.36512 0.91171 0.18832
vn -0.33186 0.86403 0.37858
vn -0.38057 0.82132 0.42498
vn 0.0 0.80032 0.59957
vn 0.59957 0.80032 0.0
vn 0.23143 0.94492 -0.23143
vn 0.20822 0.81528 -0.54033
vn 0.14219 0.85887 -0.49206
vn 0.28467 0.89768 -0.33634
vn 0.23681 0.92721 -0.29018
vn 0.23393 0.96282 -0.13514
vn 0.29616 0.93389 -0.20034
vn 0.08434 0.99644 -0.00207
vn 0.23328 0.96014 -0.15401
vn -0.02922 0.99536 0.09165
vn 0.08432 0.9962 -0.02184
vn 0.02388 0.98674 0.16056
vn -0.02868 0.977 0.21131
vn 0.15549 0.93469 0.31966
vn 0.02178 0.89984 0.43567
vn 0.22007 0.88042 -0.42003
vn 0.15298 0.9196 -0.36184
vn 0.275 0.93194 -0.23634
vn 0.23769 0.9509 -0.19824
vn 0.183 0.98302 0.01364
vn 0.28185 0.95516 -0.09078
vn -0.00944 0.97478 0.22295
vn 0.18292 0.9826 0.03231
vn -0.06278 0.9565 0.28488
vn -0.00941 0.97193 0.23509
vn 0.03161 0.90826 0.41722
vn -0.05718 0.87115 0.48767
vn 0.07768 0.97294 0.21759
vn 0.03359 0.9652 0.25933
vn 0.15993 0.97686 -0.142
vn 0.07944 0.99496 -0.06117
vn 0.16322 0.98658 0.00513
vn 0.16157 0.98684 0.00683
vn 0.06164 0.98843 0.13858
vn 0.16311 0.98593 0.0366
vn -0.02875 0.98596 0.1645
vn 0.06206 0.99525 0.07496
vn 0.06915 0.99474 0.07552
vn -0.02871 0.98469 0.17193
vn 0.10726 0.93763 -0.33068
vn 0.0663 0.95365 -0.29353
vn 0.22215 0.9536 -0.20319
vn 0.11316 0.98917 -0.0935
vn 0.28009 0.95972 0.02196
vn 0.22617 0.97085 0.07938
vn 0.11362 0.88213 -0.45709
vn 0.23447 0.80343 -0.54729
vn -0.01923 0.87743 -0.47932
vn 0.10508 0.81584 -0.56864
vn -0.20122 0.90705 -0.36982
vn -0.01873 0.85445 -0.5192
vn -0.23589 0.90993 -0.34115
vn -0.20091 0.90565 -0.37342
vn -0.07058 0.97653 -0.20347
vn -0.25089 0.96779 -0.02071
vn 0.16048 0.97686 0.14137
vn -0.06738 0.93226 0.35545
vn 0.20514 0.87503 0.43846
vn 0.14122 0.85961 0.49104
vn 0.05714 0.89274 0.44694
vn 0.2173 0.92688 0.30606
vn -0.12995 0.97236 -0.194
vn 0.05938 0.92774 -0.36846
vn -0.29525 0.94997 -0.10195
vn -0.12749 0.95399 -0.27139
vn -0.2551 0.96689 0.00723
vn -0.2964 0.95365 0.05192
vn -0.07609 0.97649 0.2017
vn -0.23851 0.90401 0.3548
vn 0.05484 0.88681 0.45887
vn -0.06498 0.83392 0.54805
vn 0.0 0.80489 -0.59343
vn 0.33355 0.818 -0.46865
vn 0.37548 0.77785 -0.50395
vn 0.25916 0.92175 -0.28847
vn 0.34972 0.85766 -0.37699
vn 0.15501 0.96594 -0.20721
vn 0.25759 0.91616 -0.3071
vn 0.15894 0.97483 -0.15636
vn 0.15656 0.97559 -0.15399
vn 0.27687 0.96068 -0.02106
vn 0.16009 0.98188 0.10137
vn 0.37963 0.90423 0.19557
vn 0.26264 0.91131 0.31706
vn 0.37603 0.834 0.40379
vn 0.34966 0.83284 0.42908
vn 0.34448 0.8736 -0.34374
vn 0.38027 0.8434 -0.37956
vn 0.24166 0.94994 -0.19804
vn 0.34896 0.88497 -0.30832
vn 0.14873 0.98444 -0.09356
vn 0.24211 0.95171 -0.18878
vn 0.17836 0.98343 0.03234
vn 0.14909 0.98686 0.06233
vn 0.29852 0.92765 0.22438
vn 0.16702 0.92094 0.35209
vn 0.35914 0.81437 0.45588
vn 0.25727 0.79946 0.54284
vn 0.21626 0.94289 0.25334
vn 0.40296 0.91373 0.05212
vn 0.04208 0.99723 -0.06131
vn 0.21727 0.94727 -0.23553
vn -0.22555 0.97421 0.00674
vn 0.04074 0.9654 -0.25757
vn -0.34455 0.93812 0.03482
vn -0.22452 0.96976 -0.09566
vn -0.27529 0.95865 0.07221
vn -0.34115 0.92885 0.14438
vn -0.56395 0.8135 0.14204
vn -0.26942 0.93822 -0.21718
vn -0.55029 0.79803 -0.24563
vn -0.55273 0.79731 -0.24248
vn -0.56467 0.82165 -0.07766
vn -0.56605 0.82089 -0.07569
vn -0.60652 0.79242 0.06479
vn -0.56638 0.82414 0.00297
vn 0.02195 0.82627 -0.56285
vn -0.60546 0.79104 0.08762
vn 0.00059 0.82039 -0.57181
vn 0.02152 0.81025 -0.58568
vn 0.07828 0.85198 -0.5177
vn 0.00064 0.88849 -0.45889
vn 0.30518 0.88039 -0.363
vn 0.09039 0.98377 -0.155
vn 0.45858 0.88845 -0.01901
vn 0.32436 0.93572 0.1386
vn 0.37458 0.86636 0.33033
vn 0.44343 0.8591 0.25557
vn 0.18391 0.8535 0.48755
vn 0.37739 0.87287 0.30931
vn -0.01117 0.94951 0.31353
vn 0.20959 0.97265 0.10014
vn -0.04998 0.92822 -0.36865
vn -0.01077 0.91552 -0.40213
vn 0.10094 0.95692 -0.27223
vn -0.05335 0.99085 -0.12401
vn 0.27421 0.96025 0.05228
vn 0.10216 0.96849 0.22713
vn 0.31218 0.88435 0.34709
vn 0.25112 0.8794 0.40446
vn 0.21301 0.8165 0.53661
vn 0.29377 0.8322 0.47026
vn 0.20322 0.77898 0.59321
vn 0.38362 0.77505 -0.50214
vn 0.32912 0.86446 -0.37998
vn 0.39735 0.80278 -0.44458
vn 0.37388 0.87939 -0.29477
vn 0.34335 0.90186 -0.26222
vn 0.47976 0.86667 -0.1368
vn 0.39112 0.91994 -0.02708
vn 0.53 0.84352 0.08708
vn 0.47854 0.86448 0.15388
vn 0.48835 0.82419 0.28675
vn 0.51436 0.81863 0.25551
vn 0.00441 0.88895 0.45799
vn 0.50877 0.85866 -0.06213
vn 0.03762 0.91126 -0.4101
vn 0.00458 0.92403 -0.38229
vn 0.12904 0.93643 -0.32625
vn 0.04 0.96894 -0.24406
vn 0.29828 0.93624 -0.18571
vn 0.13649 0.99049 -0.01739
vn 0.43174 0.90021 0.05686
vn 0.29687 0.93179 0.20887
vn 0.41937 0.84796 0.32419
vn 0.40711 0.84885 0.33723
vn 0.2427 0.80258 0.54495
vn 0.40631 0.82155 0.39996
vn -0.39371 0.91774 0.05235
vn 0.24319 0.8042 -0.54232
vn -0.54401 0.81429 -0.20246
vn -0.35977 0.83862 -0.40901
vn -0.55315 0.80493 -0.21475
vn -0.54045 0.80896 -0.2313
vn -0.50684 0.85788 -0.08462
vn -0.56636 0.82416 -0.00185
vn -0.42571 0.89412 0.13898
vn -0.49544 0.83859 0.22652
vn -0.43364 0.87788 -0.20321
vn -0.41939 0.88084 -0.21961
vn -0.43523 0.86137 -0.26196
vn -0.42616 0.86274 -0.27214
vn -0.55478 0.82848 -0.07639
vn -0.4396 0.87002 -0.22321
vn -0.62797 0.77823 0.0028
vn -0.55301 0.82583 -0.1104
vn -0.61834 0.78113 0.08652
vn -0.62497 0.77452 0.09765
vn 0.2945 0.7745 -0.55984
vn 0.48681 0.77611 -0.40084
vn 0.34465 0.9064 -0.24426
vn 0.55355 0.82266 -0.12962
vn 0.52899 0.84336 -0.09439
vn 0.45306 0.88186 0.13062
vn 0.55824 0.82963 -0.00913
vn 0.27092 0.92264 0.27447
vn 0.4559 0.88738 0.06865
vn -0.01956 0.94239 0.33395
vn 0.28154 0.95878 0.03831
vn 0.20093 0.97445 0.10033
vn -0.01971 0.94947 0.31325
vn 0.36225 0.85339 -0.37484
vn 0.19738 0.95724 -0.21151
vn 0.49795 0.86049 -0.1077
vn 0.3906 0.92017 0.02672
vn 0.46836 0.8602 0.20173
vn 0.4935 0.8528 0.17083
vn 0.324 0.85951 0.39531
vn 0.46316 0.85065 0.24873
vn 0.23287 0.84668 0.47844
vn 0.32364 0.85856 0.39765
vn 0.63251 0.77422 -0.02279
vn 0.59719 0.78969 0.14056
vn 0.63008 0.77125 0.09045
vn 0.00256 0.95458 0.29794
vn -0.46336 0.88386 -0.06396
vn 0.0023 0.85776 -0.51404
vn -0.41465 0.84086 -0.34788
vn -0.43975 0.83882 -0.32093
vn -0.33373 0.91412 -0.23025
vn -0.43957 0.8914 -0.11039
vn -0.23818 0.97107 -0.01705
vn -0.34137 0.93505 0.0956
vn -0.23467 0.94854 0.21262
vn -0.23287 0.94939 0.2108
vn -0.32215 0.8798 0.34953
vn -0.23184 0.93709 0.261
vn -0.39133 0.82741 0.40281
vn -0.32383 0.8844 0.33611
vn -0.3694 0.83523 -0.40736
vn -0.41512 0.83492 -0.36135
vn -0.2715 0.92536 -0.26458
vn -0.40135 0.90745 -0.12436
vn -0.17608 0.98437 -0.0022
vn -0.27991 0.95403 0.10712
vn -0.19676 0.94653 0.25568
vn -0.17133 0.95777 0.23094
vn -0.37893 0.89794 -0.22387
vn -0.18534 0.89158 -0.41319
vn -0.50149 0.82509 -0.26027
vn -0.35298 0.83644 -0.41926
vn -0.54368 0.81296 -0.20857
vn -0.50126 0.82472 -0.26186
vn -0.46048 0.87985 -0.11762
vn -0.55588 0.83121 0.00974
vn -0.29335 0.9485 0.11959
vn -0.44397 0.84831 0.28856
vn -0.20815 0.89228 0.40063
vn -0.26411 0.85396 0.44833
vn 0.32402 0.91346 -0.24616
vn -0.21698 0.93013 0.29627
vn 0.00354 0.99379 -0.11122
vn 0.3064 0.86378 -0.4
vn -0.33933 0.94061 -0.01035
vn 0.00333 0.93623 -0.35138
vn -0.49487 0.86638 0.06702
vn -0.33672 0.93337 -0.12421
vn -0.36706 0.92946 0.03714
vn -0.48747 0.85341 0.18454
vn -0.21038 0.9284 0.3063
vn -0.33327 0.84389 0.42046
vn 0.53505 0.82492 -0.18228
vn -0.1863 0.82217 0.5379
vn 0.53817 0.84248 0.02447
vn 0.54409 0.83887 0.01614
vn 0.42889 0.88576 0.17744
vn 0.53794 0.84211 0.0385
vn 0.39885 0.88016 0.25736
vn 0.42422 0.87613 0.22899
vn 0.50388 0.78379 0.36302
vn 0.35477 0.78287 0.51112
vn 0.0 0.80632 0.59148
vn 0.59148 0.80632 0.0
vn 0.43648 0.78674 -0.43648
vn 0.48514 0.87444 0.0
vn 0.06122 0.99133 0.11626
vn -0.29939 0.87287 -0.38532
vn -0.20907 0.83881 -0.50268
vn -0.2927 0.85336 -0.43139
vn -0.10113 0.92919 -0.35551
vn -0.23543 0.94458 -0.22878
vn -0.05814 0.99074 -0.12269
vn -0.10791 0.99147 -0.07305
vn -0.14928 0.98367 0.10057
vn -0.05858 0.99824 0.00914
vn -0.27996 0.93719 0.20809
vn -0.14963 0.98597 0.07403
vn -0.33648 0.90716 0.25266
vn -0.28079 0.93997 0.19393
vn -0.27158 0.89964 0.3419
vn -0.32052 0.86411 0.38805
vn -0.12304 0.81354 -0.56834
vn -0.25592 0.84776 -0.46454
vn -0.00646 0.91771 -0.39719
vn -0.1438 0.9508 -0.2744
vn 0.00987 0.99069 -0.13576
vn -0.00699 0.99285 -0.11918
vn -0.12312 0.9862 0.11073
vn 0.00996 0.9997 -0.02251
vn -0.26041 0.9386 0.22632
vn -0.1234 0.98849 0.0875
vn -0.3896 0.83561 -0.38726
vn -0.22635 0.81585 -0.53213
vn -0.34358 0.83956 -0.42082
vn -0.39199 0.84074 -0.37349
vn -0.18949 0.93584 -0.29715
vn -0.37678 0.92067 -0.10197
vn -0.01772 0.99977 0.01172
vn -0.19487 0.96243 0.1891
vn -0.02608 0.9464 0.32193
vn -0.01682 0.9494 0.31361
vn -0.18317 0.87042 0.45697
vn -0.02607 0.94584 0.32359
vn -0.27657 0.91567 0.29166
vn -0.20103 0.9553 0.21678
vn -0.33441 0.85518 -0.39602
vn -0.25563 0.84636 -0.46726
vn -0.26984 0.9015 -0.33835
vn -0.35211 0.90045 -0.25537
vn -0.08259 0.98787 -0.13147
vn -0.28586 0.95502 0.07892
vn 0.06177 0.97554 0.21095
vn -0.07834 0.93705 0.3403
vn -0.00258 0.89505 0.44595
vn 0.05803 0.91644 0.39594
vn -0.14454 0.82803 0.54173
vn -0.00259 0.90062 0.4346
vn 0.46513 0.88508 0.01703
vn -0.14031 0.80377 0.57816
vn 0.62842 0.77706 0.03553
vn 0.44665 0.84992 0.27955
vn -0.09527 0.78941 -0.60643
vn -0.09657 0.80019 -0.59192
vn 0.07953 0.88962 -0.44972
vn -0.01317 0.92778 -0.37289
vn 0.06042 0.97012 -0.23496
vn 0.086 0.96202 -0.25909
vn -0.1045 0.99184 -0.07308
vn 0.06043 0.97032 -0.23416
vn -0.24763 0.96881 0.00887
vn -0.10376 0.98485 -0.13894
vn -0.23301 0.96974 0.07281
vn -0.24669 0.96516 0.08725
vn -0.10218 0.97425 0.20101
vn -0.22171 0.92272 0.31531
vn 0.00876 0.9122 0.40965
vn -0.09099 0.86757 0.48893
vn 0.16594 0.86481 -0.47388
vn 0.00902 0.93914 -0.34342
vn 0.13133 0.95247 -0.27488
vn 0.1786 0.93081 -0.3189
vn -0.03287 0.99234 -0.11912
vn 0.13124 0.95186 -0.27703
vn -0.16222 0.9865 -0.02222
vn -0.03272 0.98784 -0.15197
vn -0.17333 0.98103 0.08684
vn -0.1618 0.98396 0.07506
vn -0.05269 0.83642 -0.54555
vn -0.15371 0.86997 -0.46853
vn 0.13549 0.90545 -0.40224
vn -0.06126 0.97238 -0.2252
vn 0.20115 0.97361 -0.10784
vn 0.14778 0.98759 -0.05313
vn 0.04619 0.98019 0.19259
vn 0.20219 0.97868 0.03621
vn -0.17243 0.93532 0.30895
vn 0.04684 0.99406 0.09825
vn -0.25892 0.91389 0.31266
vn -0.17633 0.95646 0.23257
vn -0.10286 0.97003 0.22012
vn -0.25406 0.89671 0.36245
vn 0.06465 0.87361 -0.48231
vn -0.0989 0.93264 -0.34698
vn 0.24995 0.93152 -0.26418
vn 0.07351 0.99334 -0.08869
vn 0.26775 0.96022 0.07935
vn 0.25811 0.96195 0.08962
vn 0.0821 0.93676 0.3402
vn 0.26498 0.95031 0.16341
vn -0.09555 0.91379 0.39479
vn 0.08492 0.96891 0.23238
vn -0.11957 0.89416 0.43149
vn -0.0948 0.90666 0.41108
vn -0.01247 0.81173 0.5839
vn 0.47085 0.78178 0.40881
vn 0.0 0.85663 0.51593
vn 0.51593 0.85663 0.0
vn 0.0 0.81945 -0.57315
vn 0.1615 0.7934 -0.58689
vn 0.15156 0.80003 -0.5805
vn 0.1103 0.9222 -0.37065
vn 0.1801 0.88474 -0.42988
vn -0.02502 0.96529 -0.25997
vn 0.1098 0.91809 -0.38086
vn -0.07723 0.96919 -0.23389
vn -0.02485 0.95882 -0.28293
vn 0.01774 0.99004 -0.13967
vn -0.07935 0.99591 -0.0433
vn 0.1667 0.982 0.08877
vn 0.01741 0.97174 0.2354
vn 0.22896 0.92114 0.31477
vn 0.15461 0.91073 0.38298
vn 0.16678 0.85898 0.48409
vn 0.21626 0.87005 0.44299
vn 0.19258 0.9216 -0.33701
vn 0.18021 0.92815 -0.32567
vn 0.06435 0.94406 -0.32343
vn 0.18489 0.8848 -0.42771
vn 0.0465 0.95912 -0.27914
vn 0.06495 0.95295 -0.2961
vn 0.17357 0.97337 -0.14974
vn 0.04841 0.99854 -0.02396
vn 0.23782 0.96849 0.07388
vn 0.17382 0.97479 0.1399
vn 0.31104 0.83676 -0.45065
vn 0.22138 0.90153 -0.37179
vn 0.29603 0.93055 -0.21552
vn 0.33661 0.90554 -0.25826
vn 0.10852 0.99266 -0.05341
vn 0.29408 0.92444 -0.24276
vn -0.08681 0.99554 0.03684
vn 0.10733 0.98181 -0.15662
vn -0.08484 0.99156 0.09801
vn -0.08644 0.99127 0.0996
vn 0.09825 0.96699 0.23513
vn -0.07835 0.91574 0.39406
vn 0.32174 0.87783 0.35482
vn 0.08414 0.82816 0.55414
vn 0.39282 0.8619 -0.32066
vn 0.33261 0.90748 -0.25663
vn 0.34455 0.93505 -0.08348
vn 0.40947 0.89843 -0.15863
vn 0.15353 0.98388 0.09166
vn 0.34361 0.9325 -0.11123
vn 0.0121 0.98546 0.16946
vn 0.15411 0.98766 0.02785
vn 0.07185 0.96991 0.23262
vn 0.01176 0.95733 0.28877
vn 0.2215 0.88814 0.40268
vn 0.06259 0.84492 0.53122
vn 0.0 0.97501 -0.22215
vn 0.18289 0.79573 -0.57738
vn 0.1025 0.89471 -0.43472
vn 0.19327 0.84089 -0.50551
vn 0.12197 0.91678 -0.38032
vn 0.1059 0.92441 -0.3664
vn 0.26429 0.92501 -0.27295
vn 0.13058 0.98154 -0.13977
vn 0.39036 0.91979 -0.03999
vn 0.27358 0.95752 0.09116
vn 0.37412 0.90131 0.21833
vn 0.38199 0.90007 0.20965
vn 0.25939 0.89026 0.37437
vn 0.36973 0.89074 0.26437
vn 0.17923 0.87671 0.44638
vn 0.25924 0.88975 0.37569
vn 0.2681 0.90906 -0.31897
vn 0.19408 0.94933 -0.2472
vn 0.27438 0.86577 -0.41851
vn 0.25868 0.8771 -0.4047
vn 0.40581 0.87279 -0.27119
vn 0.29854 0.94201 -0.15325
vn 0.49998 0.86579 -0.02078
vn 0.42026 0.90387 0.08001
vn 0.43113 0.89314 0.12818
vn 0.49964 0.86521 0.04219
vn 0.29854 0.88231 -0.36387
vn 0.38861 0.80504 -0.44821
vn 0.13766 0.9525 -0.27165
vn 0.29187 0.86259 -0.41322
vn 0.08458 0.96374 -0.25308
vn 0.13638 0.9437 -0.30138
vn 0.22123 0.96305 -0.15362
vn 0.08741 0.99602 -0.01749
vn 0.40114 0.91143 0.09158
vn 0.21427 0.93274 0.28997
vn 0.44047 0.82466 0.35487
vn 0.36318 0.82517 0.43266
vn 0.41137 0.77018 0.48743
vn 0.35306 0.90029 -0.2546
vn 0.42096 0.84551 -0.3285
vn 0.22652 0.95917 -0.16935
vn 0.34876 0.88932 -0.29575
vn 0.22 0.96863 -0.11554
vn 0.22807 0.96573 -0.12392
vn 0.35169 0.93574 0.02639
vn 0.21826 0.96097 0.17001
vn 0.46142 0.84938 0.25621
vn 0.32213 0.8571 0.40201
vn 0.55502 0.77765 0.29532
vn 0.21686 0.95181 -0.21686
vn 0.18206 0.79906 -0.57302
vn 0.34217 0.80532 -0.48413
vn 0.37143 0.77691 -0.50838
vn 0.43248 0.8382 -0.33223
vn 0.37647 0.88606 -0.2705
vn 0.49112 0.86239 -0.1228
vn 0.4571 0.88592 -0.07874
vn 0.44219 0.89288 0.085
vn 0.49478 0.86883 0.01821
vn 0.33155 0.91884 0.21402
vn 0.44208 0.89265 0.08794
vn 0.29067 0.91728 0.27225
vn 0.33021 0.91511 0.23138
vn 0.38894 0.84871 0.35836
vn 0.2661 0.83974 0.47331
vn 0.59315 0.77911 -0.20288
vn 0.4163 0.9084 0.03873
vn 0.5921 0.79541 -0.1294
vn 0.59306 0.79444 -0.13092
vn 0.54467 0.83538 0.07395
vn 0.59712 0.80215 -0.00311
vn 0.44011 0.89688 0.04373
vn 0.54376 0.83398 -0.09384
vn 0.28186 0.83828 -0.46672
vn 0.31477 0.85602 -0.41007
vn 0.2934 0.87258 -0.39053
vn 0.46713 0.84228 -0.26899
vn 0.34249 0.93138 -0.12339
vn 0.58169 0.81328 -0.01428
vn 0.48125 0.86775 0.12416
vn 0.55557 0.79399 0.24683
vn 0.56566 0.79086 0.23359
vn 0.44056 0.79506 0.41687
vn 0.54755 0.78253 0.29636
vn 0.3814 0.78112 0.49435
vn 0.43421 0.7836 0.44433
vn 0.4092 0.85051 -0.33044
vn 0.41341 0.84667 -0.33501
vn 0.45595 0.84453 -0.28086
vn 0.42093 0.87489 -0.23955
vn 0.56928 0.81545 -0.10464
vn 0.4749 0.87964 0.02632
vn 0.61765 0.77443 0.13701
vn 0.55827 0.79968 0.221
vn 0.0 0.93486 0.35502
vn 0.35502 0.93486 0.0
vn 0.56297 0.79046 -0.24131
vn 0.5085 0.85768 -0.07623
vn 0.57195 0.80307 -0.1672
vn 0.45045 0.89261 0.01871
vn 0.50913 0.85875 -0.05778
vn 0.4734 0.8766 0.08636
vn 0.44734 0.88645 0.11871
vn 0.57699 0.79183 0.20021
vn 0.44293 0.82018 0.36209
vn 0.61812 0.78537 0.03349
vn 0.61847 0.78581 0.0
vn 0.62051 0.77629 0.11107
vn 0.53689 0.8091 0.23898
vn 0.61957 0.77513 0.12371
vn 0.53744 0.78864 0.29867
vn 0.52498 0.79115 0.3138
vn 0.0 0.84293 0.53802
vn 0.53802 0.84293 0.0
vn 0.42709 0.79699 -0.42709
vn 0.47233 0.88142 0.0
vn 0.51953 0.78167 0.34509
vn 0.0 0.83283 0.55353
vn 0.55353 0.83283 0.0
vn 0.3626 0.85851 -0.3626
vn 0.4267 0.90326 -0.0452
vn 0.38908 0.9212 0.0
vn 0.49408 0.86522 -0.08535
vn 0.42714 0.90419 0.0
vn 0.49588 0.86839 0.0
vn 0.33548 0.94205 0.0
vn 0.60808 0.79388 0.0
vn 0.0 0.77893 0.6271
vn 0.6271 0.77893 0.0
f 1//1 2//1 3//1
f 4//2 5//2 6//2
f 7//3 8//3 9//3
f 10//4 11//4 12//4
f 13//5 14//5 15//5
f 16//6 17//6 18//6
f 19//7 20//7 21//7
f 22//8 23//8 24//8
f 25//9 26//9 27//9
f 28//10 29//10 30//10
f 31//11 32//11 33//11
f 34//12 35//12 36//12
f 37//13 38//13 39//13
f 40//14 41//14 42//14
f 43//15 44//15 45//15
f 46//16 47//16 48//16
f 49//17 50//17 51//17
f 52//18 53//18 54//18
f 55//19 56//19 57//19
f 58//20 59//20 60//20
f 61//21 62//21 63//21
f 64//22 65//22 66//22
f 67//23 68//23 69//23
f 70//24 71//24 72//24
f 73//25 74//25 75//25
f 76//26 77//26 78//26
f 79//27 80//27 81//27
f 82//28 83//28 84//28
f 85//29 86//29 87//29
f 88//30 89//30 90//30
f 91//31 92//31 93//31
f 94//32 95//32 96//32
f 97//33 98//33 99//33
f 100//34 101//34 102//34
f 103//35 104//35 105//35
f 106//36 107//36 108//36
f 109//37 110//37 111//37
f 112//38 113//38 114//38
f 115//39 116//39 117//39
f 118//40 119//40 120//40
f 121//41 122//41 123//41
f 124//42 125//42 126//42
f 127//43 128//43 129//43
f 130//44 131//44 132//44
f 133//45 134//45 135//45
f 136//46 137//46 138//46
f 139//47 140//47 141//47
f 142//48 143//48 144//48
f 145//49 146//49 147//49
f 148//50 149//50 150//50
f 151//51 152//51 153//51
f 154//52 155//52 156//52
f 157//53 158//53 159//53
f 160//54 161//54 162//54
f 163//55 164//55 165//55
f 166//56 167//56 168//56
f 169//57 170//57 171//57
f 172//58 173//58 174//58
f 175//59 176//59 177//59
f 178//60 179//60 180//60
f 181//61 182//61 183//61
f 184//62 185//62 186//62
f 187//63 188//63 189//63
f 190//64 191//64 192//64
f 193//65 194//65 195//65
f 196//66 197//66 198//66
f 199//67 200//67 201//67
f 202//68 203//68 204//68
f 205//69 206//69 207//69
f 208//70 209//70 210//70
f 211//71 212//71 213//71
f 214//72 215//72 216//72
f 217//73 218//73 219//73
f 220//74 221//74 222//74
f 223//75 224//75 225//75
f 226//76 227//76 228//76
f 229//77 230//77 231//77
f 232//78 233//78 234//78
f 235//79 236//79 237//79
f 238//80 239//80 240//80
f 241//81 242//81 243//81
f 244//82 245//82 246//82
f 247//83 248//83 249//83
f 250//84 251//84 252//84
f 253//85 254//85 255//85
f 256//86 257//86 258//86
f 259//87 260//87 261//87
f 262//88 263//88 264//88
f 265//89 266//89 267//89
f 268//90 269//90 270//90
f 271//91 272//91 273//91
f 274//92 275//92 276//92
f 277//93 278//93 279//93
f 280//94 281//94 282//94
f 283//95 284//95 285//95
f 286//96 287//96 288//96
f 289//97 290//97 291//97
f 292//98 293//98 294//98
f 295//99 296//99 297//99
f 298//100 299//100 300//100
f 301//101 302//101 303//101
f 304//102 305//102 306//102
f 307//103 308//103 309//103
f 310//104 311//104 312//104
f 313//105 314//105 315//105
f 316//106 317//106 318//106
f 319//107 320//107 321//107
f 322//108 323//108 324//108
f 325//109 326//109 327//109
f 328//110 329//110 330//110
f 331//111 332//111 333//111
f 334//112 335//112 336//112
f 337//113 338//113 339//113
f 340//114 341//114 342//114
f 343//115 344//115 345//115
f 346//116 347//116 348//116
f 349//117 350//117 351//117
f 352//118 353//118 354//118
f 355//119 356//119 357//119
f 358//120 359//120 360//120
f 361//121 362//121 363//121
f 364//122 365//122 366//122
f 367//123 368//123 369//123
f 370//124 371//124 372//124
f 373//125 374//125 375//125
f 376//126 377//126 378//126
f 379//127 380//127 381//127
f 382//128 383//128 384//128
f 385//129 386//129 387//129
f 388//130 389//130 390//130
f 391//131 392//131 393//131
f 394//132 395//132 396//132
f 397//133 398//133 399//133
f 400//134 401//134 402//134
f 403//135 404//135 405//135
f 406//136 407//136 408//136
f 409//137 410//137 411//137
f 412//138 413//138 414//138
f 415//139 416//139 417//139
f 418//140 419//140 420//140
f 421//141 422//141 423//141
f 424//142 425//142 426//142
f 427//143 428//143 429//143
f 430//144 431//144 432//144
f 433//145 434//145 435//145
f 436//146 437//146 438//146
f 439//147 440//147 441//147
f 442//148 443//148 444//148
f 445//149 446//149 447//149
f 448//150 449//150 450//150
f 451//151 452//151 453//151
f 454//152 455//152 456//152
f 457//153 458//153 459//153
f 460//154 461//154 462//154
f 463//155 464//155 465//155
f 466//156 467//156 468//156
f 469//157 470//157 471//157
f 472//158 473//158 474//158
f 475//159 476//159 477//159
f 478//160 479//160 480//160
f 481//161 482//161 483//161
f 484//162 485//162 486//162
f 487//163 488//163 489//163
f 490//164 491//164 492//164
f 493//165 494//165 495//165
f 496//166 497//166 498//166
f 499//167 500//167 501//167
f 502//168 503//168 504//168
f 505//169 506//169 507//169
f 508//170 509//170 510//170
f 511//171 512//171 513//171
f 514//172 515//172 516//172
f 517//173 518//173 519//173
f 520//174 521//174 522//174
f 523//175 524//175 525//175
f 526//176 527//176 528//176
f 529//177 530//177 531//177
f 532//178 533//178 534//178
f 535//179 536//179 537//179
f 538//180 539//180 540//180
f 541//181 542//181 543//181
f 544//182 545//182 546//182
f 547//183 548//183 549//183
f 550//184 551//184 552//184
f 553//185 554//185 555//185
f 556//186 557//186 558//186
f 559//187 560//187 561//187
f 562//188 563//188 564//188
f 565//189 566//189 567//189
f 568//190 569//190 570//190
f 571//191 572//191 573//191
f 574//192 575//192 576//192
f 577//193 578//193 579//193
f 580//194 581//194 582//194
f 583//195 584//195 585//195
f 586//196 587//196 588//196
f 589//197 590//197 591//197
f 592//198 593//198 594//198
f 595//199 596//199 597//199
f 598//200 599//200 600//200
f 601//201 602//201 603//201
f 604//202 605//202 606//202
f 607//203 608//203 609//203
f 610//204 611//204 612//204
f 613//205 614//205 615//205
f 616//206 617//206 618//206
f 619//207 620//207 621//207
f 622//208 623//208 624//208
f 625//209 626//209 627//209
f 628//210 629//210 630//210
f 631//211 632//211 633//211
f 634//212 635//212 636//212
f 637//213 638//213 639//213
f 640//214 641//214 642//214
f 643//215 644//215 645//215
f 646//216 647//216 648//216
f 649//217 650//217 651//217
f 652//218 653//218 654//218
f 655//219 656//219 657//219
f 658//220 659//220 660//220
f 661//221 662//221 663//221
f 664//222 665//222 666//222
f 667//223 668//223 669//223
f 670//224 671//224 672//224
f 673//225 674//225 675//225
f 676//226 677//226 678//226
f 679//227 680//227 681//227
f 682//228 683//228 684//228
f 685//229 686//229 687//229
f 688//230 689//230 690//230
f 691//231 692//231 693//231
f 694//232 695//232 696//232
f 697//233 698//233 699//233
f 700//234 701//234 702//234
f 703//235 704//235 705//235
f 706//236 707//236 708//236
f 709//237 710//237 711//237
f 712//238 713//238 714//238
f 715//239 716//239 717//239
f 718//240 719//240 720//240
f 721//241 722//241 723//241
f 724//242 725//242 726//242
f 727//243 728//243 729//243
f 730//244 731//244 732//244
f 733//245 734//245 735//245
f 736//246 737//246 738//246
f 739//247 740//247 741//247
f 742//248 743//248 744//248
f 745//249 746//249 747//249
f 748//250 749//250 750//250
f 751//251 752//251 753//251
f 754//252 755//252 756//252
f 757//253 758//253 759//253
f 760//254 761//254 762//254
f 763//255 764//255 765//255
f 766//256 767//256 768//256
f 769//257 770//257 771//257
f 772//258 773//258 774//258
f 775//259 776//259 777//259
f 778//260 779//260 780//260
f 781//261 782//261 783//261
f 784//262 785//262 786//262
f 787//263 788//263 789//263
f 790//264 791//264 792//264
f 793//265 794//265 795//265
f 796//266 797//266 798//266
f 799//267 800//267 801//267
f 802//268 803//268 804//268
f 805//269 806//269 807//269
f 808//270 809//270 810//270
f 811//271 812//271 813//271
f 814//272 815//272 816//272
f 817//273 818//273 819//273
f 820//274 821//274 822//274
f 823//275 824//275 825//275
f 826//276 827//276 828//276
f 829//277 830//277 831//277
f 832//278 833//278 834//278
f 835//279 836//279 837//279
f 838//280 839//280 840//280
f 841//281 842//281 843//281
f 844//282 845//282 846//282
f 847//283 848//283 849//283
f 850//284 851//284 852//284
f 853//285 854//285 855//285
f 856//286 857//286 858//286
f 859//287 860//287 861//287
f 862//288 863//288 864//288
f 865//289 866//289 867//289
f 868//290 869//290 870//290
f 871//291 872//291 873//291
f 874//292 875//292 876//292
f 877//293 878//293 879//293
f 880//294 881//294 882//294
f 883//295 884//295 885//295
f 886//296 887//296 888//296
f 889//297 890//297 891//297
f 892//298 893//298 894//298
f 895//299 896//299 897//299
f 898//300 899//300 900//300
f 901//301 902//301 903//301
f 904//302 905//302 906//302
f 907//303 908//303 909//303
f 910//304 911//304 912//304
f 913//305 914//305 915//305
f 916//306 917//306 918//306
f 919//307 920//307 921//307
f 922//308 923//308 924//308
f 925//309 926//309 927//309
f 928//310 929//310 930//310
f 931//311 932//311 933//311
f 934//312 935//312 936//312
f 937//313 938//313 939//313
f 940//314 941//314 942//314
f 943//315 944//315 945//315
f 946//316 947//316 948//316
f 949//317 950//317 951//317
f 952//318 953//318 954//318
f 955//319 956//319 957//319
f 958//320 959//320 960//320
f 961//321 962//321 963//321
f 964//322 965//322 966//322
f 967//323 968//323 969//323
f 970//324 971//324 972//324
f 973//325 974//325 975//325
f 976//326 977//326 978//326
f 979//327 980//327 981//327
f 982//328 983//328 984//328
f 985//329 986//329 987//329
f 988//330 989//330 990//330
f 991//331 992//331 993//331
f 994//332 995//332 996//332
f 997//333 998//333 999//333
f 1000//334 1001//334 1002//334
f 1003//335 1004//335 1005//335
f 1006//336 1007//336 1008//336
f 1009//337 1010//337 1011//337
f 1012//338 1013//338 1014//338
f 1015//339 1016//339 1017//339
f 1018//340 1019//340 1020//340
f 1021//341 1022//341 1023//341
f 1024//342 1025//342 1026//342
f 1027//343 1028//343 1029//343
f 1030//344 1031//344 1032//344
f 1033//345 1034//345 1035//345
f 1036//346 1037//346 1038//346
f 1039//347 1040//347 1041//347
f 1042//348 1043//348 1044//348
f 1045//349 1046//349 1047//349
f 1048//350 1049//350 1050//350
f 1051//351 1052//351 1053//351
f 1054//352 1055//352 1056//352
f 1057//353 1058//353 1059//353
f 1060//354 1061//354 1062//354
f 1063//355 1064//355 1065//355
f 1066//356 1067//356 1068//356
f 1069//357 1070//357 1071//357
f 1072//358 1073//358 1074//358
f 1075//359 1076//359 1077//359
f 1078//360 1079//360 1080//360
f 1081//361 1082//361 1083//361
f 1084//362 1085//362 1086//362
f 1087//363 1088//363 1089//363
f 1090//364 1091//364 1092//364
f 1093//365 1094//365 1095//365
f 1096//366 1097//366 1098//366
f 1099//367 1100//367 1101//367
f 1102//368 1103//368 1104//368
f 1105//369 1106//369 1107//369
f 1108//370 1109//370 1110//370
f 1111//371 1112//371 1113//371
f 1114//372 1115//372 1116//372
f 1117//373 1118//373 1119//373
f 1120//374 1121//374 1122//374
f 1123//375 1124//375 1125//375
f 1126//376 1127//376 1128//376
f 1129//377 1130//377 1131//377
f 1132//378 1133//378 1134//378
f 1135//379 1136//379 1137//379
f 1138//380 1139//380 1140//380
f 1141//381 1142//381 1143//381
f 1144//382 1145//382 1146//382
f 1147//383 1148//383 1149//383
f 1150//384 1151//384 1152//384
f 1153//385 1154//385 1155//385
f 1156//386 1157//386 1158//386
f 1159//387 1160//387 1161//387
f 1162//388 1163//388 1164//388
f 1165//389 1166//389 1167//389
f 1168//390 1169//390 1170//390
f 1171//391 1172//391 1173//391
f 1174//392 1175//392 1176//392
f 1177//393 1178//393 1179//393
f 1180//394 1181//394 1182//394
f 1183//395 1184//395 1185//395
f 1186//396 1187//396 1188//396
f 1189//397 1190//397 1191//397
f 1192//398 1193//398 1194//398
f 1195//399 1196//399 1197//399
f 1198//400 1199//400 1200//400
f 1201//401 1202//401 1203//401
f 1204//402 1205//402 1206//402
f 1207//403 1208//403 1209//403
f 1210//404 1211//404 1212//404
f 1213//405 1214//405 1215//405
f 1216//406 1217//406 1218//406
f 1219//407 1220//407 1221//407
f 1222//408 1223//408 1224//408
f 1225//409 1226//409 1227//409
f 1228//410 1229//410 1230//410
f 1231//411 1232//411 1233//411
f 1234//412 1235//412 1236//412
f 1237//413 1238//413 1239//413
f 1240//414 1241//414 1242//414
f 1243//415 1244//415 1245//415
f 1246//416 1247//416 1248//416
f 1249//417 1250//417 1251//417
f 1252//418 1253//418 1254//418
f 1255//419 1256//419 1257//419
f 1258//420 1259//420 1260//420
f 1261//421 1262//421 1263//421
f 1264//422 1265//422 1266//422
f 1267//423 1268//423 1269//423
f 1270//424 1271//424 1272//424
f 1273//425 1274//425 1275//425
f 1276//426 1277//426 1278//426
f 1279//427 1280//427 1281//427
f 1282//428 1283//428 1284//428
f 1285//429 1286//429 1287//429
f 1288//430 1289//430 1290//430
f 1291//431 1292//431 1293//431
f 1294//432 1295//432 1296//432
f 1297//433 1298//433 1299//433
f 1300//434 1301//434 1302//434
f 1303//435 1304//435 1305//435
f 1306//436 1307//436 1308//436
f 1309//437 1310//437 1311//437
f 1312//438 1313//438 1314//438
f 1315//439 1316//439 1317//439
f 1318//440 1319//440 1320//440
f 1321//441 1322//441 1323//441
f 1324//442 1325//442 1326//442
f 1327//443 1328//443 1329//443
f 1330//444 1331//444 1332//444
f 1333//445 1334//445 1335//445
f 1336//446 1337//446 1338//446
f 1339//447 1340//447 1341//447
f 1342//448 1343//448 1344//448
f 1345//449 1346//449 1347//449
f 1348//450 1349//450 1350//450
f 1351//451 1352//451 1353//451
f 1354//452 1355//452 1356//452
f 1357//453 1358//453 1359//453
f 1360//454 1361//454 1362//454
f 1363//455 1364//455 1365//455
f 1366//456 1367//456 1368//456
f 1369//457 1370//457 1371//457
f 1372//458 1373//458 1374//458
f 1375//459 1376//459 1377//459
f 1378//460 1379//460 1380//460
f 1381//461 1382//461 1383//461
f 1384//462 1385//462 1386//462
f 1387//463 1388//463 1389//463
f 1390//464 1391//464 1392//464
f 1393//465 1394//465 1395//465
f 1396//466 1397//466 1398//466
f 1399//467 1400//467 1401//467
f 1402//468 1403//468 1404//468
f 1405//469 1406//469 1407//469
f 1408//470 1409//470 1410//470
f 1411//471 1412//471 1413//471
f 1414//472 1415//472 1416//472
f 1417//473 1418//473 1419//473
f 1420//474 1421//474 1422//474
f 1423//475 1424//475 1425//475
f 1426//476 1427//476 1428//476
f 1429//477 1430//477 1431//477
f 1432//478 1433//478 1434//478
f 1435//479 1436//479 1437//479
f 1438//480 1439//480 1440//480
f 1441//481 1442//481 1443//481
f 1444//482 1445//482 1446//482
f 1447//483 1448//483 1449//483
f 1450//484 1451//484 1452//484
f 1453//485 1454//485 1455//485
f 1456//486 1457//486 1458//486
f 1459//487 1460//487 1461//487
f 1462//488 1463//488 1464//488
f 1465//489 1466//489 1467//489
f 1468//490 1469//490 1470//490
f 1471//491 1472//491 1473//491
f 1474//492 1475//492 1476//492
f 1477//493 1478//493 1479//493
f 1480//494 1481//494 1482//494
f 1483//495 1484//495 1485//495
f 1486//496 1487//496 1488//496
f 1489//497 1490//497 1491//497
f 1492//498 1493//498 1494//498
f 1495//499 1496//499 1497//499
f 1498//500 1499//500 1500//500
f 1501//501 1502//501 1503//501
f 1504//502 1505//502 1506//502
f 1507//503 1508//503 1509//503
f 1510//504 1511//504 1512//504
f 1513//505 1514//505 1515//505
f 1516//506 1517//506 1518//506
f 1519//507 1520//507 1521//507
f 1522//508 1523//508 1524//508
f 1525//509 1526//509 1527//509
f 1528//510 1529//510 1530//510
f 1531//511 1532//511 1533//511
f 1534//512 1535//512 1536//512
f 1537//513 1538//513 1539//513
f 1540//514 1541//514 1542//514
f 1543//515 1544//515 1545//515
f 1546//516 1547//516 1548//516
f 1549//517 1550//517 1551//517
f 1552//518 1553//518 1554//518
f 1555//519 1556//519 1557//519
f 1558//520 1559//520 1560//520
f 1561//521 1562//521 1563//521
f 1564//522 1565//522 1566//522
f 1567//523 1568//523 1569//523
f 1570//524 1571//524 1572//524
f 1573//525 1574//525 1575//525
f 1576//526 1577//526 1578//526
f 1579//527 1580//527 1581//527
f 1582//528 1583//528 1584//528
f 1585//529 1586//529 1587//529
f 1588//530 1589//530 1590//530
f 1591//531 1592//531 1593//531
f 1594//532 1595//532 1596//532
f 1597//533 1598//533 1599//533
f 1600//534 1601//534 1602//534
f 1603//535 1604//535 1605//535
f 1606//536 1607//536 1608//536
f 1609//537 1610//537 1611//537
f 1612//538 1613//538 1614//538
f 1615//539 1616//539 1617//539
f 1618//540 1619//540 1620//540
f 1621//541 1622//541 1623//541
f 1624//542 1625//542 1626//542
f 1627//543 1628//543 1629//543
f 1630//544 1631//544 1632//544
f 1633//545 1634//545 1635//545
f 1636//546 1637//546 1638//546
f 1639//547 1640//547 1641//547
f 1642//548 1643//548 1644//548
f 1645//549 1646//549 1647//549
f 1648//550 1649//550 1650//550
f 1651//551 1652//551 1653//551
f 1654//552 1655//552 1656//552
f 1657//553 1658//553 1659//553
f 1660//554 1661//554 1662//554
f 1663//555 1664//555 1665//555
f 1666//556 1667//556 1668//556
f 1669//557 1670//557 1671//557
f 1672//558 1673//558 1674//558
f 1675//559 1676//559 1677//559
f 1678//560 1679//560 1680//560
f 1681//561 1682//561 1683//561
f 1684//562 1685//562 1686//562
f 1687//563 1688//563 1689//563
f 1690//564 1691//564 1692//564
f 1693//565 1694//565 1695//565
f 1696//566 1697//566 1698//566
f 1699//567 1700//567 1701//567
f 1702//568 1703//568 1704//568
f 1705//569 1706//569 1707//569
f 1708//570 1709//570 1710//570
f 1711//571 1712//571 1713//571
f 1714//572 1715//572 1716//572
f 1717//573 1718//573 1719//573
f 1720//574 1721//574 1722//574
f 1723//575 1724//575 1725//575
f 1726//576 1727//576 1728//576
f 1729//577 1730//577 1731//577
f 1732//578 1733//578 1734//578
f 1735//579 1736//579 1737//579
f 1738//580 1739//580 1740//580
f 1741//581 1742//581 1743//581
f 1744//582 1745//582 1746//582
f 1747//583 1748//583 1749//583
f 1750//584 1751//584 1752//584
f 1753//585 1754//585 1755//585
f 1756//586 1757//586 1758//586
f 1759//587 1760//587 1761//587
f 1762//588 1763//588 1764//588
f 1765//589 1766//589 1767//589
f 1768//590 1769//590 1770//590
f 1771//591 1772//591 1773//591
f 1774//592 1775//592 1776//592
f 1777//593 1778//593 1779//593
f 1780//594 1781//594 1782//594
f 1783//595 1784//595 1785//595
f 1786//596 1787//596 1788//596
f 1789//597 1790//597 1791//597
f 1792//598 1793//598 1794//598
f 1795//599 1796//599 1797//599
f 1798//600 1799//600 1800//600
f 1801//601 1802//601 1803//601
f 1804//602 1805//602 1806//602
f 1807//603 1808//603 1809//603
f 1810//604 1811//604 1812//604
f 1813//605 1814//605 1815//605
f 1816//606 1817//606 1818//606
f 1819//607 1820//607 1821//607
f 1822//608 1823//608 1824//608
f 1825//609 1826//609 1827//609
f 1828//610 1829//610 1830//610
f 1831//611 1832//611 1833//611
f 1834//612 1835//612 1836//612
f 1837//613 1838//613 1839//613
f 1840//614 1841//614 1842//614
f 1843//615 1844//615 1845//615
f 1846//616 1847//616 1848//616
f 1849//617 1850//617 1851//617
f 1852//618 1853//618 1854//618
f 1855//619 1856//619 1857//619
f 1858//620 1859//620 1860//620
f 1861//621 1862//621 1863//621
f 1864//622 1865//622 1866//622
f 1867//623 1868//623 1869//623
f 1870//624 1871//624 1872//624
f 1873//625 1874//625 1875//625
f 1876//626 1877//626 1878//626
f 1879//627 1880//627 1881//627
f 1882//628 1883//628 1884//628
f 1885//629 1886//629 1887//629
f 1888//630 1889//630 1890//630
f 1891//631 1892//631 1893//631
f 1894//632 1895//632 1896//632
f 1897//633 1898//633 1899//633
f 1900//634 1901//634 1902//634
f 1903//635 1904//635 1905//635
f 1906//636 1907//636 1908//636
f 1909//637 1910//637 1911//637
f 1912//638 1913//638 1914//638
f 1915//639 1916//639 1917//639
f 1918//640 1919//640 1920//640
f 1921//641 1922//641 1923//641
f 1924//642 1925//642 1926//642
f 1927//643 1928//643 1929//643
f 1930//644 1931//644 1932//644
f 1933//645 1934//645 1935//645
f 1936//646 1937//646 1938//646
f 1939//647 1940//647 1941//647
f 1942//648 1943//648 1944//648
f 1945//649 1946//649 1947//649
f 1948//650 1949//650 1950//650
f 1951//651 1952//651 1953//651
f 1954//652 1955//652 1956//652
f 1957//653 1958//653 1959//653
f 1960//654 1961//654 1962//654
f 1963//655 1964//655 1965//655
f 1966//656 1967//656 1968//656
f 1969//657 1970//657 1971//657
f 1972//658 1973//658 1974//658
f 1975//659 1976//659 1977//659
f 1978//660 1979//660 1980//660
f 1981//661 1982//661 1983//661
f 1984//662 1985//662 1986//662
f 1987//663 1988//663 1989//663
f 1990//664 1991//664 1992//664
f 1993//665 1994//665 1995//665
f 1996//666 1997//666 1998//666
f 1999//667 2000//667 2001//667
f 2002//668 2003//668 2004//668
f 2005//669 2006//669 2007//669
f 2008//670 2009//670 2010//670
f 2011//671 2012//671 2013//671
f 2014//672 2015//672 2016//672
f 2017//673 2018//673 2019//673
f 2020//674 2021//674 2022//674
f 2023//675 2024//675 2025//675
f 2026//676 2027//676 2028//676
f 2029//677 2030//677 2031//677
f 2032//678 2033//678 2034//678
f 2035//679 2036//679 2037//679
f 2038//680 2039//680 2040//680
f 2041//681 2042//681 2043//681
f 2044//682 2045//682 2046//682
f 2047//683 2048//683 2049//683
f 2050//684 2051//684 2052//684
f 2053//685 2054//685 2055//685
f 2056//686 2057//686 2058//686
f 2059//687 2060//687 2061//687
f 2062//688 2063//688 2064//688
f 2065//689 2066//689 2067//689
f 2068//690 2069//690 2070//690
f 2071//691 2072//691 2073//691
f 2074//692 2075//692 2076//692
f 2077//693 2078//693 2079//693
f 2080//694 2081//694 2082//694
f 2083//695 2084//695 2085//695
f 2086//696 2087//696 2088//696
f 2089//697 2090//697 2091//697
f 2092//698 2093//698 2094//698
f 2095//699 2096//699 2097//699
f 2098//700 2099//700 2100//700
f 2101//701 2102//701 2103//701
f 2104//702 2105//702 2106//702
f 2107//703 2108//703 2109//703
f 2110//704 2111//704 2112//704
f 2113//705 2114//705 2115//705
f 2116//706 2117//706 2118//706
f 2119//707 2120//707 2121//707
f 2122//708 2123//708 2124//708
f 2125//709 2126//709 2127//709
f 2128//710 2129//710 2130//710
f 2131//711 2132//711 2133//711
f 2134//712 2135//712 2136//712
f 2137//713 2138//713 2139//713
f 2140//714 2141//714 2142//714
f 2143//715 2144//715 2145//715
f 2146//716 2147//716 2148//716
f 2149//717 2150//717 2151//717
f 2152//718 2153//718 2154//718
f 2155//719 2156//719 2157//719
f 2158//720 2159//720 2160//720
f 2161//721 2162//721 2163//721
f 2164//722 2165//722 2166//722
f 2167//723 2168//723 2169//723
f 2170//724 2171//724 2172//724
f 2173//725 2174//725 2175//725
f 2176//726 2177//726 2178//726
f 2179//727 2180//727 2181//727
f 2182//728 2183//728 2184//728
f 2185//729 2186//729 2187//729
f 2188//730 2189//730 2190//730
f 2191//731 2192//731 2193//731
f 2194//732 2195//732 2196//732
f 2197//733 2198//733 2199//733
f 2200//734 2201//734 2202//734
f 2203//735 2204//735 2205//735
f 2206//736 2207//736 2208//736
f 2209//737 2210//737 2211//737
f 2212//738 2213//738 2214//738
f 2215//739 2216//739 2217//739
f 2218//740 2219//740 2220//740
f 2221//741 2222//741 2223//741
f 2224//742 2225//742 2226//742
f 2227//743 2228//743 2229//743
f 2230//744 2231//744 2232//744
f 2233//745 2234//745 2235//745
f 2236//746 2237//746 2238//746
f 2239//747 2240//747 2241//747
f 2242//748 2243//748 2244//748
f 2245//749 2246//749 2247//749
f 2248//750 2249//750 2250//750
f 2251//751 2252//751 2253//751
f 2254//752 2255//752 2256//752
f 2257//753 2258//753 2259//753
f 2260//754 2261//754 2262//754
f 2263//755 2264//755 2265//755
f 2266//756 2267//756 2268//756
f 2269//757 2270//757 2271//757
f 2272//758 2273//758 2274//758
f 2275//759 2276//759 2277//759
f 2278//760 2279//760 2280//760
f 2281//761 2282//761 2283//761
f 2284//762 2285//762 2286//762
f 2287//763 2288//763 2289//763
f 2290//764 2291//764 2292//764
f 2293//765 2294//765 2295//765
f 2296//766 2297//766 2298//766
f 2299//767 2300//767 2301//767
f 2302//768 2303//768 2304//768
f 2305//769 2306//769 2307//769
f 2308//770 2309//770 2310//770
f 2311//771 2312//771 2313//771
f 2314//772 2315//772 2316//772
f 2317//773 2318//773 2319//773
f 2320//774 2321//774 2322//774
f 2323//775 2324//775 2325//775
f 2326//776 2327//776 2328//776
f 2329//777 2330//777 2331//777
f 2332//778 2333//778 2334//778
f 2335//779 2336//779 2337//779
f 2338//780 2339//780 2340//780
f 2341//781 2342//781 2343//781
f 2344//782 2345//782 2346//782
f 2347//783 2348//783 2349//783
f 2350//784 2351//784 2352//784
f 2353//785 2354//785 2355//785
f 2356//786 2357//786 2358//786
f 2359//787 2360//787 2361//787
f 2362//788 2363//788 2364//788
f 2365//789 2366//789 2367//789
f 2368//790 2369//790 2370//790
f 2371//791 2372//791 2373//791
f 2374//792 2375//792 2376//792
f 2377//793 2378//793 2379//793
f 2380//794 2381//794 2382//794
f 2383//795 2384//795 2385//795
f 2386//796 2387//796 2388//796
f 2389//797 2390//797 2391//797
f 2392//798 2393//798 2394//798
f 2395//799 2396//799 2397//799
f 2398//800 2399//800 2400//800
f 2401//801 2402//801 2403//801
f 2404//802 2405//802 2406//802
f 2407//803 2408//803 2409//803
f 2410//804 2411//804 2412//804
f 2413//805 2414//805 2415//805
f 2416//806 2417//806 2418//806
f 2419//807 2420//807 2421//807
f 2422//808 2423//808 2424//808
f 2425//809 2426//809 2427//809
f 2428//810 2429//810 2430//810
f 2431//811 2432//811 2433//811
f 2434//812 2435//812 2436//812
f 2437//813 2438//813 2439//813
f 2440//814 2441//814 2442//814
f 2443//815 2444//815 2445//815
f 2446//816 2447//816 2448//816
f 2449//817 2450//817 2451//817
f 2452//818 2453//818 2454//818
f 2455//819 2456//819 2457//819
f 2458//820 2459//820 2460//820
f 2461//821 2462//821 2463//821
f 2464//822 2465//822 2466//822
f 2467//823 2468//823 2469//823
f 2470//824 2471//824 2472//824
f 2473//825 2474//825 2475//825
f 2476//826 2477//826 2478//826
f 2479//827 2480//827 2481//827
f 2482//828 2483//828 2484//828
f 2485//829 2486//829 2487//829
f 2488//830 2489//830 2490//830
f 2491//831 2492//831 2493//831
f 2494//832 2495//832 2496//832
f 2497//833 2498//833 2499//833
f 2500//834 2501//834 2502//834
f 2503//835 2504//835 2505//835
f 2506//836 2507//836 2508//836
f 2509//837 2510//837 2511//837
f 2512//838 2513//838 2514//838
f 2515//839 2516//839 2517//839
f 2518//840 2519//840 2520//840
f 2521//841 2522//841 2523//841
f 2524//842 2525//842 2526//842
f 2527//843 2528//843 2529//843
f 2530//844 2531//844 2532//844
f 2533//845 2534//845 2535//845
f 2536//846 2537//846 2538//846
f 2539//847 2540//847 2541//847
f 2542//848 2543//848 2544//848
f 2545//849 2546//849 2547//849
f 2548//850 2549//850 2550//850
f 2551//851 2552//851 2553//851
f 2554//852 2555//852 2556//852
f 2557//853 2558//853 2559//853
f 2560//854 2561//854 2562//854
f 2563//855 2564//855 2565//855
f 2566//856 2567//856 2568//856
f 2569//857 2570//857 2571//857
f 2572//858 2573//858 2574//858
f 2575//859 2576//859 2577//859
f 2578//860 2579//860 2580//860
f 2581//861 2582//861 2583//861
f 2584//862 2585//862 2586//862
f 2587//863 2588//863 2589//863
f 2590//864 2591//864 2592//864
f 2593//865 2594//865 2595//865
f 2596//866 2597//866 2598//866
f 2599//867 2600//867 2601//867
f 2602//868 2603//868 2604//868
f 2605//869 2606//869 2607//869
f 2608//870 2609//870 2610//870
f 2611//871 2612//871 2613//871
f 2614//872 2615//872 2616//872
f 2617//873 2618//873 2619//873
f 2620//874 2621//874 2622//874
f 2623//875 2624//875 2625//875
f 2626//876 2627//876 2628//876
f 2629//877 2630//877 2631//877
f 2632//878 2633//878 2634//878
f 2635//879 2636//879 2637//879
f 2638//880 2639//880 2640//880
f 2641//881 2642//881 2643//881
f 2644//882 2645//882 2646//882
f 2647//883 2648//883 2649//883
f 2650//884 2651//884 2652//884
f 2653//885 2654//885 2655//885
f 2656//886 2657//886 2658//886
f 2659//887 2660//887 2661//887
f 2662//888 2663//888 2664//888
f 2665//889 2666//889 2667//889
f 2668//890 2669//890 2670//890
f 2671//891 2672//891 2673//891
f 2674//892 2675//892 2676//892
f 2677//893 2678//893 2679//893
f 2680//894 2681//894 2682//894
f 2683//895 2684//895 2685//895
f 2686//896 2687//896 2688//896
f 2689//897 2690//897 2691//897
f 2692//898 2693//898 2694//898
f 2695//899 2696//899 2697//899
f 2698//900 2699//900 2700//900
f 2701//901 2702//901 2703//901
f 2704//902 2705//902 2706//902
f 2707//903 2708//903 2709//903
f 2710//904 2711//904 2712//904
f 2713//905 2714//905 2715//905
f 2716//906 2717//906 2718//906
f 2719//907 2720//907 2721//907
f 2722//908 2723//908 2724//908
f 2725//909 2726//909 2727//909
f 2728//910 2729//910 2730//910
f 2731//911 2732//911 2733//911
f 2734//912 2735//912 2736//912
f 2737//913 2738//913 2739//913
f 2740//914 2741//914 2742//914
f 2743//915 2744//915 2745//915
f 2746//916 2747//916 2748//916
f 2749//917 2750//917 2751//917
f 2752//918 2753//918 2754//918
f 2755//919 2756//919 2757//919
f 2758//920 2759//920 2760//920
f 2761//921 2762//921 2763//921
f 2764//922 2765//922 2766//922
f 2767//923 2768//923 2769//923
f 2770//924 2771//924 2772//924
f 2773//925 2774//925 2775//925
f 2776//926 2777//926 2778//926
f 2779//927 2780//927 2781//927
f 2782//928 2783//928 2784//928
f 2785//929 2786//929 2787//929
f 2788//930 2789//930 2790//930
f 2791//931 2792//931 2793//931
f 2794//932 2795//932 2796//932
f 2797//933 2798//933 2799//933
f 2800//934 2801//934 2802//934
f 2803//935 2804//935 2805//935
f 2806//936 2807//936 2808//936
f 2809//937 2810//937 2811//937
f 2812//938 2813//938 2814//938
f 2815//939 2816//939 2817//939
f 2818//940 2819//940 2820//940
f 2821//941 2822//941 2823//941
f 2824//942 2825//942 2826//942
f 2827//943 2828//943 2829//943
f 2830//944 2831//944 2832//944
f 2833//945 2834//945 2835//945
f 2836//946 2837//946 2838//946
f 2839//947 2840//947 2841//947
f 2842//948 2843//948 2844//948
f 2845//949 2846//949 2847//949
f 2848//950 2849//950 2850//950
f 2851//951 2852//951 2853//951
f 2854//952 2855//952 2856//952
f 2857//953 2858//953 2859//953
f 2860//954 2861//954 2862//954
f 2863//955 2864//955 2865//955
f 2866//956 2867//956 2868//956
f 2869//957 2870//957 2871//957
f 2872//958 2873//958 2874//958
f 2875//959 2876//959 2877//959
f 2878//960 2879//960 2880//960
f 2881//961 2882//961 2883//961
f 2884//962 2885//962 2886//962
f 2887//963 2888//963 2889//963
f 2890//964 2891//964 2892//964
f 2893//965 2894//965 2895//965
f 2896//966 2897//966 2898//966
f 2899//967 2900//967 2901//967
f 2902//968 2903//968 2904//968
f 2905//969 2906//969 2907//969
f 2908//970 2909//970 2910//970
f 2911//971 2912//971 2913//971
f 2914//972 2915//972 2916//972
f 2917//973 2918//973 2919//973
f 2920//974 2921//974 2922//974
f 2923//975 2924//975 2925//975
f 2926//976 2927//976 2928//976
f 2929//977 2930//977 2931//977
f 2932//978 2933//978 2934//978
f 2935//979 2936//979 2937//979
f 2938//980 2939//980 2940//980
f 2941//981 2942//981 2943//981
f 2944//982 2945//982 2946//982
f 2947//983 2948//983 2949//983
f 2950//984 2951//984 2952//984
f 2953//985 2954//985 2955//985
f 2956//986 2957//986 2958//986
f 2959//987 2960//987 2961//987
f 2962//988 2963//988 2964//988
f 2965//989 2966//989 2967//989
f 2968//990 2969//990 2970//990
f 2971//991 2972//991 2973//991
f 2974//992 2975//992 2976//992
f 2977//993 2978//993 2979//993
f 2980//994 2981//994 2982//994
f 2983//995 2984//995 2985//995
f 2986//996 2987//996 2988//996
f 2989//997 2990//997 2991//997
f 2992//998 2993//998 2994//998
f 2995//999 2996//999 2997//999
f 2998//1000 2999//1000 3000//1000
f 3001//1001 3002//1001 3003//1001
f 3004//1002 3005//1002 3006//1002
f 3007//1003 3008//1003 3009//1003
f 3010//1004 3011//1004 3012//1004
f 3013//1005 3014//1005 3015//1005
f 3016//1006 3017//1006 3018//1006
f 3019//1007 3020//1007 3021//1007
f 3022//1008 3023//1008 3024//1008
f 3025//1009 3026//1009 3027//1009
f 3028//1010 3029//1010 3030//1010
f 3031//1011 3032//1011 3033//1011
f 3034//1012 3035//1012 3036//1012
f 3037//1013 3038//1013 3039//1013
f 3040//1014 3041//1014 3042//1014
f 3043//1015 3044//1015 3045//1015
f 3046//1016 3047//1016 3048//1016
f 3049//1017 3050//1017 3051//1017
f 3052//1018 3053//1018 3054//1018
f 3055//1019 3056//1019 3057//1019
f 3058//1020 3059//1020 3060//1020
f 3061//1021 3062//1021 3063//1021
f 3064//1022 3065//1022 3066//1022
f 3067//1023 3068//1023 3069//1023
f 3070//1024 3071//1024 3072//1024
f 3073//1025 3074//1025 3075//1025
f 3076//1026 3077//1026 3078//1026
f 3079//1027 3080//1027 3081//1027
f 3082//1028 3083//1028 3084//1028
f 3085//1029 3086//1029 3087//1029
f 3088//1030 3089//1030 3090//1030
f 3091//1031 3092//1031 3093//1031
f 3094//1032 3095//1032 3096//1032
f 3097//1033 3098//1033 3099//1033
f 3100//1034 3101//1034 3102//1034
f 3103//1035 3104//1035 3105//1035
f 3106//1036 3107//1036 3108//1036
f 3109//1037 3110//1037 3111//1037
f 3112//1038 3113//1038 3114//1038
f 3115//1039 3116//1039 3117//1039
f 3118//1040 3119//1040 3120//1040
f 3121//1041 3122//1041 3123//1041
f 3124//1042 3125//1042 3126//1042
f 3127//1043 3128//1043 3129//1043
f 3130//1044 3131//1044 3132//1044
f 3133//1045 3134//1045 3135//1045
f 3136//1046 3137//1046 3138//1046
f 3139//1047 3140//1047 3141//1047
f 3142//1048 3143//1048 3144//1048
f 3145//1049 3146//1049 3147//1049
f 3148//1050 3149//1050 3150//1050
f 3151//1051 3152//1051 3153//1051
f 3154//1052 3155//1052 3156//1052
f 3157//1053 3158//1053 3159//1053
f 3160//1054 3161//1054 3162//1054
f 3163//1055 3164//1055 3165//1055
f 3166//1056 3167//1056 3168//1056
f 3169//1057 3170//1057 3171//1057
f 3172//1058 3173//1058 3174//1058
f 3175//1059 3176//1059 3177//1059
f 3178//1060 3179//1060 3180//1060
f 3181//1061 3182//1061 3183//1061
f 3184//1062 3185//1062 3186//1062
f 3187//1063 3188//1063 3189//1063
f 3190//1064 3191//1064 3192//1064
f 3193//1065 3194//1065 3195//1065
f 3196//1066 3197//1066 3198//1066
f 3199//1067 3200//1067 3201//1067
f 3202//1068 3203//1068 3204//1068
f 3205//1069 3206//1069 3207//1069
f 3208//1070 3209//1070 3210//1070
f 3211//1071 3212//1071 3213//1071
f 3214//1072 3215//1072 3216//1072
f 3217//1073 3218//1073 3219//1073
f 3220//1074 3221//1074 3222//1074
f 3223//1075 3224//1075 3225//1075
f 3226//1076 3227//1076 3228//1076
f 3229//1077 3230//1077 3231//1077
f 3232//1078 3233//1078 3234//1078
f 3235//1079 3236//1079 3237//1079
f 3238//1080 3239//1080 3240//1080
f 3241//1081 3242//1081 3243//1081
f 3244//1082 3245//1082 3246//1082
f 3247//1083 3248//1083 3249//1083
f 3250//1084 3251//1084 3252//1084
f 3253//1085 3254//1085 3255//1085
f 3256//1086 3257//1086 3258//1086
f 3259//1087 3260//1087 3261//1087
f 3262//1088 3263//1088 3264//1088
f 3265//1089 3266//1089 3267//1089
f 3268//1090 3269//1090 3270//1090
f 3271//1091 3272//1091 3273//1091
f 3274//1092 3275//1092 3276//1092
f 3277//1093 3278//1093 3279//1093
f 3280//1094 3281//1094 3282//1094
f 3283//1095 3284//1095 3285//1095
f 3286//1096 3287//1096 3288//1096
f 3289//1097 3290//1097 3291//1097
f 3292//1098 3293//1098 3294//1098
f 3295//1099 3296//1099 3297//1099
f 3298//1100 3299//1100 3300//1100
f 3301//1101 3302//1101 3303//1101
f 3304//1102 3305//1102 3306//1102
f 3307//1103 3308//1103 3309//1103
f 3310//1104 3311//1104 3312//1104
f 3313//1105 3314//1105 3315//1105
f 3316//1106 3317//1106 3318//1106
f 3319//1107 3320//1107 3321//1107
f 3322//1108 3323//1108 3324//1108
f 3325//1109 3326//1109 3327//1109
f 3328//1110 3329//1110 3330//1110
f 3331//1111 3332//1111 3333//1111
f 3334//1112 3335//1112 3336//1112
f 3337//1113 3338//1113 3339//1113
f 3340//1114 3341//1114 3342//1114
f 3343//1115 3344//1115 3345//1115
f 3346//1116 3347//1116 3348//1116
f 3349//1117 3350//1117 3351//1117
f 3352//1118 3353//1118 3354//1118
f 3355//1119 3356//1119 3357//1119
f 3358//1120 3359//1120 3360//1120
f 3361//1121 3362//1121 3363//1121
f 3364//1122 3365//1122 3366//1122
f 3367//1123 3368//1123 3369//1123
f 3370//1124 3371//1124 3372//1124
f 3373//1125 3374//1125 3375//1125
f 3376//1126 3377//1126 3378//1126
f 3379//1127 3380//1127 3381//1127
f 3382//1128 3383//1128 3384//1128
f 3385//1129 3386//1129 3387//1129
f 3388//1130 3389//1130 3390//1130
f 3391//1131 3392//1131 3393//1131
f 3394//1132 3395//1132 3396//1132
f 3397//1133 3398//1133 3399//1133
f 3400//1134 3401//1134 3402//1134
f 3403//1135 3404//1135 3405//1135
f 3406//1136 3407//1136 3408//1136
f 3409//1137 3410//1137 3411//1137
f 3412//1138 3413//1138 3414//1138
f 3415//1139 3416//1139 3417//1139
f 3418//1140 3419//1140 3420//1140
f 3421//1141 3422//1141 3423//1141
f 3424//1142 3425//1142 3426//1142
f 3427//1143 3428//1143 3429//1143
f 3430//1144 3431//1144 3432//1144
f 3433//1145 3434//1145 3435//1145
f 3436//1146 3437//1146 3438//1146
f 3439//1147 3440//1147 3441//1147
f 3442//1148 3443//1148 3444//1148
f 3445//1149 3446//1149 3447//1149
f 3448//1150 3449//1150 3450//1150
f 3451//1151 3452//1151 3453//1151
f 3454//1152 3455//1152 3456//1152
f 3457//1153 3458//1153 3459//1153
f 3460//1154 3461//1154 3462//1154
f 3463//1155 3464//1155 3465//1155
f 3466//1156 3467//1156 3468//1156
f 3469//1157 3470//1157 3471//1157
f 3472//1158 3473//1158 3474//1158
f 3475//1159 3476//1159 3477//1159
f 3478//1160 3479//1160 3480//1160
f 3481//1161 3482//1161 3483//1161
f 3484//1162 3485//1162 3486//1162
f 3487//1163 3488//1163 3489//1163
f 3490//1164 3491//1164 3492//1164
f 3493//1165 3494//1165 3495//1165
f 3496//1166 3497//1166 3498//1166
f 3499//1167 3500//1167 3501//1167
f 3502//1168 3503//1168 3504//1168
f 3505//1169 3506//1169 3507//1169
f 3508//1170 3509//1170 3510//1170
f 3511//1171 3512//1171 3513//1171
f 3514//1172 3515//1172 3516//1172
f 3517//1173 3518//1173 3519//1173
f 3520//1174 3521//1174 3522//1174
f 3523//1175 3524//1175 3525//1175
f 3526//1176 3527//1176 3528//1176
f 3529//1177 3530//1177 3531//1177
f 3532//1178 3533//1178 3534//1178
f 3535//1179 3536//1179 3537//1179
f 3538//1180 3539//1180 3540//1180
f 3541//1181 3542//1181 3543//1181
f 3544//1182 3545//1182 3546//1182
f 3547//1183 3548//1183 3549//1183
f 3550//1184 3551//1184 3552//1184
f 3553//1185 3554//1185 3555//1185
f 3556//1186 3557//1186 3558//1186
f 3559//1187 3560//1187 3561//1187
f 3562//1188 3563//1188 3564//1188
f 3565//1189 3566//1189 3567//1189
f 3568//1190 3569//1190 3570//1190
f 3571//1191 3572//1191 3573//1191
f 3574//1192 3575//1192 3576//1192
f 3577//1193 3578//1193 3579//1193
f 3580//1194 3581//1194 3582//1194
f 3583//1195 3584//1195 3585//1195
f 3586//1196 3587//1196 3588//1196
f 3589//1197 3590//1197 3591//1197
f 3592//1198 3593//1198 3594//1198
f 3595//1199 3596//1199 3597//1199
f 3598//1200 3599//1200 3600//1200
f 3601//1201 3602//1201 3603//1201
f 3604//1202 3605//1202 3606//1202
f 3607//1203 3608//1203 3609//1203
f 3610//1204 3611//1204 3612//1204
f 3613//1205 3614//1205 3615//1205
f 3616//1206 3617//1206 3618//1206
f 3619//1207 3620//1207 3621//1207
f 3622//1208 3623//1208 3624//1208
f 3625//1209 3626//1209 3627//1209
f 3628//1210 3629//1210 3630//1210
f 3631//1211 3632//1211 3633//1211
f 3634//1212 3635//1212 3636//1212
f 3637//1213 3638//1213 3639//1213
f 3640//1214 3641//1214 3642//1214
f 3643//1215 3644//1215 3645//1215
f 3646//1216 3647//1216 3648//1216
f 3649//1217 3650//1217 3651//1217
f 3652//1218 3653//1218 3654//1218
f 3655//1219 3656//1219 3657//1219
f 3658//1220 3659//1220 3660//1220
f 3661//1221 3662//1221 3663//1221
f 3664//1222 3665//1222 3666//1222
f 3667//1223 3668//1223 3669//1223
f 3670//1224 3671//1224 3672//1224
f 3673//1225 3674//1225 3675//1225
f 3676//1226 3677//1226 3678//1226
f 3679//1227 3680//1227 3681//1227
f 3682//1228 3683//1228 3684//1228
f 3685//1229 3686//1229 3687//1229
f 3688//1230 3689//1230 3690//1230
f 3691//1231 3692//1231 3693//1231
f 3694//1232 3695//1232 3696//1232
f 3697//1233 3698//1233 3699//1233
f 3700//1234 3701//1234 3702//1234
f 3703//1235 3704//1235 3705//1235
f 3706//1236 3707//1236 3708//1236
f 3709//1237 3710//1237 3711//1237
f 3712//1238 3713//1238 3714//1238
f 3715//1239 3716//1239 3717//1239
f 3718//1240 3719//1240 3720//1240
f 3721//1241 3722//1241 3723//1241
f 3724//1242 3725//1242 3726//1242
f 3727//1243 3728//1243 3729//1243
f 3730//1244 3731//1244 3732//1244
f 3733//1245 3734//1245 3735//1245
f 3736//1246 3737//1246 3738//1246
f 3739//1247 3740//1247 3741//1247
f 3742//1248 3743//1248 3744//1248
f 3745//1249 3746//1249 3747//1249
f 3748//1250 3749//1250 3750//1250
f 3751//1251 3752//1251 3753//1251
f 3754//1252 3755//1252 3756//1252
f 3757//1253 3758//1253 3759//1253
f 3760//1254 3761//1254 3762//1254
f 3763//1255 3764//1255 3765//1255
f 3766//1256 3767//1256 3768//1256
f 3769//1257 3770//1257 3771//1257
f 3772//1258 3773//1258 3774//1258
f 3775//1259 3776//1259 3777//1259
f 3778//1260 3779//1260 3780//1260
f 3781//1261 3782//1261 3783//1261
f 3784//1262 3785//1262 3786//1262
f 3787//1263 3788//1263 3789//1263
f 3790//1264 3791//1264 3792//1264
f 3793//1265 3794//1265 3795//1265
f 3796//1266 3797//1266 3798//1266
f 3799//1267 3800//1267 3801//1267
f 3802//1268 3803//1268 3804//1268
f 3805//1269 3806//1269 3807//1269
f 3808//1270 3809//1270 3810//1270
f 3811//1271 3812//1271 3813//1271
f 3814//1272 3815//1272 3816//1272
f 3817//1273 3818//1273 3819//1273
f 3820//1274 3821//1274 3822//1274
f 3823//1275 3824//1275 3825//1275
f 3826//1276 3827//1276 3828//1276
f 3829//1277 3830//1277 3831//1277
f 3832//1278 3833//1278 3834//1278
f 3835//1279 3836//1279 3837//1279
f 3838//1280 3839//1280 3840//1280
f 3841//1281 3842//1281 3843//1281
f 3844//1282 3845//1282 3846//1282
f 3847//1283 3848//1283 3849//1283
f 3850//1284 3851//1284 3852//1284
f 3853//1285 3854//1285 3855//1285
f 3856//1286 3857//1286 3858//1286
f 3859//1287 3860//1287 3861//1287
f 3862//1288 3863//1288 3864//1288
f 3865//1289 3866//1289 3867//1289
f 3868//1290 3869//1290 3870//1290
f 3871//1291 3872//1291 3873//1291
f 3874//1292 3875//1292 3876//1292
f 3877//1293 3878//1293 3879//1293
f 3880//1294 3881//1294 3882//1294
f 3883//1295 3884//1295 3885//1295
f 3886//1296 3887//1296 3888//1296
f 3889//1297 3890//1297 3891//1297
f 3892//1298 3893//1298 3894//1298
f 3895//1299 3896//1299 3897//1299
f 3898//1300 3899//1300 3900//1300
f 3901//1301 3902//1301 3903//1301
f 3904//1302 3905//1302 3906//1302
f 3907//1303 3908//1303 3909//1303
f 3910//1304 3911//1304 3912//1304
f 3913//1305 3914//1305 3915//1305
f 3916//1306 3917//1306 3918//1306
f 3919//1307 3920//1307 3921//1307
f 3922//1308 3923//1308 3924//1308
f 3925//1309 3926//1309 3927//1309
f 3928//1310 3929//1310 3930//1310
f 3931//1311 3932//1311 3933//1311
f 3934//1312 3935//1312 3936//1312
f 3937//1313 3938//1313 3939//1313
f 3940//1314 3941//1314 3942//1314
f 3943//1315 3944//1315 3945//1315
f 3946//1316 3947//1316 3948//1316
f 3949//1317 3950//1317 3951//1317
f 3952//1318 3953//1318 3954//1318
f 3955//1319 3956//1319 3957//1319
f 3958//1320 3959//1320 3960//1320
f 3961//1321 3962//1321 3963//1321
f 3964//1322 3965//1322 3966//1322
f 3967//1323 3968//1323 3969//1323
f 3970//1324 3971//1324 3972//1324
f 3973//1325 3974//1325 3975//1325
f 3976//1326 3977//1326 3978//1326
f 3979//1327 3980//1327 3981//1327
f 3982//1328 3983//1328 3984//1328
f 3985//1329 3986//1329 3987//1329
f 3988//1330 3989//1330 3990//1330
f 3991//1331 3992//1331 3993//1331
f 3994//1332 3995//1332 3996//1332
f 3997//1333 3998//1333 3999//1333
f 4000//1334 4001//1334 4002//1334
f 4003//1335 4004//1335 4005//1335
f 4006//1336 4007//1336 4008//1336
f 4009//1337 4010//1337 4011//1337
f 4012//1338 4013//1338 4014//1338
f 4015//1339 4016//1339 4017//1339
f 4018//1340 4019//1340 4020//1340
f 4021//1341 4022//1341 4023//1341
f 4024//1342 4025//1342 4026//1342
f 4027//1343 4028//1343 4029//1343
f 4030//1344 4031//1344 4032//1344
f 4033//1345 4034//1345 4035//1345
f 4036//1346 4037//1346 4038//1346
f 4039//1347 4040//1347 4041//1347
f 4042//1348 4043//1348 4044//1348
f 4045//1349 4046//1349 4047//1349
f 4048//1350 4049//1350 4050//1350
f 4051//1351 4052//1351 4053//1351
f 4054//1352 4055//1352 4056//1352
f 4057//1353 4058//1353 4059//1353
f 4060//1354 4061//1354 4062//1354
f 4063//1355 4064//1355 4065//1355
f 4066//1356 4067//1356 4068//1356
f 4069//1357 4070//1357 4071//1357
f 4072//1358 4073//1358 4074//1358
f 4075//1359 4076//1359 4077//1359
f 4078//1360 4079//1360 4080//1360
f 4081//1361 4082//1361 4083//1361
f 4084//1362 4085//1362 4086//1362
f 4087//1363 4088//1363 4089//1363
f 4090//1364 4091//1364 4092//1364
f 4093//1365 4094//1365 4095//1365
f 4096//1366 4097//1366 4098//1366
f 4099//1367 4100//1367 4101//1367
f 4102//1368 4103//1368 4104//1368
f 4105//1369 4106//1369 4107//1369
f 4108//1370 4109//1370 4110//1370
f 4111//1371 4112//1371 4113//1371
f 4114//1372 4115//1372 4116//1372
f 4117//1373 4118//1373 4119//1373
f 4120//1374 4121//1374 4122//1374
f 4123//1375 4124//1375 4125//1375
f 4126//1376 4127//1376 4128//1376
f 4129//1377 4130//1377 4131//1377
f 4132//1378 4133//1378 4134//1378
f 4135//1379 4136//1379 4137//1379
f 4138//1380 4139//1380 4140//1380
f 4141//1381 4142//1381 4143//1381
f 4144//1382 4145//1382 4146//1382
f 4147//1383 4148//1383 4149//1383
f 4150//1384 4151//1384 4152//1384
f 4153//1385 4154//1385 4155//1385
f 4156//1386 4157//1386 4158//1386
f 4159//1387 4160//1387 4161//1387
f 4162//1388 4163//1388 4164//1388
f 4165//1389 4166//1389 4167//1389
f 4168//1390 4169//1390 4170//1390
f 4171//1391 4172//1391 4173//1391
f 4174//1392 4175//1392 4176//1392
f 4177//1393 4178//1393 4179//1393
f 4180//1394 4181//1394 4182//1394
f 4183//1395 4184//1395 4185//1395
f 4186//1396 4187//1396 4188//1396
f 4189//1397 4190//1397 4191//1397
f 4192//1398 4193//1398 4194//1398
f 4195//1399 4196//1399 4197//1399
f 4198//1400 4199//1400 4200//1400
f 4201//1401 4202//1401 4203//1401
f 4204//1402 4205//1402 4206//1402
f 4207//1403 4208//1403 4209//1403
f 4210//1404 4211//1404 4212//1404
f 4213//1405 4214//1405 4215//1405
f 4216//1406 4217//1406 4218//1406
f 4219//1407 4220//1407 4221//1407
f 4222//1408 4223//1408 4224//1408
f 4225//1409 4226//1409 4227//1409
f 4228//1410 4229//1410 4230//1410
f 4231//1411 4232//1411 4233//1411
f 4234//1412 4235//1412 4236//1412
f 4237//1413 4238//1413 4239//1413
f 4240//1414 4241//1414 4242//1414
f 4243//1415 4244//1415 4245//1415
f 4246//1416 4247//1416 4248//1416
f 4249//1417 4250//1417 4251//1417
f 4252//1418 4253//1418 4254//1418
f 4255//1419 4256//1419 4257//1419
f 4258//1420 4259//1420 4260//1420
f 4261//1421 4262//1421 4263//1421
f 4264//1422 4265//1422 4266//1422
f 4267//1423 4268//1423 4269//1423
f 4270//1424 4271//1424 4272//1424
f 4273//1425 4274//1425 4275//1425
f 4276//1426 4277//1426 4278//1426
f 4279//1427 4280//1427 4281//1427
f 4282//1428 4283//1428 4284//1428
f 4285//1429 4286//1429 4287//1429
f 4288//1430 4289//1430 4290//1430
f 4291//1431 4292//1431 4293//1431
f 4294//1432 4295//1432 4296//1432
f 4297//1433 4298//1433 4299//1433
f 4300//1434 4301//1434 4302//1434
f 4303//1435 4304//1435 4305//1435
f 4306//1436 4307//1436 4308//1436
f 4309//1437 4310//1437 4311//1437
f 4312//1438 4313//1438 4314//1438
f 4315//1439 4316//1439 4317//1439
f 4318//1440 4319//1440 4320//1440
f 4321//1441 4322//1441 4323//1441
f 4324//1442 4325//1442 4326//1442
f 4327//1443 4328//1443 4329//1443
f 4330//1444 4331//1444 4332//1444
f 4333//1445 4334//1445 4335//1445
f 4336//1446 4337//1446 4338//1446
f 4339//1447 4340//1447 4341//1447
f 4342//1448 4343//1448 4344//1448
f 4345//1449 4346//1449 4347//1449
f 4348//1450 4349//1450 4350//1450
f 4351//1451 4352//1451 4353//1451
f 4354//1452 4355//1452 4356//1452
f 4357//1453 4358//1453 4359//1453
f 4360//1454 4361//1454 4362//1454
f 4363//1455 4364//1455 4365//1455
f 4366//1456 4367//1456 4368//1456
f 4369//1457 4370//1457 4371//1457
f 4372//1458 4373//1458 4374//1458
f 4375//1459 4376//1459 4377//1459
f 4378//1460 4379//1460 4380//1460
f 4381//1461 4382//1461 4383//1461
f 4384//1462 4385//1462 4386//1462
f 4387//1463 4388//1463 4389//1463
f 4390//1464 4391//1464 4392//1464
f 4393//1465 4394//1465 4395//1465
f 4396//1466 4397//1466 4398//1466
f 4399//1467 4400//1467 4401//1467
f 4402//1468 4403//1468 4404//1468
f 4405//1469 4406//1469 4407//1469
f 4408//1470 4409//1470 4410//1470
f 4411//1471 4412//1471 4413//1471
f 4414//1472 4415//1472 4416//1472
f 4417//1473 4418//1473 4419//1473
f 4420//1474 4421//1474 4422//1474
f 4423//1475 4424//1475 4425//1475
f 4426//1476 4427//1476 4428//1476
f 4429//1477 4430//1477 4431//1477
f 4432//1478 4433//1478 4434//1478
f 4435//1479 4436//1479 4437//1479
f 4438//1480 4439//1480 4440//1480
f 4441//1481 4442//1481 4443//1481
f 4444//1482 4445//1482 4446//1482
f 4447//1483 4448//1483 4449//1483
f 4450//1484 4451//1484 4452//1484
f 4453//1485 4454//1485 4455//1485
f 4456//1486 4457//1486 4458//1486
f 4459//1487 4460//1487 4461//1487
f 4462//1488 4463//1488 4464//1488
f 4465//1489 4466//1489 4467//1489
f 4468//1490 4469//1490 4470//1490
f 4471//1491 4472//1491 4473//1491
f 4474//1492 4475//1492 4476//1492
f 4477//1493 4478//1493 4479//1493
f 4480//1494 4481//1494 4482//1494
f 4483//1495 4484//1495 4485//1495
f 4486//1496 4487//1496 4488//1496
f 4489//1497 4490//1497 4491//1497
f 4492//1498 4493//1498 4494//1498
f 4495//1499 4496//1499 4497//1499
f 4498//1500 4499//1500 4500//1500
f 4501//1501 4502//1501 4503//1501
f 4504//1502 4505//1502 4506//1502
f 4507//1503 4508//1503 4509//1503
f 4510//1504 4511//1504 4512//1504
f 4513//1505 4514//1505 4515//1505
f 4516//1506 4517//1506 4518//1506
f 4519//1507 4520//1507 4521//1507
f 4522//1508 4523//1508 4524//1508
f 4525//1509 4526//1509 4527//1509
f 4528//1510 4529//1510 4530//1510
f 4531//1511 4532//1511 4533//1511
f 4534//1512 4535//1512 4536//1512
f 4537//1513 4538//1513 4539//1513
f 4540//1514 4541//1514 4542//1514
f 4543//1515 4544//1515 4545//1515
f 4546//1516 4547//1516 4548//1516
f 4549//1517 4550//1517 4551//1517
f 4552//1518 4553//1518 4554//1518
f 4555//1519 4556//1519 4557//1519
f 4558//1520 4559//1520 4560//1520
f 4561//1521 4562//1521 4563//1521
f 4564//1522 4565//1522 4566//1522
f 4567//1523 4568//1523 4569//1523
f 4570//1524 4571//1524 4572//1524
f 4573//1525 4574//1525 4575//1525
f 4576//1526 4577//1526 4578//1526
f 4579//1527 4580//1527 4581//1527
f 4582//1528 4583//1528 4584//1528
f 4585//1529 4586//1529 4587//1529
f 4588//1530 4589//1530 4590//1530
f 4591//1531 4592//1531 4593//1531
f 4594//1532 4595//1532 4596//1532
f 4597//1533 4598//1533 4599//1533
f 4600//1534 4601//1534 4602//1534
f 4603//1535 4604//1535 4605//1535
f 4606//1536 4607//1536 4608//1536
f 4609//1537 4610//1537 4611//1537
f 4612//1538 4613//1538 4614//1538
f 4615//1539 4616//1539 4617//1539
f 4618//1540 4619//1540 4620//1540
f 4621//1541 4622//1541 4623//1541
f 4624//1542 4625//1542 4626//1542
f 4627//1543 4628//1543 4629//1543
f 4630//1544 4631//1544 4632//1544
f 4633//1545 4634//1545 4635//1545
f 4636//1546 4637//1546 4638//1546
f 4639//1547 4640//1547 4641//1547
f 4642//1548 4643//1548 4644//1548
f 4645//1549 4646//1549 4647//1549
f 4648//1550 4649//1550 4650//1550
f 4651//1551 4652//1551 4653//1551
f 4654//1552 4655//1552 4656//1552
f 4657//1553 4658//1553 4659//1553
f 4660//1554 4661//1554 4662//1554
f 4663//1555 4664//1555 4665//1555
f 4666//1556 4667//1556 4668//1556
f 4669//1557 4670//1557 4671//1557
f 4672//1558 4673//1558 4674//1558
f 4675//1559 4676//1559 4677//1559
f 4678//1560 4679//1560 4680//1560
f 4681//1561 4682//1561 4683//1561
f 4684//1562 4685//1562 4686//1562
f 4687//1563 4688//1563 4689//1563
f 4690//1564 4691//1564 4692//1564
f 4693//1565 4694//1565 4695//1565
f 4696//1566 4697//1566 4698//1566
f 4699//1567 4700//1567 4701//1567
f 4702//1568 4703//1568 4704//1568
f 4705//1569 4706//1569 4707//1569
f 4708//1570 4709//1570 4710//1570
f 4711//1571 4712//1571 4713//1571
f 4714//1572 4715//1572 4716//1572
f 4717//1573 4718//1573 4719//1573
f 4720//1574 4721//1574 4722//1574
f 4723//1575 4724//1575 4725//1575
f 4726//1576 4727//1576 4728//1576
f 4729//1577 4730//1577 4731//1577
f 4732//1578 4733//1578 4734//1578
f 4735//1579 4736//1579 4737//1579
f 4738//1580 4739//1580 4740//1580
f 4741//1581 4742//1581 4743//1581
f 4744//1582 4745//1582 4746//1582
f 4747//1583 4748//1583 4749//1583
f 4750//1584 4751//1584 4752//1584
f 4753//1585 4754//1585 4755//1585
f 4756//1586 4757//1586 4758//1586
f 4759//1587 4760//1587 4761//1587
f 4762//1588 4763//1588 4764//1588
f 4765//1589 4766//1589 4767//1589
f 4768//1590 4769//1590 4770//1590
f 4771//1591 4772//1591 4773//1591
f 4774//1592 4775//1592 4776//1592
f 4777//1593 4778//1593 4779//1593
f 4780//1594 4781//1594 4782//1594
f 4783//1595 4784//1595 4785//1595
f 4786//1596 4787//1596 4788//1596
f 4789//1597 4790//1597 4791//1597
f 4792//1598 4793//1598 4794//1598
f 4795//1599 4796//1599 4797//1599
f 4798//1600 4799//1600 4800//1600
f 4801//1601 4802//1601 4803//1601
f 4804//1602 4805//1602 4806//1602
f 4807//1603 4808//1603 4809//1603
f 4810//1604 4811//1604 4812//1604
f 4813//1605 4814//1605 4815//1605
f 4816//1606 4817//1606 4818//1606
f 4819//1607 4820//1607 4821//1607
f 4822//1608 4823//1608 4824//1608
f 4825//1609 4826//1609 4827//1609
f 4828//1610 4829//1610 4830//1610
f 4831//1611 4832//1611 4833//1611
f 4834//1612 4835//1612 4836//1612
f 4837//1613 4838//1613 4839//1613
f 4840//1614 4841//1614 4842//1614
f 4843//1615 4844//1615 4845//1615
f 4846//1616 4847//1616 4848//1616
f 4849//1617 4850//1617 4851//1617
f 4852//1618 4853//1618 4854//1618
f 4855//1619 4856//1619 4857//1619
f 4858//1620 4859//1620 4860//1620
f 4861//1621 4862//1621 4863//1621
f 4864//1622 4865//1622 4866//1622
f 4867//1623 4868//1623 4869//1623
f 4870//1624 4871//1624 4872//1624
f 4873//1625 4874//1625 4875//1625
f 4876//1626 4877//1626 4878//1626
f 4879//1627 4880//1627 4881//1627
f 4882//1628 4883//1628 4884//1628
f 4885//1629 4886//1629 4887//1629
f 4888//1630 4889//1630 4890//1630
f 4891//1631 4892//1631 4893//1631
f 4894//1632 4895//1632 4896//1632
f 4897//1633 4898//1633 4899//1633
f 4900//1634 4901//1634 4902//1634
f 4903//1635 4904//1635 4905//1635
f 4906//1636 4907//1636 4908//1636
f 4909//1637 4910//1637 4911//1637
f 4912//1638 4913//1638 4914//1638
f 4915//1639 4916//1639 4917//1639
f 4918//1640 4919//1640 4920//1640
f 4921//1641 4922//1641 4923//1641
f 4924//1642 4925//1642 4926//1642
f 4927//1643 4928//1643 4929//1643
f 4930//1644 4931//1644 4932//1644
f 4933//1645 4934//1645 4935//1645
f 4936//1646 4937//1646 4938//1646
f 4939//1647 4940//1647 4941//1647
f 4942//1648 4943//1648 4944//1648
f 4945//1649 4946//1649 4947//1649
f 4948//1650 4949//1650 4950//1650
f 4951//1651 4952//1651 4953//1651
f 4954//1652 4955//1652 4956//1652
f 4957//1653 4958//1653 4959//1653
f 4960//1654 4961//1654 4962//1654
f 4963//1655 4964//1655 4965//1655
f 4966//1656 4967//1656 4968//1656
f 4969//1657 4970//1657 4971//1657
f 4972//1658 4973//1658 4974//1658
f 4975//1659 4976//1659 4977//1659
f 4978//1660 4979//1660 4980//1660
f 4981//1661 4982//1661 4983//1661
f 4984//1662 4985//1662 4986//1662
f 4987//1663 4988//1663 4989//1663
f 4990//1664 4991//1664 4992//1664
f 4993//1665 4994//1665 4995//1665
f 4996//1666 4997//1666 4998//1666
f 4999//1667 5000//1667 5001//1667
f 5002//1668 5003//1668 5004//1668
f 5005//1669 5006//1669 5007//1669
f 5008//1670 5009//1670 5010//1670
f 5011//1671 5012//1671 5013//1671
f 5014//1672 5015//1672 5016//1672
f 5017//1673 5018//1673 5019//1673
f 5020//1674 5021//1674 5022//1674
f 5023//1675 5024//1675 5025//1675
f 5026//1676 5027//1676 5028//1676
f 5029//1677 5030//1677 5031//1677
f 5032//1678 5033//1678 5034//1678
f 5035//1679 5036//1679 5037//1679
f 5038//1680 5039//1680 5040//1680
f 5041//1681 5042//1681 5043//1681
f 5044//1682 5045//1682 5046//1682
f 5047//1683 5048//1683 5049//1683
f 5050//1684 5051//1684 5052//1684
f 5053//1685 5054//1685 5055//1685
f 5056//1686 5057//1686 5058//1686
f 5059//1687 5060//1687 5061//1687
f 5062//1688 5063//1688 5064//1688
f 5065//1689 5066//1689 5067//1689
f 5068//1690 5069//1690 5070//1690
f 5071//1691 5072//1691 5073//1691
f 5074//1692 5075//1692 5076//1692
f 5077//1693 5078//1693 5079//1693
f 5080//1694 5081//1694 5082//1694
f 5083//1695 5084//1695 5085//1695
f 5086//1696 5087//1696 5088//1696
f 5089//1697 5090//1697 5091//1697
f 5092//1698 5093//1698 5094//1698
f 5095//1699 5096//1699 5097//1699
f 5098//1700 5099//1700 5100//1700
f 5101//1701 5102//1701 5103//1701
f 5104//1702 5105//1702 5106//1702
f 5107//1703 5108//1703 5109//1703
f 5110//1704 5111//1704 5112//1704
f 5113//1705 5114//1705 5115//1705
f 5116//1706 5117//1706 5118//1706
f 5119//1707 5120//1707 5121//1707
f 5122//1708 5123//1708 5124//1708
f 5125//1709 5126//1709 5127//1709
f 5128//1710 5129//1710 5130//1710
f 5131//1711 5132//1711 5133//1711
f 5134//1712 5135//1712 5136//1712
f 5137//1713 5138//1713 5139//1713
f 5140//1714 5141//1714 5142//1714
f 5143//1715 5144//1715 5145//1715
f 5146//1716 5147//1716 5148//1716
f 5149//1717 5150//1717 5151//1717
f 5152//1718 5153//1718 5154//1718
f 5155//1719 5156//1719 5157//1719
f 5158//1720 5159//1720 5160//1720
f 5161//1721 5162//1721 5163//1721
f 5164//1722 5165//1722 5166//1722
f 5167//1723 5168//1723 5169//1723
f 5170//1724 5171//1724 5172//1724
f 5173//1725 5174//1725 5175//1725
f 5176//1726 5177//1726 5178//1726
f 5179//1727 5180//1727 5181//1727
f 5182//1728 5183//1728 5184//1728
f 5185//1729 5186//1729 5187//1729
f 5188//1730 5189//1730 5190//1730
f 5191//1731 5192//1731 5193//1731
f 5194//1732 5195//1732 5196//1732
f 5197//1733 5198//1733 5199//1733
f 5200//1734 5201//1734 5202//1734
f 5203//1735 5204//1735 5205//1735
f 5206//1736 5207//1736 5208//1736
f 5209//1737 5210//1737 5211//1737
f 5212//1738 5213//1738 5214//1738
f 5215//1739 5216//1739 5217//1739
f 5218//1740 5219//1740 5220//1740
f 5221//1741 5222//1741 5223//1741
f 5224//1742 5225//1742 5226//1742
f 5227//1743 5228//1743 5229//1743
f 5230//1744 5231//1744 5232//1744
f 5233//1745 5234//1745 5235//1745
f 5236//1746 5237//1746 5238//1746
f 5239//1747 5240//1747 5241//1747
f 5242//1748 5243//1748 5244//1748
f 5245//1749 5246//1749 5247//1749
f 5248//1750 5249//1750 5250//1750
f 5251//1751 5252//1751 5253//1751
f 5254//1752 5255//1752 5256//1752
f 5257//1753 5258//1753 5259//1753
f 5260//1754 5261//1754 5262//1754
f 5263//1755 5264//1755 5265//1755
f 5266//1756 5267//1756 5268//1756
f 5269//1757 5270//1757 5271//1757
f 5272//1758 5273//1758 5274//1758
f 5275//1759 5276//1759 5277//1759
f 5278//1760 5279//1760 5280//1760
f 5281//1761 5282//1761 5283//1761
f 5284//1762 5285//1762 5286//1762
f 5287//1763 5288//1763 5289//1763
f 5290//1764 5291//1764 5292//1764
f 5293//1765 5294//1765 5295//1765
f 5296//1766 5297//1766 5298//1766
f 5299//1767 5300//1767 5301//1767
f 5302//1768 5303//1768 5304//1768
f 5305//1769 5306//1769 5307//1769
f 5308//1770 5309//1770 5310//1770
f 5311//1771 5312//1771 5313//1771
f 5314//1772 5315//1772 5316//1772
f 5317//1773 5318//1773 5319//1773
f 5320//1774 5321//1774 5322//1774
f 5323//1775 5324//1775 5325//1775
f 5326//1776 5327//1776 5328//1776
f 5329//1777 5330//1777 5331//1777
f 5332//1778 5333//1778 5334//1778
f 5335//1779 5336//1779 5337//1779
f 5338//1780 5339//1780 5340//1780
f 5341//1781 5342//1781 5343//1781
f 5344//1782 5345//1782 5346//1782
f 5347//1783 5348//1783 5349//1783
f 5350//1784 5351//1784 5352//1784
f 5353//1785 5354//1785 5355//1785
f 5356//1786 5357//1786 5358//1786
f 5359//1787 5360//1787 5361//1787
f 5362//1788 5363//1788 5364//1788
f 5365//1789 5366//1789 5367//1789
f 5368//1790 5369//1790 5370//1790
f 5371//1791 5372//1791 5373//1791
f 5374//1792 5375//1792 5376//1792
f 5377//1793 5378//1793 5379//1793
f 5380//1794 5381//1794 5382//1794
f 5383//1795 5384//1795 5385//1795
f 5386//1796 5387//1796 5388//1796
f 5389//1797 5390//1797 5391//1797
f 5392//1798 5393//1798 5394//1798
f 5395//1799 5396//1799 5397//1799
f 5398//1800 5399//1800 5400//1800
f 5401//1801 5402//1801 5403//1801
f 5404//1802 5405//1802 5406//1802
f 5407//1803 5408//1803 5409//1803
f 5410//1804 5411//1804 5412//1804
f 5413//1805 5414//1805 5415//1805
f 5416//1806 5417//1806 5418//1806
f 5419//1807 5420//1807 5421//1807
f 5422//1808 5423//1808 5424//1808
f 5425//1809 5426//1809 5427//1809
f 5428//1810 5429//1810 5430//1810
f 5431//1811 5432//1811 5433//1811
f 5434//1812 5435//1812 5436//1812
f 5437//1813 5438//1813 5439//1813
f 5440//1814 5441//1814 5442//1814
f 5443//1815 5444//1815 5445//1815
f 5446//1816 5447//1816 5448//1816
f 5449//1817 5450//1817 5451//1817
f 5452//1818 5453//1818 5454//1818
f 5455//1819 5456//1819 5457//1819
f 5458//1820 5459//1820 5460//1820
f 5461//1821 5462//1821 5463//1821
f 5464//1822 5465//1822 5466//1822
f 5467//1823 5468//1823 5469//1823
f 5470//1824 5471//1824 5472//1824
f 5473//1825 5474//1825 5475//1825
f 5476//1826 5477//1826 5478//1826
f 5479//1827 5480//1827 5481//1827
f 5482//1828 5483//1828 5484//1828
f 5485//1829 5486//1829 5487//1829
f 5488//1830 5489//1830 5490//1830
f 5491//1831 5492//1831 5493//1831
f 5494//1832 5495//1832 5496//1832
f 5497//1833 5498//1833 5499//1833
f 5500//1834 5501//1834 5502//1834
f 5503//1835 5504//1835 5505//1835
f 5506//1836 5507//1836 5508//1836
f 5509//1837 5510//1837 5511//1837
f 5512//1838 5513//1838 5514//1838
f 5515//1839 5516//1839 5517//1839
f 5518//1840 5519//1840 5520//1840
f 5521//1841 5522//1841 5523//1841
f 5524//1842 5525//1842 5526//1842
f 5527//1843 5528//1843 5529//1843
f 5530//1844 5531//1844 5532//1844
f 5533//1845 5534//1845 5535//1845
f 5536//1846 5537//1846 5538//1846
f 5539//1847 5540//1847 5541//1847
f 5542//1848 5543//1848 5544//1848
f 5545//1849 5546//1849 5547//1849
f 5548//1850 5549//1850 5550//1850
f 5551//1851 5552//1851 5553//1851
f 5554//1852 5555//1852 5556//1852
f 5557//1853 5558//1853 5559//1853
f 5560//1854 5561//1854 5562//1854
f 5563//1855 5564//1855 5565//1855
f 5566//1856 5567//1856 5568//1856
f 5569//1857 5570//1857 5571//1857
f 5572//1858 5573//1858 5574//1858
f 5575//1859 5576//1859 5577//1859
f 5578//1860 5579//1860 5580//1860
f 5581//1861 5582//1861 5583//1861
f 5584//1862 5585//1862 5586//1862
f 5587//1863 5588//1863 5589//1863
f 5590//1864 5591//1864 5592//1864
f 5593//1865 5594//1865 5595//1865
f 5596//1866 5597//1866 5598//1866
f 5599//1867 5600//1867 5601//1867
f 5602//1868 5603//1868 5604//1868
f 5605//1869 5606//1869 5607//1869
f 5608//1870 5609//1870 5610//1870
f 5611//1871 5612//1871 5613//1871
f 5614//1872 5615//1872 5616//1872
f 5617//1873 5618//1873 5619//1873
f 5620//1874 5621//1874 5622//1874
f 5623//1875 5624//1875 5625//1875
f 5626//1876 5627//1876 5628//1876
f 5629//1877 5630//1877 5631//1877
f 5632//1878 5633//1878 5634//1878
f 5635//1879 5636//1879 5637//1879
f 5638//1880 5639//1880 5640//1880
f 5641//1881 5642//1881 5643//1881
f 5644//1882 5645//1882 5646//1882
f 5647//1883 5648//1883 5649//1883
f 5650//1884 5651//1884 5652//1884
f 5653//1885 5654//1885 5655//1885
f 5656//1886 5657//1886 5658//1886
f 5659//1887 5660//1887 5661//1887
f 5662//1888 5663//1888 5664//1888
f 5665//1889 5666//1889 5667//1889
f 5668//1890 5669//1890 5670//1890
f 5671//1891 5672//1891 5673//1891
f 5674//1892 5675//1892 5676//1892
f 5677//1893 5678//1893 5679//1893
f 5680//1894 5681//1894 5682//1894
f 5683//1895 5684//1895 5685//1895
f 5686//1896 5687//1896 5688//1896
f 5689//1897 5690//1897 5691//1897
f 5692//1898 5693//1898 5694//1898
f 5695//1899 5696//1899 5697//1899
f 5698//1900 5699//1900 5700//1900
f 5701//1901 5702//1901 5703//1901
f 5704//1902 5705//1902 5706//1902
f 5707//1903 5708//1903 5709//1903
f 5710//1904 5711//1904 5712//1904
f 5713//1905 5714//1905 5715//1905
f 5716//1906 5717//1906 5718//1906
f 5719//1907 5720//1907 5721//1907
f 5722//1908 5723//1908 5724//1908
f 5725//1909 5726//1909 5727//1909
f 5728//1910 5729//1910 5730//1910
f 5731//1911 5732//1911 5733//1911
f 5734//1912 5735//1912 5736//1912
f 5737//1913 5738//1913 5739//1913
f 5740//1914 5741//1914 5742//1914
f 5743//1915 5744//1915 5745//1915
f 5746//1916 5747//1916 5748//1916
f 5749//1917 5750//1917 5751//1917
f 5752//1918 5753//1918 5754//1918
f 5755//1919 5756//1919 5757//1919
f 5758//1920 5759//1920 5760//1920
f 5761//1921 5762//1921 5763//1921
f 5764//1922 5765//1922 5766//1922
f 5767//1923 5768//1923 5769//1923
f 5770//1924 5771//1924 5772//1924
f 5773//1925 5774//1925 5775//1925
f 5776//1926 5777//1926 5778//1926
f 5779//1927 5780//1927 5781//1927
f 5782//1928 5783//1928 5784//1928
f 5785//1929 5786//1929 5787//1929
f 5788//1930 5789//1930 5790//1930
f 5791//1931 5792//1931 5793//1931
f 5794//1932 5795//1932 5796//1932
f 5797//1933 5798//1933 5799//1933
f 5800//1934 5801//1934 5802//1934
f 5803//1935 5804//1935 5805//1935
f 5806//1936 5807//1936 5808//1936
f 5809//1937 5810//1937 5811//1937
f 5812//1938 5813//1938 5814//1938
f 5815//1939 5816//1939 5817//1939
f 5818//1940 5819//1940 5820//1940
f 5821//1941 5822//1941 5823//1941
f 5824//1942 5825//1942 5826//1942
f 5827//1943 5828//1943 5829//1943
f 5830//1944 5831//1944 5832//1944
f 5833//1945 5834//1945 5835//1945
f 5836//1946 5837//1946 5838//1946
f 5839//1947 5840//1947 5841//1947
f 5842//1948 5843//1948 5844//1948
f 5845//1949 5846//1949 5847//1949
f 5848//1950 5849//1950 5850//1950
f 5851//1951 5852//1951 5853//1951
f 5854//1952 5855//1952 5856//1952
f 5857//1953 5858//1953 5859//1953
f 5860//1954 5861//1954 5862//1954
f 5863//1955 5864//1955 5865//1955
f 5866//1956 5867//1956 5868//1956
f 5869//1957 5870//1957 5871//1957
f 5872//1958 5873//1958 5874//1958
f 5875//1959 5876//1959 5877//1959
f 5878//1960 5879//1960 5880//1960
f 5881//1961 5882//1961 5883//1961
f 5884//1962 5885//1962 5886//1962
f 5887//1963 5888//1963 5889//1963
f 5890//1964 5891//1964 5892//1964
f 5893//1965 5894//1965 5895//1965
f 5896//1966 5897//1966 5898//1966
f 5899//1967 5900//1967 5901//1967
f 5902//1968 5903//1968 5904//1968
f 5905//1969 5906//1969 5907//1969
f 5908//1970 5909//1970 5910//1970
f 5911//1971 5912//1971 5913//1971
f 5914//1972 5915//1972 5916//1972
f 5917//1973 5918//1973 5919//1973
f 5920//1974 5921//1974 5922//1974
f 5923//1975 5924//1975 5925//1975
f 5926//1976 5927//1976 5928//1976
f 5929//1977 5930//1977 5931//1977
f 5932//1978 5933//1978 5934//1978
f 5935//1979 5936//1979 5937//1979
f 5938//1980 5939//1980 5940//1980
f 5941//1981 5942//1981 5943//1981
f 5944//1982 5945//1982 5946//1982
f 5947//1983 5948//1983 5949//1983
f 5950//1984 5951//1984 5952//1984
f 5953//1985 5954//1985 5955//1985
f 5956//1986 5957//1986 5958//1986
f 5959//1987 5960//1987 5961//1987
f 5962//1988 5963//1988 5964//1988
f 5965//1989 5966//1989 5967//1989
f 5968//1990 5969//1990 5970//1990
f 5971//1991 5972//1991 5973//1991
f 5974//1992 5975//1992 5976//1992
f 5977//1993 5978//1993 5979//1993
f 5980//1994 5981//1994 5982//1994
f 5983//1995 5984//1995 5985//1995
f 5986//1996 5987//1996 5988//1996
f 5989//1997 5990//1997 5991//1997
f 5992//1998 5993//1998 5994//1998
f 5995//1999 5996//1999 5997//1999
f 5998//2000 5999//2000 6000//2000
f 6001//2001 6002//2001 6003//2001
f 6004//2002 6005//2002 6006//2002
f 6007//2003 6008//2003 6009//2003
f 6010//2004 6011//2004 6012//2004
f 6013//2005 6014//2005 6015//2005
f 6016//2006 6017//2006 6018//2006
f 6019//2007 6020//2007 6021//2007
f 6022//2008 6023//2008 6024//2008
f 6025//2009 6026//2009 6027//2009
f 6028//2010 6029//2010 6030//2010
f 6031//2011 6032//2011 6033//2011
f 6034//2012 6035//2012 6036//2012
f 6037//2013 6038//2013 6039//2013
f 6040//2014 6041//2014 6042//2014
f 6043//2015 6044//2015 6045//2015
f 6046//2016 6047//2016 6048//2016
f 6049//2017 6050//2017 6051//2017
f 6052//2018 6053//2018 6054//2018
f 6055//2019 6056//2019 6057//2019
f 6058//2020 6059//2020 6060//2020
f 6061//2021 6062//2021 6063//2021
f 6064//2022 6065//2022 6066//2022
f 6067//2023 6068//2023 6069//2023
f 6070//2024 6071//2024 6072//2024
f 6073//2025 6074//2025 6075//2025
f 6076//2026 6077//2026 6078//2026
f 6079//2027 6080//2027 6081//2027
f 6082//2028 6083//2028 6084//2028
f 6085//2029 6086//2029 6087//2029
f 6088//2030 6089//2030 6090//2030
f 6091//2031 6092//2031 6093//2031
f 6094//2032 6095//2032 6096//2032
f 6097//2033 6098//2033 6099//2033
f 6100//2034 6101//2034 6102//2034
f 6103//2035 6104//2035 6105//2035
f 6106//2036 6107//2036 6108//2036
f 6109//2037 6110//2037 6111//2037
f 6112//2038 6113//2038 6114//2038
f 6115//2039 6116//2039 6117//2039
f 6118//2040 6119//2040 6120//2040
f 6121//2041 6122//2041 6123//2041
f 6124//2042 6125//2042 6126//2042
f 6127//2043 6128//2043 6129//2043
f 6130//2044 6131//2044 6132//2044
f 6133//2045 6134//2045 6135//2045
f 6136//2046 6137//2046 6138//2046
f 6139//2047 6140//2047 6141//2047
f 6142//2048 6143//2048 6144//2048
f 6145//2049 6146//2049 6147//2049
f 6148//2050 6149//2050 6150//2050
f 6151//2051 6152//2051 6153//2051
f 6154//2052 6155//2052 6156//2052
f 6157//2053 6158//2053 6159//2053
f 6160//2054 6161//2054 6162//2054
f 6163//2055 6164//2055 6165//2055
f 6166//2056 6167//2056 6168//2056
f 6169//2057 6170//2057 6171//2057
f 6172//2058 6173//2058 6174//2058
f 6175//2059 6176//2059 6177//2059
f 6178//2060 6179//2060 6180//2060
f 6181//2061 6182//2061 6183//2061
f 6184//2062 6185//2062 6186//2062
f 6187//2063 6188//2063 6189//2063
f 6190//2064 6191//2064 6192//2064
f 6193//2065 6194//2065 6195//2065
f 6196//2066 6197//2066 6198//2066
f 6199//2067 6200//2067 6201//2067
f 6202//2068 6203//2068 6204//2068
f 6205//2069 6206//2069 6207//2069
f 6208//2070 6209//2070 6210//2070
f 6211//2071 6212//2071 6213//2071
f 6214//2072 6215//2072 6216//2072
f 6217//2073 6218//2073 6219//2073
f 6220//2074 6221//2074 6222//2074
f 6223//2075 6224//2075 6225//2075
f 6226//2076 6227//2076 6228//2076
f 6229//2077 6230//2077 6231//2077
f 6232//2078 6233//2078 6234//2078
f 6235//2079 6236//2079 6237//2079
f 6238//2080 6239//2080 6240//2080
f 6241//2081 6242//2081 6243//2081
f 6244//2082 6245//2082 6246//2082
f 6247//2083 6248//2083 6249//2083
f 6250//2084 6251//2084 6252//2084
f 6253//2085 6254//2085 6255//2085
f 6256//2086 6257//2086 6258//2086
f 6259//2087 6260//2087 6261//2087
f 6262//2088 6263//2088 6264//2088
f 6265//2089 6266//2089 6267//2089
f 6268//2090 6269//2090 6270//2090
f 6271//2091 6272//2091 6273//2091
f 6274//2092 6275//2092 6276//2092
f 6277//2093 6278//2093 6279//2093
f 6280//2094 6281//2094 6282//2094
f 6283//2095 6284//2095 6285//2095
f 6286//2096 6287//2096 6288//2096
f 6289//2097 6290//2097 6291//2097
f 6292//2098 6293//2098 6294//2098
f 6295//2099 6296//2099 6297//2099
f 6298//2100 6299//2100 6300//2100
f 6301//2101 6302//2101 6303//2101
f 6304//2102 6305//2102 6306//2102
f 6307//2103 6308//2103 6309//2103
f 6310//2104 6311//2104 6312//2104
f 6313//2105 6314//2105 6315//2105
f 6316//2106 6317//2106 6318//2106
f 6319//2107 6320//2107 6321//2107
f 6322//2108 6323//2108 6324//2108
f 6325//2109 6326//2109 6327//2109
f 6328//2110 6329//2110 6330//2110
f 6331//2111 6332//2111 6333//2111
f 6334//2112 6335//2112 6336//2112
f 6337//2113 6338//2113 6339//2113
f 6340//2114 6341//2114 6342//2114
f 6343//2115 6344//2115 6345//2115
f 6346//2116 6347//2116 6348//2116
f 6349//2117 6350//2117 6351//2117
f 6352//2118 6353//2118 6354//2118
f 6355//2119 6356//2119 6357//2119
f 6358//2120 6359//2120 6360//2120
f 6361//2121 6362//2121 6363//2121
f 6364//2122 6365//2122 6366//2122
f 6367//2123 6368//2123 6369//2123
f 6370//2124 6371//2124 6372//2124
f 6373//2125 6374//2125 6375//2125
f 6376//2126 6377//2126 6378//2126
f 6379//2127 6380//2127 6381//2127
f 6382//2128 6383//2128 6384//2128
f 6385//2129 6386//2129 6387//2129
f 6388//2130 6389//2130 6390//2130
f 6391//2131 6392//2131 6393//2131
f 6394//2132 6395//2132 6396//2132
f 6397//2133 6398//2133 6399//2133
f 6400//2134 6401//2134 6402//2134
f 6403//2135 6404//2135 6405//2135
f 6406//2136 6407//2136 6408//2136
f 6409//2137 6410//2137 6411//2137
f 6412//2138 6413//2138 6414//2138
f 6415//2139 6416//2139 6417//2139
f 6418//2140 6419//2140 6420//2140
f 6421//2141 6422//2141 6423//2141
f 6424//2142 6425//2142 6426//2142
f 6427//2143 6428//2143 6429//2143
f 6430//2144 6431//2144 6432//2144
f 6433//2145 6434//2145 6435//2145
f 6436//2146 6437//2146 6438//2146
f 6439//2147 6440//2147 6441//2147
f 6442//2148 6443//2148 6444//2148
f 6445//2149 6446//2149 6447//2149
f 6448//2150 6449//2150 6450//2150
f 6451//2151 6452//2151 6453//2151
f 6454//2152 6455//2152 6456//2152
f 6457//2153 6458//2153 6459//2153
f 6460//2154 6461//2154 6462//2154
f 6463//2155 6464//2155 6465//2155
f 6466//2156 6467//2156 6468//2156
f 6469//2157 6470//2157 6471//2157
f 6472//2158 6473//2158 6474//2158
f 6475//2159 6476//2159 6477//2159
f 6478//2160 6479//2160 6480//2160
f 6481//2161 6482//2161 6483//2161
f 6484//2162 6485//2162 6486//2162
f 6487//2163 6488//2163 6489//2163
f 6490//2164 6491//2164 6492//2164
f 6493//2165 6494//2165 6495//2165
f 6496//2166 6497//2166 6498//2166
f 6499//2167 6500//2167 6501//2167
f 6502//2168 6503//2168 6504//2168
f 6505//2169 6506//2169 6507//2169
f 6508//2170 6509//2170 6510//2170
f 6511//2171 6512//2171 6513//2171
f 6514//2172 6515//2172 6516//2172
f 6517//2173 6518//2173 6519//2173
f 6520//2174 6521//2174 6522//2174
f 6523//2175 6524//2175 6525//2175
f 6526//2176 6527//2176 6528//2176
f 6529//2177 6530//2177 6531//2177
f 6532//2178 6533//2178 6534//2178
f 6535//2179 6536//2179 6537//2179
f 6538//2180 6539//2180 6540//2180
f 6541//2181 6542//2181 6543//2181
f 6544//2182 6545//2182 6546//2182
f 6547//2183 6548//2183 6549//2183
f 6550//2184 6551//2184 6552//2184
f 6553//2185 6554//2185 6555//2185
f 6556//2186 6557//2186 6558//2186
f 6559//2187 6560//2187 6561//2187
f 6562//2188 6563//2188 6564//2188
f 6565//2189 6566//2189 6567//2189
f 6568//2190 6569//2190 6570//2190
f 6571//2191 6572//2191 6573//2191
f 6574//2192 6575//2192 6576//2192
f 6577//2193 6578//2193 6579//2193
f 6580//2194 6581//2194 6582//2194
f 6583//2195 6584//2195 6585//2195
f 6586//2196 6587//2196 6588//2196
f 6589//2197 6590//2197 6591//2197
f 6592//2198 6593//2198 6594//2198
f 6595//2199 6596//2199 6597//2199
f 6598//2200 6599//2200 6600//2200
f 6601//2201 6602//2201 6603//2201
f 6604//2202 6605//2202 6606//2202
f 6607//2203 6608//2203 6609//2203
f 6610//2204 6611//2204 6612//2204
f 6613//2205 6614//2205 6615//2205
f 6616//2206 6617//2206 6618//2206
f 6619//2207 6620//2207 6621//2207
f 6622//2208 6623//2208 6624//2208
f 6625//2209 6626//2209 6627//2209
f 6628//2210 6629//2210 6630//2210
f 6631//2211 6632//2211 6633//2211
f 6634//2212 6635//2212 6636//2212
f 6637//2213 6638//2213 6639//2213
f 6640//2214 6641//2214 6642//2214
f 6643//2215 6644//2215 6645//2215
f 6646//2216 6647//2216 6648//2216
f 6649//2217 6650//2217 6651//2217
f 6652//2218 6653//2218 6654//2218
f 6655//2219 6656//2219 6657//2219
f 6658//2220 6659//2220 6660//2220
f 6661//2221 6662//2221 6663//2221
f 6664//2222 6665//2222 6666//2222
f 6667//2223 6668//2223 6669//2223
f 6670//2224 6671//2224 6672//2224
f 6673//2225 6674//2225 6675//2225
f 6676//2226 6677//2226 6678//2226
f 6679//2227 6680//2227 6681//2227
f 6682//2228 6683//2228 6684//2228
f 6685//2229 6686//2229 6687//2229
f 6688//2230 6689//2230 6690//2230
f 6691//2231 6692//2231 6693//2231
f 6694//2232 6695//2232 6696//2232
f 6697//2233 6698//2233 6699//2233
f 6700//2234 6701//2234 6702//2234
f 6703//2235 6704//2235 6705//2235
f 6706//2236 6707//2236 6708//2236
f 6709//2237 6710//2237 6711//2237
f 6712//2238 6713//2238 6714//2238
f 6715//2239 6716//2239 6717//2239
f 6718//2240 6719//2240 6720//2240
f 6721//2241 6722//2241 6723//2241
f 6724//2242 6725//2242 6726//2242
f 6727//2243 6728//2243 6729//2243
f 6730//2244 6731//2244 6732//2244
f 6733//2245 6734//2245 6735//2245
f 6736//2246 6737//2246 6738//2246
f 6739//2247 6740//2247 6741//2247
f 6742//2248 6743//2248 6744//2248
f 6745//2249 6746//2249 6747//2249
f 6748//2250 6749//2250 6750//2250
f 6751//2251 6752//2251 6753//2251
f 6754//2252 6755//2252 6756//2252
f 6757//2253 6758//2253 6759//2253
f 6760//2254 6761//2254 6762//2254
f 6763//2255 6764//2255 6765//2255
f 6766//2256 6767//2256 6768//2256
f 6769//2257 6770//2257 6771//2257
f 6772//2258 6773//2258 6774//2258
f 6775//2259 6776//2259 6777//2259
f 6778//2260 6779//2260 6780//2260
f 6781//2261 6782//2261 6783//2261
f 6784//2262 6785//2262 6786//2262
f 6787//2263 6788//2263 6789//2263
f 6790//2264 6791//2264 6792//2264
f 6793//2265 6794//2265 6795//2265
f 6796//2266 6797//2266 6798//2266
f 6799//2267 6800//2267 6801//2267
f 6802//2268 6803//2268 6804//2268
f 6805//2269 6806//2269 6807//2269
f 6808//2270 6809//2270 6810//2270
f 6811//2271 6812//2271 6813//2271
f 6814//2272 6815//2272 6816//2272
f 6817//2273 6818//2273 6819//2273
f 6820//2274 6821//2274 6822//2274
f 6823//2275 6824//2275 6825//2275
f 6826//2276 6827//2276 6828//2276
f 6829//2277 6830//2277 6831//2277
f 6832//2278 6833//2278 6834//2278
f 6835//2279 6836//2279 6837//2279
f 6838//2280 6839//2280 6840//2280
f 6841//2281 6842//2281 6843//2281
f 6844//2282 6845//2282 6846//2282
f 6847//2283 6848//2283 6849//2283
f 6850//2284 6851//2284 6852//2284
f 6853//2285 6854//2285 6855//2285
f 6856//2286 6857//2286 6858//2286
f 6859//2287 6860//2287 6861//2287
f 6862//2288 6863//2288 6864//2288
f 6865//2289 6866//2289 6867//2289
f 6868//2290 6869//2290 6870//2290
f 6871//2291 6872//2291 6873//2291
f 6874//2292 6875//2292 6876//2292
f 6877//2293 6878//2293 6879//2293
f 6880//2294 6881//2294 6882//2294
f 6883//2295 6884//2295 6885//2295
f 6886//2296 6887//2296 6888//2296
f 6889//2297 6890//2297 6891//2297
f 6892//2298 6893//2298 6894//2298
f 6895//2299 6896//2299 6897//2299
f 6898//2300 6899//2300 6900//2300
f 6901//2301 6902//2301 6903//2301
f 6904//2302 6905//2302 6906//2302
f 6907//2303 6908//2303 6909//2303
f 6910//2304 6911//2304 6912//2304
f 6913//2305 6914//2305 6915//2305
f 6916//2306 6917//2306 6918//2306
f 6919//2307 6920//2307 6921//2307
f 6922//2308 6923//2308 6924//2308
f 6925//2309 6926//2309 6927//2309
f 6928//2310 6929//2310 6930//2310
f 6931//2311 6932//2311 6933//2311
f 6934//2312 6935//2312 6936//2312
f 6937//2313 6938//2313 6939//2313
f 6940//2314 6941//2314 6942//2314
f 6943//2315 6944//2315 6945//2315
f 6946//2316 6947//2316 6948//2316
f 6949//2317 6950//2317 6951//2317
f 6952//2318 6953//2318 6954//2318
f 6955//2319 6956//2319 6957//2319
f 6958//2320 6959//2320 6960//2320
f 6961//2321 6962//2321 6963//2321
f 6964//2322 6965//2322 6966//2322
f 6967//2323 6968//2323 6969//2323
f 6970//2324 6971//2324 6972//2324
f 6973//2325 6974//2325 6975//2325
f 6976//2326 6977//2326 6978//2326
f 6979//2327 6980//2327 6981//2327
f 6982//2328 6983//2328 6984//2328
f 6985//2329 6986//2329 6987//2329
f 6988//2330 6989//2330 6990//2330
f 6991//2331 6992//2331 6993//2331
f 6994//2332 6995//2332 6996//2332
f 6997//2333 6998//2333 6999//2333
f 7000//2334 7001//2334 7002//2334
f 7003//2335 7004//2335 7005//2335
f 7006//2336 7007//2336 7008//2336
f 7009//2337 7010//2337 7011//2337
f 7012//2338 7013//2338 7014//2338
f 7015//2339 7016//2339 7017//2339
f 7018//2340 7019//2340 7020//2340
f 7021//2341 7022//2341 7023//2341
f 7024//2342 7025//2342 7026//2342
f 7027//2343 7028//2343 7029//2343
f 7030//2344 7031//2344 7032//2344
f 7033//2345 7034//2345 7035//2345
f 7036//2346 7037//2346 7038//2346
f 7039//2347 7040//2347 7041//2347
f 7042//2348 7043//2348 7044//2348
f 7045//2349 7046//2349 7047//2349
f 7048//2350 7049//2350 7050//2350
f 7051//2351 7052//2351 7053//2351
f 7054//2352 7055//2352 7056//2352
f 7057//2353 7058//2353 7059//2353
f 7060//2354 7061//2354 7062//2354
f 7063//2355 7064//2355 7065//2355
f 7066//2356 7067//2356 7068//2356
f 7069//2357 7070//2357 7071//2357
f 7072//2358 7073//2358 7074//2358
f 7075//2359 7076//2359 7077//2359
f 7078//2360 7079//2360 7080//2360
f 7081//2361 7082//2361 7083//2361
f 7084//2362 7085//2362 7086//2362
f 7087//2363 7088//2363 7089//2363
f 7090//2364 7091//2364 7092//2364
f 7093//2365 7094//2365 7095//2365
f 7096//2366 7097//2366 7098//2366
f 7099//2367 7100//2367 7101//2367
f 7102//2368 7103//2368 7104//2368
f 7105//2369 7106//2369 7107//2369
f 7108//2370 7109//2370 7110//2370
f 7111//2371 7112//2371 7113//2371
f 7114//2372 7115//2372 7116//2372
f 7117//2373 7118//2373 7119//2373
f 7120//2374 7121//2374 7122//2374
f 7123//2375 7124//2375 7125//2375
f 7126//2376 7127//2376 7128//2376
f 7129//2377 7130//2377 7131//2377
f 7132//2378 7133//2378 7134//2378
f 7135//2379 7136//2379 7137//2379
f 7138//2380 7139//2380 7140//2380
f 7141//2381 7142//2381 7143//2381
f 7144//2382 7145//2382 7146//2382
f 7147//2383 7148//2383 7149//2383
f 7150//2384 7151//2384 7152//2384
f 7153//2385 7154//2385 7155//2385
f 7156//2386 7157//2386 7158//2386
f 7159//2387 7160//2387 7161//2387
f 7162//2388 7163//2388 7164//2388
f 7165//2389 7166//2389 7167//2389
f 7168//2390 7169//2390 7170//2390
f 7171//2391 7172//2391 7173//2391
f 7174//2392 7175//2392 7176//2392
f 7177//2393 7178//2393 7179//2393
f 7180//2394 7181//2394 7182//2394
f 7183//2395 7184//2395 7185//2395
f 7186//2396 7187//2396 7188//2396
f 7189//2397 7190//2397 7191//2397
f 7192//2398 7193//2398 7194//2398
f 7195//2399 7196//2399 7197//2399
f 7198//2400 7199//2400 7200//2400
f 7201//2401 7202//2401 7203//2401
f 7204//2402 7205//2402 7206//2402
f 7207//2403 7208//2403 7209//2403
f 7210//2404 7211//2404 7212//2404
f 7213//2405 7214//2405 7215//2405
f 7216//2406 7217//2406 7218//2406
f 7219//2407 7220//2407 7221//2407
f 7222//2408 7223//2408 7224//2408
f 7225//2409 7226//2409 7227//2409
f 7228//2410 7229//2410 7230//2410
f 7231//2411 7232//2411 7233//2411
f 7234//2412 7235//2412 7236//2412
f 7237//2413 7238//2413 7239//2413
f 7240//2414 7241//2414 7242//2414
f 7243//2415 7244//2415 7245//2415
f 7246//2416 7247//2416 7248//2416
f 7249//2417 7250//2417 7251//2417
f 7252//2418 7253//2418 7254//2418
f 7255//2419 7256//2419 7257//2419
f 7258//2420 7259//2420 7260//2420
f 7261//2421 7262//2421 7263//2421
f 7264//2422 7265//2422 7266//2422
f 7267//2423 7268//2423 7269//2423
f 7270//2424 7271//2424 7272//2424
f 7273//2425 7274//2425 7275//2425
f 7276//2426 7277//2426 7278//2426
f 7279//2427 7280//2427 7281//2427
f 7282//2428 7283//2428 7284//2428
f 7285//2429 7286//2429 7287//2429
f 7288//2430 7289//2430 7290//2430
f 7291//2431 7292//2431 7293//2431
f 7294//2432 7295//2432 7296//2432
f 7297//2433 7298//2433 7299//2433
f 7300//2434 7301//2434 7302//2434
f 7303//2435 7304//2435 7305//2435
f 7306//2436 7307//2436 7308//2436
f 7309//2437 7310//2437 7311//2437
f 7312//2438 7313//2438 7314//2438
f 7315//2439 7316//2439 7317//2439
f 7318//2440 7319//2440 7320//2440
f 7321//2441 7322//2441 7323//2441
f 7324//2442 7325//2442 7326//2442
f 7327//2443 7328//2443 7329//2443
f 7330//2444 7331//2444 7332//2444
f 7333//2445 7334//2445 7335//2445
f 7336//2446 7337//2446 7338//2446
f 7339//2447 7340//2447 7341//2447
f 7342//2448 7343//2448 7344//2448
f 7345//2449 7346//2449 7347//2449
f 7348//2450 7349//2450 7350//2450
f 7351//2451 7352//2451 7353//2451
f 7354//2452 7355//2452 7356//2452
f 7357//2453 7358//2453 7359//2453
f 7360//2454 7361//2454 7362//2454
f 7363//2455 7364//2455 7365//2455
f 7366//2456 7367//2456 7368//2456
f 7369//2457 7370//2457 7371//2457
f 7372//2458 7373//2458 7374//2458
f 7375//2459 7376//2459 7377//2459
f 7378//2460 7379//2460 7380//2460
f 7381//2461 7382//2461 7383//2461
f 7384//2462 7385//2462 7386//2462
f 7387//2463 7388//2463 7389//2463
f 7390//2464 7391//2464 7392//2464
f 7393//2465 7394//2465 7395//2465
f 7396//2466 7397//2466 7398//2466
f 7399//2467 7400//2467 7401//2467
f 7402//2468 7403//2468 7404//2468
f 7405//2469 7406//2469 7407//2469
f 7408//2470 7409//2470 7410//2470
f 7411//2471 7412//2471 7413//2471
f 7414//2472 7415//2472 7416//2472
f 7417//2473 7418//2473 7419//2473
f 7420//2474 7421//2474 7422//2474
f 7423//2475 7424//2475 7425//2475
f 7426//2476 7427//2476 7428//2476
f 7429//2477 7430//2477 7431//2477
f 7432//2478 7433//2478 7434//2478
f 7435//2479 7436//2479 7437//2479
f 7438//2480 7439//2480 7440//2480
f 7441//2481 7442//2481 7443//2481
f 7444//2482 7445//2482 7446//2482
f 7447//2483 7448//2483 7449//2483
f 7450//2484 7451//2484 7452//2484
f 7453//2485 7454//2485 7455//2485
f 7456//2486 7457//2486 7458//2486
f 7459//2487 7460//2487 7461//2487
f 7462//2488 7463//2488 7464//2488
f 7465//2489 7466//2489 7467//2489
f 7468//2490 7469//2490 7470//2490
f 7471//2491 7472//2491 7473//2491
f 7474//2492 7475//2492 7476//2492
f 7477//2493 7478//2493 7479//2493
f 7480//2494 7481//2494 7482//2494
f 7483//2495 7484//2495 7485//2495
f 7486//2496 7487//2496 7488//2496
f 7489//2497 7490//2497 7491//2497
f 7492//2498 7493//2498 7494//2498
f 7495//2499 7496//2499 7497//2499
f 7498//2500 7499//2500 7500//2500
f 7501//2501 7502//2501 7503//2501
f 7504//2502 7505//2502 7506//2502
f 7507//2503 7508//2503 7509//2503
f 7510//2504 7511//2504 7512//2504
f 7513//2505 7514//2505 7515//2505
f 7516//2506 7517//2506 7518//2506
f 7519//2507 7520//2507 7521//2507
f 7522//2508 7523//2508 7524//2508
f 7525//2509 7526//2509 7527//2509
f 7528//2510 7529//2510 7530//2510
f 7531//2511 7532//2511 7533//2511
f 7534//2512 7535//2512 7536//2512
f 7537//2513 7538//2513 7539//2513
f 7540//2514 7541//2514 7542//2514
f 7543//2515 7544//2515 7545//2515
f 7546//2516 7547//2516 7548//2516
f 7549//2517 7550//2517 7551//2517
f 7552//2518 7553//2518 7554//2518
f 7555//2519 7556//2519 7557//2519
f 7558//2520 7559//2520 7560//2520
f 7561//2521 7562//2521 7563//2521
f 7564//2522 7565//2522 7566//2522
f 7567//2523 7568//2523 7569//2523
f 7570//2524 7571//2524 7572//2524
f 7573//2525 7574//2525 7575//2525
f 7576//2526 7577//2526 7578//2526
f 7579//2527 7580//2527 7581//2527
f 7582//2528 7583//2528 7584//2528
f 7585//2529 7586//2529 7587//2529
f 7588//2530 7589//2530 7590//2530
f 7591//2531 7592//2531 7593//2531
f 7594//2532 7595//2532 7596//2532
f 7597//2533 7598//2533 7599//2533
f 7600//2534 7601//2534 7602//2534
f 7603//2535 7604//2535 7605//2535
f 7606//2536 7607//2536 7608//2536
f 7609//2537 7610//2537 7611//2537
f 7612//2538 7613//2538 7614//2538
f 7615//2539 7616//2539 7617//2539
f 7618//2540 7619//2540 7620//2540
f 7621//2541 7622//2541 7623//2541
f 7624//2542 7625//2542 7626//2542
f 7627//2543 7628//2543 7629//2543
f 7630//2544 7631//2544 7632//2544
f 7633//2545 7634//2545 7635//2545
f 7636//2546 7637//2546 7638//2546
f 7639//2547 7640//2547 7641//2547
f 7642//2548 7643//2548 7644//2548
f 7645//2549 7646//2549 7647//2549
f 7648//2550 7649//2550 7650//2550
f 7651//2551 7652//2551 7653//2551
f 7654//2552 7655//2552 7656//2552
f 7657//2553 7658//2553 7659//2553
f 7660//2554 7661//2554 7662//2554
f 7663//2555 7664//2555 7665//2555
f 7666//2556 7667//2556 7668//2556
f 7669//2557 7670//2557 7671//2557
f 7672//2558 7673//2558 7674//2558
f 7675//2559 7676//2559 7677//2559
f 7678//2560 7679//2560 7680//2560
f 7681//2561 7682//2561 7683//2561
f 7684//2562 7685//2562 7686//2562
f 7687//2563 7688//2563 7689//2563
f 7690//2564 7691//2564 7692//2564
f 7693//2565 7694//2565 7695//2565
f 7696//2566 7697//2566 7698//2566
f 7699//2567 7700//2567 7701//2567
f 7702//2568 7703//2568 7704//2568
f 7705//2569 7706//2569 7707//2569
f 7708//2570 7709//2570 7710//2570
f 7711//2571 7712//2571 7713//2571
f 7714//2572 7715//2572 7716//2572
f 7717//2573 7718//2573 7719//2573
f 7720//2574 7721//2574 7722//2574
f 7723//2575 7724//2575 7725//2575
f 7726//2576 7727//2576 7728//2576
f 7729//2577 7730//2577 7731//2577
f 7732//2578 7733//2578 7734//2578
f 7735//2579 7736//2579 7737//2579
f 7738//2580 7739//2580 7740//2580
f 7741//2581 7742//2581 7743//2581
f 7744//2582 7745//2582 7746//2582
f 7747//2583 7748//2583 7749//2583
f 7750//2584 7751//2584 7752//2584
f 7753//2585 7754//2585 7755//2585
f 7756//2586 7757//2586 7758//2586
f 7759//2587 7760//2587 7761//2587
f 7762//2588 7763//2588 7764//2588
f 7765//2589 7766//2589 7767//2589
f 7768//2590 7769//2590 7770//2590
f 7771//2591 7772//2591 7773//2591
f 7774//2592 7775//2592 7776//2592
f 7777//2593 7778//2593 7779//2593
f 7780//2594 7781//2594 7782//2594
f 7783//2595 7784//2595 7785//2595
f 7786//2596 7787//2596 7788//2596
f 7789//2597 7790//2597 7791//2597
f 7792//2598 7793//2598 7794//2598
f 7795//2599 7796//2599 7797//2599
f 7798//2600 7799//2600 7800//2600
f 7801//2601 7802//2601 7803//2601
f 7804//2602 7805//2602 7806//2602
f 7807//2603 7808//2603 7809//2603
f 7810//2604 7811//2604 7812//2604
f 7813//2605 7814//2605 7815//2605
f 7816//2606 7817//2606 7818//2606
f 7819//2607 7820//2607 7821//2607
f 7822//2608 7823//2608 7824//2608
f 7825//2609 7826//2609 7827//2609
f 7828//2610 7829//2610 7830//2610
f 7831//2611 7832//2611 7833//2611
f 7834//2612 7835//2612 7836//2612
f 7837//2613 7838//2613 7839//2613
f 7840//2614 7841//2614 7842//2614
f 7843//2615 7844//2615 7845//2615
f 7846//2616 7847//2616 7848//2616
f 7849//2617 7850//2617 7851//2617
f 7852//2618 7853//2618 7854//2618
f 7855//2619 7856//2619 7857//2619
f 7858//2620 7859//2620 7860//2620
f 7861//2621 7862//2621 7863//2621
f 7864//2622 7865//2622 7866//2622
f 7867//2623 7868//2623 7869//2623
f 7870//2624 7871//2624 7872//2624
f 7873//2625 7874//2625 7875//2625
f 7876//2626 7877//2626 7878//2626
f 7879//2627 7880//2627 7881//2627
f 7882//2628 7883//2628 7884//2628
f 7885//2629 7886//2629 7887//2629
f 7888//2630 7889//2630 7890//2630
f 7891//2631 7892//2631 7893//2631
f 7894//2632 7895//2632 7896//2632
f 7897//2633 7898//2633 7899//2633
f 7900//2634 7901//2634 7902//2634
f 7903//2635 7904//2635 7905//2635
f 7906//2636 7907//2636 7908//2636
f 7909//2637 7910//2637 7911//2637
f 7912//2638 7913//2638 7914//2638
f 7915//2639 7916//2639 7917//2639
f 7918//2640 7919//2640 7920//2640
f 7921//2641 7922//2641 7923//2641
f 7924//2642 7925//2642 7926//2642
f 7927//2643 7928//2643 7929//2643
f 7930//2644 7931//2644 7932//2644
f 7933//2645 7934//2645 7935//2645
f 7936//2646 7937//2646 7938//2646
f 7939//2647 7940//2647 7941//2647
f 7942//2648 7943//2648 7944//2648
f 7945//2649 7946//2649 7947//2649
f 7948//2650 7949//2650 7950//2650
f 7951//2651 7952//2651 7953//2651
f 7954//2652 7955//2652 7956//2652
f 7957//2653 7958//2653 7959//2653
f 7960//2654 7961//2654 7962//2654
f 7963//2655 7964//2655 7965//2655
f 7966//2656 7967//2656 7968//2656
f 7969//2657 7970//2657 7971//2657
f 7972//2658 7973//2658 7974//2658
f 7975//2659 7976//2659 7977//2659
f 7978//2660 7979//2660 7980//2660
f 7981//2661 7982//2661 7983//2661
f 7984//2662 7985//2662 7986//2662
f 7987//2663 7988//2663 7989//2663
f 7990//2664 7991//2664 7992//2664
f 7993//2665 7994//2665 7995//2665
f 7996//2666 7997//2666 7998//2666
f 7999//2667 8000//2667 8001//2667
f 8002//2668 8003//2668 8004//2668
f 8005//2669 8006//2669 8007//2669
f 8008//2670 8009//2670 8010//2670
f 8011//2671 8012//2671 8013//2671
f 8014//2672 8015//2672 8016//2672
f 8017//2673 8018//2673 8019//2673
f 8020//2674 8021//2674 8022//2674
f 8023//2675 8024//2675 8025//2675
f 8026//2676 8027//2676 8028//2676
f 8029//2677 8030//2677 8031//2677
f 8032//2678 8033//2678 8034//2678
f 8035//2679 8036//2679 8037//2679
f 8038//2680 8039//2680 8040//2680
f 8041//2681 8042//2681 8043//2681
f 8044//2682 8045//2682 8046//2682
f 8047//2683 8048//2683 8049//2683
f 8050//2684 8051//2684 8052//2684
f 8053//2685 8054//2685 8055//2685
f 8056//2686 8057//2686 8058//2686
f 8059//2687 8060//2687 8061//2687
f 8062//2688 8063//2688 8064//2688
f 8065//2689 8066//2689 8067//2689
f 8068//2690 8069//2690 8070//2690
f 8071//2691 8072//2691 8073//2691
f 8074//2692 8075//2692 8076//2692
f 8077//2693 8078//2693 8079//2693
f 8080//2694 8081//2694 8082//2694
f 8083//2695 8084//2695 8085//2695
f 8086//2696 8087//2696 8088//2696
f 8089//2697 8090//2697 8091//2697
f 8092//2698 8093//2698 8094//2698
f 8095//2699 8096//2699 8097//2699
f 8098//2700 8099//2700 8100//2700
f 8101//2701 8102//2701 8103//2701
f 8104//2702 8105//2702 8106//2702
f 8107//2703 8108//2703 8109//2703
f 8110//2704 8111//2704 8112//2704
f 8113//2705 8114//2705 8115//2705
f 8116//2706 8117//2706 8118//2706
f 8119//2707 8120//2707 8121//2707
f 8122//2708 8123//2708 8124//2708
f 8125//2709 8126//2709 8127//2709
f 8128//2710 8129//2710 8130//2710
f 8131//2711 8132//2711 8133//2711
f 8134//2712 8135//2712 8136//2712
f 8137//2713 8138//2713 8139//2713
f 8140//2714 8141//2714 8142//2714
f 8143//2715 8144//2715 8145//2715
f 8146//2716 8147//2716 8148//2716
f 8149//2717 8150//2717 8151//2717
f 8152//2718 8153//2718 8154//2718
f 8155//2719 8156//2719 8157//2719
f 8158//2720 8159//2720 8160//2720
f 8161//2721 8162//2721 8163//2721
f 8164//2722 8165//2722 8166//2722
f 8167//2723 8168//2723 8169//2723
f 8170//2724 8171//2724 8172//2724
f 8173//2725 8174//2725 8175//2725
f 8176//2726 8177//2726 8178//2726
f 8179//2727 8180//2727 8181//2727
f 8182//2728 8183//2728 8184//2728
f 8185//2729 8186//2729 8187//2729
f 8188//2730 8189//2730 8190//2730
f 8191//2731 8192//2731 8193//2731
f 8194//2732 8195//2732 8196//2732
f 8197//2733 8198//2733 8199//2733
f 8200//2734 8201//2734 8202//2734
f 8203//2735 8204//2735 8205//2735
f 8206//2736 8207//2736 8208//2736
f 8209//2737 8210//2737 8211//2737
f 8212//2738 8213//2738 8214//2738
f 8215//2739 8216//2739 8217//2739
f 8218//2740 8219//2740 8220//2740
f 8221//2741 8222//2741 8223//2741
f 8224//2742 8225//2742 8226//2742
f 8227//2743 8228//2743 8229//2743
f 8230//2744 8231//2744 8232//2744
f 8233//2745 8234//2745 8235//2745
f 8236//2746 8237//2746 8238//2746
f 8239//2747 8240//2747 8241//2747
f 8242//2748 8243//2748 8244//2748
f 8245//2749 8246//2749 8247//2749
f 8248//2750 8249//2750 8250//2750
f 8251//2751 8252//2751 8253//2751
f 8254//2752 8255//2752 8256//2752
f 8257//2753 8258//2753 8259//2753
f 8260//2754 8261//2754 8262//2754
f 8263//2755 8264//2755 8265//2755
f 8266//2756 8267//2756 8268//2756
f 8269//2757 8270//2757 8271//2757
f 8272//2758 8273//2758 8274//2758
f 8275//2759 8276//2759 8277//2759
f 8278//2760 8279//2760 8280//2760
f 8281//2761 8282//2761 8283//2761
f 8284//2762 8285//2762 8286//2762
f 8287//2763 8288//2763 8289//2763
f 8290//2764 8291//2764 8292//2764
f 8293//2765 8294//2765 8295//2765
f 8296//2766 8297//2766 8298//2766
f 8299//2767 8300//2767 8301//2767
f 8302//2768 8303//2768 8304//2768
f 8305//2769 8306//2769 8307//2769
f 8308//2770 8309//2770 8310//2770
f 8311//2771 8312//2771 8313//2771
f 8314//2772 8315//2772 8316//2772
f 8317//2773 8318//2773 8319//2773
f 8320//2774 8321//2774 8322//2774
f 8323//2775 8324//2775 8325//2775
f 8326//2776 8327//2776 8328//2776
f 8329//2777 8330//2777 8331//2777
f 8332//2778 8333//2778 8334//2778
f 8335//2779 8336//2779 8337//2779
f 8338//2780 8339//2780 8340//2780
f 8341//2781 8342//2781 8343//2781
f 8344//2782 8345//2782 8346//2782
f 8347//2783 8348//2783 8349//2783
f 8350//2784 8351//2784 8352//2784
f 8353//2785 8354//2785 8355//2785
f 8356//2786 8357//2786 8358//2786
f 8359//2787 8360//2787 8361//2787
f 8362//2788 8363//2788 8364//2788
f 8365//2789 8366//2789 8367//2789
f 8368//2790 8369//2790 8370//2790
f 8371//2791 8372//2791 8373//2791
f 8374//2792 8375//2792 8376//2792
f 8377//2793 8378//2793 8379//2793
f 8380//2794 8381//2794 8382//2794
f 8383//2795 8384//2795 8385//2795
f 8386//2796 8387//2796 8388//2796
f 8389//2797 8390//2797 8391//2797
f 8392//2798 8393//2798 8394//2798
f 8395//2799 8396//2799 8397//2799
f 8398//2800 8399//2800 8400//2800
f 8401//2801 8402//2801 8403//2801
f 8404//2802 8405//2802 8406//2802
f 8407//2803 8408//2803 8409//2803
f 8410//2804 8411//2804 8412//2804
f 8413//2805 8414//2805 8415//2805
f 8416//2806 8417//2806 8418//2806
f 8419//2807 8420//2807 8421//2807
f 8422//2808 8423//2808 8424//2808
f 8425//2809 8426//2809 8427//2809
f 8428//2810 8429//2810 8430//2810
f 8431//2811 8432//2811 8433//2811
f 8434//2812 8435//2812 8436//2812
f 8437//2813 8438//2813 8439//2813
f 8440//2814 8441//2814 8442//2814
f 8443//2815 8444//2815 8445//2815
f 8446//2816 8447//2816 8448//2816
f 8449//2817 8450//2817 8451//2817
f 8452//2818 8453//2818 8454//2818
f 8455//2819 8456//2819 8457//2819
f 8458//2820 8459//2820 8460//2820
f 8461//2821 8462//2821 8463//2821
f 8464//2822 8465//2822 8466//2822
f 8467//2823 8468//2823 8469//2823
f 8470//2824 8471//2824 8472//2824
f 8473//2825 8474//2825 8475//2825
f 8476//2826 8477//2826 8478//2826
f 8479//2827 8480//2827 8481//2827
f 8482//2828 8483//2828 8484//2828
f 8485//2829 8486//2829 8487//2829
f 8488//2830 8489//2830 8490//2830
f 8491//2831 8492//2831 8493//2831
f 8494//2832 8495//2832 8496//2832
f 8497//2833 8498//2833 8499//2833
f 8500//2834 8501//2834 8502//2834
f 8503//2835 8504//2835 8505//2835
f 8506//2836 8507//2836 8508//2836
f 8509//2837 8510//2837 8511//2837
f 8512//2838 8513//2838 8514//2838
f 8515//2839 8516//2839 8517//2839
f 8518//2840 8519//2840 8520//2840
f 8521//2841 8522//2841 8523//2841
f 8524//2842 8525//2842 8526//2842
f 8527//2843 8528//2843 8529//2843
f 8530//2844 8531//2844 8532//2844
f 8533//2845 8534//2845 8535//2845
f 8536//2846 8537//2846 8538//2846
f 8539//2847 8540//2847 8541//2847
f 8542//2848 8543//2848 8544//2848
f 8545//2849 8546//2849 8547//2849
f 8548//2850 8549//2850 8550//2850
f 8551//2851 8552//2851 8553//2851
f 8554//2852 8555//2852 8556//2852
f 8557//2853 8558//2853 8559//2853
f 8560//2854 8561//2854 8562//2854
f 8563//2855 8564//2855 8565//2855
f 8566//2856 8567//2856 8568//2856
f 8569//2857 8570//2857 8571//2857
f 8572//2858 8573//2858 8574//2858
f 8575//2859 8576//2859 8577//2859
f 8578//2860 8579//2860 8580//2860
f 8581//2861 8582//2861 8583//2861
f 8584//2862 8585//2862 8586//2862
f 8587//2863 8588//2863 8589//2863
f 8590//2864 8591//2864 8592//2864
f 8593//2865 8594//2865 8595//2865
f 8596//2866 8597//2866 8598//2866
f 8599//2867 8600//2867 8601//2867
f 8602//2868 8603//2868 8604//2868
f 8605//2869 8606//2869 8607//2869
f 8608//2870 8609//2870 8610//2870
f 8611//2871 8612//2871 8613//2871
f 8614//2872 8615//2872 8616//2872
f 8617//2873 8618//2873 8619//2873
f 8620//2874 8621//2874 8622//2874
f 8623//2875 8624//2875 8625//2875
f 8626//2876 8627//2876 8628//2876
f 8629//2877 8630//2877 8631//2877
f 8632//2878 8633//2878 8634//2878
f 8635//2879 8636//2879 8637//2879
f 8638//2880 8639//2880 8640//2880
f 8641//2881 8642//2881 8643//2881
f 8644//2882 8645//2882 8646//2882
f 8647//2883 8648//2883 8649//2883
f 8650//2884 8651//2884 8652//2884
f 8653//2885 8654//2885 8655//2885
f 8656//2886 8657//2886 8658//2886
f 8659//2887 8660//2887 8661//2887
f 8662//2888 8663//2888 8664//2888
f 8665//2889 8666//2889 8667//2889
f 8668//2890 8669//2890 8670//2890
f 8671//2891 8672//2891 8673//2891
f 8674//2892 8675//2892 8676//2892
f 8677//2893 8678//2893 8679//2893
f 8680//2894 8681//2894 8682//2894
f 8683//2895 8684//2895 8685//2895
f 8686//2896 8687//2896 8688//2896
f 8689//2897 8690//2897 8691//2897
f 8692//2898 8693//2898 8694//2898
f 8695//2899 8696//2899 8697//2899
f 8698//2900 8699//2900 8700//2900
f 8701//2901 8702//2901 8703//2901
f 8704//2902 8705//2902 8706//2902
f 8707//2903 8708//2903 8709//2903
f 8710//2904 8711//2904 8712//2904
f 8713//2905 8714//2905 8715//2905
f 8716//2906 8717//2906 8718//2906
f 8719//2907 8720//2907 8721//2907
f 8722//2908 8723//2908 8724//2908
f 8725//2909 8726//2909 8727//2909
f 8728//2910 8729//2910 8730//2910
f 8731//2911 8732//2911 8733//2911
f 8734//2912 8735//2912 8736//2912
f 8737//2913 8738//2913 8739//2913
f 8740//2914 8741//2914 8742//2914
f 8743//2915 8744//2915 8745//2915
f 8746//2916 8747//2916 8748//2916
f 8749//2917 8750//2917 8751//2917
f 8752//2918 8753//2918 8754//2918
f 8755//2919 8756//2919 8757//2919
f 8758//2920 8759//2920 8760//2920
f 8761//2921 8762//2921 8763//2921
f 8764//2922 8765//2922 8766//2922
f 8767//2923 8768//2923 8769//2923
f 8770//2924 8771//2924 8772//2924
f 8773//2925 8774//2925 8775//2925
f 8776//2926 8777//2926 8778//2926
f 8779//2927 8780//2927 8781//2927
f 8782//2928 8783//2928 8784//2928
f 8785//2929 8786//2929 8787//2929
f 8788//2930 8789//2930 8790//2930
f 8791//2931 8792//2931 8793//2931
f 8794//2932 8795//2932 8796//2932
f 8797//2933 8798//2933 8799//2933
f 8800//2934 8801//2934 8802//2934
f 8803//2935 8804//2935 8805//2935
f 8806//2936 8807//2936 8808//2936
f 8809//2937 8810//2937 8811//2937
f 8812//2938 8813//2938 8814//2938
f 8815//2939 8816//2939 8817//2939
f 8818//2940 8819//2940 8820//2940
f 8821//2941 8822//2941 8823//2941
f 8824//2942 8825//2942 8826//2942
f 8827//2943 8828//2943 8829//2943
f 8830//2944 8831//2944 8832//2944
f 8833//2945 8834//2945 8835//2945
f 8836//2946 8837//2946 8838//2946
f 8839//2947 8840//2947 8841//2947
f 8842//2948 8843//2948 8844//2948
f 8845//2949 8846//2949 8847//2949
f 8848//2950 8849//2950 8850//2950
f 8851//2951 8852//2951 8853//2951
f 8854//2952 8855//2952 8856//2952
f 8857//2953 8858//2953 8859//2953
f 8860//2954 8861//2954 8862//2954
f 8863//2955 8864//2955 8865//2955
f 8866//2956 8867//2956 8868//2956
f 8869//2957 8870//2957 8871//2957
f 8872//2958 8873//2958 8874//2958
f 8875//2959 8876//2959 8877//2959
f 8878//2960 8879//2960 8880//2960
f 8881//2961 8882//2961 8883//2961
f 8884//2962 8885//2962 8886//2962
f 8887//2963 8888//2963 8889//2963
f 8890//2964 8891//2964 8892//2964
f 8893//2965 8894//2965 8895//2965
f 8896//2966 8897//2966 8898//2966
f 8899//2967 8900//2967 8901//2967
f 8902//2968 8903//2968 8904//2968
f 8905//2969 8906//2969 8907//2969
f 8908//2970 8909//2970 8910//2970
f 8911//2971 8912//2971 8913//2971
f 8914//2972 8915//2972 8916//2972
f 8917//2973 8918//2973 8919//2973
f 8920//2974 8921//2974 8922//2974
f 8923//2975 8924//2975 8925//2975
f 8926//2976 8927//2976 8928//2976
f 8929//2977 8930//2977 8931//2977
f 8932//2978 8933//2978 8934//2978
f 8935//2979 8936//2979 8937//2979
f 8938//2980 8939//2980 8940//2980
f 8941//2981 8942//2981 8943//2981
f 8944//2982 8945//2982 8946//2982
f 8947//2983 8948//2983 8949//2983
f 8950//2984 8951//2984 8952//2984
f 8953//2985 8954//2985 8955//2985
f 8956//2986 8957//2986 8958//2986
f 8959//2987 8960//2987 8961//2987
f 8962//2988 8963//2988 8964//2988
f 8965//2989 8966//2989 8967//2989
f 8968//2990 8969//2990 8970//2990
f 8971//2991 8972//2991 8973//2991
f 8974//2992 8975//2992 8976//2992
f 8977//2993 8978//2993 8979//2993
f 8980//2994 8981//2994 8982//2994
f 8983//2995 8984//2995 8985//2995
f 8986//2996 8987//2996 8988//2996
f 8989//2997 8990//2997 8991//2997
f 8992//2998 8993//2998 8994//2998
f 8995//2999 8996//2999 8997//2999
f 8998//3000 8999//3000 9000//3000
f 9001//3001 9002//3001 9003//3001
f 9004//3002 9005//3002 9006//3002
f 9007//3003 9008//3003 9009//3003
f 9010//3004 9011//3004 9012//3004
f 9013//3005 9014//3005 9015//3005
f 9016//3006 9017//3006 9018//3006
f 9019//3007 9020//3007 9021//3007
f 9022//3008 9023//3008 9024//3008
f 9025//3009 9026//3009 9027//3009
f 9028//3010 9029//3010 9030//3010
f 9031//3011 9032//3011 9033//3011
f 9034//3012 9035//3012 9036//3012
f 9037//3013 9038//3013 9039//3013
f 9040//3014 9041//3014 9042//3014
f 9043//3015 9044//3015 9045//3015
f 9046//3016 9047//3016 9048//3016
f 9049//3017 9050//3017 9051//3017
f 9052//3018 9053//3018 9054//3018
f 9055//3019 9056//3019 9057//3019
f 9058//3020 9059//3020 9060//3020
f 9061//3021 9062//3021 9063//3021
f 9064//3022 9065//3022 9066//3022
f 9067//3023 9068//3023 9069//3023
f 9070//3024 9071//3024 9072//3024
f 9073//3025 9074//3025 9075//3025
f 9076//3026 9077//3026 9078//3026
f 9079//3027 9080//3027 9081//3027
f 9082//3028 9083//3028 9084//3028
f 9085//3029 9086//3029 9087//3029
f 9088//3030 9089//3030 9090//3030
f 9091//3031 9092//3031 9093//3031
f 9094//3032 9095//3032 9096//3032
f 9097//3033 9098//3033 9099//3033
f 9100//3034 9101//3034 9102//3034
f 9103//3035 9104//3035 9105//3035
f 9106//3036 9107//3036 9108//3036
f 9109//3037 9110//3037 9111//3037
f 9112//3038 9113//3038 9114//3038
f 9115//3039 9116//3039 9117//3039
f 9118//3040 9119//3040 9120//3040
f 9121//3041 9122//3041 9123//3041
f 9124//3042 9125//3042 9126//3042
f 9127//3043 9128//3043 9129//3043
f 9130//3044 9131//3044 9132//3044
f 9133//3045 9134//3045 9135//3045
f 9136//3046 9137//3046 9138//3046
f 9139//3047 9140//3047 9141//3047
f 9142//3048 9143//3048 9144//3048
f 9145//3049 9146//3049 9147//3049
f 9148//3050 9149//3050 9150//3050
f 9151//3051 9152//3051 9153//3051
f 9154//3052 9155//3052 9156//3052
f 9157//3053 9158//3053 9159//3053
f 9160//3054 9161//3054 9162//3054
f 9163//3055 9164//3055 9165//3055
f 9166//3056 9167//3056 9168//3056
f 9169//3057 9170//3057 9171//3057
f 9172//3058 9173//3058 9174//3058
f 9175//3059 9176//3059 9177//3059
f 9178//3060 9179//3060 9180//3060
f 9181//3061 9182//3061 9183//3061
f 9184//3062 9185//3062 9186//3062
f 9187//3063 9188//3063 9189//3063
f 9190//3064 9191//3064 9192//3064
f 9193//3065 9194//3065 9195//3065
f 9196//3066 9197//3066 9198//3066
f 9199//3067 9200//3067 9201//3067
f 9202//3068 9203//3068 9204//3068
f 9205//3069 9206//3069 9207//3069
f 9208//3070 9209//3070 9210//3070
f 9211//3071 9212//3071 9213//3071
f 9214//3072 9215//3072 9216//3072
f 9217//3073 9218//3073 9219//3073
f 9220//3074 9221//3074 9222//3074
f 9223//3075 9224//3075 9225//3075
f 9226//3076 9227//3076 9228//3076
f 9229//3077 9230//3077 9231//3077
f 9232//3078 9233//3078 9234//3078
f 9235//3079 9236//3079 9237//3079
f 9238//3080 9239//3080 9240//3080
f 9241//3081 9242//3081 9243//3081
f 9244//3082 9245//3082 9246//3082
f 9247//3083 9248//3083 9249//3083
f 9250//3084 9251//3084 9252//3084
f 9253//3085 9254//3085 9255//3085
f 9256//3086 9257//3086 9258//3086
f 9259//3087 9260//3087 9261//3087
f 9262//3088 9263//3088 9264//3088
f 9265//3089 9266//3089 9267//3089
f 9268//3090 9269//3090 9270//3090
f 9271//3091 9272//3091 9273//3091
f 9274//3092 9275//3092 9276//3092
f 9277//3093 9278//3093 9279//3093
f 9280//3094 9281//3094 9282//3094
f 9283//3095 9284//3095 9285//3095
f 9286//3096 9287//3096 9288//3096
f 9289//3097 9290//3097 9291//3097
f 9292//3098 9293//3098 9294//3098
f 9295//3099 9296//3099 9297//3099
f 9298//3100 9299//3100 9300//3100
f 9301//3101 9302//3101 9303//3101
f 9304//3102 9305//3102 9306//3102
f 9307//3103 9308//3103 9309//3103
f 9310//3104 9311//3104 9312//3104
f 9313//3105 9314//3105 9315//3105
f 9316//3106 9317//3106 9318//3106
f 9319//3107 9320//3107 9321//3107
f 9322//3108 9323//3108 9324//3108
f 9325//3109 9326//3109 9327//3109
f 9328//3110 9329//3110 9330//3110
f 9331//3111 9332//3111 9333//3111
f 9334//3112 9335//3112 9336//3112
f 9337//3113 9338//3113 9339//3113
f 9340//3114 9341//3114 9342//3114
f 9343//3115 9344//3115 9345//3115
f 9346//3116 9347//3116 9348//3116
f 9349//3117 9350//3117 9351//3117
f 9352//3118 9353//3118 9354//3118
f 9355//3119 9356//3119 9357//3119
f 9358//3120 9359//3120 9360//3120
f 9361//3121 9362//3121 9363//3121
f 9364//3122 9365//3122 9366//3122
f 9367//3123 9368//3123 9369//3123
f 9370//3124 9371//3124 9372//3124
f 9373//3125 9374//3125 9375//3125
f 9376//3126 9377//3126 9378//3126
f 9379//3127 9380//3127 9381//3127
f 9382//3128 9383//3128 9384//3128
f 9385//3129 9386//3129 9387//3129
f 9388//3130 9389//3130 9390//3130
f 9391//3131 9392//3131 9393//3131
f 9394//3132 9395//3132 9396//3132
f 9397//3133 9398//3133 9399//3133
f 9400//3134 9401//3134 9402//3134
f 9403//3135 9404//3135 9405//3135
f 9406//3136 9407//3136 9408//3136
f 9409//3137 9410//3137 9411//3137
f 9412//3138 9413//3138 9414//3138
f 9415//3139 9416//3139 9417//3139
f 9418//3140 9419//3140 9420//3140
f 9421//3141 9422//3141 9423//3141
f 9424//3142 9425//3142 9426//3142
f 9427//3143 9428//3143 9429//3143
f 9430//3144 9431//3144 9432//3144
f 9433//3145 9434//3145 9435//3145
f 9436//3146 9437//3146 9438//3146
f 9439//3147 9440//3147 9441//3147
f 9442//3148 9443//3148 9444//3148
f 9445//3149 9446//3149 9447//3149
f 9448//3150 9449//3150 9450//3150
f 9451//3151 9452//3151 9453//3151
f 9454//3152 9455//3152 9456//3152
f 9457//3153 9458//3153 9459//3153
f 9460//3154 9461//3154 9462//3154
f 9463//3155 9464//3155 9465//3155
f 9466//3156 9467//3156 9468//3156
f 9469//3157 9470//3157 9471//3157
f 9472//3158 9473//3158 9474//3158
f 9475//3159 9476//3159 9477//3159
f 9478//3160 9479//3160 9480//3160
f 9481//3161 9482//3161 9483//3161
f 9484//3162 9485//3162 9486//3162
f 9487//3163 9488//3163 9489//3163
f 9490//3164 9491//3164 9492//3164
f 9493//3165 9494//3165 9495//3165
f 9496//3166 9497//3166 9498//3166
f 9499//3167 9500//3167 9501//3167
f 9502//3168 9503//3168 9504//3168
f 9505//3169 9506//3169 9507//3169
f 9508//3170 9509//3170 9510//3170
f 9511//3171 9512//3171 9513//3171
f 9514//3172 9515//3172 9516//3172
f 9517//3173 9518//3173 9519//3173
f 9520//3174 9521//3174 9522//3174
f 9523//3175 9524//3175 9525//3175
f 9526//3176 9527//3176 9528//3176
f 9529//3177 9530//3177 9531//3177
f 9532//3178 9533//3178 9534//3178
f 9535//3179 9536//3179 9537//3179
f 9538//3180 9539//3180 9540//3180
f 9541//3181 9542//3181 9543//3181
f 9544//3182 9545//3182 9546//3182
f 9547//3183 9548//3183 9549//3183
f 9550//3184 9551//3184 9552//3184
f 9553//3185 9554//3185 9555//3185
f 9556//3186 9557//3186 9558//3186
f 9559//3187 9560//3187 9561//3187
f 9562//3188 9563//3188 9564//3188
f 9565//3189 9566//3189 9567//3189
f 9568//3190 9569//3190 9570//3190
f 9571//3191 9572//3191 9573//3191
f 9574//3192 9575//3192 9576//3192
f 9577//3193 9578//3193 9579//3193
f 9580//3194 9581//3194 9582//3194
f 9583//3195 9584//3195 9585//3195
f 9586//3196 9587//3196 9588//3196
f 9589//3197 9590//3197 9591//3197
f 9592//3198 9593//3198 9594//3198
f 9595//3199 9596//3199 9597//3199
f 9598//3200 9599//3200 9600//3200
f 9601//3201 9602//3201 9603//3201
f 9604//3202 9605//3202 9606//3202
f 9607//3203 9608//3203 9609//3203
f 9610//3204 9611//3204 9612//3204
f 9613//3205 9614//3205 9615//3205
f 9616//3206 9617//3206 9618//3206
f 9619//3207 9620//3207 9621//3207
f 9622//3208 9623//3208 9624//3208
f 9625//3209 9626//3209 9627//3209
f 9628//3210 9629//3210 9630//3210
f 9631//3211 9632//3211 9633//3211
f 9634//3212 9635//3212 9636//3212
f 9637//3213 9638//3213 9639//3213
f 9640//3214 9641//3214 9642//3214
f 9643//3215 9644//3215 9645//3215
f 9646//3216 9647//3216 9648//3216
f 9649//3217 9650//3217 9651//3217
f 9652//3218 9653//3218 9654//3218
f 9655//3219 9656//3219 9657//3219
f 9658//3220 9659//3220 9660//3220
f 9661//3221 9662//3221 9663//3221
f 9664//3222 9665//3222 9666//3222
f 9667//3223 9668//3223 9669//3223
f 9670//3224 9671//3224 9672//3224
f 9673//3225 9674//3225 9675//3225
f 9676//3226 9677//3226 9678//3226
f 9679//3227 9680//3227 9681//3227
f 9682//3228 9683//3228 9684//3228
f 9685//3229 9686//3229 9687//3229
f 9688//3230 9689//3230 9690//3230
f 9691//3231 9692//3231 9693//3231
f 9694//3232 9695//3232 9696//3232
f 9697//3233 9698//3233 9699//3233
f 9700//3234 9701//3234 9702//3234
f 9703//3235 9704//3235 9705//3235
f 9706//3236 9707//3236 9708//3236
f 9709//3237 9710//3237 9711//3237
f 9712//3238 9713//3238 9714//3238
f 9715//3239 9716//3239 9717//3239
f 9718//3240 9719//3240 9720//3240
f 9721//3241 9722//3241 9723//3241
f 9724//3242 9725//3242 9726//3242
f 9727//3243 9728//3243 9729//3243
f 9730//3244 9731//3244 9732//3244
f 9733//3245 9734//3245 9735//3245
f 9736//3246 9737//3246 9738//3246
f 9739//3247 9740//3247 9741//3247
f 9742//3248 9743//3248 9744//3248
f 9745//3249 9746//3249 9747//3249
f 9748//3250 9749//3250 9750//3250
f 9751//3251 9752//3251 9753//3251
f 9754//3252 9755//3252 9756//3252
f 9757//3253 9758//3253 9759//3253
f 9760//3254 9761//3254 9762//3254
f 9763//3255 9764//3255 9765//3255
f 9766//3256 9767//3256 9768//3256
f 9769//3257 9770//3257 9771//3257
f 9772//3258 9773//3258 9774//3258
f 9775//3259 9776//3259 9777//3259
f 9778//3260 9779//3260 9780//3260
f 9781//3261 9782//3261 9783//3261
f 9784//3262 9785//3262 9786//3262
f 9787//3263 9788//3263 9789//3263
f 9790//3264 9791//3264 9792//3264
f 9793//3265 9794//3265 9795//3265
f 9796//3266 9797//3266 9798//3266
f 9799//3267 9800//3267 9801//3267
f 9802//3268 9803//3268 9804//3268
f 9805//3269 9806//3269 9807//3269
f 9808//3270 9809//3270 9810//3270
f 9811//3271 9812//3271 9813//3271
f 9814//3272 9815//3272 9816//3272
f 9817//3273 9818//3273 9819//3273
f 9820//3274 9821//3274 9822//3274
f 9823//3275 9824//3275 9825//3275
f 9826//3276 9827//3276 9828//3276
f 9829//3277 9830//3277 9831//3277
f 9832//3278 9833//3278 9834//3278
f 9835//3279 9836//3279 9837//3279
f 9838//3280 9839//3280 9840//3280
f 9841//3281 9842//3281 9843//3281
f 9844//3282 9845//3282 9846//3282
f 9847//3283 9848//3283 9849//3283
f 9850//3284 9851//3284 9852//3284
f 9853//3285 9854//3285 9855//3285
f 9856//3286 9857//3286 9858//3286
f 9859//3287 9860//3287 9861//3287
f 9862//3288 9863//3288 9864//3288
f 9865//3289 9866//3289 9867//3289
f 9868//3290 9869//3290 9870//3290
f 9871//3291 9872//3291 9873//3291
f 9874//3292 9875//3292 9876//3292
f 9877//3293 9878//3293 9879//3293
f 9880//3294 9881//3294 9882//3294
f 9883//3295 9884//3295 9885//3295
f 9886//3296 9887//3296 9888//3296
f 9889//3297 9890//3297 9891//3297
f 9892//3298 9893//3298 9894//3298
f 9895//3299 9896//3299 9897//3299
f 9898//3300 9899//3300 9900//3300
f 9901//3301 9902//3301 9903//3301
f 9904//3302 9905//3302 9906//3302
f 9907//3303 9908//3303 9909//3303
f 9910//3304 9911//3304 9912//3304
f 9913//3305 9914//3305 9915//3305
f 9916//3306 9917//3306 9918//3306
f 9919//3307 9920//3307 9921//3307
f 9922//3308 9923//3308 9924//3308
f 9925//3309 9926//3309 9927//3309
f 9928//3310 9929//3310 9930//3310
f 9931//3311 9932//3311 9933//3311
f 9934//3312 9935//3312 9936//3312
f 9937//3313 9938//3313 9939//3313
f 9940//3314 9941//3314 9942//3314
f 9943//3315 9944//3315 9945//3315
f 9946//3316 9947//3316 9948//3316
f 9949//3317 9950//3317 9951//3317
f 9952//3318 9953//3318 9954//3318
f 9955//3319 9956//3319 9957//3319
f 9958//3320 9959//3320 9960//3320
f 9961//3321 9962//3321 9963//3321
f 9964//3322 9965//3322 9966//3322
f 9967//3323 9968//3323 9969//3323
f 9970//3324 9971//3324 9972//3324
f 9973//3325 9974//3325 9975//3325
f 9976//3326 9977//3326 9978//3326
f 9979//3327 9980//3327 9981//3327
f 9982//3328 9983//3328 9984//3328
f 9985//3329 9986//3329 9987//3329
f 9988//3330 9989//3330 9990//3330
f 9991//3331 9992//3331 9993//3331
f 9994//3332 9995//3332 9996//3332
f 9997//3333 9998//3333 9999//3333
f 10000//3334 10001//3334 10002//3334
f 10003//3335 10004//3335 10005//3335
f 10006//3336 10007//3336 10008//3336
f 10009//3337 10010//3337 10011//3337
f 10012//3338 10013//3338 10014//3338
f 10015//3339 10016//3339 10017//3339
f 10018//3340 10019//3340 10020//3340
f 10021//3341 10022//3341 10023//3341
f 10024//3342 10025//3342 10026//3342
f 10027//3343 10028//3343 10029//3343
f 10030//3344 10031//3344 10032//3344
f 10033//3345 10034//3345 10035//3345
f 10036//3346 10037//3346 10038//3346
f 10039//3347 10040//3347 10041//3347
f 10042//3348 10043//3348 10044//3348
f 10045//3349 10046//3349 10047//3349
f 10048//3350 10049//3350 10050//3350
f 10051//3351 10052//3351 10053//3351
f 10054//3352 10055//3352 10056//3352
f 10057//3353 10058//3353 10059//3353
f 10060//3354 10061//3354 10062//3354
f 10063//3355 10064//3355 10065//3355
f 10066//3356 10067//3356 10068//3356
f 10069//3357 10070//3357 10071//3357
f 10072//3358 10073//3358 10074//3358
f 10075//3359 10076//3359 10077//3359
f 10078//3360 10079//3360 10080//3360
f 10081//3361 10082//3361 10083//3361
f 10084//3362 10085//3362 10086//3362
f 10087//3363 10088//3363 10089//3363
f 10090//3364 10091//3364 10092//3364
f 10093//3365 10094//3365 10095//3365
f 10096//3366 10097//3366 10098//3366
f 10099//3367 10100//3367 10101//3367
f 10102//3368 10103//3368 10104//3368
f 10105//3369 10106//3369 10107//3369
f 10108//3370 10109//3370 10110//3370
f 10111//3371 10112//3371 10113//3371
f 10114//3372 10115//3372 10116//3372
f 10117//3373 10118//3373 10119//3373
f 10120//3374 10121//3374 10122//3374
f 10123//3375 10124//3375 10125//3375
f 10126//3376 10127//3376 10128//3376
f 10129//3377 10130//3377 10131//3377
f 10132//3378 10133//3378 10134//3378
f 10135//3379 10136//3379 10137//3379
f 10138//3380 10139//3380 10140//3380
f 10141//3381 10142//3381 10143//3381
f 10144//3382 10145//3382 10146//3382
f 10147//3383 10148//3383 10149//3383
f 10150//3384 10151//3384 10152//3384
f 10153//3385 10154//3385 10155//3385
f 10156//3386 10157//3386 10158//3386
f 10159//3387 10160//3387 10161//3387
f 10162//3388 10163//3388 10164//3388
f 10165//3389 10166//3389 10167//3389
f 10168//3390 10169//3390 10170//3390
f 10171//3391 10172//3391 10173//3391
f 10174//3392 10175//3392 10176//3392
f 10177//3393 10178//3393 10179//3393
f 10180//3394 10181//3394 10182//3394
f 10183//3395 10184//3395 10185//3395
f 10186//3396 10187//3396 10188//3396
f 10189//3397 10190//3397 10191//3397
f 10192//3398 10193//3398 10194//3398
f 10195//3399 10196//3399 10197//3399
f 10198//3400 10199//3400 10200//3400
f 10201//3401 10202//3401 10203//3401
f 10204//3402 10205//3402 10206//3402
f 10207//3403 10208//3403 10209//3403
f 10210//3404 10211//3404 10212//3404
f 10213//3405 10214//3405 10215//3405
f 10216//3406 10217//3406 10218//3406
f 10219//3407 10220//3407 10221//3407
f 10222//3408 10223//3408 10224//3408
f 10225//3409 10226//3409 10227//3409
f 10228//3410 10229//3410 10230//3410
f 10231//3411 10232//3411 10233//3411
f 10234//3412 10235//3412 10236//3412
f 10237//3413 10238//3413 10239//3413
f 10240//3414 10241//3414 10242//3414
f 10243//3415 10244//3415 10245//3415
f 10246//3416 10247//3416 10248//3416
f 10249//3417 10250//3417 10251//3417
f 10252//3418 10253//3418 10254//3418
f 10255//3419 10256//3419 10257//3419
f 10258//3420 10259//3420 10260//3420
f 10261//3421 10262//3421 10263//3421
f 10264//3422 10265//3422 10266//3422
f 10267//3423 10268//3423 10269//3423
f 10270//3424 10271//3424 10272//3424
f 10273//3425 10274//3425 10275//3425
f 10276//3426 10277//3426 10278//3426
f 10279//3427 10280//3427 10281//3427
f 10282//3428 10283//3428 10284//3428
f 10285//3429 10286//3429 10287//3429
f 10288//3430 10289//3430 10290//3430
f 10291//3431 10292//3431 10293//3431
f 10294//3432 10295//3432 10296//3432
f 10297//3433 10298//3433 10299//3433
f 10300//3434 10301//3434 10302//3434
f 10303//3435 10304//3435 10305//3435
f 10306//3436 10307//3436 10308//3436
f 10309//3437 10310//3437 10311//3437
f 10312//3438 10313//3438 10314//3438
f 10315//3439 10316//3439 10317//3439
f 10318//3440 10319//3440 10320//3440
f 10321//3441 10322//3441 10323//3441
f 10324//3442 10325//3442 10326//3442
f 10327//3443 10328//3443 10329//3443
f 10330//3444 10331//3444 10332//3444
f 10333//3445 10334//3445 10335//3445
f 10336//3446 10337//3446 10338//3446
f 10339//3447 10340//3447 10341//3447
f 10342//3448 10343//3448 10344//3448
f 10345//3449 10346//3449 10347//3449
f 10348//3450 10349//3450 10350//3450
f 10351//3451 10352//3451 10353//3451
f 10354//3452 10355//3452 10356//3452
f 10357//3453 10358//3453 10359//3453
f 10360//3454 10361//3454 10362//3454
f 10363//3455 10364//3455 10365//3455
f 10366//3456 10367//3456 10368//3456
f 10369//3457 10370//3457 10371//3457
f 10372//3458 10373//3458 10374//3458
f 10375//3459 10376//3459 10377//3459
f 10378//3460 10379//3460 10380//3460
f 10381//3461 10382//3461 10383//3461
f 10384//3462 10385//3462 10386//3462
f 10387//3463 10388//3463 10389//3463
f 10390//3464 10391//3464 10392//3464
f 10393//3465 10394//3465 10395//3465
f 10396//3466 10397//3466 10398//3466
f 10399//3467 10400//3467 10401//3467
f 10402//3468 10403//3468 10404//3468
f 10405//3469 10406//3469 10407//3469
f 10408//3470 10409//3470 10410//3470
f 10411//3471 10412//3471 10413//3471
f 10414//3472 10415//3472 10416//3472
f 10417//3473 10418//3473 10419//3473
f 10420//3474 10421//3474 10422//3474
f 10423//3475 10424//3475 10425//3475
f 10426//3476 10427//3476 10428//3476
f 10429//3477 10430//3477 10431//3477
f 10432//3478 10433//3478 10434//3478
f 10435//3479 10436//3479 10437//3479
f 10438//3480 10439//3480 10440//3480
f 10441//3481 10442//3481 10443//3481
f 10444//3482 10445//3482 10446//3482
f 10447//3483 10448//3483 10449//3483
f 10450//3484 10451//3484 10452//3484
f 10453//3485 10454//3485 10455//3485
f 10456//3486 10457//3486 10458//3486
f 10459//3487 10460//3487 10461//3487
f 10462//3488 10463//3488 10464//3488
f 10465//3489 10466//3489 10467//3489
f 10468//3490 10469//3490 10470//3490
f 10471//3491 10472//3491 10473//3491
f 10474//3492 10475//3492 10476//3492
f 10477//3493 10478//3493 10479//3493
f 10480//3494 10481//3494 10482//3494
f 10483//3495 10484//3495 10485//3495
f 10486//3496 10487//3496 10488//3496
f 10489//3497 10490//3497 10491//3497
f 10492//3498 10493//3498 10494//3498
f 10495//3499 10496//3499 10497//3499
f 10498//3500 10499//3500 10500//3500
f 10501//3501 10502//3501 10503//3501
f 10504//3502 10505//3502 10506//3502
f 10507//3503 10508//3503 10509//3503
f 10510//3504 10511//3504 10512//3504
f 10513//3505 10514//3505 10515//3505
f 10516//3506 10517//3506 10518//3506
f 10519//3507 10520//3507 10521//3507
f 10522//3508 10523//3508 10524//3508
f 10525//3509 10526//3509 10527//3509
f 10528//3510 10529//3510 10530//3510
f 10531//3511 10532//3511 10533//3511
f 10534//3512 10535//3512 10536//3512
f 10537//3513 10538//3513 10539//3513
f 10540//3514 10541//3514 10542//3514
f 10543//3515 10544//3515 10545//3515
f 10546//3516 10547//3516 10548//3516
f 10549//3517 10550//3517 10551//3517
f 10552//3518 10553//3518 10554//3518
f 10555//3519 10556//3519 10557//3519
f 10558//3520 10559//3520 10560//3520
f 10561//3521 10562//3521 10563//3521
f 10564//3522 10565//3522 10566//3522
f 10567//3523 10568//3523 10569//3523
f 10570//3524 10571//3524 10572//3524
f 10573//3525 10574//3525 10575//3525
f 10576//3526 10577//3526 10578//3526
f 10579//3527 10580//3527 10581//3527
f 10582//3528 10583//3528 10584//3528
f 10585//3529 10586//3529 10587//3529
f 10588//3530 10589//3530 10590//3530
f 10591//3531 10592//3531 10593//3531
f 10594//3532 10595//3532 10596//3532
f 10597//3533 10598//3533 10599//3533
f 10600//3534 10601//3534 10602//3534
f 10603//3535 10604//3535 10605//3535
f 10606//3536 10607//3536 10608//3536
f 10609//3537 10610//3537 10611//3537
f 10612//3538 10613//3538 10614//3538
f 10615//3539 10616//3539 10617//3539
f 10618//3540 10619//3540 10620//3540
f 10621//3541 10622//3541 10623//3541
f 10624//3542 10625//3542 10626//3542
f 10627//3543 10628//3543 10629//3543
f 10630//3544 10631//3544 10632//3544
f 10633//3545 10634//3545 10635//3545
f 10636//3546 10637//3546 10638//3546
f 10639//3547 10640//3547 10641//3547
f 10642//3548 10643//3548 10644//3548
f 10645//3549 10646//3549 10647//3549
f 10648//3550 10649//3550 10650//3550
f 10651//3551 10652//3551 10653//3551
f 10654//3552 10655//3552 10656//3552
f 10657//3553 10658//3553 10659//3553
f 10660//3554 10661//3554 10662//3554
f 10663//3555 10664//3555 10665//3555
f 10666//3556 10667//3556 10668//3556
f 10669//3557 10670//3557 10671//3557
f 10672//3558 10673//3558 10674//3558
f 10675//3559 10676//3559 10677//3559
f 10678//3560 10679//3560 10680//3560
f 10681//3561 10682//3561 10683//3561
f 10684//3562 10685//3562 10686//3562
f 10687//3563 10688//3563 10689//3563
f 10690//3564 10691//3564 10692//3564
f 10693//3565 10694//3565 10695//3565
f 10696//3566 10697//3566 10698//3566
f 10699//3567 10700//3567 10701//3567
f 10702//3568 10703//3568 10704//3568
f 10705//3569 10706//3569 10707//3569
f 10708//3570 10709//3570 10710//3570
f 10711//3571 10712//3571 10713//3571
f 10714//3572 10715//3572 10716//3572
f 10717//3573 10718//3573 10719//3573
f 10720//3574 10721//3574 10722//3574
f 10723//3575 10724//3575 10725//3575
f 10726//3576 10727//3576 10728//3576
f 10729//3577 10730//3577 10731//3577
f 10732//3578 10733//3578 10734//3578
f 10735//3579 10736//3579 10737//3579
f 10738//3580 10739//3580 10740//3580
f 10741//3581 10742//3581 10743//3581
f 10744//3582 10745//3582 10746//3582
f 10747//3583 10748//3583 10749//3583
f 10750//3584 10751//3584 10752//3584
f 10753//3585 10754//3585 10755//3585
f 10756//3586 10757//3586 10758//3586
f 10759//3587 10760//3587 10761//3587
f 10762//3588 10763//3588 10764//3588
f 10765//3589 10766//3589 10767//3589
f 10768//3590 10769//3590 10770//3590
f 10771//3591 10772//3591 10773//3591
f 10774//3592 10775//3592 10776//3592
f 10777//3593 10778//3593 10779//3593
f 10780//3594 10781//3594 10782//3594
f 10783//3595 10784//3595 10785//3595
f 10786//3596 10787//3596 10788//3596
f 10789//3597 10790//3597 10791//3597
f 10792//3598 10793//3598 10794//3598
f 10795//3599 10796//3599 10797//3599
f 10798//3600 10799//3600 10800//3600
f 10801//3601 10802//3601 10803//3601
f 10804//3602 10805//3602 10806//3602
f 10807//3603 10808//3603 10809//3603
f 10810//3604 10811//3604 10812//3604
f 10813//3605 10814//3605 10815//3605
f 10816//3606 10817//3606 10818//3606
f 10819//3607 10820//3607 10821//3607
f 10822//3608 10823//3608 10824//3608
f 10825//3609 10826//3609 10827//3609
f 10828//3610 10829//3610 10830//3610
f 10831//3611 10832//3611 10833//3611
f 10834//3612 10835//3612 10836//3612
f 10837//3613 10838//3613 10839//3613
f 10840//3614 10841//3614 10842//3614
f 10843//3615 10844//3615 10845//3615
f 10846//3616 10847//3616 10848//3616
f 10849//3617 10850//3617 10851//3617
f 10852//3618 10853//3618 10854//3618
f 10855//3619 10856//3619 10857//3619
f 10858//3620 10859//3620 10860//3620
f 10861//3621 10862//3621 10863//3621
f 10864//3622 10865//3622 10866//3622
f 10867//3623 10868//3623 10869//3623
f 10870//3624 10871//3624 10872//3624
f 10873//3625 10874//3625 10875//3625
f 10876//3626 10877//3626 10878//3626
f 10879//3627 10880//3627 10881//3627
f 10882//3628 10883//3628 10884//3628
f 10885//3629 10886//3629 10887//3629
f 10888//3630 10889//3630 10890//3630
f 10891//3631 10892//3631 10893//3631
f 10894//3632 10895//3632 10896//3632
f 10897//3633 10898//3633 10899//3633
f 10900//3634 10901//3634 10902//3634
f 10903//3635 10904//3635 10905//3635
f 10906//3636 10907//3636 10908//3636
f 10909//3637 10910//3637 10911//3637
f 10912//3638 10913//3638 10914//3638
f 10915//3639 10916//3639 10917//3639
f 10918//3640 10919//3640 10920//3640
f 10921//3641 10922//3641 10923//3641
f 10924//3642 10925//3642 10926//3642
f 10927//3643 10928//3643 10929//3643
f 10930//3644 10931//3644 10932//3644
f 10933//3645 10934//3645 10935//3645
f 10936//3646 10937//3646 10938//3646
f 10939//3647 10940//3647 10941//3647
f 10942//3648 10943//3648 10944//3648
f 10945//3649 10946//3649 10947//3649
f 10948//3650 10949//3650 10950//3650
f 10951//3651 10952//3651 10953//3651
f 10954//3652 10955//3652 10956//3652
f 10957//3653 10958//3653 10959//3653
f 10960//3654 10961//3654 10962//3654
f 10963//3655 10964//3655 10965//3655
f 10966//3656 10967//3656 10968//3656
f 10969//3657 10970//3657 10971//3657
f 10972//3658 10973//3658 10974//3658
f 10975//3659 10976//3659 10977//3659
f 10978//3660 10979//3660 10980//3660
f 10981//3661 10982//3661 10983//3661
f 10984//3662 10985//3662 10986//3662
f 10987//3663 10988//3663 10989//3663
f 10990//3664 10991//3664 10992//3664
f 10993//3665 10994//3665 10995//3665
f 10996//3666 10997//3666 10998//3666
f 10999//3667 11000//3667 11001//3667
f 11002//3668 11003//3668 11004//3668
f 11005//3669 11006//3669 11007//3669
f 11008//3670 11009//3670 11010//3670
f 11011//3671 11012//3671 11013//3671
f 11014//3672 11015//3672 11016//3672
f 11017//3673 11018//3673 11019//3673
f 11020//3674 11021//3674 11022//3674
f 11023//3675 11024//3675 11025//3675
f 11026//3676 11027//3676 11028//3676
f 11029//3677 11030//3677 11031//3677
f 11032//3678 11033//3678 11034//3678
f 11035//3679 11036//3679 11037//3679
f 11038//3680 11039//3680 11040//3680
f 11041//3681 11042//3681 11043//3681
f 11044//3682 11045//3682 11046//3682
f 11047//3683 11048//3683 11049//3683
f 11050//3684 11051//3684 11052//3684
f 11053//3685 11054//3685 11055//3685
f 11056//3686 11057//3686 11058//3686
f 11059//3687 11060//3687 11061//3687
f 11062//3688 11063//3688 11064//3688
f 11065//3689 11066//3689 11067//3689
f 11068//3690 11069//3690 11070//3690
f 11071//3691 11072//3691 11073//3691
f 11074//3692 11075//3692 11076//3692
f 11077//3693 11078//3693 11079//3693
f 11080//3694 11081//3694 11082//3694
f 11083//3695 11084//3695 11085//3695
f 11086//3696 11087//3696 11088//3696
f 11089//3697 11090//3697 11091//3697
f 11092//3698 11093//3698 11094//3698
f 11095//3699 11096//3699 11097//3699
f 11098//3700 11099//3700 11100//3700
f 11101//3701 11102//3701 11103//3701
f 11104//3702 11105//3702 11106//3702
f 11107//3703 11108//3703 11109//3703
f 11110//3704 11111//3704 11112//3704
f 11113//3705 11114//3705 11115//3705
f 11116//3706 11117//3706 11118//3706
f 11119//3707 11120//3707 11121//3707
f 11122//3708 11123//3708 11124//3708
f 11125//3709 11126//3709 11127//3709
f 11128//3710 11129//3710 11130//3710
f 11131//3711 11132//3711 11133//3711
f 11134//3712 11135//3712 11136//3712
f 11137//3713 11138//3713 11139//3713
f 11140//3714 11141//3714 11142//3714
f 11143//3715 11144//3715 11145//3715
f 11146//3716 11147//3716 11148//3716
f 11149//3717 11150//3717 11151//3717
f 11152//3718 11153//3718 11154//3718
f 11155//3719 11156//3719 11157//3719
f 11158//3720 11159//3720 11160//3720
f 11161//3721 11162//3721 11163//3721
f 11164//3722 11165//3722 11166//3722
f 11167//3723 11168//3723 11169//3723
f 11170//3724 11171//3724 11172//3724
f 11173//3725 11174//3725 11175//3725
f 11176//3726 11177//3726 11178//3726
f 11179//3727 11180//3727 11181//3727
f 11182//3728 11183//3728 11184//3728
f 11185//3729 11186//3729 11187//3729
f 11188//3730 11189//3730 11190//3730
f 11191//3731 11192//3731 11193//3731
f 11194//3732 11195//3732 11196//3732
f 11197//3733 11198//3733 11199//3733
f 11200//3734 11201//3734 11202//3734
f 11203//3735 11204//3735 11205//3735
f 11206//3736 11207//3736 11208//3736
f 11209//3737 11210//3737 11211//3737
f 11212//3738 11213//3738 11214//3738
f 11215//3739 11216//3739 11217//3739
f 11218//3740 11219//3740 11220//3740
f 11221//3741 11222//3741 11223//3741
f 11224//3742 11225//3742 11226//3742
f 11227//3743 11228//3743 11229//3743
f 11230//3744 11231//3744 11232//3744
f 11233//3745 11234//3745 11235//3745
f 11236//3746 11237//3746 11238//3746
f 11239//3747 11240//3747 11241//3747
f 11242//3748 11243//3748 11244//3748
f 11245//3749 11246//3749 11247//3749
f 11248//3750 11249//3750 11250//3750
f 11251//3751 11252//3751 11253//3751
f 11254//3752 11255//3752 11256//3752
f 11257//3753 11258//3753 11259//3753
f 11260//3754 11261//3754 11262//3754
f 11263//3755 11264//3755 11265//3755
f 11266//3756 11267//3756 11268//3756
f 11269//3757 11270//3757 11271//3757
f 11272//3758 11273//3758 11274//3758
f 11275//3759 11276//3759 11277//3759
f 11278//3760 11279//3760 11280//3760
f 11281//3761 11282//3761 11283//3761
f 11284//3762 11285//3762 11286//3762
f 11287//3763 11288//3763 11289//3763
f 11290//3764 11291//3764 11292//3764
f 11293//3765 11294//3765 11295//3765
f 11296//3766 11297//3766 11298//3766
f 11299//3767 11300//3767 11301//3767
f 11302//3768 11303//3768 11304//3768
f 11305//3769 11306//3769 11307//3769
f 11308//3770 11309//3770 11310//3770
f 11311//3771 11312//3771 11313//3771
f 11314//3772 11315//3772 11316//3772
f 11317//3773 11318//3773 11319//3773
f 11320//3774 11321//3774 11322//3774
f 11323//3775 11324//3775 11325//3775
f 11326//3776 11327//3776 11328//3776
f 11329//3777 11330//3777 11331//3777
f 11332//3778 11333//3778 11334//3778
f 11335//3779 11336//3779 11337//3779
f 11338//3780 11339//3780 11340//3780
f 11341//3781 11342//3781 11343//3781
f 11344//3782 11345//3782 11346//3782
f 11347//3783 11348//3783 11349//3783
f 11350//3784 11351//3784 11352//3784
f 11353//3785 11354//3785 11355//3785
f 11356//3786 11357//3786 11358//3786
f 11359//3787 11360//3787 11361//3787
f 11362//3788 11363//3788 11364//3788
f 11365//3789 11366//3789 11367//3789
f 11368//3790 11369//3790 11370//3790
f 11371//3791 11372//3791 11373//3791
f 11374//3792 11375//3792 11376//3792
f 11377//3793 11378//3793 11379//3793
f 11380//3794 11381//3794 11382//3794
f 11383//3795 11384//3795 11385//3795
f 11386//3796 11387//3796 11388//3796
f 11389//3797 11390//3797 11391//3797
f 11392//3798 11393//3798 11394//3798
f 11395//3799 11396//3799 11397//3799
f 11398//3800 11399//3800 11400//3800
f 11401//3801 11402//3801 11403//3801
f 11404//3802 11405//3802 11406//3802
f 11407//3803 11408//3803 11409//3803
f 11410//3804 11411//3804 11412//3804
f 11413//3805 11414//3805 11415//3805
f 11416//3806 11417//3806 11418//3806
f 11419//3807 11420//3807 11421//3807
f 11422//3808 11423//3808 11424//3808
f 11425//3809 11426//3809 11427//3809
f 11428//3810 11429//3810 11430//3810
f 11431//3811 11432//3811 11433//3811
f 11434//3812 11435//3812 11436//3812
f 11437//3813 11438//3813 11439//3813
f 11440//3814 11441//3814 11442//3814
f 11443//3815 11444//3815 11445//3815
f 11446//3816 11447//3816 11448//3816
f 11449//3817 11450//3817 11451//3817
f 11452//3818 11453//3818 11454//3818
f 11455//3819 11456//3819 11457//3819
f 11458//3820 11459//3820 11460//3820
f 11461//3821 11462//3821 11463//3821
f 11464//3822 11465//3822 11466//3822
f 11467//3823 11468//3823 11469//3823
f 11470//3824 11471//3824 11472//3824
f 11473//3825 11474//3825 11475//3825
f 11476//3826 11477//3826 11478//3826
f 11479//3827 11480//3827 11481//3827
f 11482//3828 11483//3828 11484//3828
f 11485//3829 11486//3829 11487//3829
f 11488//3830 11489//3830 11490//3830
f 11491//3831 11492//3831 11493//3831
f 11494//3832 11495//3832 11496//3832
f 11497//3833 11498//3833 11499//3833
f 11500//3834 11501//3834 11502//3834
f 11503//3835 11504//3835 11505//3835
f 11506//3836 11507//3836 11508//3836
f 11509//3837 11510//3837 11511//3837
f 11512//3838 11513//3838 11514//3838
f 11515//3839 11516//3839 11517//3839
f 11518//3840 11519//3840 11520//3840
f 11521//3841 11522//3841 11523//3841
f 11524//3842 11525//3842 11526//3842
f 11527//3843 11528//3843 11529//3843
f 11530//3844 11531//3844 11532//3844
f 11533//3845 11534//3845 11535//3845
f 11536//3846 11537//3846 11538//3846
f 11539//3847 11540//3847 11541//3847
f 11542//3848 11543//3848 11544//3848
f 11545//3849 11546//3849 11547//3849
f 11548//3850 11549//3850 11550//3850
f 11551//3851 11552//3851 11553//3851
f 11554//3852 11555//3852 11556//3852
f 11557//3853 11558//3853 11559//3853
f 11560//3854 11561//3854 11562//3854
f 11563//3855 11564//3855 11565//3855
f 11566//3856 11567//3856 11568//3856
f 11569//3857 11570//3857 11571//3857
f 11572//3858 11573//3858 11574//3858
f 11575//3859 11576//3859 11577//3859
f 11578//3860 11579//3860 11580//3860
f 11581//3861 11582//3861 11583//3861
f 11584//3862 11585//3862 11586//3862
f 11587//3863 11588//3863 11589//3863
f 11590//3864 11591//3864 11592//3864
f 11593//3865 11594//3865 11595//3865
f 11596//3866 11597//3866 11598//3866
f 11599//3867 11600//3867 11601//3867
f 11602//3868 11603//3868 11604//3868
f 11605//3869 11606//3869 11607//3869
f 11608//3870 11609//3870 11610//3870
f 11611//3871 11612//3871 11613//3871
f 11614//3872 11615//3872 11616//3872
f 11617//3873 11618//3873 11619//3873
f 11620//3874 11621//3874 11622//3874
f 11623//3875 11624//3875 11625//3875
f 11626//3876 11627//3876 11628//3876
f 11629//3877 11630//3877 11631//3877
f 11632//3878 11633//3878 11634//3878
f 11635//3879 11636//3879 11637//3879
f 11638//3880 11639//3880 11640//3880
f 11641//3881 11642//3881 11643//3881
f 11644//3882 11645//3882 11646//3882
f 11647//3883 11648//3883 11649//3883
f 11650//3884 11651//3884 11652//3884
f 11653//3885 11654//3885 11655//3885
f 11656//3886 11657//3886 11658//3886
f 11659//3887 11660//3887 11661//3887
f 11662//3888 11663//3888 11664//3888
f 11665//3889 11666//3889 11667//3889
f 11668//3890 11669//3890 11670//3890
f 11671//3891 11672//3891 11673//3891
f 11674//3892 11675//3892 11676//3892
f 11677//3893 11678//3893 11679//3893
f 11680//3894 11681//3894 11682//3894
f 11683//3895 11684//3895 11685//3895
f 11686//3896 11687//3896 11688//3896
f 11689//3897 11690//3897 11691//3897
f 11692//3898 11693//3898 11694//3898
f 11695//3899 11696//3899 11697//3899
f 11698//3900 11699//3900 11700//3900
f 11701//3901 11702//3901 11703//3901
f 11704//3902 11705//3902 11706//3902
f 11707//3903 11708//3903 11709//3903
f 11710//3904 11711//3904 11712//3904
f 11713//3905 11714//3905 11715//3905
f 11716//3906 11717//3906 11718//3906
f 11719//3907 11720//3907 11721//3907
f 11722//3908 11723//3908 11724//3908
f 11725//3909 11726//3909 11727//3909
f 11728//3910 11729//3910 11730//3910
f 11731//3911 11732//3911 11733//3911
f 11734//3912 11735//3912 11736//3912
f 11737//3913 11738//3913 11739//3913
f 11740//3914 11741//3914 11742//3914
f 11743//3915 11744//3915 11745//3915
f 11746//3916 11747//3916 11748//3916
f 11749//3917 11750//3917 11751//3917
f 11752//3918 11753//3918 11754//3918
f 11755//3919 11756//3919 11757//3919
f 11758//3920 11759//3920 11760//3920
f 11761//3921 11762//3921 11763//3921
f 11764//3922 11765//3922 11766//3922
f 11767//3923 11768//3923 11769//3923
f 11770//3924 11771//3924 11772//3924
f 11773//3925 11774//3925 11775//3925
f 11776//3926 11777//3926 11778//3926
f 11779//3927 11780//3927 11781//3927
f 11782//3928 11783//3928 11784//3928
f 11785//3929 11786//3929 11787//3929
f 11788//3930 11789//3930 11790//3930
f 11791//3931 11792//3931 11793//3931
f 11794//3932 11795//3932 11796//3932
f 11797//3933 11798//3933 11799//3933
f 11800//3934 11801//3934 11802//3934
f 11803//3935 11804//3935 11805//3935
f 11806//3936 11807//3936 11808//3936
f 11809//3937 11810//3937 11811//3937
f 11812//3938 11813//3938 11814//3938
f 11815//3939 11816//3939 11817//3939
f 11818//3940 11819//3940 11820//3940
f 11821//3941 11822//3941 11823//3941
f 11824//3942 11825//3942 11826//3942
f 11827//3943 11828//3943 11829//3943
f 11830//3944 11831//3944 11832//3944
f 11833//3945 11834//3945 11835//3945
f 11836//3946 11837//3946 11838//3946
f 11839//3947 11840//3947 11841//3947
f 11842//3948 11843//3948 11844//3948
f 11845//3949 11846//3949 11847//3949
f 11848//3950 11849//3950 11850//3950
f 11851//3951 11852//3951 11853//3951
f 11854//3952 11855//3952 11856//3952
f 11857//3953 11858//3953 11859//3953
f 11860//3954 11861//3954 11862//3954
f 11863//3955 11864//3955 11865//3955
f 11866//3956 11867//3956 11868//3956
f 11869//3957 11870//3957 11871//3957
f 11872//3958 11873//3958 11874//3958
f 11875//3959 11876//3959 11877//3959
f 11878//3960 11879//3960 11880//3960
f 11881//3961 11882//3961 11883//3961
f 11884//3962 11885//3962 11886//3962
f 11887//3963 11888//3963 11889//3963
f 11890//3964 11891//3964 11892//3964
f 11893//3965 11894//3965 11895//3965
f 11896//3966 11897//3966 11898//3966
f 11899//3967 11900//3967 11901//3967
f 11902//3968 11903//3968 11904//3968
f 11905//3969 11906//3969 11907//3969
f 11908//3970 11909//3970 11910//3970
f 11911//3971 11912//3971 11913//3971
f 11914//3972 11915//3972 11916//3972
f 11917//3973 11918//3973 11919//3973
f 11920//3974 11921//3974 11922//3974
f 11923//3975 11924//3975 11925//3975
f 11926//3976 11927//3976 11928//3976
f 11929//3977 11930//3977 11931//3977
f 11932//3978 11933//3978 11934//3978
f 11935//3979 11936//3979 11937//3979
f 11938//3980 11939//3980 11940//3980
f 11941//3981 11942//3981 11943//3981
f 11944//3982 11945//3982 11946//3982
f 11947//3983 11948//3983 11949//3983
f 11950//3984 11951//3984 11952//3984
f 11953//3985 11954//3985 11955//3985
f 11956//3986 11957//3986 11958//3986
f 11959//3987 11960//3987 11961//3987
f 11962//3988 11963//3988 11964//3988
f 11965//3989 11966//3989 11967//3989
f 11968//3990 11969//3990 11970//3990
f 11971//3991 11972//3991 11973//3991
f 11974//3992 11975//3992 11976//3992
f 11977//3993 11978//3993 11979//3993
f 11980//3994 11981//3994 11982//3994
f 11983//3995 11984//3995 11985//3995
f 11986//3996 11987//3996 11988//3996
f 11989//3997 11990//3997 11991//3997
f 11992//3998 11993//3998 11994//3998
f 11995//3999 11996//3999 11997//3999
f 11998//4000 11999//4000 12000//4000
f 12001//4001 12002//4001 12003//4001
f 12004//4002 12005//4002 12006//4002
f 12007//4003 12008//4003 12009//4003
f 12010//4004 12011//4004 12012//4004
f 12013//4005 12014//4005 12015//4005
f 12016//4006 12017//4006 12018//4006
f 12019//4007 12020//4007 12021//4007
f 12022//4008 12023//4008 12024//4008
f 12025//4009 12026//4009 12027//4009
f 12028//4010 12029//4010 12030//4010
f 12031//4011 12032//4011 12033//4011
f 12034//4012 12035//4012 12036//4012
f 12037//4013 12038//4013 12039//4013
f 12040//4014 12041//4014 12042//4014
f 12043//4015 12044//4015 12045//4015
f 12046//4016 12047//4016 12048//4016
f 12049//4017 12050//4017 12051//4017
f 12052//4018 12053//4018 12054//4018
f 12055//4019 12056//4019 12057//4019
f 12058//4020 12059//4020 12060//4020
f 12061//4021 12062//4021 12063//4021
f 12064//4022 12065//4022 12066//4022
f 12067//4023 12068//4023 12069//4023
f 12070//4024 12071//4024 12072//4024
f 12073//4025 12074//4025 12075//4025
f 12076//4026 12077//4026 12078//4026
f 12079//4027 12080//4027 12081//4027
f 12082//4028 12083//4028 12084//4028
f 12085//4029 12086//4029 12087//4029
f 12088//4030 12089//4030 12090//4030
f 12091//4031 12092//4031 12093//4031
f 12094//4032 12095//4032 12096//4032
f 12097//4033 12098//4033 12099//4033
f 12100//4034 12101//4034 12102//4034
f 12103//4035 12104//4035 12105//4035
f 12106//4036 12107//4036 12108//4036
f 12109//4037 12110//4037 12111//4037
f 12112//4038 12113//4038 12114//4038
f 12115//4039 12116//4039 12117//4039
f 12118//4040 12119//4040 12120//4040
f 12121//4041 12122//4041 12123//4041
f 12124//4042 12125//4042 12126//4042
f 12127//4043 12128//4043 12129//4043
f 12130//4044 12131//4044 12132//4044
f 12133//4045 12134//4045 12135//4045
f 12136//4046 12137//4046 12138//4046
f 12139//4047 12140//4047 12141//4047
f 12142//4048 12143//4048 12144//4048
f 12145//4049 12146//4049 12147//4049
f 12148//4050 12149//4050 12150//4050
f 12151//4051 12152//4051 12153//4051
f 12154//4052 12155//4052 12156//4052
f 12157//4053 12158//4053 12159//4053
f 12160//4054 12161//4054 12162//4054
f 12163//4055 12164//4055 12165//4055
f 12166//4056 12167//4056 12168//4056
f 12169//4057 12170//4057 12171//4057
f 12172//4058 12173//4058 12174//4058
f 12175//4059 12176//4059 12177//4059
f 12178//4060 12179//4060 12180//4060
f 12181//4061 12182//4061 12183//4061
f 12184//4062 12185//4062 12186//4062
f 12187//4063 12188//4063 12189//4063
f 12190//4064 12191//4064 12192//4064
f 12193//4065 12194//4065 12195//4065
f 12196//4066 12197//4066 12198//4066
f 12199//4067 12200//4067 12201//4067
f 12202//4068 12203//4068 12204//4068
f 12205//4069 12206//4069 12207//4069
f 12208//4070 12209//4070 12210//4070
f 12211//4071 12212//4071 12213//4071
f 12214//4072 12215//4072 12216//4072
f 12217//4073 12218//4073 12219//4073
f 12220//4074 12221//4074 12222//4074
f 12223//4075 12224//4075 12225//4075
f 12226//4076 12227//4076 12228//4076
f 12229//4077 12230//4077 12231//4077
f 12232//4078 12233//4078 12234//4078
f 12235//4079 12236//4079 12237//4079
f 12238//4080 12239//4080 12240//4080
f 12241//4081 12242//4081 12243//4081
f 12244//4082 12245//4082 12246//4082
f 12247//4083 12248//4083 12249//4083
f 12250//4084 12251//4084 12252//4084
f 12253//4085 12254//4085 12255//4085
f 12256//4086 12257//4086 12258//4086
f 12259//4087 12260//4087 12261//4087
f 12262//4088 12263//4088 12264//4088
f 12265//4089 12266//4089 12267//4089
f 12268//4090 12269//4090 12270//4090
f 12271//4091 12272//4091 12273//4091
f 12274//4092 12275//4092 12276//4092
f 12277//4093 12278//4093 12279//4093
f 12280//4094 12281//4094 12282//4094
f 12283//4095 12284//4095 12285//4095
f 12286//4096 12287//4096 12288//4096
f 12289//4097 12290//4097 12291//4097
f 12292//4098 12293//4098 12294//4098
f 12295//4099 12296//4099 12297//4099
f 12298//4100 12299//4100 12300//4100
f 12301//4101 12302//4101 12303//4101
f 12304//4102 12305//4102 12306//4102
f 12307//4103 12308//4103 12309//4103
f 12310//4104 12311//4104 12312//4104
f 12313//4105 12314//4105 12315//4105
f 12316//4106 12317//4106 12318//4106
f 12319//4107 12320//4107 12321//4107
f 12322//4108 12323//4108 12324//4108
f 12325//4109 12326//4109 12327//4109
f 12328//4110 12329//4110 12330//4110
f 12331//4111 12332//4111 12333//4111
f 12334//4112 12335//4112 12336//4112
f 12337//4113 12338//4113 12339//4113
f 12340//4114 12341//4114 12342//4114
f 12343//4115 12344//4115 12345//4115
f 12346//4116 12347//4116 12348//4116
f 12349//4117 12350//4117 12351//4117
f 12352//4118 12353//4118 12354//4118
f 12355//4119 12356//4119 12357//4119
f 12358//4120 12359//4120 12360//4120
f 12361//4121 12362//4121 12363//4121
f 12364//4122 12365//4122 12366//4122
f 12367//4123 12368//4123 12369//4123
f 12370//4124 12371//4124 12372//4124
f 12373//4125 12374//4125 12375//4125
f 12376//4126 12377//4126 12378//4126
f 12379//4127 12380//4127 12381//4127
f 12382//4128 12383//4128 12384//4128
f 12385//4129 12386//4129 12387//4129
f 12388//4130 12389//4130 12390//4130
f 12391//4131 12392//4131 12393//4131
f 12394//4132 12395//4132 12396//4132
f 12397//4133 12398//4133 12399//4133
f 12400//4134 12401//4134 12402//4134
f 12403//4135 12404//4135 12405//4135
f 12406//4136 12407//4136 12408//4136
f 12409//4137 12410//4137 12411//4137
f 12412//4138 12413//4138 12414//4138
f 12415//4139 12416//4139 12417//4139
f 12418//4140 12419//4140 12420//4140
f 12421//4141 12422//4141 12423//4141
f 12424//4142 12425//4142 12426//4142
f 12427//4143 12428//4143 12429//4143
f 12430//4144 12431//4144 12432//4144
f 12433//4145 12434//4145 12435//4145
f 12436//4146 12437//4146 12438//4146
f 12439//4147 12440//4147 12441//4147
f 12442//4148 12443//4148 12444//4148
f 12445//4149 12446//4149 12447//4149
f 12448//4150 12449//4150 12450//4150
f 12451//4151 12452//4151 12453//4151
f 12454//4152 12455//4152 12456//4152
f 12457//4153 12458//4153 12459//4153
f 12460//4154 12461//4154 12462//4154
f 12463//4155 12464//4155 12465//4155
f 12466//4156 12467//4156 12468//4156
f 12469//4157 12470//4157 12471//4157
f 12472//4158 12473//4158 12474//4158
f 12475//4159 12476//4159 12477//4159
f 12478//4160 12479//4160 12480//4160
f 12481//4161 12482//4161 12483//4161
f 12484//4162 12485//4162 12486//4162
f 12487//4163 12488//4163 12489//4163
f 12490//4164 12491//4164 12492//4164
f 12493//4165 12494//4165 12495//4165
f 12496//4166 12497//4166 12498//4166
f 12499//4167 12500//4167 12501//4167
f 12502//4168 12503//4168 12504//4168
f 12505//4169 12506//4169 12507//4169
f 12508//4170 12509//4170 12510//4170
f 12511//4171 12512//4171 12513//4171
f 12514//4172 12515//4172 12516//4172
f 12517//4173 12518//4173 12519//4173
f 12520//4174 12521//4174 12522//4174
f 12523//4175 12524//4175 12525//4175
f 12526//4176 12527//4176 12528//4176
f 12529//4177 12530//4177 12531//4177
f 12532//4178 12533//4178 12534//4178
f 12535//4179 12536//4179 12537//4179
f 12538//4180 12539//4180 12540//4180
f 12541//4181 12542//4181 12543//4181
f 12544//4182 12545//4182 12546//4182
f 12547//4183 12548//4183 12549//4183
f 12550//4184 12551//4184 12552//4184
f 12553//4185 12554//4185 12555//4185
f 12556//4186 12557//4186 12558//4186
f 12559//4187 12560//4187 12561//4187
f 12562//4188 12563//4188 12564//4188
f 12565//4189 12566//4189 12567//4189
f 12568//4190 12569//4190 12570//4190
f 12571//4191 12572//4191 12573//4191
f 12574//4192 12575//4192 12576//4192
f 12577//4193 12578//4193 12579//4193
f 12580//4194 12581//4194 12582//4194
f 12583//4195 12584//4195 12585//4195
f 12586//4196 12587//4196 12588//4196
f 12589//4197 12590//4197 12591//4197
f 12592//4198 12593//4198 12594//4198
f 12595//4199 12596//4199 12597//4199
f 12598//4200 12599//4200 12600//4200
f 12601//4201 12602//4201 12603//4201
f 12604//4202 12605//4202 12606//4202
f 12607//4203 12608//4203 12609//4203
f 12610//4204 12611//4204 12612//4204
f 12613//4205 12614//4205 12615//4205
f 12616//4206 12617//4206 12618//4206
f 12619//4207 12620//4207 12621//4207
f 12622//4208 12623//4208 12624//4208
f 12625//4209 12626//4209 12627//4209
f 12628//4210 12629//4210 12630//4210
f 12631//4211 12632//4211 12633//4211
f 12634//4212 12635//4212 12636//4212
f 12637//4213 12638//4213 12639//4213
f 12640//4214 12641//4214 12642//4214
f 12643//4215 12644//4215 12645//4215
f 12646//4216 12647//4216 12648//4216
f 12649//4217 12650//4217 12651//4217
f 12652//4218 12653//4218 12654//4218
f 12655//4219 12656//4219 12657//4219
f 12658//4220 12659//4220 12660//4220
f 12661//4221 12662//4221 12663//4221
f 12664//4222 12665//4222 12666//4222
f 12667//4223 12668//4223 12669//4223
f 12670//4224 12671//4224 12672//4224
f 12673//4225 12674//4225 12675//4225
f 12676//4226 12677//4226 12678//4226
f 12679//4227 12680//4227 12681//4227
f 12682//4228 12683//4228 12684//4228
f 12685//4229 12686//4229 12687//4229
f 12688//4230 12689//4230 12690//4230
f 12691//4231 12692//4231 12693//4231
f 12694//4232 12695//4232 12696//4232
f 12697//4233 12698//4233 12699//4233
f 12700//4234 12701//4234 12702//4234
f 12703//4235 12704//4235 12705//4235
f 12706//4236 12707//4236 12708//4236
f 12709//4237 12710//4237 12711//4237
f 12712//4238 12713//4238 12714//4238
f 12715//4239 12716//4239 12717//4239
f 12718//4240 12719//4240 12720//4240
f 12721//4241 12722//4241 12723//4241
f 12724//4242 12725//4242 12726//4242
f 12727//4243 12728//4243 12729//4243
f 12730//4244 12731//4244 12732//4244
f 12733//4245 12734//4245 12735//4245
f 12736//4246 12737//4246 12738//4246
f 12739//4247 12740//4247 12741//4247
f 12742//4248 12743//4248 12744//4248
f 12745//4249 12746//4249 12747//4249
f 12748//4250 12749//4250 12750//4250
f 12751//4251 12752//4251 12753//4251
f 12754//4252 12755//4252 12756//4252
f 12757//4253 12758//4253 12759//4253
f 12760//4254 12761//4254 12762//4254
f 12763//4255 12764//4255 12765//4255
f 12766//4256 12767//4256 12768//4256
f 12769//4257 12770//4257 12771//4257
f 12772//4258 12773//4258 12774//4258
